ticker,date,n_articles,sentiment,clarity,p_bull,p_neu,p_bear,n_words,n_unc,ambiguity,uncertainty_rate,log_volume_text
AMC,2011-07-05,1,0.0,0.0,0.0,1.0,0.0,6,0,0.0,0.0,0.6931471805599453
AMC,2012-09-06,1,0.0,0.0,0.0,1.0,0.0,144,0,0.0,0.0,0.6931471805599453
AMC,2012-10-15,1,0.0,0.0,0.0,1.0,0.0,11,0,0.0,0.0,0.6931471805599453
AMC,2013-09-03,2,-0.5,0.5,0.0,0.5,0.5,127,0,0.6309297535714574,0.0,1.0986122886681096
AMC,2013-09-04,1,-1.0,1.0,0.0,0.0,1.0,259,0,0.0,0.0,0.6931471805599453
AMC,2013-12-17,1,0.0,0.0,0.0,1.0,0.0,195,0,0.0,0.0,0.6931471805599453
AMC,2013-12-18,1,0.0,0.0,0.0,1.0,0.0,8,0,0.0,0.0,0.6931471805599453
AMC,2013-12-19,2,0.0,0.0,0.0,1.0,0.0,118,0,0.0,0.0,1.0986122886681096
AMC,2013-12-23,1,1.0,1.0,1.0,0.0,0.0,249,0,0.0,0.0,0.6931471805599453
AMC,2014-01-21,1,0.0,0.0,0.0,1.0,0.0,10,0,0.0,0.0,0.6931471805599453
AMC,2014-01-28,7,0.2857142857142857,0.2857142857142857,0.2857142857142857,0.7142857142857143,0.0,80,0,0.5445684476282007,0.0,2.0794415416798357
AMC,2014-01-29,3,1.0,1.0,1.0,0.0,0.0,35,0,0.0,0.0,1.3862943611198906
AMC,2014-02-26,1,0.0,0.0,0.0,1.0,0.0,11,0,0.0,0.0,0.6931471805599453
AMC,2014-03-20,1,0.0,0.0,0.0,1.0,0.0,11,0,0.0,0.0,0.6931471805599453
AMC,2014-04-30,1,0.0,0.0,0.0,1.0,0.0,15,0,0.0,0.0,0.6931471805599453
AMC,2014-05-28,3,0.6666666666666666,0.6666666666666666,0.6666666666666666,0.3333333333333333,0.0,502,4,0.5793801642856949,0.796812749003984,1.3862943611198906
AMC,2014-06-04,1,1.0,1.0,1.0,0.0,0.0,249,1,0.0,0.40160642570281124,0.6931471805599453
AMC,2014-06-09,1,0.0,0.0,0.0,1.0,0.0,12,0,0.0,0.0,0.6931471805599453
AMC,2014-07-08,3,0.3333333333333333,0.3333333333333333,0.3333333333333333,0.6666666666666666,0.0,27,0,0.5793801642856949,0.0,1.3862943611198906
AMC,2014-07-16,1,1.0,1.0,1.0,0.0,0.0,162,0,0.0,0.0,0.6931471805599453
AMC,2014-07-31,3,-0.6666666666666666,0.6666666666666666,0.0,0.3333333333333333,0.6666666666666666,272,2,0.5793801642856949,0.7352941176470589,1.3862943611198906
AMC,2014-08-01,1,-1.0,1.0,0.0,0.0,1.0,11,0,0.0,0.0,0.6931471805599453
AMC,2014-08-07,1,1.0,1.0,1.0,0.0,0.0,218,0,0.0,0.0,0.6931471805599453
AMC,2014-08-20,2,0.5,0.5,0.5,0.5,0.0,246,1,0.6309297535714574,0.4065040650406504,1.0986122886681096
AMC,2014-09-03,1,1.0,1.0,1.0,0.0,0.0,246,1,0.0,0.4065040650406504,0.6931471805599453
AMC,2014-09-09,1,0.0,0.0,0.0,1.0,0.0,12,0,0.0,0.0,0.6931471805599453
AMC,2014-09-15,1,1.0,1.0,1.0,0.0,0.0,245,1,0.0,0.40816326530612246,0.6931471805599453
AMC,2014-09-16,1,0.0,0.0,0.0,1.0,0.0,10,0,0.0,0.0,0.6931471805599453
AMC,2014-10-06,1,1.0,1.0,1.0,0.0,0.0,259,7,0.0,2.7027027027027026,0.6931471805599453
AMC,2014-10-21,1,1.0,1.0,1.0,0.0,0.0,232,3,0.0,1.293103448275862,0.6931471805599453
AMC,2014-10-29,1,0.0,0.0,0.0,1.0,0.0,15,0,0.0,0.0,0.6931471805599453
AMC,2014-11-12,1,-1.0,1.0,0.0,0.0,1.0,243,0,0.0,0.0,0.6931471805599453
AMC,2014-11-25,1,0.0,0.0,0.0,1.0,0.0,12,0,0.0,0.0,0.6931471805599453
AMC,2014-12-03,1,1.0,1.0,1.0,0.0,0.0,245,1,0.0,0.40816326530612246,0.6931471805599453
AMC,2014-12-08,1,-1.0,1.0,0.0,0.0,1.0,251,1,0.0,0.398406374501992,0.6931471805599453
AMC,2014-12-19,1,-1.0,1.0,0.0,0.0,1.0,247,1,0.0,0.4048582995951417,0.6931471805599453
AMC,2015-01-02,1,-1.0,1.0,0.0,0.0,1.0,244,0,0.0,0.0,0.6931471805599453
AMC,2015-01-06,1,1.0,1.0,1.0,0.0,0.0,163,0,0.0,0.0,0.6931471805599453
AMC,2015-01-09,1,0.0,0.0,0.0,1.0,0.0,15,0,0.0,0.0,0.6931471805599453
AMC,2015-02-05,1,0.0,0.0,0.0,1.0,0.0,4,0,0.0,0.0,0.6931471805599453
AMC,2015-02-09,1,-1.0,1.0,0.0,0.0,1.0,244,2,0.0,0.819672131147541,0.6931471805599453
AMC,2015-02-10,1,0.0,0.0,0.0,1.0,0.0,11,0,0.0,0.0,0.6931471805599453
AMC,2015-02-18,2,0.0,0.0,0.0,1.0,0.0,20,0,0.0,0.0,1.0986122886681096
AMC,2015-02-19,1,-1.0,1.0,0.0,0.0,1.0,254,3,0.0,1.1811023622047243,0.6931471805599453
AMC,2015-02-20,2,1.0,1.0,1.0,0.0,0.0,20,0,0.0,0.0,1.0986122886681096
AMC,2015-03-02,2,1.0,1.0,1.0,0.0,0.0,14,0,0.0,0.0,1.0986122886681096
AMC,2015-03-05,2,1.0,1.0,1.0,0.0,0.0,255,1,0.0,0.39215686274509803,1.0986122886681096
AMC,2015-03-13,1,0.0,0.0,0.0,1.0,0.0,16,0,0.0,0.0,0.6931471805599453
AMC,2015-03-19,1,1.0,1.0,1.0,0.0,0.0,258,7,0.0,2.7131782945736433,0.6931471805599453
AMC,2015-03-25,1,-1.0,1.0,0.0,0.0,1.0,243,2,0.0,0.823045267489712,0.6931471805599453
AMC,2015-03-26,4,0.5,1.0,0.75,0.0,0.25,774,9,0.5118595071429147,1.1627906976744187,1.6094379124341003
AMC,2015-03-27,3,0.3333333333333333,0.3333333333333333,0.3333333333333333,0.6666666666666666,0.0,302,5,0.5793801642856949,1.6556291390728477,1.3862943611198906
AMC,2015-04-07,1,0.0,0.0,0.0,1.0,0.0,8,0,0.0,0.0,0.6931471805599453
AMC,2015-04-08,2,0.5,0.5,0.5,0.5,0.0,304,2,0.6309297535714574,0.6578947368421053,1.0986122886681096
AMC,2015-04-10,3,-0.3333333333333333,0.3333333333333333,0.0,0.6666666666666666,0.3333333333333333,29,0,0.5793801642856949,0.0,1.3862943611198906
AMC,2015-04-14,1,-1.0,1.0,0.0,0.0,1.0,8,0,0.0,0.0,0.6931471805599453
AMC,2015-04-20,1,1.0,1.0,1.0,0.0,0.0,254,1,0.0,0.3937007874015748,0.6931471805599453
AMC,2015-04-22,2,0.5,0.5,0.5,0.5,0.0,228,3,0.6309297535714574,1.3157894736842106,1.0986122886681096
AMC,2015-04-29,1,0.0,0.0,0.0,1.0,0.0,4,0,0.0,0.0,0.6931471805599453
AMC,2015-04-30,2,-0.5,0.5,0.0,0.5,0.5,20,0,0.6309297535714574,0.0,1.0986122886681096
AMC,2015-05-06,2,0.0,1.0,0.5,0.0,0.5,255,0,0.6309297535714574,0.0,1.0986122886681096
AMC,2015-05-20,1,1.0,1.0,1.0,0.0,0.0,247,2,0.0,0.8097165991902834,0.6931471805599453
AMC,2015-05-27,1,0.0,0.0,0.0,1.0,0.0,8,0,0.0,0.0,0.6931471805599453
AMC,2015-06-04,2,0.0,1.0,0.5,0.0,0.5,469,1,0.6309297535714574,0.21321961620469082,1.0986122886681096
AMC,2015-06-19,2,0.5,0.5,0.5,0.5,0.0,15,0,0.6309297535714574,0.0,1.0986122886681096
AMC,2015-06-22,2,1.0,1.0,1.0,0.0,0.0,244,3,0.0,1.2295081967213115,1.0986122886681096
AMC,2015-06-30,1,1.0,1.0,1.0,0.0,0.0,237,0,0.0,0.0,0.6931471805599453
AMC,2015-07-06,2,-0.5,0.5,0.0,0.5,0.5,15,0,0.6309297535714574,0.0,1.0986122886681096
AMC,2015-07-16,2,0.0,1.0,0.5,0.0,0.5,272,3,0.6309297535714574,1.1029411764705883,1.0986122886681096
AMC,2015-07-22,3,0.0,0.0,0.0,1.0,0.0,254,0,0.0,0.0,1.3862943611198906
AMC,2015-07-23,4,0.25,0.25,0.25,0.75,0.0,254,2,0.5118595071429147,0.7874015748031497,1.6094379124341003
AMC,2015-07-29,1,0.0,0.0,0.0,1.0,0.0,4,0,0.0,0.0,0.6931471805599453
AMC,2015-07-30,3,0.0,0.6666666666666666,0.3333333333333333,0.3333333333333333,0.3333333333333333,29,0,0.9999999999999998,0.0,1.3862943611198906
AMC,2015-08-04,1,0.0,0.0,0.0,1.0,0.0,11,0,0.0,0.0,0.6931471805599453
AMC,2015-08-12,1,-1.0,1.0,0.0,0.0,1.0,6,0,0.0,0.0,0.6931471805599453
AMC,2015-08-31,1,1.0,1.0,1.0,0.0,0.0,8,0,0.0,0.0,0.6931471805599453
AMC,2015-09-03,1,1.0,1.0,1.0,0.0,0.0,230,0,0.0,0.0,0.6931471805599453
AMC,2015-09-16,1,0.0,0.0,0.0,1.0,0.0,2,0,0.0,0.0,0.6931471805599453
AMC,2015-10-05,1,1.0,1.0,1.0,0.0,0.0,226,0,0.0,0.0,0.6931471805599453
AMC,2015-10-07,1,1.0,1.0,1.0,0.0,0.0,9,0,0.0,0.0,0.6931471805599453
AMC,2015-10-21,1,-1.0,1.0,0.0,0.0,1.0,257,1,0.0,0.38910505836575876,0.6931471805599453
AMC,2015-10-22,2,-0.5,0.5,0.0,0.5,0.5,268,0,0.6309297535714574,0.0,1.0986122886681096
AMC,2015-10-26,1,1.0,1.0,1.0,0.0,0.0,237,0,0.0,0.0,0.6931471805599453
AMC,2015-10-28,1,1.0,1.0,1.0,0.0,0.0,262,3,0.0,1.1450381679389312,0.6931471805599453
AMC,2015-10-29,1,1.0,1.0,1.0,0.0,0.0,239,0,0.0,0.0,0.6931471805599453
AMC,2015-10-30,1,0.0,0.0,0.0,1.0,0.0,231,0,0.0,0.0,0.6931471805599453
AMC,2015-11-02,1,1.0,1.0,1.0,0.0,0.0,245,0,0.0,0.0,0.6931471805599453
AMC,2015-11-27,1,-1.0,1.0,0.0,0.0,1.0,239,2,0.0,0.8368200836820083,0.6931471805599453
AMC,2015-12-03,1,1.0,1.0,1.0,0.0,0.0,230,0,0.0,0.0,0.6931471805599453
AMC,2015-12-08,1,-1.0,1.0,0.0,0.0,1.0,222,1,0.0,0.45045045045045046,0.6931471805599453
AMC,2015-12-16,1,0.0,0.0,0.0,1.0,0.0,8,0,0.0,0.0,0.6931471805599453
AMC,2015-12-17,1,0.0,0.0,0.0,1.0,0.0,9,0,0.0,0.0,0.6931471805599453
AMC,2015-12-23,1,1.0,1.0,1.0,0.0,0.0,166,0,0.0,0.0,0.6931471805599453
AMC,2015-12-24,1,0.0,0.0,0.0,1.0,0.0,5,0,0.0,0.0,0.6931471805599453
AMC,2016-01-11,1,1.0,1.0,1.0,0.0,0.0,249,2,0.0,0.8032128514056225,0.6931471805599453
AMC,2016-01-13,1,1.0,1.0,1.0,0.0,0.0,161,0,0.0,0.0,0.6931471805599453
AMC,2016-01-27,2,1.0,1.0,1.0,0.0,0.0,17,0,0.0,0.0,1.0986122886681096
AMC,2016-02-01,1,1.0,1.0,1.0,0.0,0.0,14,0,0.0,0.0,0.6931471805599453
AMC,2016-02-08,2,0.0,1.0,0.5,0.0,0.5,280,3,0.6309297535714574,1.0714285714285714,1.0986122886681096
AMC,2016-02-17,1,1.0,1.0,1.0,0.0,0.0,244,1,0.0,0.4098360655737705,0.6931471805599453
AMC,2016-02-26,1,0.0,0.0,0.0,1.0,0.0,4,0,0.0,0.0,0.6931471805599453
AMC,2016-03-01,3,-0.3333333333333333,0.3333333333333333,0.0,0.6666666666666666,0.3333333333333333,26,0,0.5793801642856949,0.0,1.3862943611198906
AMC,2016-03-02,1,-1.0,1.0,0.0,0.0,1.0,207,0,0.0,0.0,0.6931471805599453
AMC,2016-03-03,1,1.0,1.0,1.0,0.0,0.0,220,0,0.0,0.0,0.6931471805599453
AMC,2016-03-04,2,0.5,0.5,0.5,0.5,0.0,18,0,0.6309297535714574,0.0,1.0986122886681096
AMC,2016-03-07,5,-0.2,0.6,0.2,0.4,0.4,749,5,0.9602297178607612,0.6675567423230975,1.791759469228055
AMC,2016-03-08,3,-0.6666666666666666,0.6666666666666666,0.0,0.3333333333333333,0.6666666666666666,700,7,0.5793801642856949,1.0,1.3862943611198906
AMC,2016-03-11,1,0.0,0.0,0.0,1.0,0.0,256,2,0.0,0.78125,0.6931471805599453
AMC,2016-03-14,1,-1.0,1.0,0.0,0.0,1.0,269,2,0.0,0.7434944237918215,0.6931471805599453
AMC,2016-03-16,1,1.0,1.0,1.0,0.0,0.0,11,0,0.0,0.0,0.6931471805599453
AMC,2016-03-18,1,0.0,0.0,0.0,1.0,0.0,212,4,0.0,1.8867924528301887,0.6931471805599453
AMC,2016-03-22,2,0.0,1.0,0.5,0.0,0.5,263,1,0.6309297535714574,0.38022813688212925,1.0986122886681096
AMC,2016-03-23,1,-1.0,1.0,0.0,0.0,1.0,10,0,0.0,0.0,0.6931471805599453
AMC,2016-03-24,1,1.0,1.0,1.0,0.0,0.0,227,1,0.0,0.44052863436123346,0.6931471805599453
AMC,2016-03-31,1,-1.0,1.0,0.0,0.0,1.0,8,0,0.0,0.0,0.6931471805599453
AMC,2016-04-06,1,1.0,1.0,1.0,0.0,0.0,6,0,0.0,0.0,0.6931471805599453
AMC,2016-04-13,1,0.0,0.0,0.0,1.0,0.0,11,0,0.0,0.0,0.6931471805599453
AMC,2016-04-15,2,0.5,0.5,0.5,0.5,0.0,488,1,0.6309297535714574,0.20491803278688525,1.0986122886681096
AMC,2016-04-18,1,1.0,1.0,1.0,0.0,0.0,235,0,0.0,0.0,0.6931471805599453
AMC,2016-04-19,1,1.0,1.0,1.0,0.0,0.0,242,2,0.0,0.8264462809917356,0.6931471805599453
AMC,2016-04-25,4,0.5,1.0,0.75,0.0,0.25,1012,4,0.5118595071429147,0.3952569169960474,1.6094379124341003
AMC,2016-04-26,1,0.0,0.0,0.0,1.0,0.0,8,0,0.0,0.0,0.6931471805599453
AMC,2016-04-27,1,1.0,1.0,1.0,0.0,0.0,238,0,0.0,0.0,0.6931471805599453
AMC,2016-05-02,3,-0.3333333333333333,0.3333333333333333,0.0,0.6666666666666666,0.3333333333333333,458,1,0.5793801642856949,0.2183406113537118,1.3862943611198906
AMC,2016-05-03,1,1.0,1.0,1.0,0.0,0.0,238,1,0.0,0.42016806722689076,0.6931471805599453
AMC,2016-06-02,1,1.0,1.0,1.0,0.0,0.0,230,0,0.0,0.0,0.6931471805599453
AMC,2016-06-09,1,-1.0,1.0,0.0,0.0,1.0,13,0,0.0,0.0,0.6931471805599453
AMC,2016-06-14,1,1.0,1.0,1.0,0.0,0.0,10,1,0.0,10.0,0.6931471805599453
AMC,2016-06-17,2,0.5,0.5,0.5,0.5,0.0,15,0,0.6309297535714574,0.0,1.0986122886681096
AMC,2016-06-20,1,0.0,0.0,0.0,1.0,0.0,8,0,0.0,0.0,0.6931471805599453
AMC,2016-06-21,1,0.0,0.0,0.0,1.0,0.0,7,0,0.0,0.0,0.6931471805599453
AMC,2016-06-23,2,0.0,0.0,0.0,1.0,0.0,14,0,0.0,0.0,1.0986122886681096
AMC,2016-06-24,1,1.0,1.0,1.0,0.0,0.0,258,0,0.0,0.0,0.6931471805599453
AMC,2016-07-01,2,-1.0,1.0,0.0,0.0,1.0,18,1,0.0,5.555555555555555,1.0986122886681096
AMC,2016-07-05,2,-0.5,0.5,0.0,0.5,0.5,277,0,0.6309297535714574,0.0,1.0986122886681096
AMC,2016-07-13,4,0.25,0.25,0.25,0.75,0.0,495,3,0.5118595071429147,0.6060606060606061,1.6094379124341003
AMC,2016-07-14,1,1.0,1.0,1.0,0.0,0.0,11,0,0.0,0.0,0.6931471805599453
AMC,2016-07-15,3,0.0,0.6666666666666666,0.3333333333333333,0.3333333333333333,0.3333333333333333,276,6,0.9999999999999998,2.1739130434782608,1.3862943611198906
AMC,2016-07-18,1,0.0,0.0,0.0,1.0,0.0,7,0,0.0,0.0,0.6931471805599453
AMC,2016-07-19,1,-1.0,1.0,0.0,0.0,1.0,235,1,0.0,0.425531914893617,0.6931471805599453
AMC,2016-07-21,1,0.0,0.0,0.0,1.0,0.0,230,2,0.0,0.8695652173913043,0.6931471805599453
AMC,2016-07-26,4,-0.25,0.25,0.0,0.75,0.25,287,2,0.5118595071429147,0.6968641114982579,1.6094379124341003
AMC,2016-07-28,1,0.0,0.0,0.0,1.0,0.0,229,2,0.0,0.8733624454148472,0.6931471805599453
AMC,2016-07-29,1,1.0,1.0,1.0,0.0,0.0,230,1,0.0,0.43478260869565216,0.6931471805599453
AMC,2016-08-02,5,-0.4,0.8,0.2,0.2,0.6,466,2,0.8649735207179272,0.4291845493562232,1.791759469228055
AMC,2016-08-03,1,-1.0,1.0,0.0,0.0,1.0,207,1,0.0,0.4830917874396135,0.6931471805599453
AMC,2016-08-05,1,-1.0,1.0,0.0,0.0,1.0,240,3,0.0,1.25,0.6931471805599453
AMC,2016-08-25,1,0.0,0.0,0.0,1.0,0.0,10,0,0.0,0.0,0.6931471805599453
AMC,2016-08-26,1,-1.0,1.0,0.0,0.0,1.0,251,0,0.0,0.0,0.6931471805599453
AMC,2016-08-31,1,0.0,0.0,0.0,1.0,0.0,7,0,0.0,0.0,0.6931471805599453
AMC,2016-09-01,1,1.0,1.0,1.0,0.0,0.0,229,0,0.0,0.0,0.6931471805599453
AMC,2016-10-13,1,1.0,1.0,1.0,0.0,0.0,256,4,0.0,1.5625,0.6931471805599453
AMC,2016-10-20,1,1.0,1.0,1.0,0.0,0.0,249,4,0.0,1.606425702811245,0.6931471805599453
AMC,2016-10-21,1,1.0,1.0,1.0,0.0,0.0,235,1,0.0,0.425531914893617,0.6931471805599453
AMC,2016-10-24,2,0.5,0.5,0.5,0.5,0.0,237,0,0.6309297535714574,0.0,1.0986122886681096
AMC,2016-11-02,1,1.0,1.0,1.0,0.0,0.0,241,2,0.0,0.8298755186721992,0.6931471805599453
AMC,2016-11-04,3,0.6666666666666666,0.6666666666666666,0.6666666666666666,0.3333333333333333,0.0,497,0,0.5793801642856949,0.0,1.3862943611198906
AMC,2016-11-07,4,0.25,0.75,0.5,0.25,0.25,976,8,0.946394630357186,0.819672131147541,1.6094379124341003
AMC,2016-11-08,2,-0.5,0.5,0.0,0.5,0.5,16,0,0.6309297535714574,0.0,1.0986122886681096
AMC,2016-11-10,1,-1.0,1.0,0.0,0.0,1.0,221,0,0.0,0.0,0.6931471805599453
AMC,2016-11-15,1,-1.0,1.0,0.0,0.0,1.0,11,0,0.0,0.0,0.6931471805599453
AMC,2016-11-16,2,0.5,0.5,0.5,0.5,0.0,263,2,0.6309297535714574,0.7604562737642585,1.0986122886681096
AMC,2016-11-17,1,0.0,0.0,0.0,1.0,0.0,10,0,0.0,0.0,0.6931471805599453
AMC,2016-12-01,1,1.0,1.0,1.0,0.0,0.0,229,0,0.0,0.0,0.6931471805599453
AMC,2016-12-19,1,-1.0,1.0,0.0,0.0,1.0,255,1,0.0,0.39215686274509803,0.6931471805599453
AMC,2016-12-21,2,-0.5,0.5,0.0,0.5,0.5,33,0,0.6309297535714574,0.0,1.0986122886681096
AMC,2016-12-22,2,-0.5,0.5,0.0,0.5,0.5,254,3,0.6309297535714574,1.1811023622047243,1.0986122886681096
AMC,2016-12-27,1,1.0,1.0,1.0,0.0,0.0,260,0,0.0,0.0,0.6931471805599453
AMC,2017-01-04,1,-1.0,1.0,0.0,0.0,1.0,249,5,0.0,2.0080321285140563,0.6931471805599453
AMC,2017-01-05,1,-1.0,1.0,0.0,0.0,1.0,12,0,0.0,0.0,0.6931471805599453
AMC,2017-01-09,2,0.5,0.5,0.5,0.5,0.0,263,2,0.6309297535714574,0.7604562737642585,1.0986122886681096
AMC,2017-01-11,1,0.0,0.0,0.0,1.0,0.0,8,0,0.0,0.0,0.6931471805599453
AMC,2017-01-17,1,1.0,1.0,1.0,0.0,0.0,235,1,0.0,0.425531914893617,0.6931471805599453
AMC,2017-01-20,1,0.0,0.0,0.0,1.0,0.0,11,0,0.0,0.0,0.6931471805599453
AMC,2017-01-23,1,0.0,0.0,0.0,1.0,0.0,5,0,0.0,0.0,0.6931471805599453
AMC,2017-01-24,4,-0.25,0.25,0.0,0.75,0.25,251,4,0.5118595071429147,1.593625498007968,1.6094379124341003
AMC,2017-01-25,2,0.5,0.5,0.5,0.5,0.0,232,1,0.6309297535714574,0.43103448275862066,1.0986122886681096
AMC,2017-01-31,2,0.0,0.0,0.0,1.0,0.0,12,1,0.0,8.333333333333334,1.0986122886681096
AMC,2017-02-02,2,0.0,1.0,0.5,0.0,0.5,258,4,0.6309297535714574,1.550387596899225,1.0986122886681096
AMC,2017-02-08,2,0.0,0.0,0.0,1.0,0.0,12,0,0.0,0.0,1.0986122886681096
AMC,2017-02-09,1,0.0,0.0,0.0,1.0,0.0,6,0,0.0,0.0,0.6931471805599453
AMC,2017-02-10,1,0.0,0.0,0.0,1.0,0.0,11,0,0.0,0.0,0.6931471805599453
AMC,2017-02-15,4,0.0,0.0,0.0,1.0,0.0,265,1,0.0,0.37735849056603776,1.6094379124341003
AMC,2017-02-17,1,1.0,1.0,1.0,0.0,0.0,240,0,0.0,0.0,0.6931471805599453
AMC,2017-02-21,1,1.0,1.0,1.0,0.0,0.0,276,2,0.0,0.7246376811594203,0.6931471805599453
AMC,2017-02-22,1,-1.0,1.0,0.0,0.0,1.0,261,1,0.0,0.3831417624521073,0.6931471805599453
AMC,2017-02-24,1,-1.0,1.0,0.0,0.0,1.0,211,0,0.0,0.0,0.6931471805599453
AMC,2017-02-27,1,1.0,1.0,1.0,0.0,0.0,214,0,0.0,0.0,0.6931471805599453
AMC,2017-02-28,2,-0.5,0.5,0.0,0.5,0.5,247,1,0.6309297535714574,0.4048582995951417,1.0986122886681096
AMC,2017-03-01,4,0.0,0.5,0.25,0.5,0.25,287,1,0.946394630357186,0.34843205574912894,1.6094379124341003
AMC,2017-03-02,3,0.6666666666666666,0.6666666666666666,0.6666666666666666,0.3333333333333333,0.0,462,2,0.5793801642856949,0.4329004329004329,1.3862943611198906
AMC,2017-03-09,1,1.0,1.0,1.0,0.0,0.0,219,0,0.0,0.0,0.6931471805599453
AMC,2017-03-13,1,0.0,0.0,0.0,1.0,0.0,11,0,0.0,0.0,0.6931471805599453
AMC,2017-03-16,3,-0.3333333333333333,0.3333333333333333,0.0,0.6666666666666666,0.3333333333333333,21,0,0.5793801642856949,0.0,1.3862943611198906
AMC,2017-03-22,1,0.0,0.0,0.0,1.0,0.0,8,0,0.0,0.0,0.6931471805599453
AMC,2017-03-24,1,0.0,0.0,0.0,1.0,0.0,8,0,0.0,0.0,0.6931471805599453
AMC,2017-04-03,1,0.0,0.0,0.0,1.0,0.0,185,0,0.0,0.0,0.6931471805599453
AMC,2017-04-04,1,1.0,1.0,1.0,0.0,0.0,12,0,0.0,0.0,0.6931471805599453
AMC,2017-04-12,1,0.0,0.0,0.0,1.0,0.0,18,0,0.0,0.0,0.6931471805599453
AMC,2017-04-13,1,1.0,1.0,1.0,0.0,0.0,222,0,0.0,0.0,0.6931471805599453
AMC,2017-04-17,3,-0.3333333333333333,0.3333333333333333,0.0,0.6666666666666666,0.3333333333333333,495,0,0.5793801642856949,0.0,1.3862943611198906
AMC,2017-04-18,1,1.0,1.0,1.0,0.0,0.0,217,0,0.0,0.0,0.6931471805599453
AMC,2017-04-19,1,1.0,1.0,1.0,0.0,0.0,218,0,0.0,0.0,0.6931471805599453
AMC,2017-04-24,2,0.0,1.0,0.5,0.0,0.5,442,3,0.6309297535714574,0.6787330316742082,1.0986122886681096
AMC,2017-04-25,1,1.0,1.0,1.0,0.0,0.0,263,5,0.0,1.9011406844106464,0.6931471805599453
AMC,2017-04-26,2,-1.0,1.0,0.0,0.0,1.0,474,6,0.0,1.2658227848101267,1.0986122886681096
AMC,2017-04-27,1,1.0,1.0,1.0,0.0,0.0,249,1,0.0,0.40160642570281124,0.6931471805599453
AMC,2017-05-01,1,1.0,1.0,1.0,0.0,0.0,234,2,0.0,0.8547008547008547,0.6931471805599453
AMC,2017-05-05,2,0.0,1.0,0.5,0.0,0.5,242,3,0.6309297535714574,1.2396694214876034,1.0986122886681096
AMC,2017-05-09,1,0.0,0.0,0.0,1.0,0.0,14,0,0.0,0.0,0.6931471805599453
AMC,2017-05-10,2,0.0,1.0,0.5,0.0,0.5,452,7,0.6309297535714574,1.5486725663716814,1.0986122886681096
AMC,2017-05-11,1,1.0,1.0,1.0,0.0,0.0,240,2,0.0,0.8333333333333334,0.6931471805599453
AMC,2017-05-16,1,0.0,0.0,0.0,1.0,0.0,236,1,0.0,0.423728813559322,0.6931471805599453
AMC,2017-05-25,1,0.0,0.0,0.0,1.0,0.0,15,0,0.0,0.0,0.6931471805599453
AMC,2017-05-26,1,-1.0,1.0,0.0,0.0,1.0,250,3,0.0,1.2,0.6931471805599453
AMC,2017-05-30,1,0.0,0.0,0.0,1.0,0.0,206,7,0.0,3.3980582524271843,0.6931471805599453
AMC,2017-06-01,1,1.0,1.0,1.0,0.0,0.0,243,1,0.0,0.411522633744856,0.6931471805599453
AMC,2017-06-02,1,-1.0,1.0,0.0,0.0,1.0,247,6,0.0,2.42914979757085,0.6931471805599453
AMC,2017-06-05,2,1.0,1.0,1.0,0.0,0.0,510,11,0.0,2.156862745098039,1.0986122886681096
AMC,2017-06-06,2,0.5,0.5,0.5,0.5,0.0,259,1,0.6309297535714574,0.3861003861003861,1.0986122886681096
AMC,2017-06-14,1,0.0,0.0,0.0,1.0,0.0,260,2,0.0,0.7692307692307693,0.6931471805599453
AMC,2017-06-16,2,0.5,0.5,0.5,0.5,0.0,265,0,0.6309297535714574,0.0,1.0986122886681096
AMC,2017-06-21,1,-1.0,1.0,0.0,0.0,1.0,253,0,0.0,0.0,0.6931471805599453
AMC,2017-06-22,1,1.0,1.0,1.0,0.0,0.0,257,2,0.0,0.7782101167315175,0.6931471805599453
AMC,2017-06-23,1,1.0,1.0,1.0,0.0,0.0,264,2,0.0,0.7575757575757576,0.6931471805599453
AMC,2017-06-26,1,1.0,1.0,1.0,0.0,0.0,278,4,0.0,1.4388489208633093,0.6931471805599453
AMC,2017-06-27,1,1.0,1.0,1.0,0.0,0.0,261,1,0.0,0.3831417624521073,0.6931471805599453
AMC,2017-07-05,1,0.0,0.0,0.0,1.0,0.0,6,0,0.0,0.0,0.6931471805599453
AMC,2017-07-12,1,1.0,1.0,1.0,0.0,0.0,255,5,0.0,1.9607843137254901,0.6931471805599453
AMC,2017-07-17,1,-1.0,1.0,0.0,0.0,1.0,257,3,0.0,1.1673151750972763,0.6931471805599453
AMC,2017-07-18,4,-0.75,0.75,0.0,0.25,0.75,709,8,0.5118595071429147,1.1283497884344147,1.6094379124341003
AMC,2017-07-20,1,-1.0,1.0,0.0,0.0,1.0,8,0,0.0,0.0,0.6931471805599453
AMC,2017-07-24,1,0.0,0.0,0.0,1.0,0.0,12,0,0.0,0.0,0.6931471805599453
AMC,2017-08-01,1,0.0,0.0,0.0,1.0,0.0,14,0,0.0,0.0,0.6931471805599453
AMC,2017-08-02,4,0.0,0.0,0.0,1.0,0.0,272,1,0.0,0.36764705882352944,1.6094379124341003
AMC,2017-08-03,10,-0.3,0.9,0.3,0.1,0.6,1730,15,0.81734542214651,0.8670520231213873,2.3978952727983707
AMC,2017-08-04,2,-1.0,1.0,0.0,0.0,1.0,244,2,0.0,0.819672131147541,1.0986122886681096
AMC,2017-08-07,9,0.1111111111111111,0.7777777777777778,0.4444444444444444,0.2222222222222222,0.3333333333333333,1486,10,0.965633607142825,0.6729475100942126,2.302585092994046
AMC,2017-08-09,1,-1.0,1.0,0.0,0.0,1.0,235,0,0.0,0.0,0.6931471805599453
AMC,2017-08-14,1,-1.0,1.0,0.0,0.0,1.0,247,1,0.0,0.4048582995951417,0.6931471805599453
AMC,2017-08-17,1,1.0,1.0,1.0,0.0,0.0,270,5,0.0,1.8518518518518519,0.6931471805599453
AMC,2017-08-21,1,1.0,1.0,1.0,0.0,0.0,266,3,0.0,1.1278195488721805,0.6931471805599453
AMC,2017-08-22,1,-1.0,1.0,0.0,0.0,1.0,263,1,0.0,0.38022813688212925,0.6931471805599453
AMC,2017-08-24,2,0.0,0.0,0.0,1.0,0.0,514,5,0.0,0.9727626459143969,1.0986122886681096
AMC,2017-08-28,1,-1.0,1.0,0.0,0.0,1.0,277,3,0.0,1.0830324909747293,0.6931471805599453
AMC,2017-08-29,2,-0.5,0.5,0.0,0.5,0.5,265,1,0.6309297535714574,0.37735849056603776,1.0986122886681096
AMC,2017-08-31,2,-1.0,1.0,0.0,0.0,1.0,489,6,0.0,1.2269938650306749,1.0986122886681096
AMC,2017-09-05,1,1.0,1.0,1.0,0.0,0.0,260,5,0.0,1.9230769230769231,0.6931471805599453
AMC,2017-09-07,1,-1.0,1.0,0.0,0.0,1.0,269,4,0.0,1.486988847583643,0.6931471805599453
AMC,2017-09-08,2,0.0,1.0,0.5,0.0,0.5,496,1,0.6309297535714574,0.20161290322580644,1.0986122886681096
AMC,2017-09-13,1,-1.0,1.0,0.0,0.0,1.0,260,3,0.0,1.1538461538461537,0.6931471805599453
AMC,2017-09-15,4,0.25,0.25,0.25,0.75,0.0,477,10,0.5118595071429147,2.0964360587002098,1.6094379124341003
AMC,2017-09-18,3,0.0,0.0,0.0,1.0,0.0,534,5,0.0,0.9363295880149812,1.3862943611198906
AMC,2017-09-19,2,0.0,0.0,0.0,1.0,0.0,267,0,0.0,0.0,1.0986122886681096
AMC,2017-09-21,1,1.0,1.0,1.0,0.0,0.0,8,0,0.0,0.0,0.6931471805599453
AMC,2017-09-27,1,0.0,0.0,0.0,1.0,0.0,7,0,0.0,0.0,0.6931471805599453
AMC,2017-10-03,1,-1.0,1.0,0.0,0.0,1.0,33,0,0.0,0.0,0.6931471805599453
AMC,2017-10-10,1,-1.0,1.0,0.0,0.0,1.0,249,4,0.0,1.606425702811245,0.6931471805599453
AMC,2017-10-13,3,-0.3333333333333333,0.3333333333333333,0.0,0.6666666666666666,0.3333333333333333,499,8,0.5793801642856949,1.6032064128256514,1.3862943611198906
AMC,2017-10-16,1,-1.0,1.0,0.0,0.0,1.0,256,1,0.0,0.390625,0.6931471805599453
AMC,2017-10-18,1,1.0,1.0,1.0,0.0,0.0,252,0,0.0,0.0,0.6931471805599453
AMC,2017-10-19,1,1.0,1.0,1.0,0.0,0.0,243,0,0.0,0.0,0.6931471805599453
AMC,2017-10-23,1,1.0,1.0,1.0,0.0,0.0,253,0,0.0,0.0,0.6931471805599453
AMC,2017-10-31,2,-0.5,0.5,0.0,0.5,0.5,483,2,0.6309297535714574,0.4140786749482402,1.0986122886681096
AMC,2017-11-01,1,1.0,1.0,1.0,0.0,0.0,237,1,0.0,0.4219409282700422,0.6931471805599453
AMC,2017-11-03,2,0.5,0.5,0.5,0.5,0.0,243,2,0.6309297535714574,0.823045267489712,1.0986122886681096
AMC,2017-11-06,1,-1.0,1.0,0.0,0.0,1.0,212,0,0.0,0.0,0.6931471805599453
AMC,2017-11-07,3,0.3333333333333333,0.3333333333333333,0.3333333333333333,0.6666666666666666,0.0,284,5,0.5793801642856949,1.7605633802816902,1.3862943611198906
AMC,2017-11-08,5,-0.2,0.6,0.2,0.4,0.4,715,5,0.9602297178607612,0.6993006993006993,1.791759469228055
AMC,2017-11-14,3,-0.3333333333333333,1.0,0.3333333333333333,0.0,0.6666666666666666,535,3,0.5793801642856949,0.5607476635514018,1.3862943611198906
AMC,2017-11-15,5,0.0,0.4,0.2,0.6,0.2,537,2,0.8649735207179272,0.37243947858473,1.791759469228055
AMC,2017-11-16,2,0.0,1.0,0.5,0.0,0.5,492,5,0.6309297535714574,1.016260162601626,1.0986122886681096
AMC,2017-11-20,1,1.0,1.0,1.0,0.0,0.0,251,0,0.0,0.0,0.6931471805599453
AMC,2017-11-24,1,1.0,1.0,1.0,0.0,0.0,234,0,0.0,0.0,0.6931471805599453
AMC,2017-11-27,1,-1.0,1.0,0.0,0.0,1.0,265,2,0.0,0.7547169811320755,0.6931471805599453
AMC,2017-11-29,2,0.0,0.0,0.0,1.0,0.0,25,0,0.0,0.0,1.0986122886681096
AMC,2017-11-30,3,-0.6666666666666666,0.6666666666666666,0.0,0.3333333333333333,0.6666666666666666,533,7,0.5793801642856949,1.3133208255159474,1.3862943611198906
AMC,2017-12-01,2,-0.5,0.5,0.0,0.5,0.5,275,2,0.6309297535714574,0.7272727272727273,1.0986122886681096
AMC,2017-12-04,1,-1.0,1.0,0.0,0.0,1.0,255,2,0.0,0.7843137254901961,0.6931471805599453
AMC,2017-12-05,1,1.0,1.0,1.0,0.0,0.0,254,5,0.0,1.968503937007874,0.6931471805599453
AMC,2017-12-06,4,0.5,0.5,0.5,0.5,0.0,546,5,0.6309297535714574,0.9157509157509157,1.6094379124341003
AMC,2017-12-07,2,-0.5,0.5,0.0,0.5,0.5,16,0,0.6309297535714574,0.0,1.0986122886681096
AMC,2017-12-08,1,1.0,1.0,1.0,0.0,0.0,6,0,0.0,0.0,0.6931471805599453
AMC,2017-12-12,2,-0.5,0.5,0.0,0.5,0.5,272,1,0.6309297535714574,0.36764705882352944,1.0986122886681096
AMC,2017-12-13,1,1.0,1.0,1.0,0.0,0.0,10,0,0.0,0.0,0.6931471805599453
AMC,2017-12-15,1,-1.0,1.0,0.0,0.0,1.0,268,2,0.0,0.746268656716418,0.6931471805599453
AMC,2017-12-18,2,-0.5,0.5,0.0,0.5,0.5,274,2,0.6309297535714574,0.7299270072992701,1.0986122886681096
AMC,2017-12-21,1,0.0,0.0,0.0,1.0,0.0,9,0,0.0,0.0,0.6931471805599453
AMC,2017-12-22,1,1.0,1.0,1.0,0.0,0.0,261,2,0.0,0.7662835249042146,0.6931471805599453
AMC,2017-12-26,1,1.0,1.0,1.0,0.0,0.0,247,2,0.0,0.8097165991902834,0.6931471805599453
AMC,2017-12-27,1,-1.0,1.0,0.0,0.0,1.0,247,1,0.0,0.4048582995951417,0.6931471805599453
AMC,2018-01-02,1,0.0,0.0,0.0,1.0,0.0,252,2,0.0,0.7936507936507936,0.6931471805599453
AMC,2018-01-03,1,-1.0,1.0,0.0,0.0,1.0,258,2,0.0,0.7751937984496124,0.6931471805599453
AMC,2018-01-11,2,-0.5,0.5,0.0,0.5,0.5,19,0,0.6309297535714574,0.0,1.0986122886681096
AMC,2018-01-16,1,-1.0,1.0,0.0,0.0,1.0,255,1,0.0,0.39215686274509803,0.6931471805599453
AMC,2018-01-18,1,1.0,1.0,1.0,0.0,0.0,260,0,0.0,0.0,0.6931471805599453
AMC,2018-01-22,1,1.0,1.0,1.0,0.0,0.0,13,0,0.0,0.0,0.6931471805599453
AMC,2018-01-25,1,0.0,0.0,0.0,1.0,0.0,11,0,0.0,0.0,0.6931471805599453
AMC,2018-01-29,4,-0.25,0.25,0.0,0.75,0.25,27,0,0.5118595071429147,0.0,1.6094379124341003
AMC,2018-01-30,4,0.25,0.75,0.5,0.25,0.25,735,3,0.946394630357186,0.40816326530612246,1.6094379124341003
AMC,2018-01-31,1,0.0,0.0,0.0,1.0,0.0,9,1,0.0,11.11111111111111,0.6931471805599453
AMC,2018-02-05,1,0.0,0.0,0.0,1.0,0.0,16,0,0.0,0.0,0.6931471805599453
AMC,2018-02-06,2,0.5,0.5,0.5,0.5,0.0,506,10,0.6309297535714574,1.976284584980237,1.0986122886681096
AMC,2018-02-07,1,0.0,0.0,0.0,1.0,0.0,6,0,0.0,0.0,0.6931471805599453
AMC,2018-02-08,1,1.0,1.0,1.0,0.0,0.0,254,2,0.0,0.7874015748031497,0.6931471805599453
AMC,2018-02-09,1,-1.0,1.0,0.0,0.0,1.0,14,0,0.0,0.0,0.6931471805599453
AMC,2018-02-12,1,1.0,1.0,1.0,0.0,0.0,256,0,0.0,0.0,0.6931471805599453
AMC,2018-02-13,2,-0.5,0.5,0.0,0.5,0.5,268,2,0.6309297535714574,0.746268656716418,1.0986122886681096
AMC,2018-02-14,2,1.0,1.0,1.0,0.0,0.0,483,1,0.0,0.2070393374741201,1.0986122886681096
AMC,2018-02-15,1,0.0,0.0,0.0,1.0,0.0,246,0,0.0,0.0,0.6931471805599453
AMC,2018-02-20,1,-1.0,1.0,0.0,0.0,1.0,229,0,0.0,0.0,0.6931471805599453
AMC,2018-02-21,2,-0.5,0.5,0.0,0.5,0.5,253,0,0.6309297535714574,0.0,1.0986122886681096
AMC,2018-02-22,2,0.0,0.0,0.0,1.0,0.0,245,0,0.0,0.0,1.0986122886681096
AMC,2018-02-23,1,1.0,1.0,1.0,0.0,0.0,243,2,0.0,0.823045267489712,0.6931471805599453
AMC,2018-02-26,1,1.0,1.0,1.0,0.0,0.0,216,0,0.0,0.0,0.6931471805599453
AMC,2018-02-27,2,0.5,0.5,0.5,0.5,0.0,263,0,0.6309297535714574,0.0,1.0986122886681096
AMC,2018-03-01,5,0.0,0.4,0.2,0.6,0.2,508,2,0.8649735207179272,0.3937007874015748,1.791759469228055
AMC,2018-03-02,6,0.3333333333333333,0.3333333333333333,0.3333333333333333,0.6666666666666666,0.0,526,0,0.5793801642856949,0.0,1.9459101490553132
AMC,2018-03-05,2,0.5,0.5,0.5,0.5,0.0,21,0,0.6309297535714574,0.0,1.0986122886681096
AMC,2018-03-09,2,1.0,1.0,1.0,0.0,0.0,489,5,0.0,1.0224948875255624,1.0986122886681096
AMC,2018-03-12,2,-0.5,0.5,0.0,0.5,0.5,265,0,0.6309297535714574,0.0,1.0986122886681096
AMC,2018-03-16,2,0.5,0.5,0.5,0.5,0.0,258,1,0.6309297535714574,0.3875968992248062,1.0986122886681096
AMC,2018-03-19,1,1.0,1.0,1.0,0.0,0.0,251,0,0.0,0.0,0.6931471805599453
AMC,2018-03-20,1,0.0,0.0,0.0,1.0,0.0,7,0,0.0,0.0,0.6931471805599453
AMC,2018-03-21,1,1.0,1.0,1.0,0.0,0.0,13,0,0.0,0.0,0.6931471805599453
AMC,2018-03-22,1,1.0,1.0,1.0,0.0,0.0,244,0,0.0,0.0,0.6931471805599453
AMC,2018-04-02,2,-0.5,0.5,0.0,0.5,0.5,29,0,0.6309297535714574,0.0,1.0986122886681096
AMC,2018-04-05,5,0.2,0.2,0.2,0.8,0.0,318,6,0.4554859150035952,1.8867924528301887,1.791759469228055
AMC,2018-04-06,1,-1.0,1.0,0.0,0.0,1.0,253,2,0.0,0.7905138339920948,0.6931471805599453
AMC,2018-04-09,5,0.2,0.6,0.4,0.4,0.2,1047,14,0.9602297178607612,1.3371537726838587,1.791759469228055
AMC,2018-04-10,3,0.6666666666666666,0.6666666666666666,0.6666666666666666,0.3333333333333333,0.0,277,0,0.5793801642856949,0.0,1.3862943611198906
AMC,2018-04-11,2,-0.5,0.5,0.0,0.5,0.5,100,1,0.6309297535714574,1.0,1.0986122886681096
AMC,2018-04-16,2,-0.5,0.5,0.0,0.5,0.5,512,4,0.6309297535714574,0.78125,1.0986122886681096
AMC,2018-04-24,1,-1.0,1.0,0.0,0.0,1.0,256,1,0.0,0.390625,0.6931471805599453
AMC,2018-04-25,1,-1.0,1.0,0.0,0.0,1.0,248,2,0.0,0.8064516129032258,0.6931471805599453
AMC,2018-04-27,2,-1.0,1.0,0.0,0.0,1.0,495,5,0.0,1.0101010101010102,1.0986122886681096
AMC,2018-05-01,1,-1.0,1.0,0.0,0.0,1.0,256,3,0.0,1.171875,0.6931471805599453
AMC,2018-05-04,1,0.0,0.0,0.0,1.0,0.0,4,0,0.0,0.0,0.6931471805599453
AMC,2018-05-07,1,1.0,1.0,1.0,0.0,0.0,250,3,0.0,1.2,0.6931471805599453
AMC,2018-05-08,6,0.5,0.5,0.5,0.5,0.0,537,3,0.6309297535714574,0.5586592178770949,1.9459101490553132
AMC,2018-05-09,3,0.0,0.6666666666666666,0.3333333333333333,0.3333333333333333,0.3333333333333333,689,7,0.9999999999999998,1.0159651669085632,1.3862943611198906
AMC,2018-05-10,2,-1.0,1.0,0.0,0.0,1.0,510,5,0.0,0.9803921568627451,1.0986122886681096
AMC,2018-05-14,2,1.0,1.0,1.0,0.0,0.0,488,5,0.0,1.0245901639344261,1.0986122886681096
AMC,2018-05-15,1,0.0,0.0,0.0,1.0,0.0,9,0,0.0,0.0,0.6931471805599453
AMC,2018-05-17,1,-1.0,1.0,0.0,0.0,1.0,243,0,0.0,0.0,0.6931471805599453
AMC,2018-05-23,1,-1.0,1.0,0.0,0.0,1.0,245,0,0.0,0.0,0.6931471805599453
AMC,2018-05-24,3,0.0,0.6666666666666666,0.3333333333333333,0.3333333333333333,0.3333333333333333,538,4,0.9999999999999998,0.7434944237918215,1.3862943611198906
AMC,2018-05-25,2,-0.5,0.5,0.0,0.5,0.5,271,3,0.6309297535714574,1.1070110701107012,1.0986122886681096
AMC,2018-05-29,2,-0.5,0.5,0.0,0.5,0.5,283,1,0.6309297535714574,0.35335689045936397,1.0986122886681096
AMC,2018-06-04,1,-1.0,1.0,0.0,0.0,1.0,255,1,0.0,0.39215686274509803,0.6931471805599453
AMC,2018-06-05,1,-1.0,1.0,0.0,0.0,1.0,255,1,0.0,0.39215686274509803,0.6931471805599453
AMC,2018-06-07,3,0.3333333333333333,0.3333333333333333,0.3333333333333333,0.6666666666666666,0.0,256,2,0.5793801642856949,0.78125,1.3862943611198906
AMC,2018-06-08,1,1.0,1.0,1.0,0.0,0.0,242,1,0.0,0.4132231404958678,0.6931471805599453
AMC,2018-06-15,1,1.0,1.0,1.0,0.0,0.0,255,0,0.0,0.0,0.6931471805599453
AMC,2018-06-19,3,0.0,0.0,0.0,1.0,0.0,44,0,0.0,0.0,1.3862943611198906
AMC,2018-06-21,10,0.1,0.7,0.4,0.3,0.3,693,3,0.9911594714322187,0.4329004329004329,2.3978952727983707
AMC,2018-06-22,6,-0.16666666666666666,0.16666666666666666,0.0,0.8333333333333334,0.16666666666666666,46,0,0.41011848630651804,0.0,1.9459101490553132
AMC,2018-06-25,1,1.0,1.0,1.0,0.0,0.0,272,1,0.0,0.36764705882352944,0.6931471805599453
AMC,2018-06-26,1,0.0,0.0,0.0,1.0,0.0,4,0,0.0,0.0,0.6931471805599453
AMC,2018-06-27,4,0.0,0.5,0.25,0.5,0.25,550,4,0.946394630357186,0.7272727272727273,1.6094379124341003
AMC,2018-06-29,4,0.5,0.5,0.5,0.5,0.0,275,1,0.6309297535714574,0.36363636363636365,1.6094379124341003
AMC,2018-07-02,1,1.0,1.0,1.0,0.0,0.0,265,2,0.0,0.7547169811320755,0.6931471805599453
AMC,2018-07-09,2,0.0,0.0,0.0,1.0,0.0,34,0,0.0,0.0,1.0986122886681096
AMC,2018-07-11,1,-1.0,1.0,0.0,0.0,1.0,253,3,0.0,1.1857707509881423,0.6931471805599453
AMC,2018-07-12,1,0.0,0.0,0.0,1.0,0.0,10,0,0.0,0.0,0.6931471805599453
AMC,2018-07-13,2,0.0,1.0,0.5,0.0,0.5,483,4,0.6309297535714574,0.8281573498964804,1.0986122886681096
AMC,2018-07-16,2,0.5,0.5,0.5,0.5,0.0,280,3,0.6309297535714574,1.0714285714285714,1.0986122886681096
AMC,2018-07-20,2,0.0,0.0,0.0,1.0,0.0,19,0,0.0,0.0,1.0986122886681096
AMC,2018-07-24,1,1.0,1.0,1.0,0.0,0.0,259,1,0.0,0.3861003861003861,0.6931471805599453
AMC,2018-07-25,2,0.0,0.0,0.0,1.0,0.0,14,0,0.0,0.0,1.0986122886681096
AMC,2018-07-26,1,-1.0,1.0,0.0,0.0,1.0,263,5,0.0,1.9011406844106464,0.6931471805599453
AMC,2018-07-31,1,-1.0,1.0,0.0,0.0,1.0,248,4,0.0,1.6129032258064515,0.6931471805599453
AMC,2018-08-01,7,-0.42857142857142855,0.7142857142857143,0.14285714285714285,0.2857142857142857,0.5714285714285714,1306,18,0.8699155297736259,1.3782542113323124,2.0794415416798357
AMC,2018-08-02,7,0.0,0.2857142857142857,0.14285714285714285,0.7142857142857143,0.14285714285714285,534,7,0.72483409150576,1.3108614232209739,2.0794415416798357
AMC,2018-08-03,2,-1.0,1.0,0.0,0.0,1.0,271,5,0.0,1.845018450184502,1.0986122886681096
AMC,2018-08-06,1,1.0,1.0,1.0,0.0,0.0,242,5,0.0,2.0661157024793386,0.6931471805599453
AMC,2018-08-08,1,1.0,1.0,1.0,0.0,0.0,261,4,0.0,1.5325670498084292,0.6931471805599453
AMC,2018-08-14,1,1.0,1.0,1.0,0.0,0.0,10,0,0.0,0.0,0.6931471805599453
AMC,2018-08-17,2,0.0,1.0,0.5,0.0,0.5,507,8,0.6309297535714574,1.5779092702169626,1.0986122886681096
AMC,2018-08-20,5,0.2,0.6,0.4,0.4,0.2,790,12,0.9602297178607612,1.518987341772152,1.791759469228055
AMC,2018-08-24,2,0.5,0.5,0.5,0.5,0.0,257,1,0.6309297535714574,0.38910505836575876,1.0986122886681096
AMC,2018-08-27,1,1.0,1.0,1.0,0.0,0.0,244,4,0.0,1.639344262295082,0.6931471805599453
AMC,2018-08-28,1,-1.0,1.0,0.0,0.0,1.0,253,0,0.0,0.0,0.6931471805599453
AMC,2018-08-29,1,1.0,1.0,1.0,0.0,0.0,256,1,0.0,0.390625,0.6931471805599453
AMC,2018-08-30,1,1.0,1.0,1.0,0.0,0.0,254,1,0.0,0.3937007874015748,0.6931471805599453
AMC,2018-09-04,1,0.0,0.0,0.0,1.0,0.0,14,0,0.0,0.0,0.6931471805599453
AMC,2018-09-06,5,0.0,0.4,0.2,0.6,0.2,288,1,0.8649735207179272,0.3472222222222222,1.791759469228055
AMC,2018-09-07,2,0.0,1.0,0.5,0.0,0.5,477,4,0.6309297535714574,0.8385744234800838,1.0986122886681096
AMC,2018-09-10,1,-1.0,1.0,0.0,0.0,1.0,253,0,0.0,0.0,0.6931471805599453
AMC,2018-09-11,1,-1.0,1.0,0.0,0.0,1.0,237,6,0.0,2.5316455696202533,0.6931471805599453
AMC,2018-09-14,1,1.0,1.0,1.0,0.0,0.0,239,1,0.0,0.41841004184100417,0.6931471805599453
AMC,2018-09-17,7,-0.7142857142857143,0.7142857142857143,0.0,0.2857142857142857,0.7142857142857143,585,2,0.5445684476282007,0.3418803418803419,2.0794415416798357
AMC,2018-09-18,1,-1.0,1.0,0.0,0.0,1.0,5,0,0.0,0.0,0.6931471805599453
AMC,2018-09-19,4,0.5,0.5,0.5,0.5,0.0,512,1,0.6309297535714574,0.1953125,1.6094379124341003
AMC,2018-09-21,2,1.0,1.0,1.0,0.0,0.0,527,2,0.0,0.3795066413662239,1.0986122886681096
AMC,2018-09-24,1,1.0,1.0,1.0,0.0,0.0,238,1,0.0,0.42016806722689076,0.6931471805599453
AMC,2018-09-27,1,1.0,1.0,1.0,0.0,0.0,256,1,0.0,0.390625,0.6931471805599453
AMC,2018-09-28,2,0.5,0.5,0.5,0.5,0.0,263,2,0.6309297535714574,0.7604562737642585,1.0986122886681096
AMC,2018-10-02,2,1.0,1.0,1.0,0.0,0.0,494,7,0.0,1.417004048582996,1.0986122886681096
AMC,2018-10-03,1,-1.0,1.0,0.0,0.0,1.0,248,3,0.0,1.2096774193548387,0.6931471805599453
AMC,2018-10-05,2,0.5,0.5,0.5,0.5,0.0,259,3,0.6309297535714574,1.1583011583011582,1.0986122886681096
AMC,2018-10-17,1,0.0,0.0,0.0,1.0,0.0,256,0,0.0,0.0,0.6931471805599453
AMC,2018-10-18,2,-0.5,0.5,0.0,0.5,0.5,264,0,0.6309297535714574,0.0,1.0986122886681096
AMC,2018-10-26,1,-1.0,1.0,0.0,0.0,1.0,263,5,0.0,1.9011406844106464,0.6931471805599453
AMC,2018-10-29,1,0.0,0.0,0.0,1.0,0.0,205,6,0.0,2.926829268292683,0.6931471805599453
AMC,2018-10-31,1,-1.0,1.0,0.0,0.0,1.0,232,4,0.0,1.7241379310344827,0.6931471805599453
AMC,2018-11-02,3,-0.6666666666666666,0.6666666666666666,0.0,0.3333333333333333,0.6666666666666666,270,6,0.5793801642856949,2.2222222222222223,1.3862943611198906
AMC,2018-11-06,3,-0.3333333333333333,0.3333333333333333,0.0,0.6666666666666666,0.3333333333333333,270,0,0.5793801642856949,0.0,1.3862943611198906
AMC,2018-11-07,1,0.0,0.0,0.0,1.0,0.0,10,0,0.0,0.0,0.6931471805599453
AMC,2018-11-08,1,-1.0,1.0,0.0,0.0,1.0,248,2,0.0,0.8064516129032258,0.6931471805599453
AMC,2018-11-09,6,-0.5,0.5,0.0,0.5,0.5,522,3,0.6309297535714574,0.5747126436781609,1.9459101490553132
AMC,2018-11-12,3,0.0,0.6666666666666666,0.3333333333333333,0.3333333333333333,0.3333333333333333,476,6,0.9999999999999998,1.2605042016806722,1.3862943611198906
AMC,2018-11-13,1,0.0,0.0,0.0,1.0,0.0,6,1,0.0,16.666666666666668,0.6931471805599453
AMC,2018-11-14,2,-0.5,0.5,0.0,0.5,0.5,304,3,0.6309297535714574,0.9868421052631579,1.0986122886681096
AMC,2018-11-15,1,-1.0,1.0,0.0,0.0,1.0,260,1,0.0,0.38461538461538464,0.6931471805599453
AMC,2018-11-16,2,-0.5,0.5,0.0,0.5,0.5,265,2,0.6309297535714574,0.7547169811320755,1.0986122886681096
AMC,2018-11-19,2,-0.5,0.5,0.0,0.5,0.5,507,3,0.6309297535714574,0.591715976331361,1.0986122886681096
AMC,2018-11-27,2,0.5,0.5,0.5,0.5,0.0,17,0,0.6309297535714574,0.0,1.0986122886681096
AMC,2018-11-28,1,0.0,0.0,0.0,1.0,0.0,246,1,0.0,0.4065040650406504,0.6931471805599453
AMC,2018-12-04,1,0.0,0.0,0.0,1.0,0.0,4,0,0.0,0.0,0.6931471805599453
AMC,2018-12-06,2,0.0,0.0,0.0,1.0,0.0,247,2,0.0,0.8097165991902834,1.0986122886681096
AMC,2018-12-07,2,0.0,1.0,0.5,0.0,0.5,496,3,0.6309297535714574,0.6048387096774194,1.0986122886681096
AMC,2018-12-18,3,-1.0,1.0,0.0,0.0,1.0,661,5,0.0,0.75642965204236,1.3862943611198906
AMC,2018-12-27,3,0.6666666666666666,0.6666666666666666,0.6666666666666666,0.3333333333333333,0.0,285,0,0.5793801642856949,0.0,1.3862943611198906
AMC,2019-01-07,1,1.0,1.0,1.0,0.0,0.0,243,4,0.0,1.646090534979424,0.6931471805599453
AMC,2019-01-16,1,1.0,1.0,1.0,0.0,0.0,258,1,0.0,0.3875968992248062,0.6931471805599453
AMC,2019-01-18,1,0.0,0.0,0.0,1.0,0.0,6,0,0.0,0.0,0.6931471805599453
AMC,2019-01-22,2,0.0,1.0,0.5,0.0,0.5,502,2,0.6309297535714574,0.398406374501992,1.0986122886681096
AMC,2019-01-23,3,-0.6666666666666666,0.6666666666666666,0.0,0.3333333333333333,0.6666666666666666,40,1,0.5793801642856949,2.5,1.3862943611198906
AMC,2019-01-31,1,-1.0,1.0,0.0,0.0,1.0,251,2,0.0,0.796812749003984,0.6931471805599453
AMC,2019-02-01,1,1.0,1.0,1.0,0.0,0.0,257,2,0.0,0.7782101167315175,0.6931471805599453
AMC,2019-02-04,2,0.0,0.0,0.0,1.0,0.0,23,0,0.0,0.0,1.0986122886681096
AMC,2019-02-05,1,-1.0,1.0,0.0,0.0,1.0,259,2,0.0,0.7722007722007722,0.6931471805599453
AMC,2019-02-12,1,-1.0,1.0,0.0,0.0,1.0,238,0,0.0,0.0,0.6931471805599453
AMC,2019-02-14,2,0.5,0.5,0.5,0.5,0.0,236,4,0.6309297535714574,1.694915254237288,1.0986122886681096
AMC,2019-02-19,3,0.3333333333333333,1.0,0.6666666666666666,0.0,0.3333333333333333,711,6,0.5793801642856949,0.8438818565400844,1.3862943611198906
AMC,2019-02-20,1,0.0,0.0,0.0,1.0,0.0,4,0,0.0,0.0,0.6931471805599453
AMC,2019-02-21,2,0.0,1.0,0.5,0.0,0.5,490,5,0.6309297535714574,1.0204081632653061,1.0986122886681096
AMC,2019-02-22,1,-1.0,1.0,0.0,0.0,1.0,248,6,0.0,2.4193548387096775,0.6931471805599453
AMC,2019-02-25,1,1.0,1.0,1.0,0.0,0.0,242,0,0.0,0.0,0.6931471805599453
AMC,2019-02-26,1,1.0,1.0,1.0,0.0,0.0,228,2,0.0,0.8771929824561403,0.6931471805599453
AMC,2019-02-27,2,1.0,1.0,1.0,0.0,0.0,452,4,0.0,0.8849557522123894,1.0986122886681096
AMC,2019-02-28,2,0.5,0.5,0.5,0.5,0.0,248,0,0.6309297535714574,0.0,1.0986122886681096
AMC,2019-03-01,6,0.0,0.6666666666666666,0.3333333333333333,0.3333333333333333,0.3333333333333333,738,9,0.9999999999999998,1.2195121951219512,1.9459101490553132
AMC,2019-03-04,2,1.0,1.0,1.0,0.0,0.0,500,8,0.0,1.6,1.0986122886681096
AMC,2019-03-05,1,1.0,1.0,1.0,0.0,0.0,247,2,0.0,0.8097165991902834,0.6931471805599453
AMC,2019-03-06,1,1.0,1.0,1.0,0.0,0.0,240,1,0.0,0.4166666666666667,0.6931471805599453
AMC,2019-03-07,3,0.0,0.0,0.0,1.0,0.0,24,0,0.0,0.0,1.3862943611198906
AMC,2019-03-08,1,1.0,1.0,1.0,0.0,0.0,242,1,0.0,0.4132231404958678,0.6931471805599453
AMC,2019-03-11,1,-1.0,1.0,0.0,0.0,1.0,229,5,0.0,2.183406113537118,0.6931471805599453
AMC,2019-03-14,1,0.0,0.0,0.0,1.0,0.0,254,0,0.0,0.0,0.6931471805599453
AMC,2019-03-15,3,-0.6666666666666666,0.6666666666666666,0.0,0.3333333333333333,0.6666666666666666,497,5,0.5793801642856949,1.0060362173038229,1.3862943611198906
AMC,2019-03-18,1,-1.0,1.0,0.0,0.0,1.0,247,1,0.0,0.4048582995951417,0.6931471805599453
AMC,2019-03-19,1,-1.0,1.0,0.0,0.0,1.0,225,5,0.0,2.2222222222222223,0.6931471805599453
AMC,2019-03-20,1,-1.0,1.0,0.0,0.0,1.0,251,2,0.0,0.796812749003984,0.6931471805599453
AMC,2019-03-25,1,-1.0,1.0,0.0,0.0,1.0,234,5,0.0,2.1367521367521367,0.6931471805599453
AMC,2019-03-26,1,0.0,0.0,0.0,1.0,0.0,8,0,0.0,0.0,0.6931471805599453
AMC,2019-04-01,1,1.0,1.0,1.0,0.0,0.0,250,3,0.0,1.2,0.6931471805599453
AMC,2019-04-04,1,1.0,1.0,1.0,0.0,0.0,256,1,0.0,0.390625,0.6931471805599453
AMC,2019-04-09,6,0.6666666666666666,0.6666666666666666,0.6666666666666666,0.3333333333333333,0.0,560,14,0.5793801642856949,2.5,1.9459101490553132
AMC,2019-04-10,1,1.0,1.0,1.0,0.0,0.0,6,0,0.0,0.0,0.6931471805599453
AMC,2019-04-15,1,-1.0,1.0,0.0,0.0,1.0,11,0,0.0,0.0,0.6931471805599453
AMC,2019-04-16,1,1.0,1.0,1.0,0.0,0.0,13,0,0.0,0.0,0.6931471805599453
AMC,2019-04-17,3,0.3333333333333333,0.3333333333333333,0.3333333333333333,0.6666666666666666,0.0,279,4,0.5793801642856949,1.4336917562724014,1.3862943611198906
AMC,2019-04-18,2,0.0,0.0,0.0,1.0,0.0,28,0,0.0,0.0,1.0986122886681096
AMC,2019-04-22,2,0.5,0.5,0.5,0.5,0.0,267,3,0.6309297535714574,1.1235955056179776,1.0986122886681096
AMC,2019-04-25,1,0.0,0.0,0.0,1.0,0.0,7,0,0.0,0.0,0.6931471805599453
AMC,2019-04-26,1,0.0,0.0,0.0,1.0,0.0,21,0,0.0,0.0,0.6931471805599453
AMC,2019-04-29,1,0.0,0.0,0.0,1.0,0.0,7,0,0.0,0.0,0.6931471805599453
AMC,2019-04-30,3,0.0,0.6666666666666666,0.3333333333333333,0.3333333333333333,0.3333333333333333,250,1,0.9999999999999998,0.4,1.3862943611198906
AMC,2019-05-01,1,1.0,1.0,1.0,0.0,0.0,253,1,0.0,0.3952569169960474,0.6931471805599453
AMC,2019-05-02,1,1.0,1.0,1.0,0.0,0.0,271,1,0.0,0.36900369003690037,0.6931471805599453
AMC,2019-05-03,3,-0.3333333333333333,1.0,0.3333333333333333,0.0,0.6666666666666666,522,8,0.5793801642856949,1.5325670498084292,1.3862943611198906
AMC,2019-05-06,3,-0.3333333333333333,0.3333333333333333,0.0,0.6666666666666666,0.3333333333333333,261,2,0.5793801642856949,0.7662835249042146,1.3862943611198906
AMC,2019-05-09,1,0.0,0.0,0.0,1.0,0.0,5,0,0.0,0.0,0.6931471805599453
AMC,2019-05-10,8,-0.5,0.5,0.0,0.5,0.5,666,13,0.6309297535714574,1.951951951951952,2.1972245773362196
AMC,2019-05-15,1,0.0,0.0,0.0,1.0,0.0,10,0,0.0,0.0,0.6931471805599453
AMC,2019-05-21,1,0.0,0.0,0.0,1.0,0.0,5,0,0.0,0.0,0.6931471805599453
AMC,2019-05-22,2,0.0,0.0,0.0,1.0,0.0,265,1,0.0,0.37735849056603776,1.0986122886681096
AMC,2019-05-28,2,0.5,0.5,0.5,0.5,0.0,476,2,0.6309297535714574,0.42016806722689076,1.0986122886681096
AMC,2019-05-30,1,0.0,0.0,0.0,1.0,0.0,11,0,0.0,0.0,0.6931471805599453
AMC,2019-06-04,1,1.0,1.0,1.0,0.0,0.0,240,4,0.0,1.6666666666666667,0.6931471805599453
AMC,2019-06-07,1,-1.0,1.0,0.0,0.0,1.0,25,1,0.0,4.0,0.6931471805599453
AMC,2019-06-12,1,-1.0,1.0,0.0,0.0,1.0,259,2,0.0,0.7722007722007722,0.6931471805599453
AMC,2019-06-27,2,0.0,1.0,0.5,0.0,0.5,76,2,0.6309297535714574,2.6315789473684212,1.0986122886681096
AMC,2019-06-28,2,-0.5,0.5,0.0,0.5,0.5,265,0,0.6309297535714574,0.0,1.0986122886681096
AMC,2019-07-02,1,0.0,0.0,0.0,1.0,0.0,5,0,0.0,0.0,0.6931471805599453
AMC,2019-07-03,1,0.0,0.0,0.0,1.0,0.0,6,0,0.0,0.0,0.6931471805599453
AMC,2019-07-05,2,-1.0,1.0,0.0,0.0,1.0,494,7,0.0,1.417004048582996,1.0986122886681096
AMC,2019-07-08,1,-1.0,1.0,0.0,0.0,1.0,257,2,0.0,0.7782101167315175,0.6931471805599453
AMC,2019-07-15,2,0.0,1.0,0.5,0.0,0.5,519,9,0.6309297535714574,1.7341040462427746,1.0986122886681096
AMC,2019-07-16,1,0.0,0.0,0.0,1.0,0.0,6,0,0.0,0.0,0.6931471805599453
AMC,2019-07-22,4,0.5,1.0,0.75,0.0,0.25,301,2,0.5118595071429147,0.6644518272425249,1.6094379124341003
AMC,2019-07-26,2,1.0,1.0,1.0,0.0,0.0,264,2,0.0,0.7575757575757576,1.0986122886681096
AMC,2019-07-29,1,1.0,1.0,1.0,0.0,0.0,248,2,0.0,0.8064516129032258,0.6931471805599453
AMC,2019-07-31,1,0.0,0.0,0.0,1.0,0.0,274,2,0.0,0.7299270072992701,0.6931471805599453
AMC,2019-08-02,1,0.0,0.0,0.0,1.0,0.0,11,0,0.0,0.0,0.6931471805599453
AMC,2019-08-06,1,0.0,0.0,0.0,1.0,0.0,4,0,0.0,0.0,0.6931471805599453
AMC,2019-08-08,1,0.0,0.0,0.0,1.0,0.0,250,0,0.0,0.0,0.6931471805599453
AMC,2019-08-09,7,-0.14285714285714285,0.42857142857142855,0.14285714285714285,0.5714285714285714,0.2857142857142857,288,10,0.8699155297736259,3.4722222222222223,2.0794415416798357
AMC,2019-08-13,1,0.0,0.0,0.0,1.0,0.0,6,0,0.0,0.0,0.6931471805599453
AMC,2019-08-29,1,1.0,1.0,1.0,0.0,0.0,265,5,0.0,1.8867924528301887,0.6931471805599453
AMC,2019-09-10,2,0.0,0.0,0.0,1.0,0.0,61,2,0.0,3.278688524590164,1.0986122886681096
AMC,2019-09-13,1,1.0,1.0,1.0,0.0,0.0,252,1,0.0,0.3968253968253968,0.6931471805599453
AMC,2019-09-16,1,-1.0,1.0,0.0,0.0,1.0,253,1,0.0,0.3952569169960474,0.6931471805599453
AMC,2019-09-18,1,0.0,0.0,0.0,1.0,0.0,11,0,0.0,0.0,0.6931471805599453
AMC,2019-09-26,1,-1.0,1.0,0.0,0.0,1.0,246,2,0.0,0.8130081300813008,0.6931471805599453
AMC,2019-09-27,1,-1.0,1.0,0.0,0.0,1.0,11,0,0.0,0.0,0.6931471805599453
AMC,2019-10-02,1,-1.0,1.0,0.0,0.0,1.0,7,0,0.0,0.0,0.6931471805599453
AMC,2019-10-07,1,-1.0,1.0,0.0,0.0,1.0,248,8,0.0,3.225806451612903,0.6931471805599453
AMC,2019-10-08,2,0.5,0.5,0.5,0.5,0.0,30,0,0.6309297535714574,0.0,1.0986122886681096
AMC,2019-10-10,3,-0.3333333333333333,0.3333333333333333,0.0,0.6666666666666666,0.3333333333333333,301,4,0.5793801642856949,1.3289036544850499,1.3862943611198906
AMC,2019-10-11,1,0.0,0.0,0.0,1.0,0.0,208,6,0.0,2.8846153846153846,0.6931471805599453
AMC,2019-10-14,3,-0.6666666666666666,0.6666666666666666,0.0,0.3333333333333333,0.6666666666666666,28,0,0.5793801642856949,0.0,1.3862943611198906
AMC,2019-10-15,2,0.0,1.0,0.5,0.0,0.5,383,4,0.6309297535714574,1.0443864229765014,1.0986122886681096
AMC,2019-10-16,1,0.0,0.0,0.0,1.0,0.0,6,0,0.0,0.0,0.6931471805599453
AMC,2019-10-18,2,1.0,1.0,1.0,0.0,0.0,511,7,0.0,1.36986301369863,1.0986122886681096
AMC,2019-10-21,1,0.0,0.0,0.0,1.0,0.0,250,3,0.0,1.2,0.6931471805599453
AMC,2019-10-22,1,0.0,0.0,0.0,1.0,0.0,7,0,0.0,0.0,0.6931471805599453
AMC,2019-10-23,3,0.3333333333333333,0.3333333333333333,0.3333333333333333,0.6666666666666666,0.0,291,2,0.5793801642856949,0.6872852233676976,1.3862943611198906
AMC,2019-10-24,1,1.0,1.0,1.0,0.0,0.0,253,3,0.0,1.1857707509881423,0.6931471805599453
AMC,2019-10-25,1,0.0,0.0,0.0,1.0,0.0,7,1,0.0,14.285714285714286,0.6931471805599453
AMC,2019-10-28,1,0.0,0.0,0.0,1.0,0.0,4,0,0.0,0.0,0.6931471805599453
AMC,2019-11-01,1,-1.0,1.0,0.0,0.0,1.0,15,1,0.0,6.666666666666667,0.6931471805599453
AMC,2019-11-06,1,0.0,0.0,0.0,1.0,0.0,7,0,0.0,0.0,0.6931471805599453
AMC,2019-11-07,1,0.0,0.0,0.0,1.0,0.0,5,0,0.0,0.0,0.6931471805599453
AMC,2019-11-08,5,-0.6,0.6,0.0,0.4,0.6,273,10,0.6126016192893442,3.663003663003663,1.791759469228055
AMC,2019-11-13,1,0.0,0.0,0.0,1.0,0.0,11,0,0.0,0.0,0.6931471805599453
AMC,2019-11-14,1,1.0,1.0,1.0,0.0,0.0,246,3,0.0,1.2195121951219512,0.6931471805599453
AMC,2019-11-15,1,0.0,0.0,0.0,1.0,0.0,11,0,0.0,0.0,0.6931471805599453
AMC,2019-11-18,3,0.3333333333333333,1.0,0.6666666666666666,0.0,0.3333333333333333,534,7,0.5793801642856949,1.3108614232209739,1.3862943611198906
AMC,2019-11-19,1,0.0,0.0,0.0,1.0,0.0,9,0,0.0,0.0,0.6931471805599453
AMC,2019-11-26,1,1.0,1.0,1.0,0.0,0.0,7,0,0.0,0.0,0.6931471805599453
AMC,2019-11-29,3,0.6666666666666666,0.6666666666666666,0.6666666666666666,0.3333333333333333,0.0,514,7,0.5793801642856949,1.3618677042801557,1.3862943611198906
AMC,2019-12-03,1,1.0,1.0,1.0,0.0,0.0,259,3,0.0,1.1583011583011582,0.6931471805599453
AMC,2019-12-05,1,0.0,0.0,0.0,1.0,0.0,7,0,0.0,0.0,0.6931471805599453
AMC,2019-12-12,1,1.0,1.0,1.0,0.0,0.0,6,0,0.0,0.0,0.6931471805599453
AMC,2019-12-19,5,-1.0,1.0,0.0,0.0,1.0,71,1,0.0,1.408450704225352,1.791759469228055
AMC,2019-12-23,2,1.0,1.0,1.0,0.0,0.0,499,6,0.0,1.2024048096192386,1.0986122886681096
AMC,2020-01-10,1,1.0,1.0,1.0,0.0,0.0,262,1,0.0,0.3816793893129771,0.6931471805599453
AMC,2020-01-14,1,-1.0,1.0,0.0,0.0,1.0,246,0,0.0,0.0,0.6931471805599453
AMC,2020-02-03,1,-1.0,1.0,0.0,0.0,1.0,247,0,0.0,0.0,0.6931471805599453
AMC,2020-02-11,1,0.0,0.0,0.0,1.0,0.0,8,0,0.0,0.0,0.6931471805599453
AMC,2020-02-24,1,0.0,0.0,0.0,1.0,0.0,13,0,0.0,0.0,0.6931471805599453
AMC,2020-02-25,2,-0.5,0.5,0.0,0.5,0.5,262,4,0.6309297535714574,1.5267175572519085,1.0986122886681096
AMC,2020-02-26,1,0.0,0.0,0.0,1.0,0.0,11,0,0.0,0.0,0.6931471805599453
AMC,2020-02-28,5,0.0,0.4,0.2,0.6,0.2,61,0,0.8649735207179272,0.0,1.791759469228055
AMC,2020-03-02,2,0.0,0.0,0.0,1.0,0.0,255,9,0.0,3.5294117647058822,1.0986122886681096
AMC,2020-03-06,2,0.0,1.0,0.5,0.0,0.5,500,8,0.6309297535714574,1.6,1.0986122886681096
AMC,2020-03-16,2,-1.0,1.0,0.0,0.0,1.0,525,4,0.0,0.7619047619047619,1.0986122886681096
AMC,2020-03-17,7,-0.7142857142857143,0.7142857142857143,0.0,0.2857142857142857,0.7142857142857143,797,3,0.5445684476282007,0.37641154328732745,2.0794415416798357
AMC,2020-03-18,4,-0.75,0.75,0.0,0.25,0.75,722,6,0.5118595071429147,0.8310249307479224,1.6094379124341003
AMC,2020-03-19,4,-1.0,1.0,0.0,0.0,1.0,309,1,0.0,0.32362459546925565,1.6094379124341003
AMC,2020-03-20,1,1.0,1.0,1.0,0.0,0.0,11,0,0.0,0.0,0.6931471805599453
AMC,2020-03-23,2,-1.0,1.0,0.0,0.0,1.0,266,1,0.0,0.37593984962406013,1.0986122886681096
AMC,2020-03-25,2,-1.0,1.0,0.0,0.0,1.0,272,3,0.0,1.1029411764705883,1.0986122886681096
AMC,2020-03-27,2,-1.0,1.0,0.0,0.0,1.0,517,4,0.0,0.7736943907156673,1.0986122886681096
AMC,2020-04-01,1,0.0,0.0,0.0,1.0,0.0,13,0,0.0,0.0,0.6931471805599453
AMC,2020-04-02,4,-1.0,1.0,0.0,0.0,1.0,538,9,0.0,1.6728624535315986,1.6094379124341003
AMC,2020-04-03,1,0.0,0.0,0.0,1.0,0.0,7,0,0.0,0.0,0.6931471805599453
AMC,2020-04-06,1,-1.0,1.0,0.0,0.0,1.0,266,3,0.0,1.1278195488721805,0.6931471805599453
AMC,2020-04-07,1,0.0,0.0,0.0,1.0,0.0,12,0,0.0,0.0,0.6931471805599453
AMC,2020-04-08,1,1.0,1.0,1.0,0.0,0.0,248,6,0.0,2.4193548387096775,0.6931471805599453
AMC,2020-04-09,6,-0.8333333333333334,0.8333333333333334,0.0,0.16666666666666666,0.8333333333333334,565,8,0.41011848630651804,1.415929203539823,1.9459101490553132
AMC,2020-04-13,8,0.25,0.75,0.5,0.25,0.25,1438,3,0.946394630357186,0.2086230876216968,2.1972245773362196
AMC,2020-04-14,2,0.0,1.0,0.5,0.0,0.5,502,1,0.6309297535714574,0.199203187250996,1.0986122886681096
AMC,2020-04-15,1,-1.0,1.0,0.0,0.0,1.0,12,0,0.0,0.0,0.6931471805599453
AMC,2020-04-16,2,-1.0,1.0,0.0,0.0,1.0,265,5,0.0,1.8867924528301887,1.0986122886681096
AMC,2020-04-17,3,-0.3333333333333333,0.3333333333333333,0.0,0.6666666666666666,0.3333333333333333,285,4,0.5793801642856949,1.4035087719298245,1.3862943611198906
AMC,2020-04-20,10,-0.1,0.7,0.3,0.3,0.4,1745,15,0.9911594714322187,0.8595988538681948,2.3978952727983707
AMC,2020-04-21,5,-0.2,0.6,0.2,0.4,0.4,823,12,0.9602297178607612,1.4580801944106927,1.791759469228055
AMC,2020-04-23,1,-1.0,1.0,0.0,0.0,1.0,245,5,0.0,2.0408163265306123,0.6931471805599453
AMC,2020-04-24,1,0.0,0.0,0.0,1.0,0.0,15,0,0.0,0.0,0.6931471805599453
AMC,2020-04-27,3,-0.6666666666666666,0.6666666666666666,0.0,0.3333333333333333,0.6666666666666666,536,0,0.5793801642856949,0.0,1.3862943611198906
AMC,2020-04-29,3,-1.0,1.0,0.0,0.0,1.0,747,6,0.0,0.8032128514056225,1.3862943611198906
AMC,2020-04-30,5,-0.4,0.8,0.2,0.2,0.6,987,7,0.8649735207179272,0.7092198581560284,1.791759469228055
AMC,2020-05-01,3,-0.6666666666666666,0.6666666666666666,0.0,0.3333333333333333,0.6666666666666666,506,5,0.5793801642856949,0.9881422924901185,1.3862943611198906
AMC,2020-05-04,4,0.5,1.0,0.75,0.0,0.25,1017,15,0.5118595071429147,1.4749262536873156,1.6094379124341003
AMC,2020-05-06,1,-1.0,1.0,0.0,0.0,1.0,274,3,0.0,1.094890510948905,0.6931471805599453
AMC,2020-05-08,1,0.0,0.0,0.0,1.0,0.0,12,0,0.0,0.0,0.6931471805599453
AMC,2020-05-11,1,-1.0,1.0,0.0,0.0,1.0,254,6,0.0,2.3622047244094486,0.6931471805599453
AMC,2020-05-12,14,-0.07142857142857142,0.5,0.21428571428571427,0.5,0.2857142857142857,1668,17,0.9417346261113355,1.0191846522781776,2.70805020110221
AMC,2020-05-13,4,-0.5,1.0,0.25,0.0,0.75,962,13,0.5118595071429147,1.3513513513513513,1.6094379124341003
AMC,2020-05-14,2,-1.0,1.0,0.0,0.0,1.0,539,7,0.0,1.2987012987012987,1.0986122886681096
AMC,2020-05-15,1,0.0,0.0,0.0,1.0,0.0,259,8,0.0,3.088803088803089,0.6931471805599453
AMC,2020-05-18,1,-1.0,1.0,0.0,0.0,1.0,268,0,0.0,0.0,0.6931471805599453
AMC,2020-05-22,1,-1.0,1.0,0.0,0.0,1.0,259,4,0.0,1.5444015444015444,0.6931471805599453
AMC,2020-05-27,2,0.5,0.5,0.5,0.5,0.0,37,0,0.6309297535714574,0.0,1.0986122886681096
AMC,2020-05-28,2,-0.5,0.5,0.0,0.5,0.5,276,0,0.6309297535714574,0.0,1.0986122886681096
AMC,2020-05-29,2,-1.0,1.0,0.0,0.0,1.0,520,12,0.0,2.3076923076923075,1.0986122886681096
AMC,2020-06-04,5,-0.8,0.8,0.0,0.2,0.8,348,6,0.4554859150035952,1.7241379310344827,1.791759469228055
AMC,2020-06-05,4,-1.0,1.0,0.0,0.0,1.0,987,20,0.0,2.026342451874367,1.6094379124341003
AMC,2020-06-08,3,0.0,0.6666666666666666,0.3333333333333333,0.3333333333333333,0.3333333333333333,293,3,0.9999999999999998,1.023890784982935,1.3862943611198906
AMC,2020-06-09,1,1.0,1.0,1.0,0.0,0.0,247,2,0.0,0.8097165991902834,0.6931471805599453
AMC,2020-06-10,5,-0.8,0.8,0.0,0.2,0.8,637,12,0.4554859150035952,1.8838304552590266,1.791759469228055
AMC,2020-06-11,9,-0.4444444444444444,0.8888888888888888,0.2222222222222222,0.1111111111111111,0.6666666666666666,1939,23,0.7725068857142601,1.1861784424961321,2.302585092994046
AMC,2020-06-12,1,-1.0,1.0,0.0,0.0,1.0,254,6,0.0,2.3622047244094486,0.6931471805599453
AMC,2020-06-15,1,-1.0,1.0,0.0,0.0,1.0,263,2,0.0,0.7604562737642585,0.6931471805599453
AMC,2020-06-16,1,-1.0,1.0,0.0,0.0,1.0,252,6,0.0,2.380952380952381,0.6931471805599453
AMC,2020-06-17,1,-1.0,1.0,0.0,0.0,1.0,244,1,0.0,0.4098360655737705,0.6931471805599453
AMC,2020-06-19,2,-1.0,1.0,0.0,0.0,1.0,501,1,0.0,0.1996007984031936,1.0986122886681096
AMC,2020-06-22,7,-0.2857142857142857,0.8571428571428571,0.2857142857142857,0.14285714285714285,0.5714285714285714,1697,11,0.8699155297736259,0.648202710665881,2.0794415416798357
AMC,2020-06-24,1,-1.0,1.0,0.0,0.0,1.0,252,2,0.0,0.7936507936507936,0.6931471805599453
AMC,2020-06-25,4,-0.5,1.0,0.25,0.0,0.75,1029,6,0.5118595071429147,0.5830903790087464,1.6094379124341003
AMC,2020-06-26,1,-1.0,1.0,0.0,0.0,1.0,258,3,0.0,1.1627906976744187,0.6931471805599453
AMC,2020-06-29,2,-1.0,1.0,0.0,0.0,1.0,523,5,0.0,0.9560229445506692,1.0986122886681096
AMC,2020-06-30,4,-0.25,0.75,0.25,0.25,0.5,902,1,0.946394630357186,0.11086474501108648,1.6094379124341003
AMC,2020-07-01,2,-0.5,0.5,0.0,0.5,0.5,509,1,0.6309297535714574,0.19646365422396855,1.0986122886681096
AMC,2020-07-02,2,0.5,0.5,0.5,0.5,0.0,526,0,0.6309297535714574,0.0,1.0986122886681096
AMC,2020-07-09,4,-0.5,1.0,0.25,0.0,0.75,986,9,0.5118595071429147,0.9127789046653144,1.6094379124341003
AMC,2020-07-10,1,0.0,0.0,0.0,1.0,0.0,258,3,0.0,1.1627906976744187,0.6931471805599453
AMC,2020-07-13,1,-1.0,1.0,0.0,0.0,1.0,256,3,0.0,1.171875,0.6931471805599453
AMC,2020-07-14,3,-0.6666666666666666,0.6666666666666666,0.0,0.3333333333333333,0.6666666666666666,615,5,0.5793801642856949,0.8130081300813008,1.3862943611198906
AMC,2020-07-16,4,-0.5,1.0,0.25,0.0,0.75,939,5,0.5118595071429147,0.5324813631522897,1.6094379124341003
AMC,2020-07-20,1,-1.0,1.0,0.0,0.0,1.0,257,4,0.0,1.556420233463035,0.6931471805599453
AMC,2020-07-23,1,-1.0,1.0,0.0,0.0,1.0,256,0,0.0,0.0,0.6931471805599453
AMC,2020-07-24,5,-0.6,1.0,0.2,0.0,0.8,952,10,0.4554859150035952,1.050420168067227,1.791759469228055
AMC,2020-07-27,2,-1.0,1.0,0.0,0.0,1.0,505,8,0.0,1.5841584158415842,1.0986122886681096
AMC,2020-07-28,1,-1.0,1.0,0.0,0.0,1.0,268,4,0.0,1.492537313432836,0.6931471805599453
AMC,2020-07-29,4,0.25,0.75,0.5,0.25,0.25,884,9,0.946394630357186,1.0180995475113122,1.6094379124341003
AMC,2020-07-30,4,1.0,1.0,1.0,0.0,0.0,981,5,0.0,0.509683995922528,1.6094379124341003
AMC,2020-07-31,2,0.0,1.0,0.5,0.0,0.5,511,7,0.6309297535714574,1.36986301369863,1.0986122886681096
AMC,2020-08-03,1,-1.0,1.0,0.0,0.0,1.0,255,0,0.0,0.0,0.6931471805599453
AMC,2020-08-05,1,-1.0,1.0,0.0,0.0,1.0,258,3,0.0,1.1627906976744187,0.6931471805599453
AMC,2020-08-07,2,0.0,0.0,0.0,1.0,0.0,352,2,0.0,0.5681818181818182,1.0986122886681096
AMC,2020-08-10,4,0.0,1.0,0.5,0.0,0.5,980,15,0.6309297535714574,1.530612244897959,1.6094379124341003
AMC,2020-08-12,2,0.5,0.5,0.5,0.5,0.0,507,1,0.6309297535714574,0.19723865877712032,1.0986122886681096
AMC,2020-08-13,3,0.0,0.6666666666666666,0.3333333333333333,0.3333333333333333,0.3333333333333333,757,4,0.9999999999999998,0.5284015852047557,1.3862943611198906
AMC,2020-08-14,7,-0.14285714285714285,0.7142857142857143,0.2857142857142857,0.2857142857142857,0.42857142857142855,1579,9,0.9821410328348751,0.5699810006333123,2.0794415416798357
AMC,2020-08-17,1,-1.0,1.0,0.0,0.0,1.0,257,3,0.0,1.1673151750972763,0.6931471805599453
AMC,2020-08-18,1,0.0,0.0,0.0,1.0,0.0,205,7,0.0,3.4146341463414633,0.6931471805599453
AMC,2020-08-19,3,-0.3333333333333333,1.0,0.3333333333333333,0.0,0.6666666666666666,771,11,0.5793801642856949,1.4267185473411155,1.3862943611198906
AMC,2020-08-20,1,-1.0,1.0,0.0,0.0,1.0,262,1,0.0,0.3816793893129771,0.6931471805599453
AMC,2020-08-21,1,1.0,1.0,1.0,0.0,0.0,249,1,0.0,0.40160642570281124,0.6931471805599453
AMC,2020-08-25,1,1.0,1.0,1.0,0.0,0.0,252,1,0.0,0.3968253968253968,0.6931471805599453
AMC,2020-08-26,2,0.0,0.0,0.0,1.0,0.0,513,6,0.0,1.1695906432748537,1.0986122886681096
AMC,2020-08-28,4,-0.25,0.75,0.25,0.25,0.5,971,13,0.946394630357186,1.3388259526261586,1.6094379124341003
AMC,2020-08-31,2,0.0,1.0,0.5,0.0,0.5,509,5,0.6309297535714574,0.9823182711198428,1.0986122886681096
AMC,2020-09-01,4,0.0,1.0,0.5,0.0,0.5,868,8,0.6309297535714574,0.9216589861751152,1.6094379124341003
AMC,2020-09-02,2,1.0,1.0,1.0,0.0,0.0,387,2,0.0,0.5167958656330749,1.0986122886681096
AMC,2020-09-03,4,1.0,1.0,1.0,0.0,0.0,917,5,0.0,0.5452562704471101,1.6094379124341003
AMC,2020-09-04,1,1.0,1.0,1.0,0.0,0.0,268,5,0.0,1.8656716417910448,0.6931471805599453
AMC,2020-09-08,3,-0.6666666666666666,0.6666666666666666,0.0,0.3333333333333333,0.6666666666666666,751,5,0.5793801642856949,0.6657789613848203,1.3862943611198906
AMC,2020-09-09,2,1.0,1.0,1.0,0.0,0.0,505,6,0.0,1.188118811881188,1.0986122886681096
AMC,2020-09-10,2,0.0,1.0,0.5,0.0,0.5,504,2,0.6309297535714574,0.3968253968253968,1.0986122886681096
AMC,2020-09-11,1,-1.0,1.0,0.0,0.0,1.0,258,3,0.0,1.1627906976744187,0.6931471805599453
AMC,2020-09-14,1,1.0,1.0,1.0,0.0,0.0,223,0,0.0,0.0,0.6931471805599453
AMC,2020-09-16,1,0.0,0.0,0.0,1.0,0.0,260,1,0.0,0.38461538461538464,0.6931471805599453
AMC,2020-09-21,1,-1.0,1.0,0.0,0.0,1.0,240,0,0.0,0.0,0.6931471805599453
AMC,2020-09-22,2,-1.0,1.0,0.0,0.0,1.0,532,7,0.0,1.3157894736842106,1.0986122886681096
AMC,2020-09-25,4,-0.75,0.75,0.0,0.25,0.75,799,3,0.5118595071429147,0.37546933667083854,1.6094379124341003
AMC,2020-10-02,1,0.0,0.0,0.0,1.0,0.0,258,5,0.0,1.937984496124031,0.6931471805599453
AMC,2020-10-06,7,-0.14285714285714285,0.7142857142857143,0.2857142857142857,0.2857142857142857,0.42857142857142855,1798,11,0.9821410328348751,0.6117908787541713,2.0794415416798357
AMC,2020-10-07,3,-0.6666666666666666,0.6666666666666666,0.0,0.3333333333333333,0.6666666666666666,627,0,0.5793801642856949,0.0,1.3862943611198906
AMC,2020-10-09,3,0.6666666666666666,0.6666666666666666,0.6666666666666666,0.3333333333333333,0.0,636,0,0.5793801642856949,0.0,1.3862943611198906
AMC,2020-10-12,1,-1.0,1.0,0.0,0.0,1.0,246,4,0.0,1.6260162601626016,0.6931471805599453
AMC,2020-10-14,6,-1.0,1.0,0.0,0.0,1.0,1398,16,0.0,1.1444921316165952,1.9459101490553132
AMC,2020-10-15,7,-0.7142857142857143,1.0,0.14285714285714285,0.0,0.8571428571428571,1700,16,0.37330396038588726,0.9411764705882353,2.0794415416798357
AMC,2020-10-16,2,-1.0,1.0,0.0,0.0,1.0,503,6,0.0,1.1928429423459244,1.0986122886681096
AMC,2020-10-19,1,-1.0,1.0,0.0,0.0,1.0,253,2,0.0,0.7905138339920948,0.6931471805599453
AMC,2020-10-20,9,-0.3333333333333333,1.0,0.3333333333333333,0.0,0.6666666666666666,2240,15,0.5793801642856949,0.6696428571428571,2.302585092994046
AMC,2020-10-21,6,-0.16666666666666666,0.5,0.16666666666666666,0.5,0.3333333333333333,1400,7,0.920619835714305,0.5,1.9459101490553132
AMC,2020-10-23,1,0.0,0.0,0.0,1.0,0.0,252,4,0.0,1.5873015873015872,0.6931471805599453
AMC,2020-10-26,1,-1.0,1.0,0.0,0.0,1.0,253,1,0.0,0.3952569169960474,0.6931471805599453
AMC,2020-10-27,1,-1.0,1.0,0.0,0.0,1.0,263,4,0.0,1.520912547528517,0.6931471805599453
AMC,2020-10-28,2,0.0,1.0,0.5,0.0,0.5,505,6,0.6309297535714574,1.188118811881188,1.0986122886681096
AMC,2020-10-29,1,-1.0,1.0,0.0,0.0,1.0,266,2,0.0,0.7518796992481203,0.6931471805599453
AMC,2020-11-03,4,-1.0,1.0,0.0,0.0,1.0,1031,8,0.0,0.7759456838021338,1.6094379124341003
AMC,2020-11-04,2,0.5,0.5,0.5,0.5,0.0,488,15,0.6309297535714574,3.0737704918032787,1.0986122886681096
AMC,2020-11-06,2,0.0,1.0,0.5,0.0,0.5,490,9,0.6309297535714574,1.836734693877551,1.0986122886681096
AMC,2020-11-09,1,-1.0,1.0,0.0,0.0,1.0,254,1,0.0,0.3937007874015748,0.6931471805599453
AMC,2020-11-10,1,-1.0,1.0,0.0,0.0,1.0,258,5,0.0,1.937984496124031,0.6931471805599453
AMC,2020-11-11,3,0.3333333333333333,1.0,0.6666666666666666,0.0,0.3333333333333333,792,9,0.5793801642856949,1.1363636363636365,1.3862943611198906
AMC,2020-11-12,1,-1.0,1.0,0.0,0.0,1.0,258,5,0.0,1.937984496124031,0.6931471805599453
AMC,2020-11-13,3,0.3333333333333333,1.0,0.6666666666666666,0.0,0.3333333333333333,781,7,0.5793801642856949,0.8962868117797695,1.3862943611198906
AMC,2020-11-16,2,-0.5,0.5,0.0,0.5,0.5,489,1,0.6309297535714574,0.20449897750511248,1.0986122886681096
AMC,2020-11-17,1,1.0,1.0,1.0,0.0,0.0,242,1,0.0,0.4132231404958678,0.6931471805599453
AMC,2020-11-20,2,-1.0,1.0,0.0,0.0,1.0,517,6,0.0,1.1605415860735009,1.0986122886681096
AMC,2020-11-24,2,1.0,1.0,1.0,0.0,0.0,521,7,0.0,1.3435700575815739,1.0986122886681096
AMC,2020-11-25,1,-1.0,1.0,0.0,0.0,1.0,259,2,0.0,0.7722007722007722,0.6931471805599453
AMC,2020-11-30,1,-1.0,1.0,0.0,0.0,1.0,254,1,0.0,0.3937007874015748,0.6931471805599453
AMC,2020-12-01,1,-1.0,1.0,0.0,0.0,1.0,259,3,0.0,1.1583011583011582,0.6931471805599453
AMC,2020-12-04,4,-0.5,1.0,0.25,0.0,0.75,1023,6,0.5118595071429147,0.5865102639296188,1.6094379124341003
AMC,2020-12-07,5,0.0,0.8,0.4,0.2,0.4,1274,14,0.9602297178607612,1.098901098901099,1.791759469228055
AMC,2020-12-08,1,1.0,1.0,1.0,0.0,0.0,269,1,0.0,0.37174721189591076,0.6931471805599453
AMC,2020-12-10,1,-1.0,1.0,0.0,0.0,1.0,260,3,0.0,1.1538461538461537,0.6931471805599453
AMC,2020-12-11,2,-1.0,1.0,0.0,0.0,1.0,504,4,0.0,0.7936507936507936,1.0986122886681096
AMC,2020-12-14,5,-0.8,0.8,0.0,0.2,0.8,1165,8,0.4554859150035952,0.6866952789699571,1.791759469228055
AMC,2020-12-15,5,-1.0,1.0,0.0,0.0,1.0,1265,11,0.0,0.8695652173913043,1.791759469228055
AMC,2020-12-16,2,-1.0,1.0,0.0,0.0,1.0,505,5,0.0,0.9900990099009901,1.0986122886681096
AMC,2020-12-21,1,1.0,1.0,1.0,0.0,0.0,270,1,0.0,0.37037037037037035,0.6931471805599453
AMC,2020-12-22,2,0.0,1.0,0.5,0.0,0.5,507,3,0.6309297535714574,0.591715976331361,1.0986122886681096
AMC,2020-12-23,1,-1.0,1.0,0.0,0.0,1.0,253,5,0.0,1.976284584980237,0.6931471805599453
AMC,2020-12-29,2,1.0,1.0,1.0,0.0,0.0,481,2,0.0,0.4158004158004158,1.0986122886681096
AMC,2020-12-30,1,-1.0,1.0,0.0,0.0,1.0,265,7,0.0,2.641509433962264,0.6931471805599453
AMC,2020-12-31,2,0.0,1.0,0.5,0.0,0.5,449,2,0.6309297535714574,0.44543429844098,1.0986122886681096
AMC,2021-01-04,3,0.3333333333333333,1.0,0.6666666666666666,0.0,0.3333333333333333,755,9,0.5793801642856949,1.1920529801324504,1.3862943611198906
AMC,2021-01-07,4,-0.75,0.75,0.0,0.25,0.75,1042,7,0.5118595071429147,0.6717850287907869,1.6094379124341003
AMC,2021-01-11,1,1.0,1.0,1.0,0.0,0.0,242,5,0.0,2.0661157024793386,0.6931471805599453
AMC,2021-01-14,2,0.5,0.5,0.5,0.5,0.0,510,3,0.6309297535714574,0.5882352941176471,1.0986122886681096
AMC,2021-01-19,2,0.0,1.0,0.5,0.0,0.5,508,8,0.6309297535714574,1.5748031496062993,1.0986122886681096
AMC,2021-01-20,1,1.0,1.0,1.0,0.0,0.0,255,2,0.0,0.7843137254901961,0.6931471805599453
AMC,2021-01-21,2,-1.0,1.0,0.0,0.0,1.0,494,5,0.0,1.0121457489878543,1.0986122886681096
AMC,2021-01-22,1,1.0,1.0,1.0,0.0,0.0,250,2,0.0,0.8,0.6931471805599453
AMC,2021-01-25,2,-1.0,1.0,0.0,0.0,1.0,512,6,0.0,1.171875,1.0986122886681096
AMC,2021-01-26,11,0.0,0.9090909090909091,0.45454545454545453,0.09090909090909091,0.45454545454545453,2709,27,0.8508642289005678,0.9966777408637874,2.4849066497880004
AMC,2021-01-27,2,0.0,1.0,0.5,0.0,0.5,522,3,0.6309297535714574,0.5747126436781609,1.0986122886681096
AMC,2021-01-28,14,0.14285714285714285,0.8571428571428571,0.5,0.14285714285714285,0.35714285714285715,3549,43,0.9032139773855576,1.2116089039165963,2.70805020110221
AMC,2021-01-29,13,-0.46153846153846156,0.9230769230769231,0.23076923076923078,0.07692307692307693,0.6923076923076923,3308,23,0.7193329040881773,0.6952841596130592,2.639057329615259
AMC,2021-02-01,24,0.041666666666666664,0.875,0.4583333333333333,0.125,0.4166666666666667,6145,51,0.8941111578818987,0.8299430431244914,3.2188758248682006
AMC,2021-02-02,10,-0.2,0.8,0.3,0.2,0.5,2435,29,0.9372305632161295,1.1909650924024642,2.3978952727983707
AMC,2021-02-03,11,-0.2727272727272727,0.8181818181818182,0.2727272727272727,0.18181818181818182,0.5454545454545454,2606,27,0.9056185178648963,1.0360706062931697,2.4849066497880004
AMC,2021-02-04,10,-0.7,0.7,0.0,0.3,0.7,2483,25,0.556032649876389,1.0068465565847764,2.3978952727983707
AMC,2021-02-05,17,-0.17647058823529413,0.8823529411764706,0.35294117647058826,0.11764705882352941,0.5294117647058824,4223,41,0.8702290979524682,0.970873786407767,2.8903717578961645
AMC,2021-02-08,8,0.25,1.0,0.625,0.0,0.375,2030,24,0.6021808102656678,1.1822660098522169,2.1972245773362196
AMC,2021-02-09,10,-0.3,0.9,0.3,0.1,0.6,2544,27,0.81734542214651,1.0613207547169812,2.3978952727983707
AMC,2021-02-10,1,1.0,1.0,1.0,0.0,0.0,260,4,0.0,1.5384615384615385,0.6931471805599453
AMC,2021-02-11,2,0.0,1.0,0.5,0.0,0.5,537,4,0.6309297535714574,0.74487895716946,1.0986122886681096
AMC,2021-02-12,7,0.14285714285714285,1.0,0.5714285714285714,0.0,0.42857142857142855,1830,27,0.6216097450797566,1.4754098360655739,2.0794415416798357
AMC,2021-02-16,7,0.42857142857142855,1.0,0.7142857142857143,0.0,0.2857142857142857,1799,16,0.5445684476282007,0.8893829905503057,2.0794415416798357
AMC,2021-02-17,3,0.3333333333333333,1.0,0.6666666666666666,0.0,0.3333333333333333,788,2,0.5793801642856949,0.25380710659898476,1.3862943611198906
AMC,2021-02-18,1,1.0,1.0,1.0,0.0,0.0,258,1,0.0,0.3875968992248062,0.6931471805599453
AMC,2021-02-19,8,0.25,0.75,0.5,0.25,0.25,2073,16,0.946394630357186,0.7718282682103232,2.1972245773362196
AMC,2021-02-22,2,-1.0,1.0,0.0,0.0,1.0,507,5,0.0,0.9861932938856016,1.0986122886681096
AMC,2021-02-23,3,0.0,0.6666666666666666,0.3333333333333333,0.3333333333333333,0.3333333333333333,734,6,0.9999999999999998,0.8174386920980926,1.3862943611198906
AMC,2021-02-24,5,0.2,0.6,0.4,0.4,0.2,1309,23,0.9602297178607612,1.757066462948816,1.791759469228055
AMC,2021-02-25,2,0.0,1.0,0.5,0.0,0.5,486,3,0.6309297535714574,0.6172839506172839,1.0986122886681096
AMC,2021-02-26,7,0.0,0.5714285714285714,0.2857142857142857,0.42857142857142855,0.2857142857142857,1761,29,0.9821410328348751,1.6467915956842702,2.0794415416798357
AMC,2021-03-01,5,-0.4,0.8,0.2,0.2,0.6,1226,16,0.8649735207179272,1.3050570962479608,1.791759469228055
AMC,2021-03-02,3,0.3333333333333333,1.0,0.6666666666666666,0.0,0.3333333333333333,771,4,0.5793801642856949,0.5188067444876784,1.3862943611198906
AMC,2021-03-03,1,1.0,1.0,1.0,0.0,0.0,269,1,0.0,0.37174721189591076,0.6931471805599453
AMC,2021-03-04,5,0.6,1.0,0.8,0.0,0.2,1265,17,0.4554859150035952,1.3438735177865613,1.791759469228055
AMC,2021-03-05,4,0.75,0.75,0.75,0.25,0.0,911,10,0.5118595071429147,1.0976948408342482,1.6094379124341003
AMC,2021-03-08,1,-1.0,1.0,0.0,0.0,1.0,246,2,0.0,0.8130081300813008,0.6931471805599453
AMC,2021-03-09,6,0.16666666666666666,0.8333333333333334,0.5,0.16666666666666666,0.3333333333333333,1533,32,0.920619835714305,2.0874103065883887,1.9459101490553132
AMC,2021-03-10,6,0.16666666666666666,0.8333333333333334,0.5,0.16666666666666666,0.3333333333333333,1490,19,0.920619835714305,1.2751677852348993,1.9459101490553132
AMC,2021-03-11,6,-0.5,0.8333333333333334,0.16666666666666666,0.16666666666666666,0.6666666666666666,1333,10,0.7896900821428474,0.7501875468867217,1.9459101490553132
AMC,2021-03-12,7,0.5714285714285714,0.8571428571428571,0.7142857142857143,0.14285714285714285,0.14285714285714285,1735,23,0.72483409150576,1.3256484149855907,2.0794415416798357
AMC,2021-03-15,9,-0.1111111111111111,0.7777777777777778,0.3333333333333333,0.2222222222222222,0.4444444444444444,2129,13,0.965633607142825,0.6106153123532174,2.302585092994046
AMC,2021-03-16,5,0.4,0.8,0.6,0.2,0.2,1270,9,0.8649735207179272,0.7086614173228346,1.791759469228055
AMC,2021-03-17,7,0.2857142857142857,0.8571428571428571,0.5714285714285714,0.14285714285714285,0.2857142857142857,1800,18,0.8699155297736259,1.0,2.0794415416798357
AMC,2021-03-18,1,1.0,1.0,1.0,0.0,0.0,260,3,0.0,1.1538461538461537,0.6931471805599453
AMC,2021-03-19,6,0.0,1.0,0.5,0.0,0.5,1536,12,0.6309297535714574,0.78125,1.9459101490553132
AMC,2021-03-22,2,1.0,1.0,1.0,0.0,0.0,516,4,0.0,0.7751937984496124,1.0986122886681096
AMC,2021-03-23,3,-0.3333333333333333,1.0,0.3333333333333333,0.0,0.6666666666666666,763,8,0.5793801642856949,1.0484927916120577,1.3862943611198906
AMC,2021-03-24,3,0.6666666666666666,0.6666666666666666,0.6666666666666666,0.3333333333333333,0.0,777,6,0.5793801642856949,0.7722007722007722,1.3862943611198906
AMC,2021-03-25,4,0.0,1.0,0.5,0.0,0.5,1024,16,0.6309297535714574,1.5625,1.6094379124341003
AMC,2021-03-26,8,-0.375,0.875,0.25,0.125,0.625,2026,25,0.8194483718728035,1.2339585389930898,2.1972245773362196
AMC,2021-03-29,7,-0.5714285714285714,0.8571428571428571,0.14285714285714285,0.14285714285714285,0.7142857142857143,1811,17,0.7248340915057598,0.9387078961899503,2.0794415416798357
AMC,2021-03-30,2,1.0,1.0,1.0,0.0,0.0,518,5,0.0,0.9652509652509652,1.0986122886681096
AMC,2021-03-31,1,-1.0,1.0,0.0,0.0,1.0,246,4,0.0,1.6260162601626016,0.6931471805599453
AMC,2021-04-01,3,-0.3333333333333333,1.0,0.3333333333333333,0.0,0.6666666666666666,770,1,0.5793801642856949,0.12987012987012986,1.3862943611198906
AMC,2021-04-05,13,-0.15384615384615385,0.9230769230769231,0.38461538461538464,0.07692307692307693,0.5384615384615384,3134,22,0.8175195311866702,0.7019783024888322,2.639057329615259
AMC,2021-04-06,3,0.3333333333333333,0.3333333333333333,0.3333333333333333,0.6666666666666666,0.0,697,14,0.5793801642856949,2.0086083213773316,1.3862943611198906
AMC,2021-04-08,2,0.0,1.0,0.5,0.0,0.5,504,3,0.6309297535714574,0.5952380952380952,1.0986122886681096
AMC,2021-04-09,1,1.0,1.0,1.0,0.0,0.0,270,3,0.0,1.1111111111111112,0.6931471805599453
AMC,2021-04-12,3,0.0,0.6666666666666666,0.3333333333333333,0.3333333333333333,0.3333333333333333,765,10,0.9999999999999998,1.3071895424836601,1.3862943611198906
AMC,2021-04-13,3,0.3333333333333333,1.0,0.6666666666666666,0.0,0.3333333333333333,767,10,0.5793801642856949,1.303780964797914,1.3862943611198906
AMC,2021-04-14,2,1.0,1.0,1.0,0.0,0.0,497,6,0.0,1.2072434607645874,1.0986122886681096
AMC,2021-04-15,1,1.0,1.0,1.0,0.0,0.0,260,1,0.0,0.38461538461538464,0.6931471805599453
AMC,2021-04-19,2,0.5,0.5,0.5,0.5,0.0,510,3,0.6309297535714574,0.5882352941176471,1.0986122886681096
AMC,2021-04-20,4,0.75,0.75,0.75,0.25,0.0,1008,12,0.5118595071429147,1.1904761904761905,1.6094379124341003
AMC,2021-04-21,2,-0.5,0.5,0.0,0.5,0.5,522,4,0.6309297535714574,0.7662835249042146,1.0986122886681096
AMC,2021-04-23,3,0.0,0.6666666666666666,0.3333333333333333,0.3333333333333333,0.3333333333333333,780,9,0.9999999999999998,1.1538461538461537,1.3862943611198906
AMC,2021-04-26,2,0.5,0.5,0.5,0.5,0.0,521,7,0.6309297535714574,1.3435700575815739,1.0986122886681096
AMC,2021-04-27,2,1.0,1.0,1.0,0.0,0.0,547,5,0.0,0.9140767824497258,1.0986122886681096
AMC,2021-04-28,3,1.0,1.0,1.0,0.0,0.0,794,10,0.0,1.2594458438287153,1.3862943611198906
AMC,2021-04-29,1,1.0,1.0,1.0,0.0,0.0,244,0,0.0,0.0,0.6931471805599453
AMC,2021-04-30,1,-1.0,1.0,0.0,0.0,1.0,247,4,0.0,1.6194331983805668,0.6931471805599453
AMC,2021-05-03,2,0.0,1.0,0.5,0.0,0.5,498,4,0.6309297535714574,0.8032128514056225,1.0986122886681096
AMC,2021-05-04,2,-1.0,1.0,0.0,0.0,1.0,498,3,0.0,0.6024096385542169,1.0986122886681096
AMC,2021-05-05,1,1.0,1.0,1.0,0.0,0.0,230,4,0.0,1.7391304347826086,0.6931471805599453
AMC,2021-05-06,2,1.0,1.0,1.0,0.0,0.0,499,8,0.0,1.6032064128256514,1.0986122886681096
AMC,2021-05-07,2,0.0,0.0,0.0,1.0,0.0,524,5,0.0,0.9541984732824428,1.0986122886681096
AMC,2021-05-10,6,0.3333333333333333,1.0,0.6666666666666666,0.0,0.3333333333333333,1448,24,0.5793801642856949,1.6574585635359116,1.9459101490553132
AMC,2021-05-12,3,0.3333333333333333,1.0,0.6666666666666666,0.0,0.3333333333333333,783,4,0.5793801642856949,0.5108556832694764,1.3862943611198906
AMC,2021-05-13,2,0.0,0.0,0.0,1.0,0.0,523,6,0.0,1.147227533460803,1.0986122886681096
AMC,2021-05-14,6,0.0,1.0,0.5,0.0,0.5,1495,14,0.6309297535714574,0.9364548494983278,1.9459101490553132
AMC,2021-05-17,7,0.5714285714285714,0.8571428571428571,0.7142857142857143,0.14285714285714285,0.14285714285714285,1788,19,0.72483409150576,1.0626398210290828,2.0794415416798357
AMC,2021-05-18,2,0.5,0.5,0.5,0.5,0.0,474,13,0.6309297535714574,2.742616033755274,1.0986122886681096
AMC,2021-05-19,2,-0.5,0.5,0.0,0.5,0.5,435,3,0.6309297535714574,0.6896551724137931,1.0986122886681096
AMC,2021-05-20,2,1.0,1.0,1.0,0.0,0.0,522,5,0.0,0.9578544061302682,1.0986122886681096
AMC,2021-05-24,2,0.0,1.0,0.5,0.0,0.5,515,5,0.6309297535714574,0.970873786407767,1.0986122886681096
AMC,2021-05-25,6,0.6666666666666666,0.6666666666666666,0.6666666666666666,0.3333333333333333,0.0,1560,22,0.5793801642856949,1.4102564102564104,1.9459101490553132
AMC,2021-05-26,7,-0.14285714285714285,0.7142857142857143,0.2857142857142857,0.2857142857142857,0.42857142857142855,1836,28,0.9821410328348751,1.5250544662309369,2.0794415416798357
AMC,2021-05-27,7,0.5714285714285714,0.8571428571428571,0.7142857142857143,0.14285714285714285,0.14285714285714285,1742,30,0.72483409150576,1.722158438576349,2.0794415416798357
AMC,2021-05-28,7,0.5714285714285714,0.8571428571428571,0.7142857142857143,0.14285714285714285,0.14285714285714285,1671,12,0.72483409150576,0.718132854578097,2.0794415416798357
AMC,2021-06-01,16,0.375,1.0,0.6875,0.0,0.3125,4100,46,0.5653371812436325,1.1219512195121952,2.833213344056216
AMC,2021-06-02,13,0.46153846153846156,0.9230769230769231,0.6923076923076923,0.07692307692307693,0.23076923076923078,3105,36,0.7193329040881773,1.1594202898550725,2.639057329615259
AMC,2021-06-03,13,0.9230769230769231,0.9230769230769231,0.9230769230769231,0.07692307692307693,0.0,3211,28,0.24684720518702505,0.8720024914356899,2.639057329615259
AMC,2021-06-04,17,-0.11764705882352941,0.9411764705882353,0.4117647058823529,0.058823529411764705,0.5294117647058824,4098,55,0.7907427323313919,1.3421181063933627,2.8903717578961645
AMC,2021-06-07,16,0.625,1.0,0.8125,0.0,0.1875,4125,65,0.4392610297141856,1.5757575757575757,2.833213344056216
AMC,2021-06-08,10,0.0,1.0,0.5,0.0,0.5,2578,32,0.6309297535714574,1.2412723041117144,2.3978952727983707
AMC,2021-06-09,7,0.8571428571428571,0.8571428571428571,0.8571428571428571,0.14285714285714285,0.0,1748,24,0.37330396038588726,1.3729977116704806,2.0794415416798357
AMC,2021-06-10,10,0.6,1.0,0.8,0.0,0.2,2482,17,0.4554859150035952,0.684931506849315,2.3978952727983707
AMC,2021-06-11,8,0.375,0.875,0.625,0.125,0.25,1981,23,0.8194483718728035,1.1610297829379101,2.1972245773362196
AMC,2021-06-14,14,0.6428571428571429,0.9285714285714286,0.7857142857142857,0.07142857142857142,0.14285714285714285,3688,58,0.5970948432879916,1.5726681127982647,2.70805020110221
AMC,2021-06-15,13,0.23076923076923078,0.8461538461538461,0.5384615384615384,0.15384615384615385,0.3076923076923077,3372,31,0.895640305638598,0.9193357058125742,2.639057329615259
AMC,2021-06-16,4,0.0,1.0,0.5,0.0,0.5,862,19,0.6309297535714574,2.2041763341067284,1.6094379124341003
AMC,2021-06-17,7,0.42857142857142855,1.0,0.7142857142857143,0.0,0.2857142857142857,1820,22,0.5445684476282007,1.2087912087912087,2.0794415416798357
AMC,2021-06-18,4,0.5,1.0,0.75,0.0,0.25,981,8,0.5118595071429147,0.8154943934760448,1.6094379124341003
AMC,2021-06-21,12,0.6666666666666666,0.8333333333333334,0.75,0.16666666666666666,0.08333333333333333,3150,36,0.6567045482143385,1.1428571428571428,2.5649493574615367
AMC,2021-06-22,4,-0.25,0.75,0.25,0.25,0.5,1035,11,0.946394630357186,1.0628019323671498,1.6094379124341003
AMC,2021-06-23,5,0.4,0.8,0.6,0.2,0.2,1290,12,0.8649735207179272,0.9302325581395349,1.791759469228055
AMC,2021-06-24,5,-0.4,0.8,0.2,0.2,0.6,1296,7,0.8649735207179272,0.5401234567901234,1.791759469228055
AMC,2021-06-25,5,0.2,1.0,0.6,0.0,0.4,1249,21,0.6126016192893442,1.6813450760608486,1.791759469228055
AMC,2021-06-28,5,-0.2,1.0,0.4,0.0,0.6,1296,20,0.6126016192893442,1.5432098765432098,1.791759469228055
AMC,2021-06-29,8,1.0,1.0,1.0,0.0,0.0,2079,25,0.0,1.2025012025012025,2.1972245773362196
AMC,2021-06-30,5,-0.4,0.8,0.2,0.2,0.6,1273,18,0.8649735207179272,1.4139827179890023,1.791759469228055
AMC,2021-07-01,3,1.0,1.0,1.0,0.0,0.0,758,9,0.0,1.187335092348285,1.3862943611198906
AMC,2021-07-02,4,0.5,1.0,0.75,0.0,0.25,1020,16,0.5118595071429147,1.5686274509803921,1.6094379124341003
AMC,2021-07-06,10,0.1,0.9,0.5,0.1,0.4,2343,22,0.8586727110732549,0.9389671361502347,2.3978952727983707
AMC,2021-07-07,8,0.625,0.625,0.625,0.375,0.0,2100,15,0.6021808102656678,0.7142857142857143,2.1972245773362196
AMC,2021-07-08,6,0.0,1.0,0.5,0.0,0.5,1554,25,0.6309297535714574,1.6087516087516087,1.9459101490553132
AMC,2021-07-09,4,0.5,1.0,0.75,0.0,0.25,1051,21,0.5118595071429147,1.9980970504281637,1.6094379124341003
AMC,2021-07-12,8,-0.125,0.875,0.375,0.125,0.5,2080,21,0.8868595071429147,1.0096153846153846,2.1972245773362196
AMC,2021-07-13,3,-1.0,1.0,0.0,0.0,1.0,778,5,0.0,0.6426735218508998,1.3862943611198906
AMC,2021-07-14,6,0.5,0.8333333333333334,0.6666666666666666,0.16666666666666666,0.16666666666666666,1567,14,0.7896900821428474,0.8934269304403318,1.9459101490553132
AMC,2021-07-15,3,0.0,0.6666666666666666,0.3333333333333333,0.3333333333333333,0.3333333333333333,761,3,0.9999999999999998,0.39421813403416556,1.3862943611198906
AMC,2021-07-16,5,-0.2,1.0,0.4,0.0,0.6,1297,16,0.6126016192893442,1.2336160370084812,1.791759469228055
AMC,2021-07-19,7,-0.5714285714285714,0.8571428571428571,0.14285714285714285,0.14285714285714285,0.7142857142857143,1831,23,0.7248340915057598,1.2561441835062808,2.0794415416798357
AMC,2021-07-20,2,1.0,1.0,1.0,0.0,0.0,549,10,0.0,1.8214936247723132,1.0986122886681096
AMC,2021-07-21,6,0.6666666666666666,1.0,0.8333333333333334,0.0,0.16666666666666666,1566,14,0.41011848630651804,0.8939974457215837,1.9459101490553132
AMC,2021-07-26,4,0.25,0.75,0.5,0.25,0.25,1062,12,0.946394630357186,1.1299435028248588,1.6094379124341003
AMC,2021-07-27,3,0.0,0.6666666666666666,0.3333333333333333,0.3333333333333333,0.3333333333333333,767,12,0.9999999999999998,1.5645371577574967,1.3862943611198906
AMC,2021-07-28,2,0.0,1.0,0.5,0.0,0.5,527,11,0.6309297535714574,2.0872865275142316,1.0986122886681096
AMC,2021-07-29,3,0.3333333333333333,1.0,0.6666666666666666,0.0,0.3333333333333333,782,7,0.5793801642856949,0.8951406649616368,1.3862943611198906
AMC,2021-07-30,3,0.0,0.6666666666666666,0.3333333333333333,0.3333333333333333,0.3333333333333333,741,8,0.9999999999999998,1.0796221322537112,1.3862943611198906
AMC,2021-08-02,6,0.3333333333333333,1.0,0.6666666666666666,0.0,0.3333333333333333,1592,10,0.5793801642856949,0.628140703517588,1.9459101490553132
AMC,2021-08-03,4,0.0,1.0,0.5,0.0,0.5,1004,8,0.6309297535714574,0.796812749003984,1.6094379124341003
AMC,2021-08-04,3,0.3333333333333333,1.0,0.6666666666666666,0.0,0.3333333333333333,765,5,0.5793801642856949,0.6535947712418301,1.3862943611198906
AMC,2021-08-05,6,0.6666666666666666,1.0,0.8333333333333334,0.0,0.16666666666666666,1546,16,0.41011848630651804,1.034928848641656,1.9459101490553132
AMC,2021-08-06,2,-1.0,1.0,0.0,0.0,1.0,516,9,0.0,1.744186046511628,1.0986122886681096
AMC,2021-08-09,3,0.3333333333333333,1.0,0.6666666666666666,0.0,0.3333333333333333,758,8,0.5793801642856949,1.0554089709762533,1.3862943611198906
AMC,2021-08-10,5,-0.2,0.6,0.2,0.4,0.4,1268,9,0.9602297178607612,0.7097791798107256,1.791759469228055
AMC,2021-08-11,12,0.3333333333333333,0.8333333333333334,0.5833333333333334,0.16666666666666666,0.25,3023,39,0.8734790278701755,1.2901091630830301,2.5649493574615367
AMC,2021-08-12,2,0.0,1.0,0.5,0.0,0.5,506,5,0.6309297535714574,0.9881422924901185,1.0986122886681096
AMC,2021-08-13,1,1.0,1.0,1.0,0.0,0.0,244,5,0.0,2.0491803278688523,0.6931471805599453
AMC,2021-08-16,5,0.4,0.8,0.6,0.2,0.2,1286,18,0.8649735207179272,1.3996889580093312,1.791759469228055
AMC,2021-08-17,3,0.3333333333333333,1.0,0.6666666666666666,0.0,0.3333333333333333,746,11,0.5793801642856949,1.4745308310991958,1.3862943611198906
AMC,2021-08-18,3,-0.3333333333333333,1.0,0.3333333333333333,0.0,0.6666666666666666,760,7,0.5793801642856949,0.9210526315789473,1.3862943611198906
AMC,2021-08-19,4,-0.25,0.75,0.25,0.25,0.5,1007,19,0.946394630357186,1.8867924528301887,1.6094379124341003
AMC,2021-08-20,2,-1.0,1.0,0.0,0.0,1.0,516,6,0.0,1.1627906976744187,1.0986122886681096
AMC,2021-08-23,1,-1.0,1.0,0.0,0.0,1.0,261,1,0.0,0.3831417624521073,0.6931471805599453
AMC,2021-08-24,2,1.0,1.0,1.0,0.0,0.0,516,2,0.0,0.3875968992248062,1.0986122886681096
AMC,2021-08-25,4,0.75,0.75,0.75,0.25,0.0,1032,10,0.5118595071429147,0.9689922480620154,1.6094379124341003
AMC,2021-08-26,5,0.6,1.0,0.8,0.0,0.2,1290,16,0.4554859150035952,1.2403100775193798,1.791759469228055
AMC,2021-08-27,4,-0.25,0.75,0.25,0.25,0.5,959,12,0.946394630357186,1.251303441084463,1.6094379124341003
AMC,2021-08-30,7,-0.14285714285714285,1.0,0.42857142857142855,0.0,0.5714285714285714,1801,12,0.6216097450797566,0.6662965019433648,2.0794415416798357
AMC,2021-08-31,2,0.0,1.0,0.5,0.0,0.5,518,2,0.6309297535714574,0.3861003861003861,1.0986122886681096
AMC,2021-09-01,3,0.3333333333333333,1.0,0.6666666666666666,0.0,0.3333333333333333,771,7,0.5793801642856949,0.9079118028534371,1.3862943611198906
AMC,2021-09-02,6,0.16666666666666666,0.8333333333333334,0.5,0.16666666666666666,0.3333333333333333,1520,20,0.920619835714305,1.3157894736842106,1.9459101490553132
AMC,2021-09-03,1,-1.0,1.0,0.0,0.0,1.0,239,1,0.0,0.41841004184100417,0.6931471805599453
AMC,2021-09-07,6,0.5,0.8333333333333334,0.6666666666666666,0.16666666666666666,0.16666666666666666,1523,17,0.7896900821428474,1.1162179908076166,1.9459101490553132
AMC,2021-09-08,7,0.7142857142857143,1.0,0.8571428571428571,0.0,0.14285714285714285,1849,11,0.37330396038588726,0.5949161709031909,2.0794415416798357
AMC,2021-09-09,3,1.0,1.0,1.0,0.0,0.0,760,4,0.0,0.5263157894736842,1.3862943611198906
AMC,2021-09-10,1,-1.0,1.0,0.0,0.0,1.0,233,2,0.0,0.8583690987124464,0.6931471805599453
AMC,2021-09-13,3,0.3333333333333333,1.0,0.6666666666666666,0.0,0.3333333333333333,756,4,0.5793801642856949,0.5291005291005291,1.3862943611198906
AMC,2021-09-14,5,0.8,0.8,0.8,0.2,0.0,1244,14,0.4554859150035952,1.1254019292604502,1.791759469228055
AMC,2021-09-15,2,-0.5,0.5,0.0,0.5,0.5,523,2,0.6309297535714574,0.3824091778202677,1.0986122886681096
AMC,2021-09-16,3,0.6666666666666666,0.6666666666666666,0.6666666666666666,0.3333333333333333,0.0,668,6,0.5793801642856949,0.8982035928143712,1.3862943611198906
AMC,2021-09-17,7,-0.14285714285714285,0.7142857142857143,0.2857142857142857,0.2857142857142857,0.42857142857142855,1782,9,0.9821410328348751,0.5050505050505051,2.0794415416798357
AMC,2021-09-20,6,0.0,1.0,0.5,0.0,0.5,1540,23,0.6309297535714574,1.4935064935064934,1.9459101490553132
AMC,2021-09-21,1,1.0,1.0,1.0,0.0,0.0,249,5,0.0,2.0080321285140563,0.6931471805599453
AMC,2021-09-22,3,-0.6666666666666666,0.6666666666666666,0.0,0.3333333333333333,0.6666666666666666,751,10,0.5793801642856949,1.3315579227696406,1.3862943611198906
AMC,2021-09-23,3,-0.3333333333333333,1.0,0.3333333333333333,0.0,0.6666666666666666,762,12,0.5793801642856949,1.5748031496062993,1.3862943611198906
AMC,2021-09-24,4,0.75,0.75,0.75,0.25,0.0,1019,8,0.5118595071429147,0.7850834151128557,1.6094379124341003
AMC,2021-09-27,2,0.0,1.0,0.5,0.0,0.5,506,4,0.6309297535714574,0.7905138339920948,1.0986122886681096
AMC,2021-09-28,1,0.0,0.0,0.0,1.0,0.0,252,2,0.0,0.7936507936507936,0.6931471805599453
AMC,2021-09-29,3,0.3333333333333333,1.0,0.6666666666666666,0.0,0.3333333333333333,779,6,0.5793801642856949,0.7702182284980744,1.3862943611198906
AMC,2021-09-30,3,0.3333333333333333,1.0,0.6666666666666666,0.0,0.3333333333333333,790,7,0.5793801642856949,0.8860759493670886,1.3862943611198906
AMC,2021-10-01,6,-0.6666666666666666,1.0,0.16666666666666666,0.0,0.8333333333333334,1494,16,0.41011848630651804,1.07095046854083,1.9459101490553132
AMC,2021-10-04,4,0.75,0.75,0.75,0.25,0.0,1044,4,0.5118595071429147,0.3831417624521073,1.6094379124341003
AMC,2021-10-05,4,0.5,1.0,0.75,0.0,0.25,1030,5,0.5118595071429147,0.4854368932038835,1.6094379124341003
AMC,2021-10-06,3,1.0,1.0,1.0,0.0,0.0,765,8,0.0,1.0457516339869282,1.3862943611198906
AMC,2021-10-07,1,-1.0,1.0,0.0,0.0,1.0,259,6,0.0,2.3166023166023164,0.6931471805599453
AMC,2021-10-08,1,0.0,0.0,0.0,1.0,0.0,275,4,0.0,1.4545454545454546,0.6931471805599453
AMC,2021-10-11,3,1.0,1.0,1.0,0.0,0.0,776,3,0.0,0.3865979381443299,1.3862943611198906
AMC,2021-10-12,3,-1.0,1.0,0.0,0.0,1.0,771,7,0.0,0.9079118028534371,1.3862943611198906
AMC,2021-10-14,1,1.0,1.0,1.0,0.0,0.0,259,3,0.0,1.1583011583011582,0.6931471805599453
AMC,2021-10-15,1,1.0,1.0,1.0,0.0,0.0,242,0,0.0,0.0,0.6931471805599453
AMC,2021-10-18,4,0.25,0.25,0.25,0.75,0.0,1000,9,0.5118595071429147,0.9,1.6094379124341003
AMC,2021-10-19,2,0.5,0.5,0.5,0.5,0.0,517,10,0.6309297535714574,1.9342359767891684,1.0986122886681096
AMC,2021-10-21,1,1.0,1.0,1.0,0.0,0.0,266,2,0.0,0.7518796992481203,0.6931471805599453
AMC,2021-10-25,4,0.5,1.0,0.75,0.0,0.25,1043,12,0.5118595071429147,1.1505273250239694,1.6094379124341003
AMC,2021-10-26,3,0.0,0.6666666666666666,0.3333333333333333,0.3333333333333333,0.3333333333333333,734,12,0.9999999999999998,1.6348773841961852,1.3862943611198906
AMC,2021-10-27,1,-1.0,1.0,0.0,0.0,1.0,252,2,0.0,0.7936507936507936,0.6931471805599453
AMC,2021-10-28,4,0.0,1.0,0.5,0.0,0.5,1083,8,0.6309297535714574,0.7386888273314867,1.6094379124341003
AMC,2021-10-29,3,1.0,1.0,1.0,0.0,0.0,757,9,0.0,1.1889035667107002,1.3862943611198906
AMC,2021-11-01,1,-1.0,1.0,0.0,0.0,1.0,272,3,0.0,1.1029411764705883,0.6931471805599453
AMC,2021-11-02,5,0.6,1.0,0.8,0.0,0.2,1317,11,0.4554859150035952,0.8352315869400152,1.791759469228055
AMC,2021-11-03,1,-1.0,1.0,0.0,0.0,1.0,248,3,0.0,1.2096774193548387,0.6931471805599453
AMC,2021-11-04,4,1.0,1.0,1.0,0.0,0.0,1022,13,0.0,1.2720156555772995,1.6094379124341003
AMC,2021-11-05,2,0.5,0.5,0.5,0.5,0.0,531,8,0.6309297535714574,1.5065913370998116,1.0986122886681096
AMC,2021-11-08,3,1.0,1.0,1.0,0.0,0.0,756,5,0.0,0.6613756613756614,1.3862943611198906
AMC,2021-11-09,8,0.5,1.0,0.75,0.0,0.25,2017,10,0.5118595071429147,0.495785820525533,2.1972245773362196
AMC,2021-11-10,6,-0.16666666666666666,0.8333333333333334,0.3333333333333333,0.16666666666666666,0.5,1442,28,0.920619835714305,1.941747572815534,1.9459101490553132
AMC,2021-11-11,3,0.3333333333333333,1.0,0.6666666666666666,0.0,0.3333333333333333,731,19,0.5793801642856949,2.5991792065663475,1.3862943611198906
AMC,2021-11-12,3,0.6666666666666666,0.6666666666666666,0.6666666666666666,0.3333333333333333,0.0,797,14,0.5793801642856949,1.7565872020075282,1.3862943611198906
AMC,2021-11-15,8,0.375,0.875,0.625,0.125,0.25,2027,22,0.8194483718728035,1.0853478046373952,2.1972245773362196
AMC,2021-11-16,2,1.0,1.0,1.0,0.0,0.0,521,2,0.0,0.3838771593090211,1.0986122886681096
AMC,2021-11-17,3,-1.0,1.0,0.0,0.0,1.0,758,11,0.0,1.4511873350923483,1.3862943611198906
AMC,2021-11-18,5,0.4,0.8,0.6,0.2,0.2,1267,9,0.8649735207179272,0.7103393843725335,1.791759469228055
AMC,2021-11-19,3,1.0,1.0,1.0,0.0,0.0,771,7,0.0,0.9079118028534371,1.3862943611198906
AMC,2021-11-22,2,1.0,1.0,1.0,0.0,0.0,509,6,0.0,1.1787819253438114,1.0986122886681096
AMC,2021-11-23,4,0.25,0.75,0.5,0.25,0.25,1056,12,0.946394630357186,1.1363636363636365,1.6094379124341003
AMC,2021-11-24,1,-1.0,1.0,0.0,0.0,1.0,257,2,0.0,0.7782101167315175,0.6931471805599453
AMC,2021-11-26,3,0.3333333333333333,1.0,0.6666666666666666,0.0,0.3333333333333333,759,6,0.5793801642856949,0.7905138339920948,1.3862943611198906
AMC,2021-11-29,4,-1.0,1.0,0.0,0.0,1.0,992,32,0.0,3.225806451612903,1.6094379124341003
AMC,2021-11-30,5,0.6,1.0,0.8,0.0,0.2,1281,17,0.4554859150035952,1.327088212334114,1.791759469228055
AMC,2021-12-01,4,0.25,0.75,0.5,0.25,0.25,1021,7,0.946394630357186,0.6856023506366308,1.6094379124341003
AMC,2021-12-02,6,0.8333333333333334,0.8333333333333334,0.8333333333333334,0.16666666666666666,0.0,1567,7,0.41011848630651804,0.4467134652201659,1.9459101490553132
AMC,2021-12-03,2,-0.5,0.5,0.0,0.5,0.5,520,4,0.6309297535714574,0.7692307692307693,1.0986122886681096
AMC,2021-12-06,1,1.0,1.0,1.0,0.0,0.0,246,3,0.0,1.2195121951219512,0.6931471805599453
AMC,2021-12-07,3,0.3333333333333333,1.0,0.6666666666666666,0.0,0.3333333333333333,783,12,0.5793801642856949,1.5325670498084292,1.3862943611198906
AMC,2021-12-08,5,-0.2,1.0,0.4,0.0,0.6,1267,10,0.6126016192893442,0.7892659826361483,1.791759469228055
AMC,2021-12-09,2,-1.0,1.0,0.0,0.0,1.0,513,8,0.0,1.5594541910331383,1.0986122886681096
AMC,2021-12-10,2,0.0,1.0,0.5,0.0,0.5,527,9,0.6309297535714574,1.7077798861480076,1.0986122886681096
AMC,2021-12-13,6,0.3333333333333333,1.0,0.6666666666666666,0.0,0.3333333333333333,1551,11,0.5793801642856949,0.7092198581560284,1.9459101490553132
AMC,2021-12-14,5,0.0,0.8,0.4,0.2,0.4,1295,20,0.9602297178607612,1.5444015444015444,1.791759469228055
AMC,2021-12-15,4,0.5,1.0,0.75,0.0,0.25,974,8,0.5118595071429147,0.8213552361396304,1.6094379124341003
AMC,2021-12-16,2,-1.0,1.0,0.0,0.0,1.0,518,6,0.0,1.1583011583011582,1.0986122886681096
AMC,2021-12-17,2,0.0,1.0,0.5,0.0,0.5,522,7,0.6309297535714574,1.3409961685823755,1.0986122886681096
AMC,2021-12-20,9,0.5555555555555556,1.0,0.7777777777777778,0.0,0.2222222222222222,2373,25,0.482159360969681,1.0535187526337968,2.302585092994046
AMC,2021-12-21,2,1.0,1.0,1.0,0.0,0.0,527,4,0.0,0.7590132827324478,1.0986122886681096
AMC,2021-12-22,4,0.5,1.0,0.75,0.0,0.25,1020,9,0.5118595071429147,0.8823529411764706,1.6094379124341003
AMC,2021-12-23,5,-0.2,0.6,0.2,0.4,0.4,1248,22,0.9602297178607612,1.7628205128205128,1.791759469228055
AMC,2021-12-27,4,0.5,1.0,0.75,0.0,0.25,1026,7,0.5118595071429147,0.682261208576998,1.6094379124341003
AMC,2021-12-28,2,0.0,1.0,0.5,0.0,0.5,524,6,0.6309297535714574,1.1450381679389312,1.0986122886681096
AMC,2021-12-29,2,0.0,1.0,0.5,0.0,0.5,516,0,0.6309297535714574,0.0,1.0986122886681096
AMC,2021-12-30,3,-0.3333333333333333,0.3333333333333333,0.0,0.6666666666666666,0.3333333333333333,788,11,0.5793801642856949,1.3959390862944163,1.3862943611198906
AMC,2021-12-31,2,1.0,1.0,1.0,0.0,0.0,511,13,0.0,2.544031311154599,1.0986122886681096
AMC,2022-01-03,3,-0.3333333333333333,1.0,0.3333333333333333,0.0,0.6666666666666666,711,7,0.5793801642856949,0.9845288326300985,1.3862943611198906
AMC,2022-01-04,2,-0.5,0.5,0.0,0.5,0.5,533,6,0.6309297535714574,1.125703564727955,1.0986122886681096
AMC,2022-01-05,4,-0.25,0.75,0.25,0.25,0.5,1038,13,0.946394630357186,1.252408477842004,1.6094379124341003
AMC,2022-01-06,3,0.3333333333333333,1.0,0.6666666666666666,0.0,0.3333333333333333,734,8,0.5793801642856949,1.0899182561307903,1.3862943611198906
AMC,2022-01-07,3,0.0,0.6666666666666666,0.3333333333333333,0.3333333333333333,0.3333333333333333,747,10,0.9999999999999998,1.3386880856760375,1.3862943611198906
AMC,2022-01-10,6,0.5,0.8333333333333334,0.6666666666666666,0.16666666666666666,0.16666666666666666,1523,12,0.7896900821428474,0.7879185817465528,1.9459101490553132
AMC,2022-01-11,1,-1.0,1.0,0.0,0.0,1.0,253,4,0.0,1.5810276679841897,0.6931471805599453
AMC,2022-01-12,3,-0.3333333333333333,1.0,0.3333333333333333,0.0,0.6666666666666666,816,13,0.5793801642856949,1.5931372549019607,1.3862943611198906
AMC,2022-01-14,2,-1.0,1.0,0.0,0.0,1.0,541,3,0.0,0.5545286506469501,1.0986122886681096
AMC,2022-01-18,10,0.2,0.8,0.5,0.2,0.3,2569,24,0.9372305632161295,0.9342156481121059,2.3978952727983707
AMC,2022-01-19,5,-0.2,1.0,0.4,0.0,0.6,1269,12,0.6126016192893442,0.9456264775413712,1.791759469228055
AMC,2022-01-20,2,-1.0,1.0,0.0,0.0,1.0,523,4,0.0,0.7648183556405354,1.0986122886681096
AMC,2022-01-21,6,0.0,1.0,0.5,0.0,0.5,1515,9,0.6309297535714574,0.594059405940594,1.9459101490553132
AMC,2022-01-24,3,-0.3333333333333333,1.0,0.3333333333333333,0.0,0.6666666666666666,747,6,0.5793801642856949,0.8032128514056225,1.3862943611198906
AMC,2022-01-25,1,1.0,1.0,1.0,0.0,0.0,259,3,0.0,1.1583011583011582,0.6931471805599453
AMC,2022-01-26,3,-0.3333333333333333,1.0,0.3333333333333333,0.0,0.6666666666666666,768,6,0.5793801642856949,0.78125,1.3862943611198906
AMC,2022-01-27,3,-0.3333333333333333,1.0,0.3333333333333333,0.0,0.6666666666666666,739,7,0.5793801642856949,0.9472259810554804,1.3862943611198906
AMC,2022-01-28,5,-0.4,0.8,0.2,0.2,0.6,1311,20,0.8649735207179272,1.5255530129672006,1.791759469228055
AMC,2022-01-31,4,-0.5,1.0,0.25,0.0,0.75,1008,11,0.5118595071429147,1.0912698412698412,1.6094379124341003
AMC,2022-02-01,1,-1.0,1.0,0.0,0.0,1.0,278,0,0.0,0.0,0.6931471805599453
AMC,2022-02-02,6,-0.16666666666666666,0.8333333333333334,0.3333333333333333,0.16666666666666666,0.5,1488,20,0.920619835714305,1.3440860215053763,1.9459101490553132
AMC,2022-02-03,2,0.0,1.0,0.5,0.0,0.5,528,5,0.6309297535714574,0.946969696969697,1.0986122886681096
AMC,2022-02-04,4,0.75,0.75,0.75,0.25,0.0,979,9,0.5118595071429147,0.9193054136874361,1.6094379124341003
AMC,2022-02-07,4,0.0,0.5,0.25,0.5,0.25,925,17,0.946394630357186,1.837837837837838,1.6094379124341003
AMC,2022-02-08,2,-1.0,1.0,0.0,0.0,1.0,527,9,0.0,1.7077798861480076,1.0986122886681096
AMC,2022-02-09,3,1.0,1.0,1.0,0.0,0.0,770,5,0.0,0.6493506493506493,1.3862943611198906
AMC,2022-02-10,3,0.6666666666666666,0.6666666666666666,0.6666666666666666,0.3333333333333333,0.0,750,2,0.5793801642856949,0.26666666666666666,1.3862943611198906
AMC,2022-02-11,2,-1.0,1.0,0.0,0.0,1.0,498,5,0.0,1.0040160642570282,1.0986122886681096
AMC,2022-02-14,5,0.0,0.8,0.4,0.2,0.4,1244,10,0.9602297178607612,0.8038585209003215,1.791759469228055
AMC,2022-02-15,2,0.0,1.0,0.5,0.0,0.5,510,2,0.6309297535714574,0.39215686274509803,1.0986122886681096
AMC,2022-02-16,2,1.0,1.0,1.0,0.0,0.0,497,6,0.0,1.2072434607645874,1.0986122886681096
AMC,2022-02-17,3,1.0,1.0,1.0,0.0,0.0,753,9,0.0,1.1952191235059761,1.3862943611198906
AMC,2022-02-18,1,0.0,0.0,0.0,1.0,0.0,257,0,0.0,0.0,0.6931471805599453
AMC,2022-02-23,3,0.6666666666666666,0.6666666666666666,0.6666666666666666,0.3333333333333333,0.0,728,12,0.5793801642856949,1.6483516483516483,1.3862943611198906
AMC,2022-02-24,2,1.0,1.0,1.0,0.0,0.0,508,10,0.0,1.968503937007874,1.0986122886681096
AMC,2022-02-25,3,0.0,0.6666666666666666,0.3333333333333333,0.3333333333333333,0.3333333333333333,745,7,0.9999999999999998,0.9395973154362416,1.3862943611198906
AMC,2022-02-28,2,0.5,0.5,0.5,0.5,0.0,489,6,0.6309297535714574,1.2269938650306749,1.0986122886681096
AMC,2022-03-01,3,0.3333333333333333,1.0,0.6666666666666666,0.0,0.3333333333333333,739,9,0.5793801642856949,1.2178619756427604,1.3862943611198906
AMC,2022-03-02,7,-0.42857142857142855,0.7142857142857143,0.14285714285714285,0.2857142857142857,0.5714285714285714,1682,20,0.8699155297736259,1.1890606420927468,2.0794415416798357
AMC,2022-03-03,4,0.0,1.0,0.5,0.0,0.5,993,8,0.6309297535714574,0.8056394763343404,1.6094379124341003
AMC,2022-03-04,2,-0.5,0.5,0.0,0.5,0.5,500,9,0.6309297535714574,1.8,1.0986122886681096
AMC,2022-03-07,2,0.0,1.0,0.5,0.0,0.5,513,14,0.6309297535714574,2.729044834307992,1.0986122886681096
AMC,2022-03-08,2,0.0,1.0,0.5,0.0,0.5,540,4,0.6309297535714574,0.7407407407407407,1.0986122886681096
AMC,2022-03-09,2,-1.0,1.0,0.0,0.0,1.0,511,8,0.0,1.5655577299412915,1.0986122886681096
AMC,2022-03-10,3,0.3333333333333333,1.0,0.6666666666666666,0.0,0.3333333333333333,778,12,0.5793801642856949,1.5424164524421593,1.3862943611198906
AMC,2022-03-11,2,0.0,1.0,0.5,0.0,0.5,502,4,0.6309297535714574,0.796812749003984,1.0986122886681096
AMC,2022-03-14,4,0.25,0.75,0.5,0.25,0.25,956,8,0.946394630357186,0.8368200836820083,1.6094379124341003
AMC,2022-03-15,2,0.0,1.0,0.5,0.0,0.5,504,7,0.6309297535714574,1.3888888888888888,1.0986122886681096
AMC,2022-03-16,6,0.0,1.0,0.5,0.0,0.5,1529,17,0.6309297535714574,1.1118378024852844,1.9459101490553132
AMC,2022-03-17,4,-0.25,0.75,0.25,0.25,0.5,1066,12,0.946394630357186,1.125703564727955,1.6094379124341003
AMC,2022-03-18,2,-0.5,0.5,0.0,0.5,0.5,485,6,0.6309297535714574,1.2371134020618557,1.0986122886681096
AMC,2022-03-21,5,0.2,1.0,0.6,0.0,0.4,1283,15,0.6126016192893442,1.1691348402182384,1.791759469228055
AMC,2022-03-22,5,0.4,0.8,0.6,0.2,0.2,1244,16,0.8649735207179272,1.2861736334405145,1.791759469228055
AMC,2022-03-23,1,1.0,1.0,1.0,0.0,0.0,251,7,0.0,2.7888446215139444,0.6931471805599453
AMC,2022-03-24,7,0.5714285714285714,0.8571428571428571,0.7142857142857143,0.14285714285714285,0.14285714285714285,1790,24,0.72483409150576,1.3407821229050279,2.0794415416798357
AMC,2022-03-25,3,0.0,0.6666666666666666,0.3333333333333333,0.3333333333333333,0.3333333333333333,768,13,0.9999999999999998,1.6927083333333333,1.3862943611198906
AMC,2022-03-28,4,0.25,0.75,0.5,0.25,0.25,1012,12,0.946394630357186,1.1857707509881423,1.6094379124341003
AMC,2022-03-29,6,1.0,1.0,1.0,0.0,0.0,1554,14,0.0,0.9009009009009009,1.9459101490553132
AMC,2022-03-30,5,0.4,0.4,0.4,0.6,0.0,1091,13,0.6126016192893442,1.1915673693858846,1.791759469228055
AMC,2022-03-31,5,0.6,1.0,0.8,0.0,0.2,1271,17,0.4554859150035952,1.3375295043273014,1.791759469228055
AMC,2022-04-01,3,0.6666666666666666,0.6666666666666666,0.6666666666666666,0.3333333333333333,0.0,783,10,0.5793801642856949,1.277139208173691,1.3862943611198906
AMC,2022-04-04,7,0.7142857142857143,0.7142857142857143,0.7142857142857143,0.2857142857142857,0.0,1774,20,0.5445684476282007,1.1273957158962795,2.0794415416798357
AMC,2022-04-05,2,1.0,1.0,1.0,0.0,0.0,498,3,0.0,0.6024096385542169,1.0986122886681096
AMC,2022-04-06,2,0.5,0.5,0.5,0.5,0.0,519,10,0.6309297535714574,1.9267822736030829,1.0986122886681096
AMC,2022-04-07,6,0.6666666666666666,1.0,0.8333333333333334,0.0,0.16666666666666666,1538,30,0.41011848630651804,1.9505851755526658,1.9459101490553132
AMC,2022-04-08,3,0.3333333333333333,1.0,0.6666666666666666,0.0,0.3333333333333333,772,8,0.5793801642856949,1.0362694300518134,1.3862943611198906
AMC,2022-04-11,2,0.0,1.0,0.5,0.0,0.5,514,14,0.6309297535714574,2.7237354085603114,1.0986122886681096
AMC,2022-04-13,1,1.0,1.0,1.0,0.0,0.0,251,4,0.0,1.593625498007968,0.6931471805599453
AMC,2022-04-14,1,-1.0,1.0,0.0,0.0,1.0,259,3,0.0,1.1583011583011582,0.6931471805599453
AMC,2022-04-18,2,0.5,0.5,0.5,0.5,0.0,524,4,0.6309297535714574,0.7633587786259542,1.0986122886681096
AMC,2022-04-19,3,-0.3333333333333333,1.0,0.3333333333333333,0.0,0.6666666666666666,763,8,0.5793801642856949,1.0484927916120577,1.3862943611198906
AMC,2022-04-21,1,1.0,1.0,1.0,0.0,0.0,273,4,0.0,1.465201465201465,0.6931471805599453
AMC,2022-04-22,2,0.0,1.0,0.5,0.0,0.5,519,4,0.6309297535714574,0.7707129094412332,1.0986122886681096
AMC,2022-04-25,3,-0.3333333333333333,0.3333333333333333,0.0,0.6666666666666666,0.3333333333333333,700,8,0.5793801642856949,1.1428571428571428,1.3862943611198906
AMC,2022-04-26,2,0.0,1.0,0.5,0.0,0.5,549,6,0.6309297535714574,1.092896174863388,1.0986122886681096
AMC,2022-04-27,1,-1.0,1.0,0.0,0.0,1.0,259,6,0.0,2.3166023166023164,0.6931471805599453
AMC,2022-04-28,1,-1.0,1.0,0.0,0.0,1.0,271,0,0.0,0.0,0.6931471805599453
AMC,2022-04-29,5,-0.6,0.6,0.0,0.4,0.6,1230,11,0.6126016192893442,0.8943089430894309,1.791759469228055
AMC,2022-05-04,5,0.0,0.8,0.4,0.2,0.4,1264,17,0.9602297178607612,1.3449367088607596,1.791759469228055
AMC,2022-05-05,2,-0.5,0.5,0.0,0.5,0.5,505,3,0.6309297535714574,0.594059405940594,1.0986122886681096
AMC,2022-05-06,5,-0.2,1.0,0.4,0.0,0.6,1257,19,0.6126016192893442,1.511535401750199,1.791759469228055
AMC,2022-05-09,1,-1.0,1.0,0.0,0.0,1.0,256,0,0.0,0.0,0.6931471805599453
AMC,2022-05-10,6,-0.5,0.8333333333333334,0.16666666666666666,0.16666666666666666,0.6666666666666666,1395,14,0.7896900821428474,1.003584229390681,1.9459101490553132
AMC,2022-05-11,3,0.3333333333333333,1.0,0.6666666666666666,0.0,0.3333333333333333,729,16,0.5793801642856949,2.1947873799725652,1.3862943611198906
AMC,2022-05-12,3,0.3333333333333333,1.0,0.6666666666666666,0.0,0.3333333333333333,762,7,0.5793801642856949,0.9186351706036745,1.3862943611198906
AMC,2022-05-13,3,-1.0,1.0,0.0,0.0,1.0,758,11,0.0,1.4511873350923483,1.3862943611198906
AMC,2022-05-16,3,0.3333333333333333,1.0,0.6666666666666666,0.0,0.3333333333333333,765,5,0.5793801642856949,0.6535947712418301,1.3862943611198906
AMC,2022-05-17,2,0.0,1.0,0.5,0.0,0.5,506,4,0.6309297535714574,0.7905138339920948,1.0986122886681096
AMC,2022-05-19,1,0.0,0.0,0.0,1.0,0.0,258,2,0.0,0.7751937984496124,0.6931471805599453
AMC,2022-05-20,2,-1.0,1.0,0.0,0.0,1.0,521,5,0.0,0.9596928982725528,1.0986122886681096
AMC,2022-05-23,1,0.0,0.0,0.0,1.0,0.0,263,6,0.0,2.2813688212927756,0.6931471805599453
AMC,2022-05-24,1,1.0,1.0,1.0,0.0,0.0,265,4,0.0,1.509433962264151,0.6931471805599453
AMC,2022-05-25,3,-0.3333333333333333,1.0,0.3333333333333333,0.0,0.6666666666666666,759,12,0.5793801642856949,1.5810276679841897,1.3862943611198906
AMC,2022-05-26,5,0.4,0.8,0.6,0.2,0.2,1260,28,0.8649735207179272,2.2222222222222223,1.791759469228055
AMC,2022-05-27,3,1.0,1.0,1.0,0.0,0.0,764,10,0.0,1.3089005235602094,1.3862943611198906
AMC,2022-05-31,2,0.5,0.5,0.5,0.5,0.0,521,6,0.6309297535714574,1.1516314779270633,1.0986122886681096
AMC,2022-06-01,2,0.0,1.0,0.5,0.0,0.5,518,4,0.6309297535714574,0.7722007722007722,1.0986122886681096
AMC,2022-06-02,4,0.25,0.75,0.5,0.25,0.25,1025,10,0.946394630357186,0.975609756097561,1.6094379124341003
AMC,2022-06-03,2,0.0,1.0,0.5,0.0,0.5,489,5,0.6309297535714574,1.0224948875255624,1.0986122886681096
AMC,2022-06-06,3,0.0,0.6666666666666666,0.3333333333333333,0.3333333333333333,0.3333333333333333,767,5,0.9999999999999998,0.651890482398957,1.3862943611198906
AMC,2022-06-07,2,1.0,1.0,1.0,0.0,0.0,523,7,0.0,1.338432122370937,1.0986122886681096
AMC,2022-06-08,3,-1.0,1.0,0.0,0.0,1.0,760,8,0.0,1.0526315789473684,1.3862943611198906
AMC,2022-06-09,1,-1.0,1.0,0.0,0.0,1.0,249,4,0.0,1.606425702811245,0.6931471805599453
AMC,2022-06-13,1,1.0,1.0,1.0,0.0,0.0,261,2,0.0,0.7662835249042146,0.6931471805599453
AMC,2022-06-14,1,-1.0,1.0,0.0,0.0,1.0,261,1,0.0,0.3831417624521073,0.6931471805599453
AMC,2022-06-15,2,0.0,1.0,0.5,0.0,0.5,534,3,0.6309297535714574,0.5617977528089888,1.0986122886681096
AMC,2022-06-16,2,-0.5,0.5,0.0,0.5,0.5,467,6,0.6309297535714574,1.284796573875803,1.0986122886681096
AMC,2022-06-17,1,-1.0,1.0,0.0,0.0,1.0,261,2,0.0,0.7662835249042146,0.6931471805599453
AMC,2022-06-21,3,0.3333333333333333,1.0,0.6666666666666666,0.0,0.3333333333333333,744,3,0.5793801642856949,0.4032258064516129,1.3862943611198906
AMC,2022-06-22,5,0.6,1.0,0.8,0.0,0.2,1267,7,0.4554859150035952,0.5524861878453039,1.791759469228055
AMC,2022-06-23,1,-1.0,1.0,0.0,0.0,1.0,257,2,0.0,0.7782101167315175,0.6931471805599453
AMC,2022-06-24,1,0.0,0.0,0.0,1.0,0.0,206,7,0.0,3.3980582524271843,0.6931471805599453
AMC,2022-06-27,2,0.0,1.0,0.5,0.0,0.5,520,1,0.6309297535714574,0.19230769230769232,1.0986122886681096
AMC,2022-06-28,1,1.0,1.0,1.0,0.0,0.0,246,1,0.0,0.4065040650406504,0.6931471805599453
AMC,2022-06-29,1,-1.0,1.0,0.0,0.0,1.0,257,2,0.0,0.7782101167315175,0.6931471805599453
AMC,2022-06-30,1,-1.0,1.0,0.0,0.0,1.0,268,5,0.0,1.8656716417910448,0.6931471805599453
AMC,2022-07-01,2,0.0,1.0,0.5,0.0,0.5,488,6,0.6309297535714574,1.2295081967213115,1.0986122886681096
AMC,2022-07-05,1,1.0,1.0,1.0,0.0,0.0,265,5,0.0,1.8867924528301887,0.6931471805599453
AMC,2022-07-06,2,0.0,1.0,0.5,0.0,0.5,515,5,0.6309297535714574,0.970873786407767,1.0986122886681096
AMC,2022-07-07,1,-1.0,1.0,0.0,0.0,1.0,267,1,0.0,0.37453183520599254,0.6931471805599453
AMC,2022-07-08,1,0.0,0.0,0.0,1.0,0.0,269,2,0.0,0.7434944237918215,0.6931471805599453
AMC,2022-07-11,3,0.0,0.6666666666666666,0.3333333333333333,0.3333333333333333,0.3333333333333333,751,6,0.9999999999999998,0.7989347536617842,1.3862943611198906
AMC,2022-07-12,2,1.0,1.0,1.0,0.0,0.0,507,5,0.0,0.9861932938856016,1.0986122886681096
AMC,2022-07-13,2,0.5,0.5,0.5,0.5,0.0,519,8,0.6309297535714574,1.5414258188824663,1.0986122886681096
AMC,2022-07-15,2,0.0,1.0,0.5,0.0,0.5,494,4,0.6309297535714574,0.8097165991902834,1.0986122886681096
AMC,2022-07-19,2,1.0,1.0,1.0,0.0,0.0,513,7,0.0,1.364522417153996,1.0986122886681096
AMC,2022-07-20,3,0.0,0.6666666666666666,0.3333333333333333,0.3333333333333333,0.3333333333333333,576,12,0.9999999999999998,2.0833333333333335,1.3862943611198906
AMC,2022-07-21,1,1.0,1.0,1.0,0.0,0.0,256,0,0.0,0.0,0.6931471805599453
AMC,2022-07-22,1,0.0,0.0,0.0,1.0,0.0,260,2,0.0,0.7692307692307693,0.6931471805599453
AMC,2022-07-25,1,-1.0,1.0,0.0,0.0,1.0,264,5,0.0,1.893939393939394,0.6931471805599453
AMC,2022-07-26,1,1.0,1.0,1.0,0.0,0.0,250,3,0.0,1.2,0.6931471805599453
AMC,2022-07-27,1,-1.0,1.0,0.0,0.0,1.0,263,2,0.0,0.7604562737642585,0.6931471805599453
AMC,2022-07-29,3,-0.3333333333333333,1.0,0.3333333333333333,0.0,0.6666666666666666,731,8,0.5793801642856949,1.094391244870041,1.3862943611198906
AMC,2022-08-03,1,1.0,1.0,1.0,0.0,0.0,238,0,0.0,0.0,0.6931471805599453
AMC,2022-08-05,3,-0.3333333333333333,1.0,0.3333333333333333,0.0,0.6666666666666666,559,1,0.5793801642856949,0.17889087656529518,1.3862943611198906
AMC,2022-08-08,3,0.3333333333333333,0.3333333333333333,0.3333333333333333,0.6666666666666666,0.0,633,6,0.5793801642856949,0.9478672985781991,1.3862943611198906
AMC,2022-08-09,1,1.0,1.0,1.0,0.0,0.0,266,1,0.0,0.37593984962406013,0.6931471805599453
AMC,2022-08-10,2,-0.5,0.5,0.0,0.5,0.5,472,7,0.6309297535714574,1.4830508474576272,1.0986122886681096
AMC,2022-08-11,2,1.0,1.0,1.0,0.0,0.0,501,2,0.0,0.3992015968063872,1.0986122886681096
AMC,2022-08-12,2,-1.0,1.0,0.0,0.0,1.0,518,6,0.0,1.1583011583011582,1.0986122886681096
AMC,2022-08-15,2,1.0,1.0,1.0,0.0,0.0,490,9,0.0,1.836734693877551,1.0986122886681096
AMC,2022-08-16,3,-0.3333333333333333,1.0,0.3333333333333333,0.0,0.6666666666666666,766,9,0.5793801642856949,1.174934725848564,1.3862943611198906
AMC,2022-08-17,3,0.0,0.6666666666666666,0.3333333333333333,0.3333333333333333,0.3333333333333333,801,9,0.9999999999999998,1.1235955056179776,1.3862943611198906
AMC,2022-08-18,1,-1.0,1.0,0.0,0.0,1.0,258,3,0.0,1.1627906976744187,0.6931471805599453
AMC,2022-08-19,3,0.3333333333333333,1.0,0.6666666666666666,0.0,0.3333333333333333,774,13,0.5793801642856949,1.6795865633074936,1.3862943611198906
AMC,2022-08-22,1,1.0,1.0,1.0,0.0,0.0,251,1,0.0,0.398406374501992,0.6931471805599453
AMC,2022-08-23,8,-0.625,0.875,0.125,0.125,0.75,2051,19,0.6695919455357792,0.9263773768893223,2.1972245773362196
AMC,2022-08-24,6,0.0,1.0,0.5,0.0,0.5,1508,15,0.6309297535714574,0.9946949602122016,1.9459101490553132
AMC,2022-08-25,3,-1.0,1.0,0.0,0.0,1.0,749,4,0.0,0.5340453938584779,1.3862943611198906
AMC,2022-08-26,2,-0.5,0.5,0.0,0.5,0.5,517,3,0.6309297535714574,0.5802707930367504,1.0986122886681096
AMC,2022-08-29,4,0.0,1.0,0.5,0.0,0.5,1064,8,0.6309297535714574,0.7518796992481203,1.6094379124341003
AMC,2022-08-30,2,-0.5,0.5,0.0,0.5,0.5,523,1,0.6309297535714574,0.19120458891013384,1.0986122886681096
AMC,2022-08-31,1,-1.0,1.0,0.0,0.0,1.0,248,2,0.0,0.8064516129032258,0.6931471805599453
AMC,2022-09-01,3,0.3333333333333333,1.0,0.6666666666666666,0.0,0.3333333333333333,785,13,0.5793801642856949,1.6560509554140128,1.3862943611198906
AMC,2022-09-02,1,-1.0,1.0,0.0,0.0,1.0,247,4,0.0,1.6194331983805668,0.6931471805599453
AMC,2022-09-06,2,-0.5,0.5,0.0,0.5,0.5,533,8,0.6309297535714574,1.5009380863039399,1.0986122886681096
AMC,2022-09-07,3,-0.3333333333333333,1.0,0.3333333333333333,0.0,0.6666666666666666,779,7,0.5793801642856949,0.8985879332477535,1.3862943611198906
AMC,2022-09-09,2,-0.5,0.5,0.0,0.5,0.5,513,3,0.6309297535714574,0.5847953216374269,1.0986122886681096
AMC,2022-09-12,2,0.5,0.5,0.5,0.5,0.0,468,7,0.6309297535714574,1.4957264957264957,1.0986122886681096
AMC,2022-09-13,3,0.3333333333333333,1.0,0.6666666666666666,0.0,0.3333333333333333,782,12,0.5793801642856949,1.5345268542199488,1.3862943611198906
AMC,2022-09-15,2,1.0,1.0,1.0,0.0,0.0,502,8,0.0,1.593625498007968,1.0986122886681096
AMC,2022-09-16,1,0.0,0.0,0.0,1.0,0.0,252,3,0.0,1.1904761904761905,0.6931471805599453
AMC,2022-09-19,1,-1.0,1.0,0.0,0.0,1.0,235,2,0.0,0.851063829787234,0.6931471805599453
AMC,2022-09-28,1,0.0,0.0,0.0,1.0,0.0,246,0,0.0,0.0,0.6931471805599453
AMC,2022-09-30,1,-1.0,1.0,0.0,0.0,1.0,255,2,0.0,0.7843137254901961,0.6931471805599453
AMC,2022-10-03,3,-0.6666666666666666,0.6666666666666666,0.0,0.3333333333333333,0.6666666666666666,716,9,0.5793801642856949,1.2569832402234637,1.3862943611198906
AMC,2022-10-04,2,0.0,1.0,0.5,0.0,0.5,529,6,0.6309297535714574,1.1342155009451795,1.0986122886681096
AMC,2022-10-06,1,-1.0,1.0,0.0,0.0,1.0,251,2,0.0,0.796812749003984,0.6931471805599453
AMC,2022-10-07,2,-1.0,1.0,0.0,0.0,1.0,508,6,0.0,1.1811023622047243,1.0986122886681096
AMC,2022-10-10,2,0.0,1.0,0.5,0.0,0.5,532,8,0.6309297535714574,1.5037593984962405,1.0986122886681096
AMC,2022-10-12,2,0.0,0.0,0.0,1.0,0.0,508,5,0.0,0.984251968503937,1.0986122886681096
AMC,2022-10-14,4,-0.75,0.75,0.0,0.25,0.75,1023,16,0.5118595071429147,1.5640273704789833,1.6094379124341003
AMC,2022-10-17,2,-1.0,1.0,0.0,0.0,1.0,486,6,0.0,1.2345679012345678,1.0986122886681096
AMC,2022-10-18,2,-1.0,1.0,0.0,0.0,1.0,438,1,0.0,0.228310502283105,1.0986122886681096
AMC,2022-10-19,2,0.5,0.5,0.5,0.5,0.0,455,8,0.6309297535714574,1.7582417582417582,1.0986122886681096
AMC,2022-10-21,2,0.0,1.0,0.5,0.0,0.5,544,1,0.6309297535714574,0.18382352941176472,1.0986122886681096
AMC,2022-10-26,1,0.0,0.0,0.0,1.0,0.0,265,7,0.0,2.641509433962264,0.6931471805599453
AMC,2022-10-27,2,0.5,0.5,0.5,0.5,0.0,448,7,0.6309297535714574,1.5625,1.0986122886681096
AMC,2022-10-28,3,-0.6666666666666666,0.6666666666666666,0.0,0.3333333333333333,0.6666666666666666,686,5,0.5793801642856949,0.7288629737609329,1.3862943611198906
AMC,2022-10-31,2,-1.0,1.0,0.0,0.0,1.0,461,6,0.0,1.3015184381778742,1.0986122886681096
AMC,2022-11-01,1,-1.0,1.0,0.0,0.0,1.0,256,2,0.0,0.78125,0.6931471805599453
AMC,2022-11-02,3,-0.3333333333333333,1.0,0.3333333333333333,0.0,0.6666666666666666,689,8,0.5793801642856949,1.1611030478955007,1.3862943611198906
AMC,2022-11-03,5,-0.8,0.8,0.0,0.2,0.8,1098,4,0.4554859150035952,0.36429872495446264,1.791759469228055
AMC,2022-11-04,3,-0.6666666666666666,0.6666666666666666,0.0,0.3333333333333333,0.6666666666666666,748,2,0.5793801642856949,0.26737967914438504,1.3862943611198906
AMC,2022-11-07,2,-1.0,1.0,0.0,0.0,1.0,440,0,0.0,0.0,1.0986122886681096
AMC,2022-11-08,2,0.0,1.0,0.5,0.0,0.5,493,2,0.6309297535714574,0.4056795131845842,1.0986122886681096
AMC,2022-11-09,4,0.5,1.0,0.75,0.0,0.25,824,8,0.5118595071429147,0.970873786407767,1.6094379124341003
AMC,2022-11-14,1,0.0,0.0,0.0,1.0,0.0,204,7,0.0,3.4313725490196076,0.6931471805599453
AMC,2022-11-21,1,-1.0,1.0,0.0,0.0,1.0,247,4,0.0,1.6194331983805668,0.6931471805599453
AMC,2022-11-22,2,0.5,0.5,0.5,0.5,0.0,487,7,0.6309297535714574,1.4373716632443532,1.0986122886681096
AMC,2022-12-06,2,0.5,0.5,0.5,0.5,0.0,515,0,0.6309297535714574,0.0,1.0986122886681096
AMC,2022-12-07,2,1.0,1.0,1.0,0.0,0.0,530,5,0.0,0.9433962264150944,1.0986122886681096
AMC,2022-12-08,2,0.5,0.5,0.5,0.5,0.0,460,9,0.6309297535714574,1.9565217391304348,1.0986122886681096
AMC,2022-12-09,1,-1.0,1.0,0.0,0.0,1.0,242,4,0.0,1.6528925619834711,0.6931471805599453
AMC,2022-12-13,1,-1.0,1.0,0.0,0.0,1.0,240,4,0.0,1.6666666666666667,0.6931471805599453
AMC,2022-12-14,1,1.0,1.0,1.0,0.0,0.0,263,0,0.0,0.0,0.6931471805599453
AMC,2022-12-15,1,1.0,1.0,1.0,0.0,0.0,190,0,0.0,0.0,0.6931471805599453
AMC,2022-12-16,1,0.0,0.0,0.0,1.0,0.0,216,4,0.0,1.8518518518518519,0.6931471805599453
AMC,2022-12-20,1,-1.0,1.0,0.0,0.0,1.0,243,0,0.0,0.0,0.6931471805599453
AMC,2022-12-21,1,-1.0,1.0,0.0,0.0,1.0,258,4,0.0,1.550387596899225,0.6931471805599453
AMC,2022-12-22,2,-1.0,1.0,0.0,0.0,1.0,264,0,0.0,0.0,1.0986122886681096
AMC,2022-12-23,3,1.0,1.0,1.0,0.0,0.0,517,6,0.0,1.1605415860735009,1.3862943611198906
AMC,2022-12-27,3,0.0,0.6666666666666666,0.3333333333333333,0.3333333333333333,0.3333333333333333,681,10,0.9999999999999998,1.4684287812041117,1.3862943611198906
AMC,2022-12-28,1,-1.0,1.0,0.0,0.0,1.0,229,0,0.0,0.0,0.6931471805599453
AMC,2022-12-30,3,-1.0,1.0,0.0,0.0,1.0,756,6,0.0,0.7936507936507936,1.3862943611198906
AMC,2023-01-03,3,-0.3333333333333333,1.0,0.3333333333333333,0.0,0.6666666666666666,683,3,0.5793801642856949,0.43923865300146414,1.3862943611198906
AMC,2023-01-04,2,-0.5,0.5,0.0,0.5,0.5,335,6,0.6309297535714574,1.791044776119403,1.0986122886681096
AMC,2023-01-05,1,-1.0,1.0,0.0,0.0,1.0,219,0,0.0,0.0,0.6931471805599453
AMC,2023-01-06,1,1.0,1.0,1.0,0.0,0.0,248,4,0.0,1.6129032258064515,0.6931471805599453
AMC,2023-01-10,1,-1.0,1.0,0.0,0.0,1.0,250,3,0.0,1.2,0.6931471805599453
AMC,2023-01-13,2,0.0,1.0,0.5,0.0,0.5,488,8,0.6309297535714574,1.639344262295082,1.0986122886681096
AMC,2023-01-17,3,0.3333333333333333,1.0,0.6666666666666666,0.0,0.3333333333333333,764,8,0.5793801642856949,1.0471204188481675,1.3862943611198906
AMC,2023-01-20,1,0.0,0.0,0.0,1.0,0.0,205,6,0.0,2.926829268292683,0.6931471805599453
AMC,2023-01-23,1,1.0,1.0,1.0,0.0,0.0,244,1,0.0,0.4098360655737705,0.6931471805599453
AMC,2023-01-24,2,0.0,1.0,0.5,0.0,0.5,487,3,0.6309297535714574,0.6160164271047228,1.0986122886681096
AMC,2023-01-25,1,1.0,1.0,1.0,0.0,0.0,250,4,0.0,1.6,0.6931471805599453
AMC,2023-01-27,2,-0.5,0.5,0.0,0.5,0.5,513,9,0.6309297535714574,1.7543859649122806,1.0986122886681096
AMC,2023-01-30,1,0.0,0.0,0.0,1.0,0.0,211,5,0.0,2.3696682464454977,0.6931471805599453
AMC,2023-01-31,1,-1.0,1.0,0.0,0.0,1.0,260,0,0.0,0.0,0.6931471805599453
AMC,2023-02-02,1,0.0,0.0,0.0,1.0,0.0,256,2,0.0,0.78125,0.6931471805599453
AMC,2023-02-06,1,1.0,1.0,1.0,0.0,0.0,245,0,0.0,0.0,0.6931471805599453
AMC,2023-02-07,3,-0.3333333333333333,0.3333333333333333,0.0,0.6666666666666666,0.3333333333333333,724,9,0.5793801642856949,1.2430939226519337,1.3862943611198906
AMC,2023-02-08,2,0.5,0.5,0.5,0.5,0.0,516,11,0.6309297535714574,2.131782945736434,1.0986122886681096
AMC,2023-02-09,2,-1.0,1.0,0.0,0.0,1.0,524,2,0.0,0.3816793893129771,1.0986122886681096
AMC,2023-02-15,2,0.5,0.5,0.5,0.5,0.0,448,6,0.6309297535714574,1.3392857142857142,1.0986122886681096
AMC,2023-02-16,2,0.0,1.0,0.5,0.0,0.5,479,1,0.6309297535714574,0.20876826722338204,1.0986122886681096
AMC,2023-02-17,1,1.0,1.0,1.0,0.0,0.0,248,1,0.0,0.4032258064516129,0.6931471805599453
AMC,2023-02-22,8,0.0,1.0,0.5,0.0,0.5,2051,35,0.6309297535714574,1.7064846416382253,2.1972245773362196
AMC,2023-02-23,1,0.0,0.0,0.0,1.0,0.0,209,6,0.0,2.8708133971291865,0.6931471805599453
AMC,2023-02-24,4,0.0,1.0,0.5,0.0,0.5,983,12,0.6309297535714574,1.2207527975584944,1.6094379124341003
AMC,2023-02-28,5,0.2,1.0,0.6,0.0,0.4,1230,8,0.6126016192893442,0.6504065040650406,1.791759469228055
AMC,2023-03-01,6,-0.3333333333333333,1.0,0.3333333333333333,0.0,0.6666666666666666,1428,13,0.5793801642856949,0.9103641456582633,1.9459101490553132
AMC,2023-03-02,2,-1.0,1.0,0.0,0.0,1.0,501,1,0.0,0.1996007984031936,1.0986122886681096
AMC,2023-03-03,1,-1.0,1.0,0.0,0.0,1.0,254,6,0.0,2.3622047244094486,0.6931471805599453
AMC,2023-03-06,1,1.0,1.0,1.0,0.0,0.0,243,3,0.0,1.2345679012345678,0.6931471805599453
AMC,2023-03-07,1,1.0,1.0,1.0,0.0,0.0,263,5,0.0,1.9011406844106464,0.6931471805599453
AMC,2023-03-10,2,-1.0,1.0,0.0,0.0,1.0,496,4,0.0,0.8064516129032258,1.0986122886681096
AMC,2023-03-13,1,0.0,0.0,0.0,1.0,0.0,207,6,0.0,2.898550724637681,0.6931471805599453
AMC,2023-03-15,2,-1.0,1.0,0.0,0.0,1.0,502,2,0.0,0.398406374501992,1.0986122886681096
AMC,2023-03-16,2,-1.0,1.0,0.0,0.0,1.0,509,3,0.0,0.5893909626719057,1.0986122886681096
AMC,2023-03-20,1,-1.0,1.0,0.0,0.0,1.0,258,5,0.0,1.937984496124031,0.6931471805599453
AMC,2023-03-21,1,-1.0,1.0,0.0,0.0,1.0,247,5,0.0,2.0242914979757085,0.6931471805599453
AMC,2023-03-22,1,0.0,0.0,0.0,1.0,0.0,213,4,0.0,1.8779342723004695,0.6931471805599453
AMC,2023-03-23,1,-1.0,1.0,0.0,0.0,1.0,237,2,0.0,0.8438818565400844,0.6931471805599453
AMC,2023-03-24,2,0.0,1.0,0.5,0.0,0.5,520,8,0.6309297535714574,1.5384615384615385,1.0986122886681096
AMC,2023-03-27,2,0.5,0.5,0.5,0.5,0.0,490,11,0.6309297535714574,2.2448979591836733,1.0986122886681096
AMC,2023-03-29,3,0.3333333333333333,1.0,0.6666666666666666,0.0,0.3333333333333333,731,5,0.5793801642856949,0.6839945280437757,1.3862943611198906
AMC,2023-03-30,4,0.0,1.0,0.5,0.0,0.5,978,20,0.6309297535714574,2.044989775051125,1.6094379124341003
AMC,2023-03-31,3,0.0,0.6666666666666666,0.3333333333333333,0.3333333333333333,0.3333333333333333,731,8,0.9999999999999998,1.094391244870041,1.3862943611198906
AMC,2023-04-03,1,1.0,1.0,1.0,0.0,0.0,237,0,0.0,0.0,0.6931471805599453
AMC,2023-04-05,3,-1.0,1.0,0.0,0.0,1.0,746,9,0.0,1.2064343163538873,1.3862943611198906
AMC,2023-04-06,1,-1.0,1.0,0.0,0.0,1.0,241,1,0.0,0.4149377593360996,0.6931471805599453
AMC,2023-04-10,4,-1.0,1.0,0.0,0.0,1.0,943,13,0.0,1.378579003181336,1.6094379124341003
AMC,2023-04-11,4,0.0,1.0,0.5,0.0,0.5,981,16,0.6309297535714574,1.6309887869520896,1.6094379124341003
AMC,2023-04-12,2,-1.0,1.0,0.0,0.0,1.0,477,10,0.0,2.0964360587002098,1.0986122886681096
AMC,2023-04-13,1,-1.0,1.0,0.0,0.0,1.0,239,5,0.0,2.092050209205021,0.6931471805599453
AMC,2023-04-14,4,-0.25,0.75,0.25,0.25,0.5,1006,17,0.946394630357186,1.6898608349900597,1.6094379124341003
AMC,2023-04-17,2,-0.5,0.5,0.0,0.5,0.5,453,11,0.6309297535714574,2.4282560706401766,1.0986122886681096
AMC,2023-04-18,1,-1.0,1.0,0.0,0.0,1.0,243,5,0.0,2.05761316872428,0.6931471805599453
AMC,2023-04-20,2,1.0,1.0,1.0,0.0,0.0,486,3,0.0,0.6172839506172839,1.0986122886681096
AMC,2023-04-21,1,-1.0,1.0,0.0,0.0,1.0,253,6,0.0,2.3715415019762847,0.6931471805599453
AMC,2023-04-25,1,-1.0,1.0,0.0,0.0,1.0,254,4,0.0,1.5748031496062993,0.6931471805599453
AMC,2023-04-26,2,-1.0,1.0,0.0,0.0,1.0,488,9,0.0,1.8442622950819672,1.0986122886681096
AMC,2023-04-27,1,1.0,1.0,1.0,0.0,0.0,251,4,0.0,1.593625498007968,0.6931471805599453
AMC,2023-04-28,1,0.0,0.0,0.0,1.0,0.0,246,0,0.0,0.0,0.6931471805599453
AMC,2023-05-01,1,0.0,0.0,0.0,1.0,0.0,248,7,0.0,2.8225806451612905,0.6931471805599453
AMC,2023-05-02,1,-1.0,1.0,0.0,0.0,1.0,251,9,0.0,3.585657370517928,0.6931471805599453
AMC,2023-05-03,1,0.0,0.0,0.0,1.0,0.0,215,5,0.0,2.3255813953488373,0.6931471805599453
AMC,2023-05-04,1,-1.0,1.0,0.0,0.0,1.0,244,5,0.0,2.0491803278688523,0.6931471805599453
AMC,2023-05-05,2,0.0,1.0,0.5,0.0,0.5,493,6,0.6309297535714574,1.2170385395537526,1.0986122886681096
AMC,2023-05-08,4,0.25,0.75,0.5,0.25,0.25,845,6,0.946394630357186,0.7100591715976331,1.6094379124341003
AMC,2023-05-09,3,-0.3333333333333333,0.3333333333333333,0.0,0.6666666666666666,0.3333333333333333,728,11,0.5793801642856949,1.510989010989011,1.3862943611198906
AMC,2023-05-11,1,0.0,0.0,0.0,1.0,0.0,264,4,0.0,1.5151515151515151,0.6931471805599453
AMC,2023-05-12,3,0.3333333333333333,1.0,0.6666666666666666,0.0,0.3333333333333333,758,13,0.5793801642856949,1.7150395778364116,1.3862943611198906
AMC,2023-05-15,1,0.0,0.0,0.0,1.0,0.0,246,0,0.0,0.0,0.6931471805599453
AMC,2023-05-19,2,-0.5,0.5,0.0,0.5,0.5,457,15,0.6309297535714574,3.2822757111597376,1.0986122886681096
AMC,2023-05-25,1,-1.0,1.0,0.0,0.0,1.0,257,4,0.0,1.556420233463035,0.6931471805599453
AMC,2023-05-26,2,-1.0,1.0,0.0,0.0,1.0,490,10,0.0,2.0408163265306123,1.0986122886681096
AMC,2023-05-30,1,0.0,0.0,0.0,1.0,0.0,210,8,0.0,3.8095238095238093,0.6931471805599453
AMC,2023-05-31,2,1.0,1.0,1.0,0.0,0.0,494,6,0.0,1.214574898785425,1.0986122886681096
AMC,2023-06-02,3,-0.3333333333333333,1.0,0.3333333333333333,0.0,0.6666666666666666,789,17,0.5793801642856949,2.1546261089987326,1.3862943611198906
AMC,2023-06-06,2,-0.5,0.5,0.0,0.5,0.5,457,10,0.6309297535714574,2.1881838074398248,1.0986122886681096
AMC,2023-06-09,2,-1.0,1.0,0.0,0.0,1.0,494,5,0.0,1.0121457489878543,1.0986122886681096
AMC,2023-06-12,2,0.5,0.5,0.5,0.5,0.0,485,3,0.6309297535714574,0.6185567010309279,1.0986122886681096
AMC,2023-06-14,1,0.0,0.0,0.0,1.0,0.0,209,6,0.0,2.8708133971291865,0.6931471805599453
AMC,2023-06-20,1,0.0,0.0,0.0,1.0,0.0,236,1,0.0,0.423728813559322,0.6931471805599453
AMC,2023-06-22,2,0.5,0.5,0.5,0.5,0.0,451,6,0.6309297535714574,1.3303769401330376,1.0986122886681096
AMC,2023-06-23,2,-1.0,1.0,0.0,0.0,1.0,496,8,0.0,1.6129032258064515,1.0986122886681096
AMC,2023-06-27,1,1.0,1.0,1.0,0.0,0.0,234,2,0.0,0.8547008547008547,0.6931471805599453
AMC,2023-06-30,3,-0.3333333333333333,1.0,0.3333333333333333,0.0,0.6666666666666666,762,6,0.5793801642856949,0.7874015748031497,1.3862943611198906
AMC,2023-07-05,3,0.3333333333333333,1.0,0.6666666666666666,0.0,0.3333333333333333,720,2,0.5793801642856949,0.2777777777777778,1.3862943611198906
AMC,2023-07-07,2,-0.5,0.5,0.0,0.5,0.5,507,6,0.6309297535714574,1.183431952662722,1.0986122886681096
AMC,2023-07-10,1,0.0,0.0,0.0,1.0,0.0,246,0,0.0,0.0,0.6931471805599453
AMC,2023-07-12,1,0.0,0.0,0.0,1.0,0.0,281,1,0.0,0.35587188612099646,0.6931471805599453
AMC,2023-07-13,1,-1.0,1.0,0.0,0.0,1.0,256,2,0.0,0.78125,0.6931471805599453
AMC,2023-07-14,1,-1.0,1.0,0.0,0.0,1.0,248,4,0.0,1.6129032258064515,0.6931471805599453
AMC,2023-07-18,2,-0.5,0.5,0.0,0.5,0.5,467,4,0.6309297535714574,0.8565310492505354,1.0986122886681096
AMC,2023-07-19,1,-1.0,1.0,0.0,0.0,1.0,245,4,0.0,1.6326530612244898,0.6931471805599453
AMC,2023-07-20,1,1.0,1.0,1.0,0.0,0.0,260,3,0.0,1.1538461538461537,0.6931471805599453
AMC,2023-07-21,1,0.0,0.0,0.0,1.0,0.0,238,1,0.0,0.42016806722689076,0.6931471805599453
AMC,2023-07-24,2,-1.0,1.0,0.0,0.0,1.0,464,3,0.0,0.646551724137931,1.0986122886681096
AMC,2023-07-25,9,-0.5555555555555556,1.0,0.2222222222222222,0.0,0.7777777777777778,2162,29,0.482159360969681,1.341350601295097,2.302585092994046
AMC,2023-07-26,4,0.5,0.5,0.5,0.5,0.0,963,10,0.6309297535714574,1.0384215991692627,1.6094379124341003
AMC,2023-07-27,1,1.0,1.0,1.0,0.0,0.0,238,2,0.0,0.8403361344537815,0.6931471805599453
AMC,2023-07-28,2,0.0,1.0,0.5,0.0,0.5,496,4,0.6309297535714574,0.8064516129032258,1.0986122886681096
AMC,2023-07-31,1,-1.0,1.0,0.0,0.0,1.0,269,2,0.0,0.7434944237918215,0.6931471805599453
AMC,2023-08-01,2,1.0,1.0,1.0,0.0,0.0,424,4,0.0,0.9433962264150944,1.0986122886681096
AMC,2023-08-03,1,0.0,0.0,0.0,1.0,0.0,212,5,0.0,2.358490566037736,0.6931471805599453
AMC,2023-08-04,2,-1.0,1.0,0.0,0.0,1.0,487,8,0.0,1.6427104722792607,1.0986122886681096
AMC,2023-08-07,1,0.0,0.0,0.0,1.0,0.0,246,0,0.0,0.0,0.6931471805599453
AMC,2023-08-08,2,1.0,1.0,1.0,0.0,0.0,493,2,0.0,0.4056795131845842,1.0986122886681096
AMC,2023-08-09,5,-0.2,1.0,0.4,0.0,0.6,1213,9,0.6126016192893442,0.7419620774938169,1.791759469228055
AMC,2023-08-14,3,-0.6666666666666666,0.6666666666666666,0.0,0.3333333333333333,0.6666666666666666,491,9,0.5793801642856949,1.8329938900203666,1.3862943611198906
AMC,2023-08-15,5,-1.0,1.0,0.0,0.0,1.0,1112,5,0.0,0.44964028776978415,1.791759469228055
AMC,2023-08-16,1,1.0,1.0,1.0,0.0,0.0,247,3,0.0,1.214574898785425,0.6931471805599453
AMC,2023-08-17,1,-1.0,1.0,0.0,0.0,1.0,232,1,0.0,0.43103448275862066,0.6931471805599453
AMC,2023-08-21,2,-0.5,0.5,0.0,0.5,0.5,442,6,0.6309297535714574,1.3574660633484164,1.0986122886681096
AMC,2023-08-22,2,-1.0,1.0,0.0,0.0,1.0,447,7,0.0,1.5659955257270695,1.0986122886681096
AMC,2023-08-25,1,0.0,0.0,0.0,1.0,0.0,227,1,0.0,0.44052863436123346,0.6931471805599453
AMC,2023-09-01,1,-1.0,1.0,0.0,0.0,1.0,237,1,0.0,0.4219409282700422,0.6931471805599453
AMC,2023-09-05,1,-1.0,1.0,0.0,0.0,1.0,230,1,0.0,0.43478260869565216,0.6931471805599453
AMC,2023-09-06,1,1.0,1.0,1.0,0.0,0.0,262,4,0.0,1.5267175572519085,0.6931471805599453
AMC,2023-09-07,1,-1.0,1.0,0.0,0.0,1.0,191,1,0.0,0.5235602094240838,0.6931471805599453
AMC,2023-09-13,1,1.0,1.0,1.0,0.0,0.0,259,2,0.0,0.7722007722007722,0.6931471805599453
AMC,2023-09-21,1,-1.0,1.0,0.0,0.0,1.0,253,0,0.0,0.0,0.6931471805599453
AMC,2023-09-25,2,-1.0,1.0,0.0,0.0,1.0,495,7,0.0,1.4141414141414141,1.0986122886681096
AMC,2023-09-26,1,1.0,1.0,1.0,0.0,0.0,287,1,0.0,0.34843205574912894,0.6931471805599453
AMC,2023-09-27,2,0.5,0.5,0.5,0.5,0.0,483,5,0.6309297535714574,1.0351966873706004,1.0986122886681096
AMC,2023-10-02,1,1.0,1.0,1.0,0.0,0.0,243,1,0.0,0.411522633744856,0.6931471805599453
AMC,2023-10-03,2,0.0,1.0,0.5,0.0,0.5,410,1,0.6309297535714574,0.24390243902439024,1.0986122886681096
AMC,2023-10-04,1,1.0,1.0,1.0,0.0,0.0,275,3,0.0,1.0909090909090908,0.6931471805599453
AMC,2023-10-05,1,0.0,0.0,0.0,1.0,0.0,232,1,0.0,0.43103448275862066,0.6931471805599453
AMC,2023-10-06,1,1.0,1.0,1.0,0.0,0.0,264,2,0.0,0.7575757575757576,0.6931471805599453
AMC,2023-10-11,1,1.0,1.0,1.0,0.0,0.0,288,1,0.0,0.3472222222222222,0.6931471805599453
AMC,2023-10-12,1,0.0,0.0,0.0,1.0,0.0,226,0,0.0,0.0,0.6931471805599453
AMC,2023-10-13,2,1.0,1.0,1.0,0.0,0.0,510,3,0.0,0.5882352941176471,1.0986122886681096
AMC,2023-10-16,2,1.0,1.0,1.0,0.0,0.0,509,9,0.0,1.768172888015717,1.0986122886681096
AMC,2023-10-17,2,0.5,0.5,0.5,0.5,0.0,436,3,0.6309297535714574,0.6880733944954128,1.0986122886681096
AMC,2023-10-18,1,0.0,0.0,0.0,1.0,0.0,232,1,0.0,0.43103448275862066,0.6931471805599453
AMC,2023-10-19,1,0.0,0.0,0.0,1.0,0.0,268,7,0.0,2.611940298507463,0.6931471805599453
AMC,2023-10-24,2,0.0,1.0,0.5,0.0,0.5,489,5,0.6309297535714574,1.0224948875255624,1.0986122886681096
AMC,2023-10-25,2,0.5,0.5,0.5,0.5,0.0,482,6,0.6309297535714574,1.2448132780082988,1.0986122886681096
AMC,2023-10-26,1,0.0,0.0,0.0,1.0,0.0,238,0,0.0,0.0,0.6931471805599453
AMC,2023-10-27,2,1.0,1.0,1.0,0.0,0.0,519,3,0.0,0.5780346820809249,1.0986122886681096
AMC,2023-10-31,1,1.0,1.0,1.0,0.0,0.0,262,0,0.0,0.0,0.6931471805599453
AMC,2023-11-01,2,1.0,1.0,1.0,0.0,0.0,502,0,0.0,0.0,1.0986122886681096
AMC,2023-11-02,1,-1.0,1.0,0.0,0.0,1.0,247,7,0.0,2.834008097165992,0.6931471805599453
AMC,2023-11-03,2,1.0,1.0,1.0,0.0,0.0,440,0,0.0,0.0,1.0986122886681096
AMC,2023-11-06,2,0.0,1.0,0.5,0.0,0.5,455,2,0.6309297535714574,0.43956043956043955,1.0986122886681096
AMC,2023-11-07,1,0.0,0.0,0.0,1.0,0.0,238,3,0.0,1.2605042016806722,0.6931471805599453
AMC,2023-11-09,4,0.75,0.75,0.75,0.25,0.0,862,2,0.5118595071429147,0.23201856148491878,1.6094379124341003
AMC,2023-11-16,2,0.0,1.0,0.5,0.0,0.5,502,8,0.6309297535714574,1.593625498007968,1.0986122886681096
AMC,2023-11-22,3,1.0,1.0,1.0,0.0,0.0,755,14,0.0,1.8543046357615893,1.3862943611198906
AMC,2023-11-29,1,1.0,1.0,1.0,0.0,0.0,286,1,0.0,0.34965034965034963,0.6931471805599453
AMC,2023-11-30,3,1.0,1.0,1.0,0.0,0.0,771,10,0.0,1.297016861219196,1.3862943611198906
AMC,2023-12-01,1,1.0,1.0,1.0,0.0,0.0,245,3,0.0,1.2244897959183674,0.6931471805599453
AMC,2023-12-06,1,-1.0,1.0,0.0,0.0,1.0,256,2,0.0,0.78125,0.6931471805599453
AMC,2023-12-08,1,0.0,0.0,0.0,1.0,0.0,246,0,0.0,0.0,0.6931471805599453
AMC,2023-12-12,1,1.0,1.0,1.0,0.0,0.0,219,1,0.0,0.45662100456621,0.6931471805599453
AMC,2023-12-13,2,0.0,1.0,0.5,0.0,0.5,467,4,0.6309297535714574,0.8565310492505354,1.0986122886681096
BB,2009-10-26,1,1.0,1.0,1.0,0.0,0.0,240,1,0.0,0.4166666666666667,0.6931471805599453
BB,2017-10-25,2,0.0,1.0,0.5,0.0,0.5,512,5,0.6309297535714574,0.9765625,1.0986122886681096
BB,2017-11-01,1,1.0,1.0,1.0,0.0,0.0,255,1,0.0,0.39215686274509803,0.6931471805599453
BB,2017-11-02,1,-1.0,1.0,0.0,0.0,1.0,254,7,0.0,2.7559055118110236,0.6931471805599453
BB,2017-11-07,1,0.0,0.0,0.0,1.0,0.0,229,0,0.0,0.0,0.6931471805599453
BB,2017-11-10,1,1.0,1.0,1.0,0.0,0.0,231,0,0.0,0.0,0.6931471805599453
BB,2017-11-16,1,1.0,1.0,1.0,0.0,0.0,262,1,0.0,0.3816793893129771,0.6931471805599453
BB,2017-11-27,1,1.0,1.0,1.0,0.0,0.0,219,0,0.0,0.0,0.6931471805599453
BB,2017-11-30,1,1.0,1.0,1.0,0.0,0.0,236,0,0.0,0.0,0.6931471805599453
BB,2017-12-04,1,-1.0,1.0,0.0,0.0,1.0,184,1,0.0,0.5434782608695652,0.6931471805599453
BB,2017-12-05,1,-1.0,1.0,0.0,0.0,1.0,242,1,0.0,0.4132231404958678,0.6931471805599453
BB,2017-12-07,1,1.0,1.0,1.0,0.0,0.0,229,1,0.0,0.4366812227074236,0.6931471805599453
BB,2017-12-13,1,1.0,1.0,1.0,0.0,0.0,223,0,0.0,0.0,0.6931471805599453
BB,2017-12-19,2,1.0,1.0,1.0,0.0,0.0,476,1,0.0,0.21008403361344538,1.0986122886681096
BB,2017-12-20,3,1.0,1.0,1.0,0.0,0.0,741,6,0.0,0.8097165991902834,1.3862943611198906
BB,2017-12-21,7,0.42857142857142855,1.0,0.7142857142857143,0.0,0.2857142857142857,1601,4,0.5445684476282007,0.24984384759525297,2.0794415416798357
BB,2017-12-22,3,1.0,1.0,1.0,0.0,0.0,718,4,0.0,0.5571030640668524,1.3862943611198906
BB,2017-12-26,2,1.0,1.0,1.0,0.0,0.0,526,4,0.0,0.7604562737642585,1.0986122886681096
BB,2017-12-28,1,1.0,1.0,1.0,0.0,0.0,231,3,0.0,1.2987012987012987,0.6931471805599453
BB,2018-01-03,1,1.0,1.0,1.0,0.0,0.0,237,0,0.0,0.0,0.6931471805599453
BB,2018-01-04,4,0.25,0.75,0.5,0.25,0.25,856,4,0.946394630357186,0.4672897196261682,1.6094379124341003
BB,2018-01-05,2,1.0,1.0,1.0,0.0,0.0,475,0,0.0,0.0,1.0986122886681096
BB,2018-01-08,1,-1.0,1.0,0.0,0.0,1.0,248,4,0.0,1.6129032258064515,0.6931471805599453
BB,2018-01-16,1,1.0,1.0,1.0,0.0,0.0,236,1,0.0,0.423728813559322,0.6931471805599453
BB,2018-01-17,2,0.0,1.0,0.5,0.0,0.5,501,4,0.6309297535714574,0.7984031936127745,1.0986122886681096
BB,2018-01-24,1,1.0,1.0,1.0,0.0,0.0,260,1,0.0,0.38461538461538464,0.6931471805599453
BB,2018-01-30,1,-1.0,1.0,0.0,0.0,1.0,232,4,0.0,1.7241379310344827,0.6931471805599453
BB,2018-02-09,1,-1.0,1.0,0.0,0.0,1.0,248,4,0.0,1.6129032258064515,0.6931471805599453
BB,2018-03-05,1,-1.0,1.0,0.0,0.0,1.0,234,4,0.0,1.7094017094017093,0.6931471805599453
BB,2018-03-07,1,-1.0,1.0,0.0,0.0,1.0,236,5,0.0,2.1186440677966103,0.6931471805599453
BB,2018-03-08,5,-0.6,1.0,0.2,0.0,0.8,1201,12,0.4554859150035952,0.9991673605328892,1.791759469228055
BB,2018-03-14,1,-1.0,1.0,0.0,0.0,1.0,246,1,0.0,0.4065040650406504,0.6931471805599453
BB,2018-03-16,1,-1.0,1.0,0.0,0.0,1.0,242,3,0.0,1.2396694214876034,0.6931471805599453
BB,2018-03-21,3,-0.3333333333333333,1.0,0.3333333333333333,0.0,0.6666666666666666,707,7,0.5793801642856949,0.9900990099009901,1.3862943611198906
BB,2018-03-26,4,0.5,1.0,0.75,0.0,0.25,973,15,0.5118595071429147,1.5416238437821173,1.6094379124341003
BB,2018-03-27,3,1.0,1.0,1.0,0.0,0.0,703,5,0.0,0.7112375533428165,1.3862943611198906
BB,2018-03-28,3,1.0,1.0,1.0,0.0,0.0,719,1,0.0,0.13908205841446453,1.3862943611198906
BB,2018-03-29,1,-1.0,1.0,0.0,0.0,1.0,244,0,0.0,0.0,0.6931471805599453
BB,2018-04-02,2,1.0,1.0,1.0,0.0,0.0,500,2,0.0,0.4,1.0986122886681096
BB,2018-04-03,1,-1.0,1.0,0.0,0.0,1.0,181,0,0.0,0.0,0.6931471805599453
BB,2018-04-04,2,1.0,1.0,1.0,0.0,0.0,483,1,0.0,0.2070393374741201,1.0986122886681096
BB,2018-04-05,2,0.5,0.5,0.5,0.5,0.0,496,4,0.6309297535714574,0.8064516129032258,1.0986122886681096
BB,2018-04-10,1,1.0,1.0,1.0,0.0,0.0,237,2,0.0,0.8438818565400844,0.6931471805599453
BB,2018-04-11,1,1.0,1.0,1.0,0.0,0.0,232,2,0.0,0.8620689655172413,0.6931471805599453
BB,2018-04-12,1,1.0,1.0,1.0,0.0,0.0,243,0,0.0,0.0,0.6931471805599453
BB,2018-04-13,2,1.0,1.0,1.0,0.0,0.0,487,3,0.0,0.6160164271047228,1.0986122886681096
BB,2018-04-19,2,1.0,1.0,1.0,0.0,0.0,461,4,0.0,0.8676789587852495,1.0986122886681096
BB,2018-04-24,1,-1.0,1.0,0.0,0.0,1.0,240,1,0.0,0.4166666666666667,0.6931471805599453
BB,2018-04-25,1,0.0,0.0,0.0,1.0,0.0,244,4,0.0,1.639344262295082,0.6931471805599453
BB,2018-04-26,2,0.5,0.5,0.5,0.5,0.0,479,6,0.6309297535714574,1.2526096033402923,1.0986122886681096
BB,2018-04-30,1,1.0,1.0,1.0,0.0,0.0,232,1,0.0,0.43103448275862066,0.6931471805599453
BB,2018-05-02,2,1.0,1.0,1.0,0.0,0.0,475,5,0.0,1.0526315789473684,1.0986122886681096
BB,2018-05-03,1,1.0,1.0,1.0,0.0,0.0,263,5,0.0,1.9011406844106464,0.6931471805599453
BB,2018-05-04,1,-1.0,1.0,0.0,0.0,1.0,247,4,0.0,1.6194331983805668,0.6931471805599453
BB,2018-05-08,2,-1.0,1.0,0.0,0.0,1.0,495,7,0.0,1.4141414141414141,1.0986122886681096
BB,2018-05-11,1,-1.0,1.0,0.0,0.0,1.0,255,6,0.0,2.3529411764705883,0.6931471805599453
BB,2018-05-15,1,-1.0,1.0,0.0,0.0,1.0,251,0,0.0,0.0,0.6931471805599453
BB,2018-05-16,2,1.0,1.0,1.0,0.0,0.0,459,1,0.0,0.2178649237472767,1.0986122886681096
BB,2018-05-17,2,1.0,1.0,1.0,0.0,0.0,504,3,0.0,0.5952380952380952,1.0986122886681096
BB,2018-05-18,1,1.0,1.0,1.0,0.0,0.0,225,0,0.0,0.0,0.6931471805599453
BB,2018-05-21,1,1.0,1.0,1.0,0.0,0.0,231,0,0.0,0.0,0.6931471805599453
BB,2018-05-22,2,1.0,1.0,1.0,0.0,0.0,472,3,0.0,0.635593220338983,1.0986122886681096
BB,2018-05-24,2,1.0,1.0,1.0,0.0,0.0,452,3,0.0,0.6637168141592921,1.0986122886681096
BB,2018-05-25,2,1.0,1.0,1.0,0.0,0.0,472,3,0.0,0.635593220338983,1.0986122886681096
BB,2018-05-29,3,-1.0,1.0,0.0,0.0,1.0,697,7,0.0,1.0043041606886658,1.3862943611198906
BB,2018-05-31,2,1.0,1.0,1.0,0.0,0.0,477,0,0.0,0.0,1.0986122886681096
BB,2018-06-01,1,-1.0,1.0,0.0,0.0,1.0,249,4,0.0,1.606425702811245,0.6931471805599453
BB,2018-06-04,3,0.3333333333333333,1.0,0.6666666666666666,0.0,0.3333333333333333,712,0,0.5793801642856949,0.0,1.3862943611198906
BB,2018-06-05,1,1.0,1.0,1.0,0.0,0.0,252,1,0.0,0.3968253968253968,0.6931471805599453
BB,2018-06-06,2,1.0,1.0,1.0,0.0,0.0,464,2,0.0,0.43103448275862066,1.0986122886681096
BB,2018-06-07,3,0.3333333333333333,1.0,0.6666666666666666,0.0,0.3333333333333333,713,2,0.5793801642856949,0.2805049088359046,1.3862943611198906
BB,2018-06-08,4,1.0,1.0,1.0,0.0,0.0,936,3,0.0,0.32051282051282054,1.6094379124341003
BB,2018-06-11,2,1.0,1.0,1.0,0.0,0.0,493,3,0.0,0.6085192697768763,1.0986122886681096
BB,2018-06-12,1,1.0,1.0,1.0,0.0,0.0,264,2,0.0,0.7575757575757576,0.6931471805599453
BB,2018-06-15,1,1.0,1.0,1.0,0.0,0.0,232,1,0.0,0.43103448275862066,0.6931471805599453
BB,2018-06-22,2,0.0,1.0,0.5,0.0,0.5,482,4,0.6309297535714574,0.8298755186721992,1.0986122886681096
BB,2018-06-25,8,-0.125,0.875,0.375,0.125,0.5,1843,9,0.8868595071429147,0.48833423765599565,2.1972245773362196
BB,2018-06-26,5,0.4,0.8,0.6,0.2,0.2,1115,1,0.8649735207179272,0.08968609865470852,1.791759469228055
BB,2018-06-27,1,1.0,1.0,1.0,0.0,0.0,268,3,0.0,1.1194029850746268,0.6931471805599453
BB,2018-06-28,1,1.0,1.0,1.0,0.0,0.0,224,3,0.0,1.3392857142857142,0.6931471805599453
BB,2018-06-29,1,1.0,1.0,1.0,0.0,0.0,216,0,0.0,0.0,0.6931471805599453
BB,2018-07-06,3,1.0,1.0,1.0,0.0,0.0,754,3,0.0,0.3978779840848806,1.3862943611198906
BB,2018-07-16,1,0.0,0.0,0.0,1.0,0.0,237,1,0.0,0.4219409282700422,0.6931471805599453
BB,2018-07-18,1,-1.0,1.0,0.0,0.0,1.0,255,2,0.0,0.7843137254901961,0.6931471805599453
BB,2018-07-24,1,-1.0,1.0,0.0,0.0,1.0,248,1,0.0,0.4032258064516129,0.6931471805599453
BB,2018-07-26,1,-1.0,1.0,0.0,0.0,1.0,235,1,0.0,0.425531914893617,0.6931471805599453
BB,2018-07-31,1,1.0,1.0,1.0,0.0,0.0,252,4,0.0,1.5873015873015872,0.6931471805599453
BB,2018-08-03,1,-1.0,1.0,0.0,0.0,1.0,248,4,0.0,1.6129032258064515,0.6931471805599453
BB,2018-08-10,1,1.0,1.0,1.0,0.0,0.0,271,5,0.0,1.845018450184502,0.6931471805599453
BB,2018-08-14,1,0.0,0.0,0.0,1.0,0.0,246,4,0.0,1.6260162601626016,0.6931471805599453
BB,2018-08-27,1,1.0,1.0,1.0,0.0,0.0,261,3,0.0,1.1494252873563218,0.6931471805599453
BB,2018-09-07,1,-1.0,1.0,0.0,0.0,1.0,249,4,0.0,1.606425702811245,0.6931471805599453
BB,2018-09-13,1,-1.0,1.0,0.0,0.0,1.0,240,2,0.0,0.8333333333333334,0.6931471805599453
BB,2018-09-17,1,-1.0,1.0,0.0,0.0,1.0,229,1,0.0,0.4366812227074236,0.6931471805599453
BB,2018-09-19,1,1.0,1.0,1.0,0.0,0.0,238,2,0.0,0.8403361344537815,0.6931471805599453
BB,2018-09-24,3,0.3333333333333333,1.0,0.6666666666666666,0.0,0.3333333333333333,742,6,0.5793801642856949,0.8086253369272237,1.3862943611198906
BB,2018-09-26,1,1.0,1.0,1.0,0.0,0.0,222,0,0.0,0.0,0.6931471805599453
BB,2018-09-28,2,-0.5,0.5,0.0,0.5,0.5,481,0,0.6309297535714574,0.0,1.0986122886681096
BB,2018-10-01,8,0.625,0.875,0.75,0.125,0.125,1757,2,0.6695919455357792,0.11383039271485487,2.1972245773362196
BB,2018-10-02,5,0.2,1.0,0.6,0.0,0.4,1214,7,0.6126016192893442,0.5766062602965404,1.791759469228055
BB,2018-10-03,2,0.0,1.0,0.5,0.0,0.5,496,5,0.6309297535714574,1.0080645161290323,1.0986122886681096
BB,2018-10-05,1,1.0,1.0,1.0,0.0,0.0,234,2,0.0,0.8547008547008547,0.6931471805599453
BB,2018-10-08,2,0.0,1.0,0.5,0.0,0.5,469,5,0.6309297535714574,1.0660980810234542,1.0986122886681096
BB,2018-10-10,1,1.0,1.0,1.0,0.0,0.0,257,3,0.0,1.1673151750972763,0.6931471805599453
BB,2018-10-11,1,-1.0,1.0,0.0,0.0,1.0,255,2,0.0,0.7843137254901961,0.6931471805599453
BB,2018-10-15,2,0.0,1.0,0.5,0.0,0.5,505,1,0.6309297535714574,0.19801980198019803,1.0986122886681096
BB,2018-10-17,1,1.0,1.0,1.0,0.0,0.0,265,6,0.0,2.2641509433962264,0.6931471805599453
BB,2018-10-19,2,0.0,1.0,0.5,0.0,0.5,483,5,0.6309297535714574,1.0351966873706004,1.0986122886681096
BB,2018-10-29,1,-1.0,1.0,0.0,0.0,1.0,242,0,0.0,0.0,0.6931471805599453
BB,2018-11-05,1,-1.0,1.0,0.0,0.0,1.0,243,2,0.0,0.823045267489712,0.6931471805599453
BB,2018-11-07,1,1.0,1.0,1.0,0.0,0.0,272,0,0.0,0.0,0.6931471805599453
BB,2018-11-09,1,-1.0,1.0,0.0,0.0,1.0,243,1,0.0,0.411522633744856,0.6931471805599453
BB,2018-11-12,1,1.0,1.0,1.0,0.0,0.0,253,1,0.0,0.3952569169960474,0.6931471805599453
BB,2018-11-13,2,0.5,0.5,0.5,0.5,0.0,498,3,0.6309297535714574,0.6024096385542169,1.0986122886681096
BB,2018-11-15,1,1.0,1.0,1.0,0.0,0.0,270,4,0.0,1.4814814814814814,0.6931471805599453
BB,2018-11-16,1,-1.0,1.0,0.0,0.0,1.0,238,3,0.0,1.2605042016806722,0.6931471805599453
BB,2018-11-19,5,0.0,0.8,0.4,0.2,0.4,1159,16,0.9602297178607612,1.380500431406385,1.791759469228055
BB,2018-11-21,1,-1.0,1.0,0.0,0.0,1.0,245,0,0.0,0.0,0.6931471805599453
BB,2018-11-28,1,1.0,1.0,1.0,0.0,0.0,239,0,0.0,0.0,0.6931471805599453
BB,2018-11-30,1,-1.0,1.0,0.0,0.0,1.0,256,0,0.0,0.0,0.6931471805599453
BB,2018-12-04,1,1.0,1.0,1.0,0.0,0.0,229,0,0.0,0.0,0.6931471805599453
BB,2018-12-06,1,1.0,1.0,1.0,0.0,0.0,245,5,0.0,2.0408163265306123,0.6931471805599453
BB,2018-12-10,1,0.0,0.0,0.0,1.0,0.0,247,4,0.0,1.6194331983805668,0.6931471805599453
BB,2018-12-14,1,-1.0,1.0,0.0,0.0,1.0,245,8,0.0,3.2653061224489797,0.6931471805599453
BB,2018-12-17,1,-1.0,1.0,0.0,0.0,1.0,239,1,0.0,0.41841004184100417,0.6931471805599453
BB,2018-12-18,2,1.0,1.0,1.0,0.0,0.0,493,1,0.0,0.2028397565922921,1.0986122886681096
BB,2018-12-19,1,1.0,1.0,1.0,0.0,0.0,232,0,0.0,0.0,0.6931471805599453
BB,2018-12-20,3,-0.3333333333333333,1.0,0.3333333333333333,0.0,0.6666666666666666,700,3,0.5793801642856949,0.42857142857142855,1.3862943611198906
BB,2018-12-21,5,0.0,0.8,0.4,0.2,0.4,1231,3,0.9602297178607612,0.2437043054427295,1.791759469228055
BB,2018-12-24,2,0.5,0.5,0.5,0.5,0.0,458,2,0.6309297535714574,0.4366812227074236,1.0986122886681096
BB,2018-12-28,1,0.0,0.0,0.0,1.0,0.0,260,4,0.0,1.5384615384615385,0.6931471805599453
BB,2019-01-03,2,0.0,1.0,0.5,0.0,0.5,509,7,0.6309297535714574,1.37524557956778,1.0986122886681096
BB,2019-01-04,1,0.0,0.0,0.0,1.0,0.0,238,2,0.0,0.8403361344537815,0.6931471805599453
BB,2019-01-07,1,1.0,1.0,1.0,0.0,0.0,252,2,0.0,0.7936507936507936,0.6931471805599453
BB,2019-01-10,1,-1.0,1.0,0.0,0.0,1.0,257,1,0.0,0.38910505836575876,0.6931471805599453
BB,2019-01-11,2,1.0,1.0,1.0,0.0,0.0,464,3,0.0,0.646551724137931,1.0986122886681096
BB,2019-01-14,2,0.5,0.5,0.5,0.5,0.0,494,6,0.6309297535714574,1.214574898785425,1.0986122886681096
BB,2019-01-18,1,-1.0,1.0,0.0,0.0,1.0,258,13,0.0,5.038759689922481,0.6931471805599453
BB,2019-01-22,1,1.0,1.0,1.0,0.0,0.0,248,0,0.0,0.0,0.6931471805599453
BB,2019-01-25,2,0.0,1.0,0.5,0.0,0.5,484,1,0.6309297535714574,0.2066115702479339,1.0986122886681096
BB,2019-01-29,1,1.0,1.0,1.0,0.0,0.0,246,2,0.0,0.8130081300813008,0.6931471805599453
BB,2019-01-31,1,-1.0,1.0,0.0,0.0,1.0,248,1,0.0,0.4032258064516129,0.6931471805599453
BB,2019-02-05,1,0.0,0.0,0.0,1.0,0.0,244,1,0.0,0.4098360655737705,0.6931471805599453
BB,2019-02-06,1,1.0,1.0,1.0,0.0,0.0,241,1,0.0,0.4149377593360996,0.6931471805599453
BB,2019-02-12,1,1.0,1.0,1.0,0.0,0.0,243,1,0.0,0.411522633744856,0.6931471805599453
BB,2019-02-13,2,0.0,1.0,0.5,0.0,0.5,502,5,0.6309297535714574,0.9960159362549801,1.0986122886681096
BB,2019-02-14,1,1.0,1.0,1.0,0.0,0.0,249,1,0.0,0.40160642570281124,0.6931471805599453
BB,2019-02-20,2,1.0,1.0,1.0,0.0,0.0,483,8,0.0,1.6563146997929608,1.0986122886681096
BB,2019-02-22,1,-1.0,1.0,0.0,0.0,1.0,241,1,0.0,0.4149377593360996,0.6931471805599453
BB,2019-02-25,2,1.0,1.0,1.0,0.0,0.0,483,4,0.0,0.8281573498964804,1.0986122886681096
BB,2019-03-01,1,-1.0,1.0,0.0,0.0,1.0,234,1,0.0,0.42735042735042733,0.6931471805599453
BB,2019-03-04,1,1.0,1.0,1.0,0.0,0.0,270,2,0.0,0.7407407407407407,0.6931471805599453
BB,2019-03-12,1,-1.0,1.0,0.0,0.0,1.0,257,6,0.0,2.3346303501945527,0.6931471805599453
BB,2019-03-25,1,0.0,0.0,0.0,1.0,0.0,243,2,0.0,0.823045267489712,0.6931471805599453
BB,2019-03-27,2,0.0,1.0,0.5,0.0,0.5,488,4,0.6309297535714574,0.819672131147541,1.0986122886681096
BB,2019-03-28,3,1.0,1.0,1.0,0.0,0.0,702,4,0.0,0.5698005698005698,1.3862943611198906
BB,2019-03-29,1,-1.0,1.0,0.0,0.0,1.0,258,2,0.0,0.7751937984496124,0.6931471805599453
BB,2019-04-01,13,0.6923076923076923,0.8461538461538461,0.7692307692307693,0.15384615384615385,0.07692307692307693,2678,11,0.625418115623811,0.4107542942494399,2.639057329615259
BB,2019-04-08,1,1.0,1.0,1.0,0.0,0.0,234,0,0.0,0.0,0.6931471805599453
BB,2019-04-09,1,1.0,1.0,1.0,0.0,0.0,247,0,0.0,0.0,0.6931471805599453
BB,2019-04-11,1,-1.0,1.0,0.0,0.0,1.0,254,2,0.0,0.7874015748031497,0.6931471805599453
BB,2019-04-15,1,1.0,1.0,1.0,0.0,0.0,238,1,0.0,0.42016806722689076,0.6931471805599453
BB,2019-04-22,1,1.0,1.0,1.0,0.0,0.0,251,2,0.0,0.796812749003984,0.6931471805599453
BB,2019-04-23,3,0.3333333333333333,0.3333333333333333,0.3333333333333333,0.6666666666666666,0.0,568,7,0.5793801642856949,1.232394366197183,1.3862943611198906
BB,2019-04-29,1,1.0,1.0,1.0,0.0,0.0,125,0,0.0,0.0,0.6931471805599453
BB,2019-05-03,1,-1.0,1.0,0.0,0.0,1.0,249,4,0.0,1.606425702811245,0.6931471805599453
BB,2019-05-09,1,-1.0,1.0,0.0,0.0,1.0,225,2,0.0,0.8888888888888888,0.6931471805599453
BB,2019-05-16,1,-1.0,1.0,0.0,0.0,1.0,268,2,0.0,0.746268656716418,0.6931471805599453
BB,2019-05-24,1,-1.0,1.0,0.0,0.0,1.0,250,4,0.0,1.6,0.6931471805599453
BB,2019-05-31,1,-1.0,1.0,0.0,0.0,1.0,249,4,0.0,1.606425702811245,0.6931471805599453
BB,2019-06-07,1,-1.0,1.0,0.0,0.0,1.0,247,4,0.0,1.6194331983805668,0.6931471805599453
BB,2019-06-12,1,-1.0,1.0,0.0,0.0,1.0,277,1,0.0,0.36101083032490977,0.6931471805599453
BB,2019-06-13,1,0.0,0.0,0.0,1.0,0.0,124,0,0.0,0.0,0.6931471805599453
BB,2019-06-14,1,-1.0,1.0,0.0,0.0,1.0,250,4,0.0,1.6,0.6931471805599453
BB,2019-06-26,1,-1.0,1.0,0.0,0.0,1.0,249,4,0.0,1.606425702811245,0.6931471805599453
BB,2019-06-27,8,0.125,0.875,0.5,0.125,0.375,1823,10,0.8868595071429147,0.5485463521667581,2.1972245773362196
BB,2019-06-28,3,-0.3333333333333333,1.0,0.3333333333333333,0.0,0.6666666666666666,700,7,0.5793801642856949,1.0,1.3862943611198906
BB,2019-07-01,2,0.0,1.0,0.5,0.0,0.5,482,5,0.6309297535714574,1.037344398340249,1.0986122886681096
BB,2019-07-05,1,-1.0,1.0,0.0,0.0,1.0,244,2,0.0,0.819672131147541,0.6931471805599453
BB,2019-07-11,1,1.0,1.0,1.0,0.0,0.0,274,1,0.0,0.36496350364963503,0.6931471805599453
BB,2019-07-15,1,1.0,1.0,1.0,0.0,0.0,255,6,0.0,2.3529411764705883,0.6931471805599453
BB,2019-07-22,1,-1.0,1.0,0.0,0.0,1.0,264,3,0.0,1.1363636363636365,0.6931471805599453
BB,2019-07-23,1,1.0,1.0,1.0,0.0,0.0,251,5,0.0,1.9920318725099602,0.6931471805599453
BB,2019-08-06,2,0.0,0.0,0.0,1.0,0.0,482,0,0.0,0.0,1.0986122886681096
BB,2019-08-13,1,-1.0,1.0,0.0,0.0,1.0,245,4,0.0,1.6326530612244898,0.6931471805599453
BB,2019-08-21,1,0.0,0.0,0.0,1.0,0.0,258,3,0.0,1.1627906976744187,0.6931471805599453
BB,2019-09-04,1,-1.0,1.0,0.0,0.0,1.0,248,4,0.0,1.6129032258064515,0.6931471805599453
BB,2019-09-06,1,1.0,1.0,1.0,0.0,0.0,113,1,0.0,0.8849557522123894,0.6931471805599453
BB,2019-09-09,1,-1.0,1.0,0.0,0.0,1.0,248,4,0.0,1.6129032258064515,0.6931471805599453
BB,2019-09-12,2,-1.0,1.0,0.0,0.0,1.0,465,3,0.0,0.6451612903225806,1.0986122886681096
BB,2019-09-13,1,-1.0,1.0,0.0,0.0,1.0,249,4,0.0,1.606425702811245,0.6931471805599453
BB,2019-09-17,2,1.0,1.0,1.0,0.0,0.0,452,5,0.0,1.1061946902654867,1.0986122886681096
BB,2019-09-18,1,-1.0,1.0,0.0,0.0,1.0,247,1,0.0,0.4048582995951417,0.6931471805599453
BB,2019-09-23,1,-1.0,1.0,0.0,0.0,1.0,261,7,0.0,2.681992337164751,0.6931471805599453
BB,2019-09-24,1,-1.0,1.0,0.0,0.0,1.0,236,3,0.0,1.271186440677966,0.6931471805599453
BB,2019-09-25,9,-0.2222222222222222,0.6666666666666666,0.2222222222222222,0.3333333333333333,0.4444444444444444,1742,10,0.965633607142825,0.574052812858783,2.302585092994046
BB,2019-09-26,1,1.0,1.0,1.0,0.0,0.0,254,2,0.0,0.7874015748031497,0.6931471805599453
BB,2019-09-27,3,-0.6666666666666666,0.6666666666666666,0.0,0.3333333333333333,0.6666666666666666,679,6,0.5793801642856949,0.8836524300441826,1.3862943611198906
BB,2019-10-01,1,-1.0,1.0,0.0,0.0,1.0,255,2,0.0,0.7843137254901961,0.6931471805599453
BB,2019-10-04,1,-1.0,1.0,0.0,0.0,1.0,258,4,0.0,1.550387596899225,0.6931471805599453
BB,2019-10-07,1,-1.0,1.0,0.0,0.0,1.0,228,2,0.0,0.8771929824561403,0.6931471805599453
BB,2019-10-09,1,-1.0,1.0,0.0,0.0,1.0,243,0,0.0,0.0,0.6931471805599453
BB,2019-10-17,1,-1.0,1.0,0.0,0.0,1.0,247,6,0.0,2.42914979757085,0.6931471805599453
BB,2019-10-22,1,1.0,1.0,1.0,0.0,0.0,249,5,0.0,2.0080321285140563,0.6931471805599453
BB,2019-11-01,1,-1.0,1.0,0.0,0.0,1.0,249,4,0.0,1.606425702811245,0.6931471805599453
BB,2019-11-08,1,-1.0,1.0,0.0,0.0,1.0,249,4,0.0,1.606425702811245,0.6931471805599453
BB,2019-11-15,1,-1.0,1.0,0.0,0.0,1.0,245,3,0.0,1.2244897959183674,0.6931471805599453
BB,2019-11-22,1,-1.0,1.0,0.0,0.0,1.0,267,1,0.0,0.37453183520599254,0.6931471805599453
BB,2019-11-29,1,-1.0,1.0,0.0,0.0,1.0,243,4,0.0,1.646090534979424,0.6931471805599453
BB,2019-12-12,1,0.0,0.0,0.0,1.0,0.0,268,2,0.0,0.746268656716418,0.6931471805599453
BB,2019-12-13,1,-1.0,1.0,0.0,0.0,1.0,245,4,0.0,1.6326530612244898,0.6931471805599453
BB,2019-12-16,1,-1.0,1.0,0.0,0.0,1.0,258,4,0.0,1.550387596899225,0.6931471805599453
BB,2019-12-18,1,-1.0,1.0,0.0,0.0,1.0,277,4,0.0,1.444043321299639,0.6931471805599453
BB,2019-12-20,1,-1.0,1.0,0.0,0.0,1.0,250,3,0.0,1.2,0.6931471805599453
BB,2019-12-23,7,-0.14285714285714285,0.7142857142857143,0.2857142857142857,0.2857142857142857,0.42857142857142855,1229,3,0.9821410328348751,0.24410089503661514,2.0794415416798357
BB,2019-12-24,1,0.0,0.0,0.0,1.0,0.0,266,2,0.0,0.7518796992481203,0.6931471805599453
BB,2019-12-30,1,1.0,1.0,1.0,0.0,0.0,238,2,0.0,0.8403361344537815,0.6931471805599453
BB,2019-12-31,1,-1.0,1.0,0.0,0.0,1.0,230,2,0.0,0.8695652173913043,0.6931471805599453
BB,2020-01-10,1,-1.0,1.0,0.0,0.0,1.0,247,2,0.0,0.8097165991902834,0.6931471805599453
BB,2020-01-15,1,1.0,1.0,1.0,0.0,0.0,222,1,0.0,0.45045045045045046,0.6931471805599453
BB,2020-01-31,2,-1.0,1.0,0.0,0.0,1.0,479,5,0.0,1.0438413361169103,1.0986122886681096
BB,2020-02-13,1,1.0,1.0,1.0,0.0,0.0,245,3,0.0,1.2244897959183674,0.6931471805599453
BB,2020-02-19,1,-1.0,1.0,0.0,0.0,1.0,252,0,0.0,0.0,0.6931471805599453
BB,2020-02-26,1,-1.0,1.0,0.0,0.0,1.0,249,4,0.0,1.606425702811245,0.6931471805599453
BB,2020-03-04,1,-1.0,1.0,0.0,0.0,1.0,253,4,0.0,1.5810276679841897,0.6931471805599453
BB,2020-03-10,1,-1.0,1.0,0.0,0.0,1.0,221,3,0.0,1.3574660633484164,0.6931471805599453
BB,2020-03-12,1,1.0,1.0,1.0,0.0,0.0,273,2,0.0,0.7326007326007326,0.6931471805599453
BB,2020-03-16,1,1.0,1.0,1.0,0.0,0.0,264,2,0.0,0.7575757575757576,0.6931471805599453
BB,2020-03-23,1,1.0,1.0,1.0,0.0,0.0,261,3,0.0,1.1494252873563218,0.6931471805599453
BB,2020-03-24,2,-1.0,1.0,0.0,0.0,1.0,443,0,0.0,0.0,1.0986122886681096
BB,2020-03-26,2,0.0,1.0,0.5,0.0,0.5,514,8,0.6309297535714574,1.556420233463035,1.0986122886681096
BB,2020-04-01,2,-0.5,0.5,0.0,0.5,0.5,314,0,0.6309297535714574,0.0,1.0986122886681096
BB,2020-04-02,4,-0.75,0.75,0.0,0.25,0.75,864,4,0.5118595071429147,0.46296296296296297,1.6094379124341003
BB,2020-04-03,2,-1.0,1.0,0.0,0.0,1.0,471,8,0.0,1.6985138004246285,1.0986122886681096
BB,2020-04-24,1,-1.0,1.0,0.0,0.0,1.0,249,4,0.0,1.606425702811245,0.6931471805599453
BB,2020-05-05,1,-1.0,1.0,0.0,0.0,1.0,244,0,0.0,0.0,0.6931471805599453
BB,2020-05-11,1,-1.0,1.0,0.0,0.0,1.0,224,1,0.0,0.44642857142857145,0.6931471805599453
BB,2020-05-22,1,-1.0,1.0,0.0,0.0,1.0,250,4,0.0,1.6,0.6931471805599453
BB,2020-05-29,1,-1.0,1.0,0.0,0.0,1.0,247,4,0.0,1.6194331983805668,0.6931471805599453
BB,2020-06-03,5,0.2,0.6,0.4,0.4,0.2,993,6,0.9602297178607612,0.6042296072507553,1.791759469228055
BB,2020-06-04,1,1.0,1.0,1.0,0.0,0.0,252,5,0.0,1.9841269841269842,0.6931471805599453
BB,2020-06-12,1,-1.0,1.0,0.0,0.0,1.0,249,4,0.0,1.606425702811245,0.6931471805599453
BB,2020-06-16,1,0.0,0.0,0.0,1.0,0.0,258,0,0.0,0.0,0.6931471805599453
BB,2020-06-19,1,0.0,0.0,0.0,1.0,0.0,246,1,0.0,0.4065040650406504,0.6931471805599453
BB,2020-06-22,2,1.0,1.0,1.0,0.0,0.0,517,3,0.0,0.5802707930367504,1.0986122886681096
BB,2020-06-24,1,0.0,0.0,0.0,1.0,0.0,60,0,0.0,0.0,0.6931471805599453
BB,2020-06-25,6,-0.6666666666666666,0.6666666666666666,0.0,0.3333333333333333,0.6666666666666666,1019,4,0.5793801642856949,0.39254170755642787,1.9459101490553132
BB,2020-06-26,2,-0.5,0.5,0.0,0.5,0.5,381,0,0.6309297535714574,0.0,1.0986122886681096
BB,2020-06-29,1,-1.0,1.0,0.0,0.0,1.0,224,2,0.0,0.8928571428571429,0.6931471805599453
BB,2020-07-01,1,-1.0,1.0,0.0,0.0,1.0,252,1,0.0,0.3968253968253968,0.6931471805599453
BB,2020-07-06,1,-1.0,1.0,0.0,0.0,1.0,246,4,0.0,1.6260162601626016,0.6931471805599453
BB,2020-07-21,1,1.0,1.0,1.0,0.0,0.0,256,2,0.0,0.78125,0.6931471805599453
BB,2020-07-24,1,-1.0,1.0,0.0,0.0,1.0,246,4,0.0,1.6260162601626016,0.6931471805599453
BB,2020-07-31,1,-1.0,1.0,0.0,0.0,1.0,248,4,0.0,1.6129032258064515,0.6931471805599453
BB,2020-08-05,1,1.0,1.0,1.0,0.0,0.0,259,1,0.0,0.3861003861003861,0.6931471805599453
BB,2020-08-07,1,0.0,0.0,0.0,1.0,0.0,252,3,0.0,1.1904761904761905,0.6931471805599453
BB,2020-08-20,1,1.0,1.0,1.0,0.0,0.0,229,1,0.0,0.4366812227074236,0.6931471805599453
BB,2020-08-25,1,-1.0,1.0,0.0,0.0,1.0,237,1,0.0,0.4219409282700422,0.6931471805599453
BB,2020-08-28,1,-1.0,1.0,0.0,0.0,1.0,249,4,0.0,1.606425702811245,0.6931471805599453
BB,2020-08-31,1,1.0,1.0,1.0,0.0,0.0,260,2,0.0,0.7692307692307693,0.6931471805599453
BB,2020-09-02,1,1.0,1.0,1.0,0.0,0.0,116,0,0.0,0.0,0.6931471805599453
BB,2020-09-04,1,-1.0,1.0,0.0,0.0,1.0,251,4,0.0,1.593625498007968,0.6931471805599453
BB,2020-09-08,1,-1.0,1.0,0.0,0.0,1.0,126,0,0.0,0.0,0.6931471805599453
BB,2020-09-24,1,0.0,0.0,0.0,1.0,0.0,240,0,0.0,0.0,0.6931471805599453
BB,2020-09-25,6,-0.16666666666666666,0.5,0.16666666666666666,0.5,0.3333333333333333,1056,3,0.920619835714305,0.2840909090909091,1.9459101490553132
BB,2020-09-28,1,0.0,0.0,0.0,1.0,0.0,239,1,0.0,0.41841004184100417,0.6931471805599453
BB,2020-09-29,2,1.0,1.0,1.0,0.0,0.0,490,1,0.0,0.20408163265306123,1.0986122886681096
BB,2020-09-30,1,-1.0,1.0,0.0,0.0,1.0,219,1,0.0,0.45662100456621,0.6931471805599453
BB,2020-10-05,2,0.0,1.0,0.5,0.0,0.5,483,1,0.6309297535714574,0.2070393374741201,1.0986122886681096
BB,2020-10-08,2,0.0,0.0,0.0,1.0,0.0,486,4,0.0,0.823045267489712,1.0986122886681096
BB,2020-11-06,1,0.0,0.0,0.0,1.0,0.0,124,0,0.0,0.0,0.6931471805599453
BB,2020-11-13,1,-1.0,1.0,0.0,0.0,1.0,248,4,0.0,1.6129032258064515,0.6931471805599453
BB,2020-11-23,1,1.0,1.0,1.0,0.0,0.0,245,2,0.0,0.8163265306122449,0.6931471805599453
BB,2020-12-02,6,0.3333333333333333,0.6666666666666666,0.5,0.3333333333333333,0.16666666666666666,1430,5,0.9206198357143047,0.34965034965034963,1.9459101490553132
BB,2020-12-03,2,0.0,1.0,0.5,0.0,0.5,463,0,0.6309297535714574,0.0,1.0986122886681096
BB,2020-12-07,2,1.0,1.0,1.0,0.0,0.0,430,4,0.0,0.9302325581395349,1.0986122886681096
BB,2020-12-08,3,1.0,1.0,1.0,0.0,0.0,766,3,0.0,0.391644908616188,1.3862943611198906
BB,2020-12-11,1,-1.0,1.0,0.0,0.0,1.0,244,4,0.0,1.639344262295082,0.6931471805599453
BB,2020-12-18,4,-0.5,0.5,0.0,0.5,0.5,493,0,0.6309297535714574,0.0,1.6094379124341003
BB,2020-12-21,7,-0.14285714285714285,1.0,0.42857142857142855,0.0,0.5714285714285714,1548,10,0.6216097450797566,0.6459948320413437,2.0794415416798357
BB,2020-12-22,1,0.0,0.0,0.0,1.0,0.0,251,0,0.0,0.0,0.6931471805599453
BB,2020-12-28,2,0.0,1.0,0.5,0.0,0.5,510,9,0.6309297535714574,1.7647058823529411,1.0986122886681096
BB,2021-01-06,1,1.0,1.0,1.0,0.0,0.0,267,2,0.0,0.7490636704119851,0.6931471805599453
BB,2021-01-15,3,0.3333333333333333,1.0,0.6666666666666666,0.0,0.3333333333333333,694,6,0.5793801642856949,0.8645533141210374,1.3862943611198906
BB,2021-01-19,10,0.4,1.0,0.7,0.0,0.3,2123,11,0.556032649876389,0.5181347150259067,2.3978952727983707
BB,2021-01-20,4,0.0,1.0,0.5,0.0,0.5,955,8,0.6309297535714574,0.837696335078534,1.6094379124341003
BB,2021-01-21,1,1.0,1.0,1.0,0.0,0.0,277,4,0.0,1.444043321299639,0.6931471805599453
BB,2021-01-22,2,0.0,1.0,0.5,0.0,0.5,504,8,0.6309297535714574,1.5873015873015872,1.0986122886681096
BB,2021-01-25,1,1.0,1.0,1.0,0.0,0.0,247,6,0.0,2.42914979757085,0.6931471805599453
BB,2021-01-26,6,0.3333333333333333,0.6666666666666666,0.5,0.3333333333333333,0.16666666666666666,1240,20,0.9206198357143047,1.6129032258064515,1.9459101490553132
BB,2021-01-27,7,-0.14285714285714285,1.0,0.42857142857142855,0.0,0.5714285714285714,1632,13,0.6216097450797566,0.7965686274509803,2.0794415416798357
BB,2021-01-28,7,0.14285714285714285,1.0,0.5714285714285714,0.0,0.42857142857142855,1729,22,0.6216097450797566,1.2724117987275883,2.0794415416798357
BB,2021-01-29,9,-0.6666666666666666,0.8888888888888888,0.1111111111111111,0.1111111111111111,0.7777777777777778,2145,14,0.6223659728744494,0.6526806526806527,2.302585092994046
BB,2021-02-01,7,0.2857142857142857,0.8571428571428571,0.5714285714285714,0.14285714285714285,0.2857142857142857,1691,14,0.8699155297736259,0.8279124778237729,2.0794415416798357
BB,2021-02-02,2,0.0,1.0,0.5,0.0,0.5,520,4,0.6309297535714574,0.7692307692307693,1.0986122886681096
BB,2021-02-03,5,0.2,1.0,0.6,0.0,0.4,1165,5,0.6126016192893442,0.4291845493562232,1.791759469228055
BB,2021-02-05,1,-1.0,1.0,0.0,0.0,1.0,272,1,0.0,0.36764705882352944,0.6931471805599453
BB,2021-02-08,4,0.5,1.0,0.75,0.0,0.25,899,9,0.5118595071429147,1.0011123470522802,1.6094379124341003
BB,2021-02-09,2,-0.5,0.5,0.0,0.5,0.5,500,7,0.6309297535714574,1.4,1.0986122886681096
BB,2021-02-10,2,0.0,1.0,0.5,0.0,0.5,499,6,0.6309297535714574,1.2024048096192386,1.0986122886681096
BB,2021-02-11,1,1.0,1.0,1.0,0.0,0.0,263,4,0.0,1.520912547528517,0.6931471805599453
BB,2021-02-12,2,0.0,1.0,0.5,0.0,0.5,498,7,0.6309297535714574,1.4056224899598393,1.0986122886681096
BB,2021-02-16,1,1.0,1.0,1.0,0.0,0.0,267,4,0.0,1.4981273408239701,0.6931471805599453
BB,2021-02-17,1,1.0,1.0,1.0,0.0,0.0,270,0,0.0,0.0,0.6931471805599453
BB,2021-02-18,2,-1.0,1.0,0.0,0.0,1.0,519,8,0.0,1.5414258188824663,1.0986122886681096
BB,2021-02-19,2,0.0,1.0,0.5,0.0,0.5,501,8,0.6309297535714574,1.596806387225549,1.0986122886681096
BB,2021-02-24,2,-1.0,1.0,0.0,0.0,1.0,505,15,0.0,2.9702970297029703,1.0986122886681096
BB,2021-02-25,1,1.0,1.0,1.0,0.0,0.0,232,2,0.0,0.8620689655172413,0.6931471805599453
BB,2021-02-26,4,0.0,1.0,0.5,0.0,0.5,1053,20,0.6309297535714574,1.899335232668566,1.6094379124341003
BB,2021-03-02,1,1.0,1.0,1.0,0.0,0.0,172,0,0.0,0.0,0.6931471805599453
BB,2021-03-03,4,0.0,1.0,0.5,0.0,0.5,1050,11,0.6309297535714574,1.0476190476190477,1.6094379124341003
BB,2021-03-04,1,1.0,1.0,1.0,0.0,0.0,267,5,0.0,1.8726591760299625,0.6931471805599453
BB,2021-03-05,4,-0.25,0.75,0.25,0.25,0.5,826,7,0.946394630357186,0.847457627118644,1.6094379124341003
BB,2021-03-09,1,1.0,1.0,1.0,0.0,0.0,260,1,0.0,0.38461538461538464,0.6931471805599453
BB,2021-03-10,3,0.6666666666666666,0.6666666666666666,0.6666666666666666,0.3333333333333333,0.0,747,5,0.5793801642856949,0.6693440428380187,1.3862943611198906
BB,2021-03-11,1,1.0,1.0,1.0,0.0,0.0,246,2,0.0,0.8130081300813008,0.6931471805599453
BB,2021-03-12,1,0.0,0.0,0.0,1.0,0.0,264,1,0.0,0.3787878787878788,0.6931471805599453
BB,2021-03-15,2,0.0,1.0,0.5,0.0,0.5,506,5,0.6309297535714574,0.9881422924901185,1.0986122886681096
BB,2021-03-17,1,1.0,1.0,1.0,0.0,0.0,266,0,0.0,0.0,0.6931471805599453
BB,2021-03-18,1,1.0,1.0,1.0,0.0,0.0,237,1,0.0,0.4219409282700422,0.6931471805599453
BB,2021-03-22,1,1.0,1.0,1.0,0.0,0.0,258,1,0.0,0.3875968992248062,0.6931471805599453
BB,2021-03-23,1,1.0,1.0,1.0,0.0,0.0,255,5,0.0,1.9607843137254901,0.6931471805599453
BB,2021-03-26,1,1.0,1.0,1.0,0.0,0.0,233,3,0.0,1.2875536480686696,0.6931471805599453
BB,2021-03-29,2,-1.0,1.0,0.0,0.0,1.0,511,3,0.0,0.5870841487279843,1.0986122886681096
BB,2021-03-31,7,-0.2857142857142857,0.5714285714285714,0.14285714285714285,0.42857142857142855,0.42857142857142855,1358,4,0.914100892018565,0.29455081001472755,2.0794415416798357
BB,2021-04-01,6,-0.6666666666666666,1.0,0.16666666666666666,0.0,0.8333333333333334,1361,7,0.41011848630651804,0.5143277002204262,1.9459101490553132
BB,2021-04-05,2,0.0,1.0,0.5,0.0,0.5,523,6,0.6309297535714574,1.147227533460803,1.0986122886681096
BB,2021-04-07,2,1.0,1.0,1.0,0.0,0.0,517,8,0.0,1.5473887814313345,1.0986122886681096
BB,2021-04-09,1,-1.0,1.0,0.0,0.0,1.0,250,7,0.0,2.8,0.6931471805599453
BB,2021-04-14,1,1.0,1.0,1.0,0.0,0.0,241,1,0.0,0.4149377593360996,0.6931471805599453
BB,2021-04-22,1,-1.0,1.0,0.0,0.0,1.0,262,2,0.0,0.7633587786259542,0.6931471805599453
BB,2021-04-26,1,1.0,1.0,1.0,0.0,0.0,257,1,0.0,0.38910505836575876,0.6931471805599453
BB,2021-04-28,1,-1.0,1.0,0.0,0.0,1.0,242,3,0.0,1.2396694214876034,0.6931471805599453
BB,2021-04-30,1,-1.0,1.0,0.0,0.0,1.0,249,4,0.0,1.606425702811245,0.6931471805599453
BB,2021-05-07,1,1.0,1.0,1.0,0.0,0.0,260,0,0.0,0.0,0.6931471805599453
BB,2021-05-18,1,1.0,1.0,1.0,0.0,0.0,107,1,0.0,0.9345794392523364,0.6931471805599453
BB,2021-05-20,1,-1.0,1.0,0.0,0.0,1.0,254,1,0.0,0.3937007874015748,0.6931471805599453
BB,2021-05-21,1,1.0,1.0,1.0,0.0,0.0,253,1,0.0,0.3952569169960474,0.6931471805599453
BB,2021-05-24,1,1.0,1.0,1.0,0.0,0.0,245,3,0.0,1.2244897959183674,0.6931471805599453
BB,2021-05-25,1,1.0,1.0,1.0,0.0,0.0,260,4,0.0,1.5384615384615385,0.6931471805599453
BB,2021-05-27,3,0.3333333333333333,1.0,0.6666666666666666,0.0,0.3333333333333333,773,17,0.5793801642856949,2.1992238033635187,1.3862943611198906
BB,2021-06-01,4,0.25,0.75,0.5,0.25,0.25,866,8,0.946394630357186,0.9237875288683602,1.6094379124341003
BB,2021-06-02,5,1.0,1.0,1.0,0.0,0.0,1259,13,0.0,1.0325655281969817,1.791759469228055
BB,2021-06-03,7,1.0,1.0,1.0,0.0,0.0,1562,5,0.0,0.3201024327784891,2.0794415416798357
BB,2021-06-04,8,0.5,1.0,0.75,0.0,0.25,1936,17,0.5118595071429147,0.878099173553719,2.1972245773362196
BB,2021-06-07,5,1.0,1.0,1.0,0.0,0.0,1263,24,0.0,1.9002375296912113,1.791759469228055
BB,2021-06-08,3,0.3333333333333333,1.0,0.6666666666666666,0.0,0.3333333333333333,766,9,0.5793801642856949,1.174934725848564,1.3862943611198906
BB,2021-06-09,2,0.5,0.5,0.5,0.5,0.0,530,12,0.6309297535714574,2.2641509433962264,1.0986122886681096
BB,2021-06-10,3,0.6666666666666666,0.6666666666666666,0.6666666666666666,0.3333333333333333,0.0,574,4,0.5793801642856949,0.6968641114982579,1.3862943611198906
BB,2021-06-11,3,0.0,0.6666666666666666,0.3333333333333333,0.3333333333333333,0.3333333333333333,685,10,0.9999999999999998,1.4598540145985401,1.3862943611198906
BB,2021-06-14,1,1.0,1.0,1.0,0.0,0.0,268,1,0.0,0.373134328358209,0.6931471805599453
BB,2021-06-16,1,-1.0,1.0,0.0,0.0,1.0,240,3,0.0,1.25,0.6931471805599453
BB,2021-06-17,1,1.0,1.0,1.0,0.0,0.0,262,3,0.0,1.1450381679389312,0.6931471805599453
BB,2021-06-18,3,1.0,1.0,1.0,0.0,0.0,776,5,0.0,0.6443298969072165,1.3862943611198906
BB,2021-06-21,3,-0.3333333333333333,1.0,0.3333333333333333,0.0,0.6666666666666666,765,14,0.5793801642856949,1.8300653594771241,1.3862943611198906
BB,2021-06-22,1,1.0,1.0,1.0,0.0,0.0,265,1,0.0,0.37735849056603776,0.6931471805599453
BB,2021-06-23,2,1.0,1.0,1.0,0.0,0.0,488,14,0.0,2.8688524590163933,1.0986122886681096
BB,2021-06-25,4,-0.25,0.75,0.25,0.25,0.5,831,8,0.946394630357186,0.9626955475330926,1.6094379124341003
BB,2021-06-28,7,0.42857142857142855,1.0,0.7142857142857143,0.0,0.2857142857142857,1603,10,0.5445684476282007,0.6238303181534622,2.0794415416798357
BB,2021-06-29,3,0.0,0.6666666666666666,0.3333333333333333,0.3333333333333333,0.3333333333333333,760,8,0.9999999999999998,1.0526315789473684,1.3862943611198906
BB,2021-07-01,1,-1.0,1.0,0.0,0.0,1.0,247,3,0.0,1.214574898785425,0.6931471805599453
BB,2021-07-02,1,0.0,0.0,0.0,1.0,0.0,256,1,0.0,0.390625,0.6931471805599453
BB,2021-07-06,2,1.0,1.0,1.0,0.0,0.0,531,10,0.0,1.8832391713747645,1.0986122886681096
BB,2021-07-07,1,1.0,1.0,1.0,0.0,0.0,261,2,0.0,0.7662835249042146,0.6931471805599453
BB,2021-07-08,1,1.0,1.0,1.0,0.0,0.0,248,4,0.0,1.6129032258064515,0.6931471805599453
BB,2021-07-13,3,1.0,1.0,1.0,0.0,0.0,779,13,0.0,1.668806161745828,1.3862943611198906
BB,2021-07-14,1,1.0,1.0,1.0,0.0,0.0,248,1,0.0,0.4032258064516129,0.6931471805599453
BB,2021-07-21,2,0.0,1.0,0.5,0.0,0.5,541,5,0.6309297535714574,0.9242144177449169,1.0986122886681096
BB,2021-07-22,1,1.0,1.0,1.0,0.0,0.0,257,0,0.0,0.0,0.6931471805599453
BB,2021-07-23,1,-1.0,1.0,0.0,0.0,1.0,245,4,0.0,1.6326530612244898,0.6931471805599453
BB,2021-07-26,1,1.0,1.0,1.0,0.0,0.0,229,1,0.0,0.4366812227074236,0.6931471805599453
BB,2021-08-02,1,1.0,1.0,1.0,0.0,0.0,255,5,0.0,1.9607843137254901,0.6931471805599453
BB,2021-08-03,1,-1.0,1.0,0.0,0.0,1.0,243,4,0.0,1.646090534979424,0.6931471805599453
BB,2021-08-05,1,1.0,1.0,1.0,0.0,0.0,256,2,0.0,0.78125,0.6931471805599453
BB,2021-08-06,1,-1.0,1.0,0.0,0.0,1.0,246,4,0.0,1.6260162601626016,0.6931471805599453
BB,2021-08-10,1,1.0,1.0,1.0,0.0,0.0,253,3,0.0,1.1857707509881423,0.6931471805599453
BB,2021-08-12,1,-1.0,1.0,0.0,0.0,1.0,264,2,0.0,0.7575757575757576,0.6931471805599453
BB,2021-08-16,1,0.0,0.0,0.0,1.0,0.0,267,2,0.0,0.7490636704119851,0.6931471805599453
BB,2021-08-17,1,-1.0,1.0,0.0,0.0,1.0,125,0,0.0,0.0,0.6931471805599453
BB,2021-08-18,3,-1.0,1.0,0.0,0.0,1.0,776,17,0.0,2.1907216494845363,1.3862943611198906
BB,2021-08-20,1,-1.0,1.0,0.0,0.0,1.0,256,3,0.0,1.171875,0.6931471805599453
BB,2021-08-25,1,1.0,1.0,1.0,0.0,0.0,250,4,0.0,1.6,0.6931471805599453
BB,2021-08-26,2,1.0,1.0,1.0,0.0,0.0,534,3,0.0,0.5617977528089888,1.0986122886681096
BB,2021-08-27,1,-1.0,1.0,0.0,0.0,1.0,247,4,0.0,1.6194331983805668,0.6931471805599453
BB,2021-08-30,3,0.3333333333333333,1.0,0.6666666666666666,0.0,0.3333333333333333,746,4,0.5793801642856949,0.5361930294906166,1.3862943611198906
BB,2021-09-01,1,1.0,1.0,1.0,0.0,0.0,265,7,0.0,2.641509433962264,0.6931471805599453
BB,2021-09-02,1,-1.0,1.0,0.0,0.0,1.0,263,3,0.0,1.1406844106463878,0.6931471805599453
BB,2021-09-03,1,-1.0,1.0,0.0,0.0,1.0,245,3,0.0,1.2244897959183674,0.6931471805599453
BB,2021-09-09,1,1.0,1.0,1.0,0.0,0.0,246,2,0.0,0.8130081300813008,0.6931471805599453
BB,2021-09-10,1,0.0,0.0,0.0,1.0,0.0,252,7,0.0,2.7777777777777777,0.6931471805599453
BB,2021-09-13,1,1.0,1.0,1.0,0.0,0.0,258,10,0.0,3.875968992248062,0.6931471805599453
BB,2021-09-14,3,-0.3333333333333333,1.0,0.3333333333333333,0.0,0.6666666666666666,643,5,0.5793801642856949,0.7776049766718507,1.3862943611198906
BB,2021-09-15,2,0.0,1.0,0.5,0.0,0.5,531,5,0.6309297535714574,0.9416195856873822,1.0986122886681096
BB,2021-09-17,1,1.0,1.0,1.0,0.0,0.0,262,3,0.0,1.1450381679389312,0.6931471805599453
BB,2021-09-21,1,1.0,1.0,1.0,0.0,0.0,241,2,0.0,0.8298755186721992,0.6931471805599453
BB,2021-09-22,1,-1.0,1.0,0.0,0.0,1.0,270,8,0.0,2.962962962962963,0.6931471805599453
BB,2021-09-23,6,0.3333333333333333,0.6666666666666666,0.5,0.3333333333333333,0.16666666666666666,1117,3,0.9206198357143047,0.26857654431512984,1.9459101490553132
BB,2021-09-24,7,0.7142857142857143,1.0,0.8571428571428571,0.0,0.14285714285714285,1550,7,0.37330396038588726,0.45161290322580644,2.0794415416798357
BB,2021-09-27,3,-1.0,1.0,0.0,0.0,1.0,808,11,0.0,1.3613861386138615,1.3862943611198906
BB,2021-09-28,1,-1.0,1.0,0.0,0.0,1.0,263,5,0.0,1.9011406844106464,0.6931471805599453
BB,2021-09-29,2,1.0,1.0,1.0,0.0,0.0,509,1,0.0,0.19646365422396855,1.0986122886681096
BB,2021-09-30,1,-1.0,1.0,0.0,0.0,1.0,253,0,0.0,0.0,0.6931471805599453
BB,2021-10-01,2,-1.0,1.0,0.0,0.0,1.0,499,5,0.0,1.002004008016032,1.0986122886681096
BB,2021-10-04,1,0.0,0.0,0.0,1.0,0.0,277,0,0.0,0.0,0.6931471805599453
BB,2021-10-06,2,0.0,1.0,0.5,0.0,0.5,509,5,0.6309297535714574,0.9823182711198428,1.0986122886681096
BB,2021-10-14,2,0.5,0.5,0.5,0.5,0.0,493,1,0.6309297535714574,0.2028397565922921,1.0986122886681096
BB,2021-10-18,1,0.0,0.0,0.0,1.0,0.0,254,2,0.0,0.7874015748031497,0.6931471805599453
BB,2021-10-19,2,0.0,1.0,0.5,0.0,0.5,464,2,0.6309297535714574,0.43103448275862066,1.0986122886681096
BB,2021-10-20,1,1.0,1.0,1.0,0.0,0.0,270,4,0.0,1.4814814814814814,0.6931471805599453
BB,2021-10-22,1,-1.0,1.0,0.0,0.0,1.0,247,4,0.0,1.6194331983805668,0.6931471805599453
BB,2021-10-25,2,1.0,1.0,1.0,0.0,0.0,500,6,0.0,1.2,1.0986122886681096
BB,2021-10-27,1,-1.0,1.0,0.0,0.0,1.0,250,2,0.0,0.8,0.6931471805599453
BB,2021-10-29,1,-1.0,1.0,0.0,0.0,1.0,245,4,0.0,1.6326530612244898,0.6931471805599453
BB,2021-11-05,2,-0.5,0.5,0.0,0.5,0.5,521,11,0.6309297535714574,2.111324376199616,1.0986122886681096
BB,2021-11-11,1,1.0,1.0,1.0,0.0,0.0,249,3,0.0,1.2048192771084338,0.6931471805599453
BB,2021-11-15,2,1.0,1.0,1.0,0.0,0.0,513,6,0.0,1.1695906432748537,1.0986122886681096
BB,2021-11-22,1,1.0,1.0,1.0,0.0,0.0,260,4,0.0,1.5384615384615385,0.6931471805599453
BB,2021-11-24,2,0.0,1.0,0.5,0.0,0.5,462,2,0.6309297535714574,0.4329004329004329,1.0986122886681096
BB,2021-11-26,2,-0.5,0.5,0.0,0.5,0.5,490,7,0.6309297535714574,1.4285714285714286,1.0986122886681096
BB,2021-12-03,1,-1.0,1.0,0.0,0.0,1.0,243,4,0.0,1.646090534979424,0.6931471805599453
BB,2021-12-06,2,0.0,1.0,0.5,0.0,0.5,481,7,0.6309297535714574,1.4553014553014554,1.0986122886681096
BB,2021-12-09,1,1.0,1.0,1.0,0.0,0.0,245,8,0.0,3.2653061224489797,0.6931471805599453
BB,2021-12-10,2,-0.5,0.5,0.0,0.5,0.5,493,9,0.6309297535714574,1.8255578093306288,1.0986122886681096
BB,2021-12-16,3,-0.3333333333333333,1.0,0.3333333333333333,0.0,0.6666666666666666,777,11,0.5793801642856949,1.4157014157014156,1.3862943611198906
BB,2021-12-17,1,-1.0,1.0,0.0,0.0,1.0,266,6,0.0,2.255639097744361,0.6931471805599453
BB,2021-12-20,1,-1.0,1.0,0.0,0.0,1.0,256,8,0.0,3.125,0.6931471805599453
BB,2021-12-21,3,-0.3333333333333333,1.0,0.3333333333333333,0.0,0.6666666666666666,695,15,0.5793801642856949,2.158273381294964,1.3862943611198906
BB,2021-12-22,6,0.3333333333333333,0.6666666666666666,0.5,0.3333333333333333,0.16666666666666666,995,1,0.9206198357143047,0.10050251256281408,1.9459101490553132
BB,2021-12-23,6,0.3333333333333333,1.0,0.6666666666666666,0.0,0.3333333333333333,1454,15,0.5793801642856949,1.031636863823934,1.9459101490553132
BB,2021-12-27,1,-1.0,1.0,0.0,0.0,1.0,232,2,0.0,0.8620689655172413,0.6931471805599453
BB,2021-12-30,1,1.0,1.0,1.0,0.0,0.0,254,2,0.0,0.7874015748031497,0.6931471805599453
BB,2021-12-31,1,1.0,1.0,1.0,0.0,0.0,252,8,0.0,3.1746031746031744,0.6931471805599453
BB,2022-01-04,1,-1.0,1.0,0.0,0.0,1.0,240,3,0.0,1.25,0.6931471805599453
BB,2022-01-05,1,-1.0,1.0,0.0,0.0,1.0,254,2,0.0,0.7874015748031497,0.6931471805599453
BB,2022-01-06,1,-1.0,1.0,0.0,0.0,1.0,269,4,0.0,1.486988847583643,0.6931471805599453
BB,2022-01-07,1,1.0,1.0,1.0,0.0,0.0,256,0,0.0,0.0,0.6931471805599453
BB,2022-01-13,1,-1.0,1.0,0.0,0.0,1.0,256,6,0.0,2.34375,0.6931471805599453
BB,2022-01-14,1,-1.0,1.0,0.0,0.0,1.0,249,4,0.0,1.606425702811245,0.6931471805599453
BB,2022-01-19,1,0.0,0.0,0.0,1.0,0.0,258,1,0.0,0.3875968992248062,0.6931471805599453
BB,2022-01-21,1,-1.0,1.0,0.0,0.0,1.0,258,0,0.0,0.0,0.6931471805599453
BB,2022-01-25,1,1.0,1.0,1.0,0.0,0.0,229,1,0.0,0.4366812227074236,0.6931471805599453
BB,2022-01-31,2,0.0,1.0,0.5,0.0,0.5,516,4,0.6309297535714574,0.7751937984496124,1.0986122886681096
BB,2022-02-01,5,0.4,0.8,0.6,0.2,0.2,977,7,0.8649735207179272,0.7164790174002047,1.791759469228055
BB,2022-02-03,1,1.0,1.0,1.0,0.0,0.0,248,3,0.0,1.2096774193548387,0.6931471805599453
BB,2022-02-04,2,0.5,0.5,0.5,0.5,0.0,482,2,0.6309297535714574,0.4149377593360996,1.0986122886681096
BB,2022-02-07,2,0.0,1.0,0.5,0.0,0.5,493,5,0.6309297535714574,1.0141987829614605,1.0986122886681096
BB,2022-02-09,1,-1.0,1.0,0.0,0.0,1.0,257,3,0.0,1.1673151750972763,0.6931471805599453
BB,2022-02-15,1,-1.0,1.0,0.0,0.0,1.0,240,1,0.0,0.4166666666666667,0.6931471805599453
BB,2022-02-16,1,1.0,1.0,1.0,0.0,0.0,257,4,0.0,1.556420233463035,0.6931471805599453
BB,2022-02-17,1,-1.0,1.0,0.0,0.0,1.0,240,2,0.0,0.8333333333333334,0.6931471805599453
BB,2022-02-22,1,-1.0,1.0,0.0,0.0,1.0,249,4,0.0,1.606425702811245,0.6931471805599453
BB,2022-02-28,1,-1.0,1.0,0.0,0.0,1.0,238,0,0.0,0.0,0.6931471805599453
BB,2022-03-04,2,-1.0,1.0,0.0,0.0,1.0,497,5,0.0,1.0060362173038229,1.0986122886681096
BB,2022-03-09,1,0.0,0.0,0.0,1.0,0.0,71,0,0.0,0.0,0.6931471805599453
BB,2022-03-11,1,-1.0,1.0,0.0,0.0,1.0,249,4,0.0,1.606425702811245,0.6931471805599453
BB,2022-03-16,1,1.0,1.0,1.0,0.0,0.0,224,1,0.0,0.44642857142857145,0.6931471805599453
BB,2022-03-22,3,0.3333333333333333,1.0,0.6666666666666666,0.0,0.3333333333333333,603,5,0.5793801642856949,0.8291873963515755,1.3862943611198906
BB,2022-03-23,2,1.0,1.0,1.0,0.0,0.0,495,7,0.0,1.4141414141414141,1.0986122886681096
BB,2022-03-24,2,1.0,1.0,1.0,0.0,0.0,491,2,0.0,0.4073319755600815,1.0986122886681096
BB,2022-03-28,2,-0.5,0.5,0.0,0.5,0.5,474,7,0.6309297535714574,1.4767932489451476,1.0986122886681096
BB,2022-03-29,1,0.0,0.0,0.0,1.0,0.0,241,0,0.0,0.0,0.6931471805599453
BB,2022-04-01,5,-0.6,0.6,0.0,0.4,0.6,779,10,0.6126016192893442,1.2836970474967908,1.791759469228055
BB,2022-04-04,6,-0.8333333333333334,0.8333333333333334,0.0,0.16666666666666666,0.8333333333333334,1308,4,0.41011848630651804,0.3058103975535168,1.9459101490553132
BB,2022-04-07,2,-1.0,1.0,0.0,0.0,1.0,325,4,0.0,1.2307692307692308,1.0986122886681096
BB,2022-04-08,2,-1.0,1.0,0.0,0.0,1.0,475,8,0.0,1.6842105263157894,1.0986122886681096
BB,2022-04-29,1,-1.0,1.0,0.0,0.0,1.0,250,4,0.0,1.6,0.6931471805599453
BB,2022-05-06,1,-1.0,1.0,0.0,0.0,1.0,247,4,0.0,1.6194331983805668,0.6931471805599453
BB,2022-05-09,1,1.0,1.0,1.0,0.0,0.0,261,3,0.0,1.1494252873563218,0.6931471805599453
BB,2022-05-12,1,1.0,1.0,1.0,0.0,0.0,260,2,0.0,0.7692307692307693,0.6931471805599453
BB,2022-05-13,1,-1.0,1.0,0.0,0.0,1.0,250,4,0.0,1.6,0.6931471805599453
BB,2022-05-16,2,0.0,1.0,0.5,0.0,0.5,504,4,0.6309297535714574,0.7936507936507936,1.0986122886681096
BB,2022-05-23,1,1.0,1.0,1.0,0.0,0.0,223,0,0.0,0.0,0.6931471805599453
BB,2022-05-27,1,1.0,1.0,1.0,0.0,0.0,224,1,0.0,0.44642857142857145,0.6931471805599453
BB,2022-05-31,1,-1.0,1.0,0.0,0.0,1.0,271,2,0.0,0.7380073800738007,0.6931471805599453
BB,2022-06-01,1,1.0,1.0,1.0,0.0,0.0,227,0,0.0,0.0,0.6931471805599453
BB,2022-06-02,1,1.0,1.0,1.0,0.0,0.0,191,0,0.0,0.0,0.6931471805599453
BB,2022-06-03,1,-1.0,1.0,0.0,0.0,1.0,247,4,0.0,1.6194331983805668,0.6931471805599453
BB,2022-06-06,1,1.0,1.0,1.0,0.0,0.0,235,3,0.0,1.2765957446808511,0.6931471805599453
BB,2022-06-10,1,-1.0,1.0,0.0,0.0,1.0,249,4,0.0,1.606425702811245,0.6931471805599453
BB,2022-06-14,2,0.0,1.0,0.5,0.0,0.5,383,0,0.6309297535714574,0.0,1.0986122886681096
BB,2022-06-16,1,1.0,1.0,1.0,0.0,0.0,217,0,0.0,0.0,0.6931471805599453
BB,2022-06-21,1,0.0,0.0,0.0,1.0,0.0,243,0,0.0,0.0,0.6931471805599453
BB,2022-06-24,7,0.0,0.5714285714285714,0.2857142857142857,0.42857142857142855,0.2857142857142857,1181,9,0.9821410328348751,0.7620660457239627,2.0794415416798357
BB,2022-06-27,6,-1.0,1.0,0.0,0.0,1.0,1421,18,0.0,1.266713581984518,1.9459101490553132
BB,2022-07-01,1,-1.0,1.0,0.0,0.0,1.0,247,4,0.0,1.6194331983805668,0.6931471805599453
BB,2022-07-07,2,1.0,1.0,1.0,0.0,0.0,418,1,0.0,0.23923444976076555,1.0986122886681096
BB,2022-07-08,2,0.5,0.5,0.5,0.5,0.0,499,2,0.6309297535714574,0.40080160320641284,1.0986122886681096
BB,2022-07-12,1,0.0,0.0,0.0,1.0,0.0,260,2,0.0,0.7692307692307693,0.6931471805599453
BB,2022-07-22,1,1.0,1.0,1.0,0.0,0.0,224,0,0.0,0.0,0.6931471805599453
BB,2022-07-29,1,-1.0,1.0,0.0,0.0,1.0,246,4,0.0,1.6260162601626016,0.6931471805599453
BB,2022-08-01,1,1.0,1.0,1.0,0.0,0.0,250,1,0.0,0.4,0.6931471805599453
BB,2022-08-05,1,-1.0,1.0,0.0,0.0,1.0,257,6,0.0,2.3346303501945527,0.6931471805599453
BB,2022-08-12,1,-1.0,1.0,0.0,0.0,1.0,248,4,0.0,1.6129032258064515,0.6931471805599453
BB,2022-08-16,1,-1.0,1.0,0.0,0.0,1.0,265,1,0.0,0.37735849056603776,0.6931471805599453
BB,2022-08-17,1,-1.0,1.0,0.0,0.0,1.0,259,1,0.0,0.3861003861003861,0.6931471805599453
BB,2022-09-09,3,-0.3333333333333333,1.0,0.3333333333333333,0.0,0.6666666666666666,751,12,0.5793801642856949,1.5978695073235685,1.3862943611198906
BB,2022-09-13,1,1.0,1.0,1.0,0.0,0.0,253,3,0.0,1.1857707509881423,0.6931471805599453
BB,2022-09-14,1,-1.0,1.0,0.0,0.0,1.0,221,2,0.0,0.9049773755656109,0.6931471805599453
BB,2022-09-23,1,-1.0,1.0,0.0,0.0,1.0,245,0,0.0,0.0,0.6931471805599453
BB,2022-09-26,1,-1.0,1.0,0.0,0.0,1.0,261,2,0.0,0.7662835249042146,0.6931471805599453
BB,2022-09-28,4,-0.5,0.5,0.0,0.5,0.5,792,4,0.6309297535714574,0.5050505050505051,1.6094379124341003
BB,2022-09-29,5,-0.8,0.8,0.0,0.2,0.8,1109,5,0.4554859150035952,0.4508566275924256,1.791759469228055
BB,2022-09-30,2,0.0,1.0,0.5,0.0,0.5,512,9,0.6309297535714574,1.7578125,1.0986122886681096
BB,2022-10-03,1,1.0,1.0,1.0,0.0,0.0,223,0,0.0,0.0,0.6931471805599453
BB,2022-10-05,1,-1.0,1.0,0.0,0.0,1.0,257,6,0.0,2.3346303501945527,0.6931471805599453
BB,2022-10-07,1,-1.0,1.0,0.0,0.0,1.0,246,4,0.0,1.6260162601626016,0.6931471805599453
BB,2022-10-14,1,1.0,1.0,1.0,0.0,0.0,250,5,0.0,2.0,0.6931471805599453
BB,2022-10-18,1,-1.0,1.0,0.0,0.0,1.0,241,0,0.0,0.0,0.6931471805599453
BB,2022-10-25,1,-1.0,1.0,0.0,0.0,1.0,126,0,0.0,0.0,0.6931471805599453
BB,2022-10-27,1,1.0,1.0,1.0,0.0,0.0,238,1,0.0,0.42016806722689076,0.6931471805599453
BB,2022-10-28,1,-1.0,1.0,0.0,0.0,1.0,248,4,0.0,1.6129032258064515,0.6931471805599453
BB,2022-11-02,1,1.0,1.0,1.0,0.0,0.0,237,2,0.0,0.8438818565400844,0.6931471805599453
BB,2022-11-09,1,1.0,1.0,1.0,0.0,0.0,238,0,0.0,0.0,0.6931471805599453
BB,2022-11-16,2,1.0,1.0,1.0,0.0,0.0,472,4,0.0,0.847457627118644,1.0986122886681096
BB,2022-11-18,2,0.0,1.0,0.5,0.0,0.5,472,2,0.6309297535714574,0.423728813559322,1.0986122886681096
BB,2022-11-23,2,0.5,0.5,0.5,0.5,0.0,478,1,0.6309297535714574,0.20920502092050208,1.0986122886681096
BB,2022-11-29,1,1.0,1.0,1.0,0.0,0.0,237,1,0.0,0.4219409282700422,0.6931471805599453
BB,2022-11-30,1,1.0,1.0,1.0,0.0,0.0,233,0,0.0,0.0,0.6931471805599453
BB,2022-12-02,1,-1.0,1.0,0.0,0.0,1.0,246,4,0.0,1.6260162601626016,0.6931471805599453
BB,2022-12-09,2,0.0,1.0,0.5,0.0,0.5,477,4,0.6309297535714574,0.8385744234800838,1.0986122886681096
BB,2022-12-14,1,-1.0,1.0,0.0,0.0,1.0,258,4,0.0,1.550387596899225,0.6931471805599453
BB,2022-12-16,1,-1.0,1.0,0.0,0.0,1.0,246,0,0.0,0.0,0.6931471805599453
BB,2022-12-19,2,-1.0,1.0,0.0,0.0,1.0,499,7,0.0,1.402805611222445,1.0986122886681096
BB,2022-12-20,1,-1.0,1.0,0.0,0.0,1.0,253,1,0.0,0.3952569169960474,0.6931471805599453
BB,2022-12-21,5,0.0,0.8,0.4,0.2,0.4,864,3,0.9602297178607612,0.3472222222222222,1.791759469228055
BB,2022-12-22,5,-0.6,1.0,0.2,0.0,0.8,1126,5,0.4554859150035952,0.44404973357015987,1.791759469228055
BB,2022-12-23,2,-0.5,0.5,0.0,0.5,0.5,477,4,0.6309297535714574,0.8385744234800838,1.0986122886681096
BB,2022-12-27,2,1.0,1.0,1.0,0.0,0.0,512,8,0.0,1.5625,1.0986122886681096
BB,2022-12-28,1,-1.0,1.0,0.0,0.0,1.0,237,3,0.0,1.2658227848101267,0.6931471805599453
BB,2023-01-05,1,1.0,1.0,1.0,0.0,0.0,233,4,0.0,1.7167381974248928,0.6931471805599453
BB,2023-01-09,1,1.0,1.0,1.0,0.0,0.0,255,5,0.0,1.9607843137254901,0.6931471805599453
BB,2023-01-10,1,1.0,1.0,1.0,0.0,0.0,233,0,0.0,0.0,0.6931471805599453
BB,2023-01-11,1,-1.0,1.0,0.0,0.0,1.0,231,3,0.0,1.2987012987012987,0.6931471805599453
BB,2023-01-19,1,1.0,1.0,1.0,0.0,0.0,250,4,0.0,1.6,0.6931471805599453
BB,2023-01-20,1,-1.0,1.0,0.0,0.0,1.0,248,0,0.0,0.0,0.6931471805599453
BB,2023-01-27,1,-1.0,1.0,0.0,0.0,1.0,248,4,0.0,1.6129032258064515,0.6931471805599453
BB,2023-01-31,3,0.3333333333333333,1.0,0.6666666666666666,0.0,0.3333333333333333,751,13,0.5793801642856949,1.7310252996005326,1.3862943611198906
BB,2023-02-03,1,-1.0,1.0,0.0,0.0,1.0,249,4,0.0,1.606425702811245,0.6931471805599453
BB,2023-02-07,1,-1.0,1.0,0.0,0.0,1.0,244,2,0.0,0.819672131147541,0.6931471805599453
BB,2023-02-08,1,1.0,1.0,1.0,0.0,0.0,235,0,0.0,0.0,0.6931471805599453
BB,2023-02-10,1,-1.0,1.0,0.0,0.0,1.0,246,4,0.0,1.6260162601626016,0.6931471805599453
BB,2023-02-14,1,1.0,1.0,1.0,0.0,0.0,234,2,0.0,0.8547008547008547,0.6931471805599453
BB,2023-02-15,1,1.0,1.0,1.0,0.0,0.0,216,0,0.0,0.0,0.6931471805599453
BB,2023-02-21,1,1.0,1.0,1.0,0.0,0.0,249,0,0.0,0.0,0.6931471805599453
BB,2023-02-23,1,-1.0,1.0,0.0,0.0,1.0,243,0,0.0,0.0,0.6931471805599453
BB,2023-02-24,1,-1.0,1.0,0.0,0.0,1.0,249,4,0.0,1.606425702811245,0.6931471805599453
BB,2023-03-07,1,-1.0,1.0,0.0,0.0,1.0,224,7,0.0,3.125,0.6931471805599453
BB,2023-03-08,4,-0.25,0.75,0.25,0.25,0.5,777,9,0.946394630357186,1.1583011583011582,1.6094379124341003
BB,2023-03-09,1,-1.0,1.0,0.0,0.0,1.0,213,9,0.0,4.225352112676056,0.6931471805599453
BB,2023-03-10,3,-0.3333333333333333,1.0,0.3333333333333333,0.0,0.6666666666666666,724,10,0.5793801642856949,1.3812154696132597,1.3862943611198906
BB,2023-03-16,1,-1.0,1.0,0.0,0.0,1.0,238,0,0.0,0.0,0.6931471805599453
BB,2023-03-20,1,-1.0,1.0,0.0,0.0,1.0,250,7,0.0,2.8,0.6931471805599453
BB,2023-03-22,4,0.25,0.75,0.5,0.25,0.25,756,4,0.946394630357186,0.5291005291005291,1.6094379124341003
BB,2023-03-23,2,1.0,1.0,1.0,0.0,0.0,477,8,0.0,1.6771488469601676,1.0986122886681096
BB,2023-03-24,1,-1.0,1.0,0.0,0.0,1.0,250,7,0.0,2.8,0.6931471805599453
BB,2023-03-27,2,0.0,1.0,0.5,0.0,0.5,505,2,0.6309297535714574,0.39603960396039606,1.0986122886681096
BB,2023-03-28,1,-1.0,1.0,0.0,0.0,1.0,236,1,0.0,0.423728813559322,0.6931471805599453
BB,2023-03-31,5,-0.8,0.8,0.0,0.2,0.8,1072,4,0.4554859150035952,0.373134328358209,1.791759469228055
BB,2023-04-03,4,0.0,1.0,0.5,0.0,0.5,649,1,0.6309297535714574,0.15408320493066255,1.6094379124341003
BB,2023-04-04,3,-0.6666666666666666,0.6666666666666666,0.0,0.3333333333333333,0.6666666666666666,705,8,0.5793801642856949,1.1347517730496455,1.3862943611198906
BB,2023-04-10,1,-1.0,1.0,0.0,0.0,1.0,217,1,0.0,0.4608294930875576,0.6931471805599453
BB,2023-04-11,1,-1.0,1.0,0.0,0.0,1.0,253,2,0.0,0.7905138339920948,0.6931471805599453
BB,2023-04-14,2,-1.0,1.0,0.0,0.0,1.0,498,6,0.0,1.2048192771084338,1.0986122886681096
BB,2023-04-26,1,-1.0,1.0,0.0,0.0,1.0,235,1,0.0,0.425531914893617,0.6931471805599453
BB,2023-05-02,2,0.5,0.5,0.5,0.5,0.0,327,4,0.6309297535714574,1.2232415902140672,1.0986122886681096
BB,2023-05-05,1,-1.0,1.0,0.0,0.0,1.0,249,4,0.0,1.606425702811245,0.6931471805599453
BB,2023-05-12,1,-1.0,1.0,0.0,0.0,1.0,247,4,0.0,1.6194331983805668,0.6931471805599453
BB,2023-05-16,1,1.0,1.0,1.0,0.0,0.0,224,1,0.0,0.44642857142857145,0.6931471805599453
BB,2023-05-18,3,0.6666666666666666,0.6666666666666666,0.6666666666666666,0.3333333333333333,0.0,408,2,0.5793801642856949,0.49019607843137253,1.3862943611198906
BB,2023-05-19,3,-0.3333333333333333,1.0,0.3333333333333333,0.0,0.6666666666666666,734,13,0.5793801642856949,1.771117166212534,1.3862943611198906
BB,2023-05-23,1,1.0,1.0,1.0,0.0,0.0,242,3,0.0,1.2396694214876034,0.6931471805599453
BB,2023-05-25,1,1.0,1.0,1.0,0.0,0.0,255,0,0.0,0.0,0.6931471805599453
BB,2023-05-26,1,-1.0,1.0,0.0,0.0,1.0,250,4,0.0,1.6,0.6931471805599453
BB,2023-06-08,2,0.0,1.0,0.5,0.0,0.5,462,3,0.6309297535714574,0.6493506493506493,1.0986122886681096
BB,2023-06-09,2,-1.0,1.0,0.0,0.0,1.0,498,8,0.0,1.606425702811245,1.0986122886681096
BB,2023-06-16,1,1.0,1.0,1.0,0.0,0.0,239,2,0.0,0.8368200836820083,0.6931471805599453
BB,2023-06-21,1,-1.0,1.0,0.0,0.0,1.0,249,4,0.0,1.606425702811245,0.6931471805599453
BB,2023-06-23,1,-1.0,1.0,0.0,0.0,1.0,247,4,0.0,1.6194331983805668,0.6931471805599453
BB,2023-06-26,2,-1.0,1.0,0.0,0.0,1.0,506,0,0.0,0.0,1.0986122886681096
BB,2023-06-28,1,1.0,1.0,1.0,0.0,0.0,215,2,0.0,0.9302325581395349,0.6931471805599453
BB,2023-06-29,6,-0.5,0.8333333333333334,0.16666666666666666,0.16666666666666666,0.6666666666666666,1264,7,0.7896900821428474,0.5537974683544303,1.9459101490553132
BB,2023-06-30,3,0.3333333333333333,1.0,0.6666666666666666,0.0,0.3333333333333333,720,8,0.5793801642856949,1.1111111111111112,1.3862943611198906
BB,2023-07-03,2,1.0,1.0,1.0,0.0,0.0,474,1,0.0,0.2109704641350211,1.0986122886681096
BB,2023-07-07,1,-1.0,1.0,0.0,0.0,1.0,243,4,0.0,1.646090534979424,0.6931471805599453
BB,2023-07-19,3,0.3333333333333333,1.0,0.6666666666666666,0.0,0.3333333333333333,737,2,0.5793801642856949,0.27137042062415195,1.3862943611198906
BB,2023-07-20,1,-1.0,1.0,0.0,0.0,1.0,227,1,0.0,0.44052863436123346,0.6931471805599453
BB,2023-07-24,1,1.0,1.0,1.0,0.0,0.0,251,5,0.0,1.9920318725099602,0.6931471805599453
BB,2023-07-28,1,-1.0,1.0,0.0,0.0,1.0,240,0,0.0,0.0,0.6931471805599453
BB,2023-08-01,1,-1.0,1.0,0.0,0.0,1.0,217,0,0.0,0.0,0.6931471805599453
BB,2023-08-03,1,0.0,0.0,0.0,1.0,0.0,231,1,0.0,0.4329004329004329,0.6931471805599453
BB,2023-08-16,1,1.0,1.0,1.0,0.0,0.0,255,0,0.0,0.0,0.6931471805599453
BB,2023-08-17,1,0.0,0.0,0.0,1.0,0.0,137,0,0.0,0.0,0.6931471805599453
BB,2023-08-23,1,-1.0,1.0,0.0,0.0,1.0,242,0,0.0,0.0,0.6931471805599453
BB,2023-08-28,5,-0.6,0.6,0.0,0.4,0.6,879,5,0.6126016192893442,0.5688282138794084,1.791759469228055
BB,2023-08-29,2,1.0,1.0,1.0,0.0,0.0,513,2,0.0,0.3898635477582846,1.0986122886681096
BB,2023-08-30,1,-1.0,1.0,0.0,0.0,1.0,237,3,0.0,1.2658227848101267,0.6931471805599453
BB,2023-09-01,2,0.0,1.0,0.5,0.0,0.5,506,4,0.6309297535714574,0.7905138339920948,1.0986122886681096
BB,2023-09-07,2,-1.0,1.0,0.0,0.0,1.0,412,6,0.0,1.4563106796116505,1.0986122886681096
BB,2023-09-08,2,-1.0,1.0,0.0,0.0,1.0,465,8,0.0,1.7204301075268817,1.0986122886681096
BB,2023-09-13,1,-1.0,1.0,0.0,0.0,1.0,224,1,0.0,0.44642857142857145,0.6931471805599453
BB,2023-09-15,2,0.0,1.0,0.5,0.0,0.5,505,9,0.6309297535714574,1.7821782178217822,1.0986122886681096
BB,2023-09-20,1,1.0,1.0,1.0,0.0,0.0,259,2,0.0,0.7722007722007722,0.6931471805599453
BB,2023-09-25,1,-1.0,1.0,0.0,0.0,1.0,255,1,0.0,0.39215686274509803,0.6931471805599453
BB,2023-09-27,2,0.0,1.0,0.5,0.0,0.5,361,2,0.6309297535714574,0.554016620498615,1.0986122886681096
BB,2023-09-28,1,0.0,0.0,0.0,1.0,0.0,212,2,0.0,0.9433962264150944,0.6931471805599453
BB,2023-09-29,4,-0.75,0.75,0.0,0.25,0.75,805,5,0.5118595071429147,0.6211180124223602,1.6094379124341003
BB,2023-10-02,1,-1.0,1.0,0.0,0.0,1.0,233,0,0.0,0.0,0.6931471805599453
BB,2023-10-03,3,0.0,0.6666666666666666,0.3333333333333333,0.3333333333333333,0.3333333333333333,594,0,0.9999999999999998,0.0,1.3862943611198906
BB,2023-10-04,1,-1.0,1.0,0.0,0.0,1.0,243,0,0.0,0.0,0.6931471805599453
BB,2023-10-05,2,0.5,0.5,0.5,0.5,0.0,386,12,0.6309297535714574,3.1088082901554404,1.0986122886681096
BB,2023-10-06,1,0.0,0.0,0.0,1.0,0.0,235,2,0.0,0.851063829787234,0.6931471805599453
BB,2023-10-11,1,-1.0,1.0,0.0,0.0,1.0,249,6,0.0,2.4096385542168677,0.6931471805599453
BB,2023-10-12,2,0.0,1.0,0.5,0.0,0.5,347,2,0.6309297535714574,0.5763688760806917,1.0986122886681096
BB,2023-10-13,1,-1.0,1.0,0.0,0.0,1.0,216,2,0.0,0.9259259259259259,0.6931471805599453
BB,2023-10-16,1,1.0,1.0,1.0,0.0,0.0,210,0,0.0,0.0,0.6931471805599453
BB,2023-10-26,1,0.0,0.0,0.0,1.0,0.0,262,3,0.0,1.1450381679389312,0.6931471805599453
BB,2023-10-31,1,-1.0,1.0,0.0,0.0,1.0,251,0,0.0,0.0,0.6931471805599453
BB,2023-11-10,1,-1.0,1.0,0.0,0.0,1.0,230,5,0.0,2.1739130434782608,0.6931471805599453
BB,2023-11-22,1,1.0,1.0,1.0,0.0,0.0,216,0,0.0,0.0,0.6931471805599453
BB,2023-12-11,1,1.0,1.0,1.0,0.0,0.0,254,1,0.0,0.3937007874015748,0.6931471805599453
BB,2023-12-12,5,0.8,0.8,0.8,0.2,0.0,728,2,0.4554859150035952,0.27472527472527475,1.791759469228055
BB,2023-12-13,3,0.6666666666666666,0.6666666666666666,0.6666666666666666,0.3333333333333333,0.0,724,3,0.5793801642856949,0.4143646408839779,1.3862943611198906
BB,2023-12-14,1,-1.0,1.0,0.0,0.0,1.0,248,2,0.0,0.8064516129032258,0.6931471805599453
BB,2023-12-15,1,0.0,0.0,0.0,1.0,0.0,231,1,0.0,0.4329004329004329,0.6931471805599453
BB,2023-12-18,2,0.5,0.5,0.5,0.5,0.0,511,5,0.6309297535714574,0.9784735812133072,1.0986122886681096
GME,2009-10-28,1,0.0,0.0,0.0,1.0,0.0,18,0,0.0,0.0,0.6931471805599453
GME,2009-10-30,1,1.0,1.0,1.0,0.0,0.0,19,1,0.0,5.2631578947368425,0.6931471805599453
GME,2009-11-11,2,0.0,0.0,0.0,1.0,0.0,16,0,0.0,0.0,1.0986122886681096
GME,2009-11-16,1,0.0,0.0,0.0,1.0,0.0,10,0,0.0,0.0,0.6931471805599453
GME,2009-11-19,2,0.5,0.5,0.5,0.5,0.0,19,1,0.6309297535714574,5.2631578947368425,1.0986122886681096
GME,2009-11-20,1,0.0,0.0,0.0,1.0,0.0,10,0,0.0,0.0,0.6931471805599453
GME,2010-01-07,2,0.0,0.0,0.0,1.0,0.0,18,0,0.0,0.0,1.0986122886681096
GME,2010-01-08,3,-0.3333333333333333,0.3333333333333333,0.0,0.6666666666666666,0.3333333333333333,21,0,0.5793801642856949,0.0,1.3862943611198906
GME,2010-01-11,1,0.0,0.0,0.0,1.0,0.0,13,0,0.0,0.0,0.6931471805599453
GME,2010-01-13,3,0.3333333333333333,0.3333333333333333,0.3333333333333333,0.6666666666666666,0.0,28,1,0.5793801642856949,3.5714285714285716,1.3862943611198906
GME,2010-01-19,1,0.0,0.0,0.0,1.0,0.0,2,0,0.0,0.0,0.6931471805599453
GME,2010-01-25,1,0.0,0.0,0.0,1.0,0.0,18,0,0.0,0.0,0.6931471805599453
GME,2010-02-10,3,-0.3333333333333333,0.3333333333333333,0.0,0.6666666666666666,0.3333333333333333,24,0,0.5793801642856949,0.0,1.3862943611198906
GME,2010-02-25,3,0.3333333333333333,0.3333333333333333,0.3333333333333333,0.6666666666666666,0.0,31,1,0.5793801642856949,3.225806451612903,1.3862943611198906
GME,2010-02-26,1,-1.0,1.0,0.0,0.0,1.0,10,0,0.0,0.0,0.6931471805599453
GME,2010-03-01,1,0.0,0.0,0.0,1.0,0.0,11,0,0.0,0.0,0.6931471805599453
GME,2010-03-05,1,0.0,0.0,0.0,1.0,0.0,10,0,0.0,0.0,0.6931471805599453
GME,2010-03-08,1,0.0,0.0,0.0,1.0,0.0,10,0,0.0,0.0,0.6931471805599453
GME,2010-03-09,1,0.0,0.0,0.0,1.0,0.0,6,0,0.0,0.0,0.6931471805599453
GME,2010-03-12,2,0.5,0.5,0.5,0.5,0.0,16,1,0.6309297535714574,6.25,1.0986122886681096
GME,2010-03-18,1,0.0,0.0,0.0,1.0,0.0,4,0,0.0,0.0,0.6931471805599453
GME,2010-03-19,8,0.375,0.375,0.375,0.625,0.0,62,0,0.6021808102656678,0.0,2.1972245773362196
GME,2010-03-22,5,0.0,0.4,0.2,0.6,0.2,62,0,0.8649735207179272,0.0,1.791759469228055
GME,2010-03-29,1,1.0,1.0,1.0,0.0,0.0,9,0,0.0,0.0,0.6931471805599453
GME,2010-04-05,1,0.0,0.0,0.0,1.0,0.0,11,0,0.0,0.0,0.6931471805599453
GME,2010-04-19,1,1.0,1.0,1.0,0.0,0.0,7,0,0.0,0.0,0.6931471805599453
GME,2010-04-20,1,0.0,0.0,0.0,1.0,0.0,14,0,0.0,0.0,0.6931471805599453
GME,2010-05-17,3,-0.3333333333333333,0.3333333333333333,0.0,0.6666666666666666,0.3333333333333333,17,0,0.5793801642856949,0.0,1.3862943611198906
GME,2010-05-21,4,0.25,0.25,0.25,0.75,0.0,23,1,0.5118595071429147,4.3478260869565215,1.6094379124341003
GME,2010-06-16,3,-0.3333333333333333,1.0,0.3333333333333333,0.0,0.6666666666666666,16,0,0.5793801642856949,0.0,1.3862943611198906
GME,2010-06-29,1,-1.0,1.0,0.0,0.0,1.0,275,7,0.0,2.5454545454545454,0.6931471805599453
GME,2010-07-01,1,-1.0,1.0,0.0,0.0,1.0,275,7,0.0,2.5454545454545454,0.6931471805599453
GME,2010-07-15,2,0.0,0.0,0.0,1.0,0.0,11,0,0.0,0.0,1.0986122886681096
GME,2010-07-19,1,0.0,0.0,0.0,1.0,0.0,7,0,0.0,0.0,0.6931471805599453
GME,2010-07-20,1,0.0,0.0,0.0,1.0,0.0,10,0,0.0,0.0,0.6931471805599453
GME,2010-07-28,1,0.0,0.0,0.0,1.0,0.0,5,0,0.0,0.0,0.6931471805599453
GME,2010-08-20,4,-0.75,0.75,0.0,0.25,0.75,281,4,0.5118595071429147,1.4234875444839858,1.6094379124341003
GME,2010-08-23,1,0.0,0.0,0.0,1.0,0.0,15,0,0.0,0.0,0.6931471805599453
GME,2010-08-25,1,-1.0,1.0,0.0,0.0,1.0,252,3,0.0,1.1904761904761905,0.6931471805599453
GME,2010-08-30,1,0.0,0.0,0.0,1.0,0.0,7,0,0.0,0.0,0.6931471805599453
GME,2010-09-02,1,-1.0,1.0,0.0,0.0,1.0,12,1,0.0,8.333333333333334,0.6931471805599453
GME,2010-09-16,3,0.0,0.0,0.0,1.0,0.0,30,0,0.0,0.0,1.3862943611198906
GME,2010-09-17,4,0.25,0.25,0.25,0.75,0.0,24,0,0.5118595071429147,0.0,1.6094379124341003
GME,2010-09-22,2,0.0,0.0,0.0,1.0,0.0,24,0,0.0,0.0,1.0986122886681096
GME,2010-10-05,2,1.0,1.0,1.0,0.0,0.0,270,2,0.0,0.7407407407407407,1.0986122886681096
GME,2010-10-08,2,0.0,0.0,0.0,1.0,0.0,17,0,0.0,0.0,1.0986122886681096
GME,2010-11-12,1,0.0,0.0,0.0,1.0,0.0,16,0,0.0,0.0,0.6931471805599453
GME,2010-11-17,2,0.0,0.0,0.0,1.0,0.0,14,0,0.0,0.0,1.0986122886681096
GME,2010-11-18,1,1.0,1.0,1.0,0.0,0.0,6,0,0.0,0.0,0.6931471805599453
GME,2010-11-19,7,-0.2857142857142857,0.2857142857142857,0.0,0.7142857142857143,0.2857142857142857,60,0,0.5445684476282007,0.0,2.0794415416798357
GME,2010-11-22,2,-0.5,0.5,0.0,0.5,0.5,14,0,0.6309297535714574,0.0,1.0986122886681096
GME,2010-11-26,1,0.0,0.0,0.0,1.0,0.0,6,0,0.0,0.0,0.6931471805599453
GME,2010-12-31,1,0.0,0.0,0.0,1.0,0.0,6,0,0.0,0.0,0.6931471805599453
GME,2011-01-07,1,0.0,0.0,0.0,1.0,0.0,7,0,0.0,0.0,0.6931471805599453
GME,2011-01-10,2,-0.5,0.5,0.0,0.5,0.5,55,0,0.6309297535714574,0.0,1.0986122886681096
GME,2011-01-14,1,1.0,1.0,1.0,0.0,0.0,16,0,0.0,0.0,0.6931471805599453
GME,2011-01-20,1,0.0,0.0,0.0,1.0,0.0,8,0,0.0,0.0,0.6931471805599453
GME,2011-01-21,3,0.6666666666666666,0.6666666666666666,0.6666666666666666,0.3333333333333333,0.0,28,2,0.5793801642856949,7.142857142857143,1.3862943611198906
GME,2011-02-03,1,0.0,0.0,0.0,1.0,0.0,6,0,0.0,0.0,0.6931471805599453
GME,2011-02-07,2,0.0,0.0,0.0,1.0,0.0,14,0,0.0,0.0,1.0986122886681096
GME,2011-02-08,1,0.0,0.0,0.0,1.0,0.0,6,0,0.0,0.0,0.6931471805599453
GME,2011-02-10,1,0.0,0.0,0.0,1.0,0.0,7,1,0.0,14.285714285714286,0.6931471805599453
GME,2011-02-11,1,0.0,0.0,0.0,1.0,0.0,6,0,0.0,0.0,0.6931471805599453
GME,2011-02-15,2,-0.5,0.5,0.0,0.5,0.5,17,0,0.6309297535714574,0.0,1.0986122886681096
GME,2011-02-23,1,-1.0,1.0,0.0,0.0,1.0,256,1,0.0,0.390625,0.6931471805599453
GME,2011-03-09,1,-1.0,1.0,0.0,0.0,1.0,7,0,0.0,0.0,0.6931471805599453
GME,2011-03-15,1,0.0,0.0,0.0,1.0,0.0,7,0,0.0,0.0,0.6931471805599453
GME,2011-03-16,1,0.0,0.0,0.0,1.0,0.0,3,0,0.0,0.0,0.6931471805599453
GME,2011-03-17,2,-0.5,0.5,0.0,0.5,0.5,266,8,0.6309297535714574,3.007518796992481,1.0986122886681096
GME,2011-03-23,3,0.0,0.0,0.0,1.0,0.0,18,0,0.0,0.0,1.3862943611198906
GME,2011-03-24,1,0.0,0.0,0.0,1.0,0.0,6,0,0.0,0.0,0.6931471805599453
GME,2011-03-25,8,0.0,0.0,0.0,1.0,0.0,61,0,0.0,0.0,2.1972245773362196
GME,2011-03-28,6,0.16666666666666666,0.16666666666666666,0.16666666666666666,0.8333333333333334,0.0,41,0,0.41011848630651804,0.0,1.9459101490553132
GME,2011-03-29,1,0.0,0.0,0.0,1.0,0.0,5,0,0.0,0.0,0.6931471805599453
GME,2011-04-01,3,0.0,0.0,0.0,1.0,0.0,24,0,0.0,0.0,1.3862943611198906
GME,2011-04-04,4,0.0,0.0,0.0,1.0,0.0,29,0,0.0,0.0,1.6094379124341003
GME,2011-04-05,4,0.0,0.0,0.0,1.0,0.0,28,0,0.0,0.0,1.6094379124341003
GME,2011-04-06,2,0.0,0.0,0.0,1.0,0.0,17,1,0.0,5.882352941176471,1.0986122886681096
GME,2011-04-15,1,0.0,0.0,0.0,1.0,0.0,9,0,0.0,0.0,0.6931471805599453
GME,2011-04-18,1,0.0,0.0,0.0,1.0,0.0,12,1,0.0,8.333333333333334,0.6931471805599453
GME,2011-05-02,1,-1.0,1.0,0.0,0.0,1.0,264,4,0.0,1.5151515151515151,0.6931471805599453
GME,2011-05-16,1,0.0,0.0,0.0,1.0,0.0,7,0,0.0,0.0,0.6931471805599453
GME,2011-05-18,1,0.0,0.0,0.0,1.0,0.0,7,0,0.0,0.0,0.6931471805599453
GME,2011-05-19,1,0.0,0.0,0.0,1.0,0.0,5,0,0.0,0.0,0.6931471805599453
GME,2011-05-20,11,-0.09090909090909091,0.09090909090909091,0.0,0.9090909090909091,0.09090909090909091,82,0,0.27729172565378846,0.0,2.4849066497880004
GME,2011-05-23,3,0.0,0.0,0.0,1.0,0.0,19,0,0.0,0.0,1.3862943611198906
GME,2011-05-25,1,0.0,0.0,0.0,1.0,0.0,4,0,0.0,0.0,0.6931471805599453
GME,2011-05-26,2,0.0,0.0,0.0,1.0,0.0,11,0,0.0,0.0,1.0986122886681096
GME,2011-05-31,1,0.0,0.0,0.0,1.0,0.0,5,0,0.0,0.0,0.6931471805599453
GME,2011-06-15,1,0.0,0.0,0.0,1.0,0.0,5,0,0.0,0.0,0.6931471805599453
GME,2011-06-16,1,1.0,1.0,1.0,0.0,0.0,15,0,0.0,0.0,0.6931471805599453
GME,2011-06-20,1,1.0,1.0,1.0,0.0,0.0,14,0,0.0,0.0,0.6931471805599453
GME,2011-07-06,2,0.0,0.0,0.0,1.0,0.0,19,1,0.0,5.2631578947368425,1.0986122886681096
GME,2011-07-13,1,0.0,0.0,0.0,1.0,0.0,8,0,0.0,0.0,0.6931471805599453
GME,2011-07-15,1,0.0,0.0,0.0,1.0,0.0,5,0,0.0,0.0,0.6931471805599453
GME,2011-07-18,1,0.0,0.0,0.0,1.0,0.0,12,0,0.0,0.0,0.6931471805599453
GME,2011-08-15,2,0.0,0.0,0.0,1.0,0.0,14,0,0.0,0.0,1.0986122886681096
GME,2011-08-17,1,0.0,0.0,0.0,1.0,0.0,3,0,0.0,0.0,0.6931471805599453
GME,2011-08-18,1,-1.0,1.0,0.0,0.0,1.0,246,6,0.0,2.4390243902439024,0.6931471805599453
GME,2011-08-19,9,-0.4444444444444444,0.4444444444444444,0.0,0.5555555555555556,0.4444444444444444,71,0,0.6252993742043005,0.0,2.302585092994046
GME,2011-08-22,1,0.0,0.0,0.0,1.0,0.0,6,0,0.0,0.0,0.6931471805599453
GME,2011-08-23,1,0.0,0.0,0.0,1.0,0.0,5,0,0.0,0.0,0.6931471805599453
GME,2011-08-24,1,1.0,1.0,1.0,0.0,0.0,6,1,0.0,16.666666666666668,0.6931471805599453
GME,2011-08-25,1,0.0,0.0,0.0,1.0,0.0,6,0,0.0,0.0,0.6931471805599453
GME,2011-08-26,2,0.0,0.0,0.0,1.0,0.0,16,0,0.0,0.0,1.0986122886681096
GME,2011-08-31,1,0.0,0.0,0.0,1.0,0.0,7,1,0.0,14.285714285714286,0.6931471805599453
GME,2011-09-06,1,0.0,0.0,0.0,1.0,0.0,10,0,0.0,0.0,0.6931471805599453
GME,2011-09-13,1,0.0,0.0,0.0,1.0,0.0,11,0,0.0,0.0,0.6931471805599453
GME,2011-09-14,2,0.0,0.0,0.0,1.0,0.0,23,0,0.0,0.0,1.0986122886681096
GME,2011-10-11,3,0.0,0.0,0.0,1.0,0.0,22,0,0.0,0.0,1.3862943611198906
GME,2011-10-18,1,-1.0,1.0,0.0,0.0,1.0,5,0,0.0,0.0,0.6931471805599453
GME,2011-10-25,2,0.5,0.5,0.5,0.5,0.0,19,1,0.6309297535714574,5.2631578947368425,1.0986122886681096
GME,2011-10-28,1,0.0,0.0,0.0,1.0,0.0,7,0,0.0,0.0,0.6931471805599453
GME,2011-10-31,1,-1.0,1.0,0.0,0.0,1.0,249,4,0.0,1.606425702811245,0.6931471805599453
GME,2011-11-03,1,0.0,0.0,0.0,1.0,0.0,14,0,0.0,0.0,0.6931471805599453
GME,2011-11-09,1,0.0,0.0,0.0,1.0,0.0,13,0,0.0,0.0,0.6931471805599453
GME,2011-11-15,2,0.0,0.0,0.0,1.0,0.0,16,0,0.0,0.0,1.0986122886681096
GME,2011-11-17,1,1.0,1.0,1.0,0.0,0.0,241,5,0.0,2.074688796680498,0.6931471805599453
GME,2011-11-18,5,0.0,0.4,0.2,0.6,0.2,54,0,0.8649735207179272,0.0,1.791759469228055
GME,2011-11-21,4,0.25,0.25,0.25,0.75,0.0,271,0,0.5118595071429147,0.0,1.6094379124341003
GME,2011-11-23,1,-1.0,1.0,0.0,0.0,1.0,246,0,0.0,0.0,0.6931471805599453
GME,2011-11-29,1,1.0,1.0,1.0,0.0,0.0,222,1,0.0,0.45045045045045046,0.6931471805599453
GME,2011-12-01,1,0.0,0.0,0.0,1.0,0.0,7,0,0.0,0.0,0.6931471805599453
GME,2011-12-08,1,0.0,0.0,0.0,1.0,0.0,6,0,0.0,0.0,0.6931471805599453
GME,2011-12-16,1,0.0,0.0,0.0,1.0,0.0,13,0,0.0,0.0,0.6931471805599453
GME,2011-12-23,1,0.0,0.0,0.0,1.0,0.0,5,0,0.0,0.0,0.6931471805599453
GME,2012-01-09,1,0.0,0.0,0.0,1.0,0.0,6,0,0.0,0.0,0.6931471805599453
GME,2012-01-10,2,0.0,0.0,0.0,1.0,0.0,17,0,0.0,0.0,1.0986122886681096
GME,2012-01-11,2,-0.5,0.5,0.0,0.5,0.5,244,1,0.6309297535714574,0.4098360655737705,1.0986122886681096
GME,2012-01-12,1,0.0,0.0,0.0,1.0,0.0,7,0,0.0,0.0,0.6931471805599453
GME,2012-01-27,3,-0.3333333333333333,0.3333333333333333,0.0,0.6666666666666666,0.3333333333333333,30,1,0.5793801642856949,3.3333333333333335,1.3862943611198906
GME,2012-02-09,5,0.2,0.2,0.2,0.8,0.0,31,0,0.4554859150035952,0.0,1.791759469228055
GME,2012-02-10,3,-0.3333333333333333,0.3333333333333333,0.0,0.6666666666666666,0.3333333333333333,236,1,0.5793801642856949,0.423728813559322,1.3862943611198906
GME,2012-02-13,2,0.0,0.0,0.0,1.0,0.0,11,0,0.0,0.0,1.0986122886681096
GME,2012-02-15,1,0.0,0.0,0.0,1.0,0.0,3,0,0.0,0.0,0.6931471805599453
GME,2012-02-17,2,0.0,0.0,0.0,1.0,0.0,12,0,0.0,0.0,1.0986122886681096
GME,2012-02-24,1,-1.0,1.0,0.0,0.0,1.0,8,0,0.0,0.0,0.6931471805599453
GME,2012-03-01,2,0.0,1.0,0.5,0.0,0.5,256,3,0.6309297535714574,1.171875,1.0986122886681096
GME,2012-03-02,1,1.0,1.0,1.0,0.0,0.0,11,0,0.0,0.0,0.6931471805599453
GME,2012-03-05,1,1.0,1.0,1.0,0.0,0.0,5,0,0.0,0.0,0.6931471805599453
GME,2012-03-06,3,0.3333333333333333,0.3333333333333333,0.3333333333333333,0.6666666666666666,0.0,38,0,0.5793801642856949,0.0,1.3862943611198906
GME,2012-03-09,3,0.0,0.0,0.0,1.0,0.0,17,0,0.0,0.0,1.3862943611198906
GME,2012-03-13,1,-1.0,1.0,0.0,0.0,1.0,243,7,0.0,2.880658436213992,0.6931471805599453
GME,2012-03-14,1,0.0,0.0,0.0,1.0,0.0,5,0,0.0,0.0,0.6931471805599453
GME,2012-03-19,1,-1.0,1.0,0.0,0.0,1.0,7,0,0.0,0.0,0.6931471805599453
GME,2012-03-20,2,0.5,0.5,0.5,0.5,0.0,226,1,0.6309297535714574,0.4424778761061947,1.0986122886681096
GME,2012-03-22,5,0.0,0.4,0.2,0.6,0.2,41,0,0.8649735207179272,0.0,1.791759469228055
GME,2012-03-23,14,-0.21428571428571427,0.21428571428571427,0.0,0.7857142857142857,0.21428571428571427,357,0,0.4729419509410569,0.0,2.70805020110221
GME,2012-03-27,1,0.0,0.0,0.0,1.0,0.0,4,0,0.0,0.0,0.6931471805599453
GME,2012-03-30,7,0.0,0.2857142857142857,0.14285714285714285,0.7142857142857143,0.14285714285714285,295,3,0.72483409150576,1.0169491525423728,2.0794415416798357
GME,2012-04-02,1,0.0,0.0,0.0,1.0,0.0,12,0,0.0,0.0,0.6931471805599453
GME,2012-04-04,1,0.0,0.0,0.0,1.0,0.0,121,0,0.0,0.0,0.6931471805599453
GME,2012-04-05,2,0.0,0.0,0.0,1.0,0.0,20,0,0.0,0.0,1.0986122886681096
GME,2012-04-09,1,0.0,0.0,0.0,1.0,0.0,4,0,0.0,0.0,0.6931471805599453
GME,2012-04-11,2,0.0,0.0,0.0,1.0,0.0,10,0,0.0,0.0,1.0986122886681096
GME,2012-04-12,1,-1.0,1.0,0.0,0.0,1.0,257,6,0.0,2.3346303501945527,0.6931471805599453
GME,2012-04-16,1,-1.0,1.0,0.0,0.0,1.0,23,0,0.0,0.0,0.6931471805599453
GME,2012-04-20,1,0.0,0.0,0.0,1.0,0.0,7,0,0.0,0.0,0.6931471805599453
GME,2012-04-23,1,0.0,0.0,0.0,1.0,0.0,16,0,0.0,0.0,0.6931471805599453
GME,2012-04-26,1,0.0,0.0,0.0,1.0,0.0,4,0,0.0,0.0,0.6931471805599453
GME,2012-04-27,1,-1.0,1.0,0.0,0.0,1.0,6,0,0.0,0.0,0.6931471805599453
GME,2012-04-30,2,0.0,0.0,0.0,1.0,0.0,17,0,0.0,0.0,1.0986122886681096
GME,2012-05-01,1,0.0,0.0,0.0,1.0,0.0,5,0,0.0,0.0,0.6931471805599453
GME,2012-05-03,1,0.0,0.0,0.0,1.0,0.0,5,0,0.0,0.0,0.6931471805599453
GME,2012-05-04,1,0.0,0.0,0.0,1.0,0.0,5,0,0.0,0.0,0.6931471805599453
GME,2012-05-07,1,0.0,0.0,0.0,1.0,0.0,4,0,0.0,0.0,0.6931471805599453
GME,2012-05-14,4,-0.75,0.75,0.0,0.25,0.75,527,3,0.5118595071429147,0.5692599620493358,1.6094379124341003
GME,2012-05-15,2,0.5,0.5,0.5,0.5,0.0,20,0,0.6309297535714574,0.0,1.0986122886681096
GME,2012-05-16,1,1.0,1.0,1.0,0.0,0.0,5,0,0.0,0.0,0.6931471805599453
GME,2012-05-17,1,0.0,0.0,0.0,1.0,0.0,7,0,0.0,0.0,0.6931471805599453
GME,2012-05-18,10,-0.5,0.5,0.0,0.5,0.5,317,0,0.6309297535714574,0.0,2.3978952727983707
GME,2012-05-21,3,-0.3333333333333333,0.3333333333333333,0.0,0.6666666666666666,0.3333333333333333,26,0,0.5793801642856949,0.0,1.3862943611198906
GME,2012-05-22,1,0.0,0.0,0.0,1.0,0.0,9,0,0.0,0.0,0.6931471805599453
GME,2012-05-24,1,0.0,0.0,0.0,1.0,0.0,11,0,0.0,0.0,0.6931471805599453
GME,2012-05-25,3,-0.6666666666666666,0.6666666666666666,0.0,0.3333333333333333,0.6666666666666666,254,1,0.5793801642856949,0.3937007874015748,1.3862943611198906
GME,2012-05-31,2,0.0,0.0,0.0,1.0,0.0,6,0,0.0,0.0,1.0986122886681096
GME,2012-06-01,1,0.0,0.0,0.0,1.0,0.0,8,0,0.0,0.0,0.6931471805599453
GME,2012-06-04,2,0.0,0.0,0.0,1.0,0.0,20,0,0.0,0.0,1.0986122886681096
GME,2012-06-05,2,-0.5,0.5,0.0,0.5,0.5,238,0,0.6309297535714574,0.0,1.0986122886681096
GME,2012-06-06,1,1.0,1.0,1.0,0.0,0.0,14,0,0.0,0.0,0.6931471805599453
GME,2012-06-08,1,0.0,0.0,0.0,1.0,0.0,10,0,0.0,0.0,0.6931471805599453
GME,2012-06-12,1,0.0,0.0,0.0,1.0,0.0,8,0,0.0,0.0,0.6931471805599453
GME,2012-06-15,2,0.0,0.0,0.0,1.0,0.0,14,0,0.0,0.0,1.0986122886681096
GME,2012-06-22,1,0.0,0.0,0.0,1.0,0.0,3,0,0.0,0.0,0.6931471805599453
GME,2012-06-25,1,-1.0,1.0,0.0,0.0,1.0,6,0,0.0,0.0,0.6931471805599453
GME,2012-06-28,1,0.0,0.0,0.0,1.0,0.0,3,0,0.0,0.0,0.6931471805599453
GME,2012-06-29,1,1.0,1.0,1.0,0.0,0.0,252,3,0.0,1.1904761904761905,0.6931471805599453
GME,2012-07-02,3,0.3333333333333333,0.3333333333333333,0.3333333333333333,0.6666666666666666,0.0,254,2,0.5793801642856949,0.7874015748031497,1.3862943611198906
GME,2012-07-09,1,0.0,0.0,0.0,1.0,0.0,7,0,0.0,0.0,0.6931471805599453
GME,2012-07-17,1,0.0,0.0,0.0,1.0,0.0,3,0,0.0,0.0,0.6931471805599453
GME,2012-07-19,1,0.0,0.0,0.0,1.0,0.0,5,0,0.0,0.0,0.6931471805599453
GME,2012-07-24,2,-0.5,0.5,0.0,0.5,0.5,271,2,0.6309297535714574,0.7380073800738007,1.0986122886681096
GME,2012-07-25,1,0.0,0.0,0.0,1.0,0.0,6,0,0.0,0.0,0.6931471805599453
GME,2012-07-26,1,-1.0,1.0,0.0,0.0,1.0,9,0,0.0,0.0,0.6931471805599453
GME,2012-07-27,1,0.0,0.0,0.0,1.0,0.0,6,0,0.0,0.0,0.6931471805599453
GME,2012-08-01,1,-1.0,1.0,0.0,0.0,1.0,4,0,0.0,0.0,0.6931471805599453
GME,2012-08-02,1,0.0,0.0,0.0,1.0,0.0,3,0,0.0,0.0,0.6931471805599453
GME,2012-08-07,1,0.0,0.0,0.0,1.0,0.0,11,1,0.0,9.090909090909092,0.6931471805599453
GME,2012-08-09,2,-1.0,1.0,0.0,0.0,1.0,135,0,0.0,0.0,1.0986122886681096
GME,2012-08-10,1,0.0,0.0,0.0,1.0,0.0,3,0,0.0,0.0,0.6931471805599453
GME,2012-08-13,3,0.3333333333333333,0.3333333333333333,0.3333333333333333,0.6666666666666666,0.0,32,2,0.5793801642856949,6.25,1.3862943611198906
GME,2012-08-14,1,0.0,0.0,0.0,1.0,0.0,4,0,0.0,0.0,0.6931471805599453
GME,2012-08-15,3,-0.3333333333333333,0.3333333333333333,0.0,0.6666666666666666,0.3333333333333333,234,1,0.5793801642856949,0.42735042735042733,1.3862943611198906
GME,2012-08-16,2,-0.5,0.5,0.0,0.5,0.5,248,0,0.6309297535714574,0.0,1.0986122886681096
GME,2012-08-17,11,-0.36363636363636365,0.36363636363636365,0.0,0.6363636363636364,0.36363636363636365,313,1,0.5966452229439911,0.3194888178913738,2.4849066497880004
GME,2012-08-20,6,-0.16666666666666666,0.5,0.16666666666666666,0.5,0.3333333333333333,211,0,0.920619835714305,0.0,1.9459101490553132
GME,2012-08-22,1,0.0,0.0,0.0,1.0,0.0,3,0,0.0,0.0,0.6931471805599453
GME,2012-08-23,2,0.0,0.0,0.0,1.0,0.0,8,0,0.0,0.0,1.0986122886681096
GME,2012-08-29,2,0.0,0.0,0.0,1.0,0.0,13,0,0.0,0.0,1.0986122886681096
GME,2012-08-30,1,0.0,0.0,0.0,1.0,0.0,7,0,0.0,0.0,0.6931471805599453
GME,2012-09-04,1,0.0,0.0,0.0,1.0,0.0,5,0,0.0,0.0,0.6931471805599453
GME,2012-09-05,6,-0.16666666666666666,0.16666666666666666,0.0,0.8333333333333334,0.16666666666666666,55,0,0.41011848630651804,0.0,1.9459101490553132
GME,2012-09-06,2,0.5,0.5,0.5,0.5,0.0,17,0,0.6309297535714574,0.0,1.0986122886681096
GME,2012-09-07,2,0.5,0.5,0.5,0.5,0.0,16,1,0.6309297535714574,6.25,1.0986122886681096
GME,2012-09-10,1,0.0,0.0,0.0,1.0,0.0,5,0,0.0,0.0,0.6931471805599453
GME,2012-09-13,1,0.0,0.0,0.0,1.0,0.0,9,0,0.0,0.0,0.6931471805599453
GME,2012-09-14,3,0.3333333333333333,0.3333333333333333,0.3333333333333333,0.6666666666666666,0.0,35,0,0.5793801642856949,0.0,1.3862943611198906
GME,2012-09-17,1,1.0,1.0,1.0,0.0,0.0,12,0,0.0,0.0,0.6931471805599453
GME,2012-09-21,1,-1.0,1.0,0.0,0.0,1.0,6,0,0.0,0.0,0.6931471805599453
GME,2012-09-25,1,0.0,0.0,0.0,1.0,0.0,7,0,0.0,0.0,0.6931471805599453
GME,2012-09-26,1,0.0,0.0,0.0,1.0,0.0,7,0,0.0,0.0,0.6931471805599453
GME,2012-10-01,2,0.0,0.0,0.0,1.0,0.0,12,0,0.0,0.0,1.0986122886681096
GME,2012-10-03,2,0.0,1.0,0.5,0.0,0.5,14,1,0.6309297535714574,7.142857142857143,1.0986122886681096
GME,2012-10-04,1,0.0,0.0,0.0,1.0,0.0,7,0,0.0,0.0,0.6931471805599453
GME,2012-10-10,2,0.5,0.5,0.5,0.5,0.0,13,0,0.6309297535714574,0.0,1.0986122886681096
GME,2012-10-11,1,-1.0,1.0,0.0,0.0,1.0,9,0,0.0,0.0,0.6931471805599453
GME,2012-10-22,2,0.0,0.0,0.0,1.0,0.0,10,0,0.0,0.0,1.0986122886681096
GME,2012-10-23,1,0.0,0.0,0.0,1.0,0.0,6,0,0.0,0.0,0.6931471805599453
GME,2012-10-24,1,0.0,0.0,0.0,1.0,0.0,5,0,0.0,0.0,0.6931471805599453
GME,2012-10-25,1,0.0,0.0,0.0,1.0,0.0,5,0,0.0,0.0,0.6931471805599453
GME,2012-11-06,1,0.0,0.0,0.0,1.0,0.0,6,0,0.0,0.0,0.6931471805599453
GME,2012-11-12,1,0.0,0.0,0.0,1.0,0.0,3,0,0.0,0.0,0.6931471805599453
GME,2012-11-13,1,-1.0,1.0,0.0,0.0,1.0,255,6,0.0,2.3529411764705883,0.6931471805599453
GME,2012-11-15,3,0.0,0.0,0.0,1.0,0.0,249,0,0.0,0.0,1.3862943611198906
GME,2012-11-16,11,-0.18181818181818182,0.36363636363636365,0.09090909090909091,0.6363636363636364,0.2727272727272727,545,2,0.782775952814142,0.3669724770642202,2.4849066497880004
GME,2012-11-19,5,-0.2,0.2,0.0,0.8,0.2,45,0,0.4554859150035952,0.0,1.791759469228055
GME,2012-11-20,2,-0.5,0.5,0.0,0.5,0.5,17,0,0.6309297535714574,0.0,1.0986122886681096
GME,2012-11-21,2,-0.5,0.5,0.0,0.5,0.5,282,6,0.6309297535714574,2.127659574468085,1.0986122886681096
GME,2012-11-23,4,0.25,0.25,0.25,0.75,0.0,204,0,0.5118595071429147,0.0,1.6094379124341003
GME,2012-11-26,2,-0.5,0.5,0.0,0.5,0.5,230,2,0.6309297535714574,0.8695652173913043,1.0986122886681096
GME,2012-11-28,1,0.0,0.0,0.0,1.0,0.0,6,0,0.0,0.0,0.6931471805599453
GME,2012-11-29,1,-1.0,1.0,0.0,0.0,1.0,6,0,0.0,0.0,0.6931471805599453
GME,2012-12-06,2,0.0,0.0,0.0,1.0,0.0,9,0,0.0,0.0,1.0986122886681096
GME,2012-12-10,2,0.0,0.0,0.0,1.0,0.0,15,0,0.0,0.0,1.0986122886681096
GME,2012-12-12,1,-1.0,1.0,0.0,0.0,1.0,6,0,0.0,0.0,0.6931471805599453
GME,2012-12-14,1,0.0,0.0,0.0,1.0,0.0,3,0,0.0,0.0,0.6931471805599453
GME,2012-12-17,1,0.0,0.0,0.0,1.0,0.0,221,1,0.0,0.45248868778280543,0.6931471805599453
GME,2012-12-18,1,1.0,1.0,1.0,0.0,0.0,248,1,0.0,0.4032258064516129,0.6931471805599453
GME,2012-12-20,1,0.0,0.0,0.0,1.0,0.0,12,0,0.0,0.0,0.6931471805599453
GME,2012-12-21,4,-0.5,0.5,0.0,0.5,0.5,32,0,0.6309297535714574,0.0,1.6094379124341003
GME,2012-12-24,1,0.0,0.0,0.0,1.0,0.0,7,0,0.0,0.0,0.6931471805599453
GME,2012-12-26,3,0.0,0.0,0.0,1.0,0.0,135,0,0.0,0.0,1.3862943611198906
GME,2012-12-27,1,0.0,0.0,0.0,1.0,0.0,5,0,0.0,0.0,0.6931471805599453
GME,2012-12-28,2,-0.5,0.5,0.0,0.5,0.5,257,1,0.6309297535714574,0.38910505836575876,1.0986122886681096
GME,2012-12-31,1,0.0,0.0,0.0,1.0,0.0,3,0,0.0,0.0,0.6931471805599453
GME,2013-01-02,1,0.0,0.0,0.0,1.0,0.0,5,0,0.0,0.0,0.6931471805599453
GME,2013-01-04,5,0.0,0.4,0.2,0.6,0.2,301,4,0.8649735207179272,1.3289036544850499,1.791759469228055
GME,2013-01-07,2,0.0,0.0,0.0,1.0,0.0,9,0,0.0,0.0,1.0986122886681096
GME,2013-01-09,8,0.125,0.125,0.125,0.875,0.0,306,1,0.34295098019812775,0.32679738562091504,2.1972245773362196
GME,2013-01-10,2,-0.5,0.5,0.0,0.5,0.5,234,1,0.6309297535714574,0.42735042735042733,1.0986122886681096
GME,2013-01-11,2,-0.5,0.5,0.0,0.5,0.5,18,0,0.6309297535714574,0.0,1.0986122886681096
GME,2013-01-14,4,-0.25,0.25,0.0,0.75,0.25,30,0,0.5118595071429147,0.0,1.6094379124341003
GME,2013-01-15,1,0.0,0.0,0.0,1.0,0.0,5,0,0.0,0.0,0.6931471805599453
GME,2013-01-16,1,0.0,0.0,0.0,1.0,0.0,5,0,0.0,0.0,0.6931471805599453
GME,2013-01-17,2,-0.5,0.5,0.0,0.5,0.5,234,1,0.6309297535714574,0.42735042735042733,1.0986122886681096
GME,2013-01-23,1,0.0,0.0,0.0,1.0,0.0,4,0,0.0,0.0,0.6931471805599453
GME,2013-01-25,1,-1.0,1.0,0.0,0.0,1.0,6,0,0.0,0.0,0.6931471805599453
GME,2013-01-30,1,-1.0,1.0,0.0,0.0,1.0,246,9,0.0,3.658536585365854,0.6931471805599453
GME,2013-01-31,2,0.0,0.0,0.0,1.0,0.0,9,0,0.0,0.0,1.0986122886681096
GME,2013-02-01,1,0.0,0.0,0.0,1.0,0.0,7,0,0.0,0.0,0.6931471805599453
GME,2013-02-04,4,0.0,0.0,0.0,1.0,0.0,38,0,0.0,0.0,1.6094379124341003
GME,2013-02-07,3,-0.6666666666666666,0.6666666666666666,0.0,0.3333333333333333,0.6666666666666666,29,1,0.5793801642856949,3.4482758620689653,1.3862943611198906
GME,2013-02-12,1,0.0,0.0,0.0,1.0,0.0,246,1,0.0,0.4065040650406504,0.6931471805599453
GME,2013-02-13,1,-1.0,1.0,0.0,0.0,1.0,3,0,0.0,0.0,0.6931471805599453
GME,2013-02-14,1,0.0,0.0,0.0,1.0,0.0,5,0,0.0,0.0,0.6931471805599453
GME,2013-02-15,1,0.0,0.0,0.0,1.0,0.0,4,0,0.0,0.0,0.6931471805599453
GME,2013-02-20,2,0.0,0.0,0.0,1.0,0.0,12,0,0.0,0.0,1.0986122886681096
GME,2013-02-21,2,0.5,0.5,0.5,0.5,0.0,231,1,0.6309297535714574,0.4329004329004329,1.0986122886681096
GME,2013-02-22,3,0.0,0.6666666666666666,0.3333333333333333,0.3333333333333333,0.3333333333333333,508,7,0.9999999999999998,1.3779527559055118,1.3862943611198906
GME,2013-02-25,1,0.0,0.0,0.0,1.0,0.0,3,0,0.0,0.0,0.6931471805599453
GME,2013-02-28,2,1.0,1.0,1.0,0.0,0.0,248,1,0.0,0.4032258064516129,1.0986122886681096
GME,2013-03-01,1,0.0,0.0,0.0,1.0,0.0,8,0,0.0,0.0,0.6931471805599453
GME,2013-03-04,1,1.0,1.0,1.0,0.0,0.0,246,0,0.0,0.0,0.6931471805599453
GME,2013-03-05,1,1.0,1.0,1.0,0.0,0.0,226,1,0.0,0.4424778761061947,0.6931471805599453
GME,2013-03-06,1,0.0,0.0,0.0,1.0,0.0,15,1,0.0,6.666666666666667,0.6931471805599453
GME,2013-03-11,2,0.0,0.0,0.0,1.0,0.0,11,0,0.0,0.0,1.0986122886681096
GME,2013-03-12,2,1.0,1.0,1.0,0.0,0.0,505,4,0.0,0.7920792079207921,1.0986122886681096
GME,2013-03-13,1,0.0,0.0,0.0,1.0,0.0,5,0,0.0,0.0,0.6931471805599453
GME,2013-03-15,1,0.0,0.0,0.0,1.0,0.0,7,0,0.0,0.0,0.6931471805599453
GME,2013-03-22,1,0.0,0.0,0.0,1.0,0.0,12,0,0.0,0.0,0.6931471805599453
GME,2013-03-25,1,0.0,0.0,0.0,1.0,0.0,8,0,0.0,0.0,0.6931471805599453
GME,2013-03-27,3,0.3333333333333333,0.3333333333333333,0.3333333333333333,0.6666666666666666,0.0,250,0,0.5793801642856949,0.0,1.3862943611198906
GME,2013-03-28,1,0.0,0.0,0.0,1.0,0.0,241,0,0.0,0.0,0.6931471805599453
GME,2013-04-01,11,-0.2727272727272727,0.2727272727272727,0.0,0.7272727272727273,0.2727272727272727,345,2,0.5333570581245946,0.5797101449275363,2.4849066497880004
GME,2013-04-02,4,0.25,0.75,0.5,0.25,0.25,476,1,0.946394630357186,0.21008403361344538,1.6094379124341003
GME,2013-04-04,2,0.0,0.0,0.0,1.0,0.0,11,0,0.0,0.0,1.0986122886681096
GME,2013-04-05,3,0.3333333333333333,0.3333333333333333,0.3333333333333333,0.6666666666666666,0.0,245,2,0.5793801642856949,0.8163265306122449,1.3862943611198906
GME,2013-04-11,1,0.0,0.0,0.0,1.0,0.0,5,0,0.0,0.0,0.6931471805599453
GME,2013-04-15,1,-1.0,1.0,0.0,0.0,1.0,4,0,0.0,0.0,0.6931471805599453
GME,2013-04-16,2,0.5,0.5,0.5,0.5,0.0,234,1,0.6309297535714574,0.42735042735042733,1.0986122886681096
GME,2013-04-18,3,-0.3333333333333333,0.3333333333333333,0.0,0.6666666666666666,0.3333333333333333,272,4,0.5793801642856949,1.4705882352941178,1.3862943611198906
GME,2013-04-19,2,-0.5,0.5,0.0,0.5,0.5,9,0,0.6309297535714574,0.0,1.0986122886681096
GME,2013-04-22,2,1.0,1.0,1.0,0.0,0.0,228,2,0.0,0.8771929824561403,1.0986122886681096
GME,2013-04-24,1,-1.0,1.0,0.0,0.0,1.0,6,0,0.0,0.0,0.6931471805599453
GME,2013-04-26,1,0.0,0.0,0.0,1.0,0.0,3,0,0.0,0.0,0.6931471805599453
GME,2013-04-29,1,-1.0,1.0,0.0,0.0,1.0,4,0,0.0,0.0,0.6931471805599453
GME,2013-04-30,1,0.0,0.0,0.0,1.0,0.0,6,0,0.0,0.0,0.6931471805599453
GME,2013-05-01,1,1.0,1.0,1.0,0.0,0.0,230,1,0.0,0.43478260869565216,0.6931471805599453
GME,2013-05-02,1,-1.0,1.0,0.0,0.0,1.0,6,0,0.0,0.0,0.6931471805599453
GME,2013-05-03,2,-0.5,0.5,0.0,0.5,0.5,11,0,0.6309297535714574,0.0,1.0986122886681096
GME,2013-05-07,2,0.5,0.5,0.5,0.5,0.0,236,2,0.6309297535714574,0.847457627118644,1.0986122886681096
GME,2013-05-08,2,0.0,0.0,0.0,1.0,0.0,259,2,0.0,0.7722007722007722,1.0986122886681096
GME,2013-05-10,1,0.0,0.0,0.0,1.0,0.0,3,0,0.0,0.0,0.6931471805599453
GME,2013-05-13,1,0.0,0.0,0.0,1.0,0.0,3,0,0.0,0.0,0.6931471805599453
GME,2013-05-15,2,0.0,0.0,0.0,1.0,0.0,16,0,0.0,0.0,1.0986122886681096
GME,2013-05-16,1,-1.0,1.0,0.0,0.0,1.0,4,0,0.0,0.0,0.6931471805599453
GME,2013-05-20,3,0.0,0.0,0.0,1.0,0.0,24,0,0.0,0.0,1.3862943611198906
GME,2013-05-21,2,0.5,0.5,0.5,0.5,0.0,19,0,0.6309297535714574,0.0,1.0986122886681096
GME,2013-05-22,1,0.0,0.0,0.0,1.0,0.0,4,0,0.0,0.0,0.6931471805599453
GME,2013-05-23,3,0.3333333333333333,0.3333333333333333,0.3333333333333333,0.6666666666666666,0.0,255,1,0.5793801642856949,0.39215686274509803,1.3862943611198906
GME,2013-05-24,9,-0.2222222222222222,0.2222222222222222,0.0,0.7777777777777778,0.2222222222222222,71,0,0.482159360969681,0.0,2.302585092994046
GME,2013-05-28,2,0.0,0.0,0.0,1.0,0.0,15,0,0.0,0.0,1.0986122886681096
GME,2013-05-29,1,0.0,0.0,0.0,1.0,0.0,9,0,0.0,0.0,0.6931471805599453
GME,2013-05-31,3,0.6666666666666666,0.6666666666666666,0.6666666666666666,0.3333333333333333,0.0,488,7,0.5793801642856949,1.4344262295081966,1.3862943611198906
GME,2013-06-03,1,0.0,0.0,0.0,1.0,0.0,7,0,0.0,0.0,0.6931471805599453
GME,2013-06-07,1,0.0,0.0,0.0,1.0,0.0,8,0,0.0,0.0,0.6931471805599453
GME,2013-06-11,3,0.6666666666666666,0.6666666666666666,0.6666666666666666,0.3333333333333333,0.0,271,3,0.5793801642856949,1.1070110701107012,1.3862943611198906
GME,2013-06-12,3,0.0,0.0,0.0,1.0,0.0,30,0,0.0,0.0,1.3862943611198906
GME,2013-06-13,3,-0.6666666666666666,0.6666666666666666,0.0,0.3333333333333333,0.6666666666666666,31,0,0.5793801642856949,0.0,1.3862943611198906
GME,2013-06-17,2,0.5,0.5,0.5,0.5,0.0,14,0,0.6309297535714574,0.0,1.0986122886681096
GME,2013-06-18,1,0.0,0.0,0.0,1.0,0.0,3,0,0.0,0.0,0.6931471805599453
GME,2013-06-19,1,0.0,0.0,0.0,1.0,0.0,7,0,0.0,0.0,0.6931471805599453
GME,2013-06-20,3,-0.3333333333333333,0.3333333333333333,0.0,0.6666666666666666,0.3333333333333333,24,0,0.5793801642856949,0.0,1.3862943611198906
GME,2013-06-21,1,-1.0,1.0,0.0,0.0,1.0,270,1,0.0,0.37037037037037035,0.6931471805599453
GME,2013-06-24,1,0.0,0.0,0.0,1.0,0.0,3,0,0.0,0.0,0.6931471805599453
GME,2013-06-25,3,0.6666666666666666,0.6666666666666666,0.6666666666666666,0.3333333333333333,0.0,490,6,0.5793801642856949,1.2244897959183674,1.3862943611198906
GME,2013-06-26,1,0.0,0.0,0.0,1.0,0.0,4,0,0.0,0.0,0.6931471805599453
GME,2013-06-27,2,0.0,0.0,0.0,1.0,0.0,239,1,0.0,0.41841004184100417,1.0986122886681096
GME,2013-06-28,1,0.0,0.0,0.0,1.0,0.0,11,0,0.0,0.0,0.6931471805599453
GME,2013-07-01,2,0.0,0.0,0.0,1.0,0.0,24,0,0.0,0.0,1.0986122886681096
GME,2013-07-02,2,0.5,0.5,0.5,0.5,0.0,252,1,0.6309297535714574,0.3968253968253968,1.0986122886681096
GME,2013-07-05,2,0.5,0.5,0.5,0.5,0.0,12,0,0.6309297535714574,0.0,1.0986122886681096
GME,2013-07-09,3,0.6666666666666666,0.6666666666666666,0.6666666666666666,0.3333333333333333,0.0,487,5,0.5793801642856949,1.0266940451745379,1.3862943611198906
GME,2013-07-15,1,0.0,0.0,0.0,1.0,0.0,10,0,0.0,0.0,0.6931471805599453
GME,2013-07-19,1,0.0,0.0,0.0,1.0,0.0,6,0,0.0,0.0,0.6931471805599453
GME,2013-07-24,1,-1.0,1.0,0.0,0.0,1.0,231,0,0.0,0.0,0.6931471805599453
GME,2013-07-25,1,0.0,0.0,0.0,1.0,0.0,7,0,0.0,0.0,0.6931471805599453
GME,2013-07-30,3,0.6666666666666666,0.6666666666666666,0.6666666666666666,0.3333333333333333,0.0,481,5,0.5793801642856949,1.0395010395010396,1.3862943611198906
GME,2013-08-05,1,-1.0,1.0,0.0,0.0,1.0,7,0,0.0,0.0,0.6931471805599453
GME,2013-08-06,1,-1.0,1.0,0.0,0.0,1.0,7,0,0.0,0.0,0.6931471805599453
GME,2013-08-08,1,-1.0,1.0,0.0,0.0,1.0,7,0,0.0,0.0,0.6931471805599453
GME,2013-08-09,1,1.0,1.0,1.0,0.0,0.0,10,0,0.0,0.0,0.6931471805599453
GME,2013-08-13,1,1.0,1.0,1.0,0.0,0.0,269,5,0.0,1.858736059479554,0.6931471805599453
GME,2013-08-21,2,0.5,0.5,0.5,0.5,0.0,19,0,0.6309297535714574,0.0,1.0986122886681096
GME,2013-08-22,1,0.0,0.0,0.0,1.0,0.0,243,0,0.0,0.0,0.6931471805599453
GME,2013-08-23,19,-0.05263157894736842,0.3684210526315789,0.15789473684210525,0.631578947368421,0.21052631578947367,1065,3,0.8280516427049733,0.28169014084507044,2.995732273553991
GME,2013-08-26,3,0.3333333333333333,1.0,0.6666666666666666,0.0,0.3333333333333333,426,0,0.5793801642856949,0.0,1.3862943611198906
GME,2013-08-27,2,-1.0,1.0,0.0,0.0,1.0,193,3,0.0,1.5544041450777202,1.0986122886681096
GME,2013-08-29,2,0.5,0.5,0.5,0.5,0.0,248,1,0.6309297535714574,0.4032258064516129,1.0986122886681096
GME,2013-08-30,4,0.5,0.5,0.5,0.5,0.0,257,0,0.6309297535714574,0.0,1.6094379124341003
GME,2013-09-03,1,0.0,0.0,0.0,1.0,0.0,9,0,0.0,0.0,0.6931471805599453
GME,2013-09-12,1,0.0,0.0,0.0,1.0,0.0,6,0,0.0,0.0,0.6931471805599453
GME,2013-09-18,1,0.0,0.0,0.0,1.0,0.0,6,0,0.0,0.0,0.6931471805599453
GME,2013-09-24,1,1.0,1.0,1.0,0.0,0.0,259,2,0.0,0.7722007722007722,0.6931471805599453
GME,2013-10-01,2,0.0,0.0,0.0,1.0,0.0,34,1,0.0,2.9411764705882355,1.0986122886681096
GME,2013-10-03,2,0.5,0.5,0.5,0.5,0.0,239,1,0.6309297535714574,0.41841004184100417,1.0986122886681096
GME,2013-10-04,1,1.0,1.0,1.0,0.0,0.0,3,0,0.0,0.0,0.6931471805599453
GME,2013-10-09,1,-1.0,1.0,0.0,0.0,1.0,226,1,0.0,0.4424778761061947,0.6931471805599453
GME,2013-10-10,1,1.0,1.0,1.0,0.0,0.0,229,0,0.0,0.0,0.6931471805599453
GME,2013-10-14,1,0.0,0.0,0.0,1.0,0.0,7,0,0.0,0.0,0.6931471805599453
GME,2013-10-16,1,0.0,0.0,0.0,1.0,0.0,8,0,0.0,0.0,0.6931471805599453
GME,2013-10-17,1,0.0,0.0,0.0,1.0,0.0,8,0,0.0,0.0,0.6931471805599453
GME,2013-10-21,2,0.0,1.0,0.5,0.0,0.5,248,3,0.6309297535714574,1.2096774193548387,1.0986122886681096
GME,2013-10-23,1,-1.0,1.0,0.0,0.0,1.0,230,0,0.0,0.0,0.6931471805599453
GME,2013-10-28,1,-1.0,1.0,0.0,0.0,1.0,230,2,0.0,0.8695652173913043,0.6931471805599453
GME,2013-10-30,2,0.5,0.5,0.5,0.5,0.0,22,0,0.6309297535714574,0.0,1.0986122886681096
GME,2013-10-31,1,0.0,0.0,0.0,1.0,0.0,10,0,0.0,0.0,0.6931471805599453
GME,2013-11-04,1,-1.0,1.0,0.0,0.0,1.0,232,0,0.0,0.0,0.6931471805599453
GME,2013-11-08,1,1.0,1.0,1.0,0.0,0.0,238,3,0.0,1.2605042016806722,0.6931471805599453
GME,2013-11-12,1,0.0,0.0,0.0,1.0,0.0,13,0,0.0,0.0,0.6931471805599453
GME,2013-11-15,1,0.0,0.0,0.0,1.0,0.0,10,0,0.0,0.0,0.6931471805599453
GME,2013-11-19,1,1.0,1.0,1.0,0.0,0.0,12,0,0.0,0.0,0.6931471805599453
GME,2013-11-21,3,0.3333333333333333,0.3333333333333333,0.3333333333333333,0.6666666666666666,0.0,490,3,0.5793801642856949,0.6122448979591837,1.3862943611198906
GME,2013-11-22,17,0.11764705882352941,0.23529411764705882,0.17647058823529413,0.7647058823529411,0.058823529411764705,605,1,0.6170591141539598,0.1652892561983471,2.8903717578961645
GME,2013-11-25,5,0.4,0.4,0.4,0.6,0.0,660,1,0.6126016192893442,0.15151515151515152,1.791759469228055
GME,2013-12-02,2,1.0,1.0,1.0,0.0,0.0,493,2,0.0,0.4056795131845842,1.0986122886681096
GME,2013-12-06,2,-0.5,0.5,0.0,0.5,0.5,250,0,0.6309297535714574,0.0,1.0986122886681096
GME,2013-12-09,3,0.3333333333333333,0.3333333333333333,0.3333333333333333,0.6666666666666666,0.0,414,3,0.5793801642856949,0.7246376811594203,1.3862943611198906
GME,2013-12-16,1,1.0,1.0,1.0,0.0,0.0,10,0,0.0,0.0,0.6931471805599453
GME,2013-12-20,1,0.0,0.0,0.0,1.0,0.0,10,0,0.0,0.0,0.6931471805599453
GME,2013-12-30,1,0.0,0.0,0.0,1.0,0.0,10,0,0.0,0.0,0.6931471805599453
GME,2014-01-08,3,0.0,0.6666666666666666,0.3333333333333333,0.3333333333333333,0.3333333333333333,22,0,0.9999999999999998,0.0,1.3862943611198906
GME,2014-01-10,1,-1.0,1.0,0.0,0.0,1.0,256,2,0.0,0.78125,0.6931471805599453
GME,2014-01-15,9,-0.2222222222222222,0.2222222222222222,0.0,0.7777777777777778,0.2222222222222222,70,1,0.482159360969681,1.4285714285714286,2.302585092994046
GME,2014-01-16,3,-0.3333333333333333,1.0,0.3333333333333333,0.0,0.6666666666666666,404,3,0.5793801642856949,0.7425742574257426,1.3862943611198906
GME,2014-01-17,1,-1.0,1.0,0.0,0.0,1.0,254,7,0.0,2.7559055118110236,0.6931471805599453
GME,2014-01-22,2,-1.0,1.0,0.0,0.0,1.0,243,2,0.0,0.823045267489712,1.0986122886681096
GME,2014-01-23,2,0.5,0.5,0.5,0.5,0.0,20,0,0.6309297535714574,0.0,1.0986122886681096
GME,2014-02-06,3,-0.3333333333333333,0.3333333333333333,0.0,0.6666666666666666,0.3333333333333333,183,3,0.5793801642856949,1.639344262295082,1.3862943611198906
GME,2014-02-10,1,1.0,1.0,1.0,0.0,0.0,12,0,0.0,0.0,0.6931471805599453
GME,2014-02-11,1,1.0,1.0,1.0,0.0,0.0,274,3,0.0,1.094890510948905,0.6931471805599453
GME,2014-02-14,1,0.0,0.0,0.0,1.0,0.0,11,0,0.0,0.0,0.6931471805599453
GME,2014-02-20,2,-0.5,0.5,0.0,0.5,0.5,230,3,0.6309297535714574,1.3043478260869565,1.0986122886681096
GME,2014-02-28,1,-1.0,1.0,0.0,0.0,1.0,9,0,0.0,0.0,0.6931471805599453
GME,2014-03-05,1,0.0,0.0,0.0,1.0,0.0,7,0,0.0,0.0,0.6931471805599453
GME,2014-03-06,3,0.3333333333333333,0.3333333333333333,0.3333333333333333,0.6666666666666666,0.0,336,0,0.5793801642856949,0.0,1.3862943611198906
GME,2014-03-13,1,1.0,1.0,1.0,0.0,0.0,243,1,0.0,0.411522633744856,0.6931471805599453
GME,2014-03-17,1,1.0,1.0,1.0,0.0,0.0,267,1,0.0,0.37453183520599254,0.6931471805599453
GME,2014-03-19,9,-0.1111111111111111,0.5555555555555556,0.2222222222222222,0.4444444444444444,0.3333333333333333,470,2,0.965633607142825,0.425531914893617,2.302585092994046
GME,2014-03-20,1,0.0,0.0,0.0,1.0,0.0,11,0,0.0,0.0,0.6931471805599453
GME,2014-03-24,1,1.0,1.0,1.0,0.0,0.0,262,0,0.0,0.0,0.6931471805599453
GME,2014-03-25,2,-0.5,0.5,0.0,0.5,0.5,251,2,0.6309297535714574,0.796812749003984,1.0986122886681096
GME,2014-03-27,3,0.3333333333333333,0.3333333333333333,0.3333333333333333,0.6666666666666666,0.0,469,0,0.5793801642856949,0.0,1.3862943611198906
GME,2014-03-28,12,-0.5833333333333334,0.5833333333333334,0.0,0.4166666666666667,0.5833333333333334,538,0,0.6182283531662821,0.0,2.5649493574615367
GME,2014-03-31,1,0.0,0.0,0.0,1.0,0.0,178,0,0.0,0.0,0.6931471805599453
GME,2014-04-04,1,0.0,0.0,0.0,1.0,0.0,12,0,0.0,0.0,0.6931471805599453
GME,2014-04-07,2,0.0,0.0,0.0,1.0,0.0,17,0,0.0,0.0,1.0986122886681096
GME,2014-04-14,1,-1.0,1.0,0.0,0.0,1.0,239,1,0.0,0.41841004184100417,0.6931471805599453
GME,2014-04-23,4,0.5,0.5,0.5,0.5,0.0,64,0,0.6309297535714574,0.0,1.6094379124341003
GME,2014-04-24,1,-1.0,1.0,0.0,0.0,1.0,261,0,0.0,0.0,0.6931471805599453
GME,2014-04-30,2,1.0,1.0,1.0,0.0,0.0,274,2,0.0,0.7299270072992701,1.0986122886681096
GME,2014-05-09,1,0.0,0.0,0.0,1.0,0.0,12,1,0.0,8.333333333333334,0.6931471805599453
GME,2014-05-13,1,-1.0,1.0,0.0,0.0,1.0,7,0,0.0,0.0,0.6931471805599453
GME,2014-05-14,1,0.0,0.0,0.0,1.0,0.0,9,0,0.0,0.0,0.6931471805599453
GME,2014-05-15,1,1.0,1.0,1.0,0.0,0.0,11,0,0.0,0.0,0.6931471805599453
GME,2014-05-19,1,-1.0,1.0,0.0,0.0,1.0,9,0,0.0,0.0,0.6931471805599453
GME,2014-05-22,2,-1.0,1.0,0.0,0.0,1.0,254,5,0.0,1.968503937007874,1.0986122886681096
GME,2014-05-23,5,-0.4,0.4,0.0,0.6,0.4,502,1,0.6126016192893442,0.199203187250996,1.791759469228055
GME,2014-05-27,6,0.5,0.5,0.5,0.5,0.0,278,1,0.6309297535714574,0.3597122302158273,1.9459101490553132
GME,2014-05-29,2,0.0,0.0,0.0,1.0,0.0,243,4,0.0,1.646090534979424,1.0986122886681096
GME,2014-06-02,1,1.0,1.0,1.0,0.0,0.0,242,1,0.0,0.4132231404958678,0.6931471805599453
GME,2014-06-10,1,-1.0,1.0,0.0,0.0,1.0,259,0,0.0,0.0,0.6931471805599453
GME,2014-06-13,1,-1.0,1.0,0.0,0.0,1.0,262,0,0.0,0.0,0.6931471805599453
GME,2014-07-10,1,0.0,0.0,0.0,1.0,0.0,9,1,0.0,11.11111111111111,0.6931471805599453
GME,2014-07-16,1,1.0,1.0,1.0,0.0,0.0,258,3,0.0,1.1627906976744187,0.6931471805599453
GME,2014-07-25,1,0.0,0.0,0.0,1.0,0.0,8,0,0.0,0.0,0.6931471805599453
GME,2014-07-30,5,0.0,0.8,0.4,0.2,0.4,280,2,0.9602297178607612,0.7142857142857143,1.791759469228055
GME,2014-07-31,2,-0.5,0.5,0.0,0.5,0.5,19,0,0.6309297535714574,0.0,1.0986122886681096
GME,2014-08-01,1,-1.0,1.0,0.0,0.0,1.0,248,4,0.0,1.6129032258064515,0.6931471805599453
GME,2014-08-04,1,1.0,1.0,1.0,0.0,0.0,13,0,0.0,0.0,0.6931471805599453
GME,2014-08-06,1,0.0,0.0,0.0,1.0,0.0,5,0,0.0,0.0,0.6931471805599453
GME,2014-08-08,1,1.0,1.0,1.0,0.0,0.0,242,3,0.0,1.2396694214876034,0.6931471805599453
GME,2014-08-12,2,1.0,1.0,1.0,0.0,0.0,481,3,0.0,0.6237006237006237,1.0986122886681096
GME,2014-08-13,1,1.0,1.0,1.0,0.0,0.0,229,2,0.0,0.8733624454148472,0.6931471805599453
GME,2014-08-14,2,0.0,1.0,0.5,0.0,0.5,489,5,0.6309297535714574,1.0224948875255624,1.0986122886681096
GME,2014-08-19,5,0.4,0.8,0.6,0.2,0.2,1206,13,0.8649735207179272,1.077943615257048,1.791759469228055
GME,2014-08-20,7,0.14285714285714285,0.42857142857142855,0.2857142857142857,0.5714285714285714,0.14285714285714285,544,3,0.8699155297736259,0.5514705882352942,2.0794415416798357
GME,2014-08-21,1,1.0,1.0,1.0,0.0,0.0,246,3,0.0,1.2195121951219512,0.6931471805599453
GME,2014-08-22,8,0.0,0.0,0.0,1.0,0.0,551,2,0.0,0.3629764065335753,2.1972245773362196
GME,2014-08-25,10,0.3,0.5,0.4,0.5,0.1,1142,2,0.8586727110732548,0.17513134851138354,2.3978952727983707
GME,2014-08-27,3,0.6666666666666666,0.6666666666666666,0.6666666666666666,0.3333333333333333,0.0,506,0,0.5793801642856949,0.0,1.3862943611198906
GME,2014-08-29,1,1.0,1.0,1.0,0.0,0.0,242,1,0.0,0.4132231404958678,0.6931471805599453
GME,2014-09-03,1,1.0,1.0,1.0,0.0,0.0,12,1,0.0,8.333333333333334,0.6931471805599453
GME,2014-09-08,1,1.0,1.0,1.0,0.0,0.0,266,0,0.0,0.0,0.6931471805599453
GME,2014-09-10,2,0.5,0.5,0.5,0.5,0.0,248,0,0.6309297535714574,0.0,1.0986122886681096
GME,2014-09-15,1,1.0,1.0,1.0,0.0,0.0,13,0,0.0,0.0,0.6931471805599453
GME,2014-09-16,3,0.3333333333333333,0.3333333333333333,0.3333333333333333,0.6666666666666666,0.0,269,5,0.5793801642856949,1.858736059479554,1.3862943611198906
GME,2014-09-17,3,0.3333333333333333,0.3333333333333333,0.3333333333333333,0.6666666666666666,0.0,285,0,0.5793801642856949,0.0,1.3862943611198906
GME,2014-09-22,1,0.0,0.0,0.0,1.0,0.0,12,0,0.0,0.0,0.6931471805599453
GME,2014-09-23,1,0.0,0.0,0.0,1.0,0.0,9,0,0.0,0.0,0.6931471805599453
GME,2014-09-24,1,-1.0,1.0,0.0,0.0,1.0,255,1,0.0,0.39215686274509803,0.6931471805599453
GME,2014-09-26,5,-0.4,0.4,0.0,0.6,0.4,429,3,0.6126016192893442,0.6993006993006993,1.791759469228055
GME,2014-09-29,2,0.5,0.5,0.5,0.5,0.0,252,3,0.6309297535714574,1.1904761904761905,1.0986122886681096
GME,2014-10-02,2,0.5,0.5,0.5,0.5,0.0,430,1,0.6309297535714574,0.23255813953488372,1.0986122886681096
GME,2014-10-09,1,0.0,0.0,0.0,1.0,0.0,10,0,0.0,0.0,0.6931471805599453
GME,2014-10-10,2,0.0,0.0,0.0,1.0,0.0,19,0,0.0,0.0,1.0986122886681096
GME,2014-10-16,1,-1.0,1.0,0.0,0.0,1.0,18,0,0.0,0.0,0.6931471805599453
GME,2014-10-22,1,0.0,0.0,0.0,1.0,0.0,254,4,0.0,1.5748031496062993,0.6931471805599453
GME,2014-10-27,1,0.0,0.0,0.0,1.0,0.0,10,0,0.0,0.0,0.6931471805599453
GME,2014-10-28,1,-1.0,1.0,0.0,0.0,1.0,230,1,0.0,0.43478260869565216,0.6931471805599453
GME,2014-10-29,1,0.0,0.0,0.0,1.0,0.0,181,0,0.0,0.0,0.6931471805599453
GME,2014-10-30,2,0.5,0.5,0.5,0.5,0.0,270,3,0.6309297535714574,1.1111111111111112,1.0986122886681096
GME,2014-11-03,1,-1.0,1.0,0.0,0.0,1.0,246,0,0.0,0.0,0.6931471805599453
GME,2014-11-07,1,-1.0,1.0,0.0,0.0,1.0,267,3,0.0,1.1235955056179776,0.6931471805599453
GME,2014-11-10,1,1.0,1.0,1.0,0.0,0.0,246,1,0.0,0.4065040650406504,0.6931471805599453
GME,2014-11-13,1,0.0,0.0,0.0,1.0,0.0,10,0,0.0,0.0,0.6931471805599453
GME,2014-11-14,2,1.0,1.0,1.0,0.0,0.0,496,4,0.0,0.8064516129032258,1.0986122886681096
GME,2014-11-17,2,0.0,1.0,0.5,0.0,0.5,497,7,0.6309297535714574,1.408450704225352,1.0986122886681096
GME,2014-11-18,8,0.0,0.5,0.25,0.5,0.25,1507,8,0.946394630357186,0.53085600530856,2.1972245773362196
GME,2014-11-19,4,0.75,0.75,0.75,0.25,0.0,741,4,0.5118595071429147,0.5398110661268556,1.6094379124341003
GME,2014-11-20,1,0.0,0.0,0.0,1.0,0.0,4,0,0.0,0.0,0.6931471805599453
GME,2014-11-21,8,-0.375,0.375,0.0,0.625,0.375,305,5,0.6021808102656678,1.639344262295082,2.1972245773362196
GME,2014-11-24,15,-0.3333333333333333,0.4666666666666667,0.06666666666666667,0.5333333333333333,0.4,663,2,0.8031140135750123,0.30165912518853694,2.772588722239781
GME,2014-11-25,5,-0.6,0.6,0.0,0.4,0.6,787,8,0.6126016192893442,1.0165184243964422,1.791759469228055
GME,2014-11-28,2,0.5,0.5,0.5,0.5,0.0,251,0,0.6309297535714574,0.0,1.0986122886681096
GME,2014-12-01,1,0.0,0.0,0.0,1.0,0.0,6,0,0.0,0.0,0.6931471805599453
GME,2014-12-02,1,-1.0,1.0,0.0,0.0,1.0,7,0,0.0,0.0,0.6931471805599453
GME,2014-12-03,2,0.5,0.5,0.5,0.5,0.0,255,0,0.6309297535714574,0.0,1.0986122886681096
GME,2014-12-04,1,0.0,0.0,0.0,1.0,0.0,8,1,0.0,12.5,0.6931471805599453
GME,2014-12-10,1,1.0,1.0,1.0,0.0,0.0,240,1,0.0,0.4166666666666667,0.6931471805599453
GME,2014-12-12,1,-1.0,1.0,0.0,0.0,1.0,244,4,0.0,1.639344262295082,0.6931471805599453
GME,2014-12-16,2,0.0,0.0,0.0,1.0,0.0,268,3,0.0,1.1194029850746268,1.0986122886681096
GME,2014-12-23,1,1.0,1.0,1.0,0.0,0.0,12,0,0.0,0.0,0.6931471805599453
GME,2014-12-26,2,0.5,0.5,0.5,0.5,0.0,257,2,0.6309297535714574,0.7782101167315175,1.0986122886681096
GME,2014-12-29,1,0.0,0.0,0.0,1.0,0.0,4,0,0.0,0.0,0.6931471805599453
GME,2014-12-30,1,-1.0,1.0,0.0,0.0,1.0,243,4,0.0,1.646090534979424,0.6931471805599453
GME,2015-01-02,1,0.0,0.0,0.0,1.0,0.0,4,0,0.0,0.0,0.6931471805599453
GME,2015-01-08,1,0.0,0.0,0.0,1.0,0.0,12,0,0.0,0.0,0.6931471805599453
GME,2015-01-12,2,-0.5,0.5,0.0,0.5,0.5,252,2,0.6309297535714574,0.7936507936507936,1.0986122886681096
GME,2015-01-13,2,1.0,1.0,1.0,0.0,0.0,275,3,0.0,1.0909090909090908,1.0986122886681096
GME,2015-01-14,9,0.0,0.0,0.0,1.0,0.0,75,1,0.0,1.3333333333333333,2.302585092994046
GME,2015-01-15,16,0.5,0.625,0.5625,0.375,0.0625,1435,8,0.7871203566965331,0.5574912891986062,2.833213344056216
GME,2015-01-16,4,0.0,0.0,0.0,1.0,0.0,31,0,0.0,0.0,1.6094379124341003
GME,2015-01-20,3,0.6666666666666666,0.6666666666666666,0.6666666666666666,0.3333333333333333,0.0,256,2,0.5793801642856949,0.78125,1.3862943611198906
GME,2015-01-21,1,0.0,0.0,0.0,1.0,0.0,7,0,0.0,0.0,0.6931471805599453
GME,2015-01-23,1,-1.0,1.0,0.0,0.0,1.0,247,4,0.0,1.6194331983805668,0.6931471805599453
GME,2015-01-26,1,-1.0,1.0,0.0,0.0,1.0,8,0,0.0,0.0,0.6931471805599453
GME,2015-01-28,1,-1.0,1.0,0.0,0.0,1.0,237,8,0.0,3.3755274261603376,0.6931471805599453
GME,2015-01-30,1,0.0,0.0,0.0,1.0,0.0,4,0,0.0,0.0,0.6931471805599453
GME,2015-02-09,1,0.0,0.0,0.0,1.0,0.0,265,4,0.0,1.509433962264151,0.6931471805599453
GME,2015-02-10,2,-1.0,1.0,0.0,0.0,1.0,271,0,0.0,0.0,1.0986122886681096
GME,2015-02-17,1,0.0,0.0,0.0,1.0,0.0,5,0,0.0,0.0,0.6931471805599453
GME,2015-02-26,2,0.0,0.0,0.0,1.0,0.0,11,0,0.0,0.0,1.0986122886681096
GME,2015-02-27,1,-1.0,1.0,0.0,0.0,1.0,246,4,0.0,1.6260162601626016,0.6931471805599453
GME,2015-03-02,1,0.0,0.0,0.0,1.0,0.0,9,0,0.0,0.0,0.6931471805599453
GME,2015-03-04,2,0.0,0.0,0.0,1.0,0.0,10,0,0.0,0.0,1.0986122886681096
GME,2015-03-05,1,0.0,0.0,0.0,1.0,0.0,162,0,0.0,0.0,0.6931471805599453
GME,2015-03-06,2,-0.5,0.5,0.0,0.5,0.5,240,0,0.6309297535714574,0.0,1.0986122886681096
GME,2015-03-09,1,1.0,1.0,1.0,0.0,0.0,236,2,0.0,0.847457627118644,0.6931471805599453
GME,2015-03-11,1,0.0,0.0,0.0,1.0,0.0,8,0,0.0,0.0,0.6931471805599453
GME,2015-03-12,1,1.0,1.0,1.0,0.0,0.0,242,1,0.0,0.4132231404958678,0.6931471805599453
GME,2015-03-13,1,1.0,1.0,1.0,0.0,0.0,239,1,0.0,0.41841004184100417,0.6931471805599453
GME,2015-03-16,3,0.6666666666666666,0.6666666666666666,0.6666666666666666,0.3333333333333333,0.0,397,3,0.5793801642856949,0.7556675062972292,1.3862943611198906
GME,2015-03-20,1,0.0,0.0,0.0,1.0,0.0,271,3,0.0,1.1070110701107012,0.6931471805599453
GME,2015-03-24,4,0.75,0.75,0.75,0.25,0.0,770,10,0.5118595071429147,1.2987012987012987,1.6094379124341003
GME,2015-03-25,4,-0.25,0.25,0.0,0.75,0.25,268,1,0.5118595071429147,0.373134328358209,1.6094379124341003
GME,2015-03-27,19,-0.2631578947368421,0.2631578947368421,0.0,0.7368421052631579,0.2631578947368421,1015,7,0.5246019307279568,0.6896551724137931,2.995732273553991
GME,2015-03-30,14,-0.5,0.5,0.0,0.5,0.5,547,4,0.6309297535714574,0.7312614259597806,2.70805020110221
GME,2015-03-31,4,0.0,1.0,0.5,0.0,0.5,770,3,0.6309297535714574,0.38961038961038963,1.6094379124341003
GME,2015-04-01,1,1.0,1.0,1.0,0.0,0.0,8,0,0.0,0.0,0.6931471805599453
GME,2015-04-06,2,-0.5,0.5,0.0,0.5,0.5,496,8,0.6309297535714574,1.6129032258064515,1.0986122886681096
GME,2015-04-08,2,-0.5,0.5,0.0,0.5,0.5,276,6,0.6309297535714574,2.1739130434782608,1.0986122886681096
GME,2015-04-14,2,0.0,0.0,0.0,1.0,0.0,14,0,0.0,0.0,1.0986122886681096
GME,2015-04-17,4,0.25,0.25,0.25,0.75,0.0,272,2,0.5118595071429147,0.7352941176470589,1.6094379124341003
GME,2015-04-20,1,-1.0,1.0,0.0,0.0,1.0,182,0,0.0,0.0,0.6931471805599453
GME,2015-05-05,1,-1.0,1.0,0.0,0.0,1.0,260,0,0.0,0.0,0.6931471805599453
GME,2015-05-18,1,-1.0,1.0,0.0,0.0,1.0,10,0,0.0,0.0,0.6931471805599453
GME,2015-05-22,2,0.0,0.0,0.0,1.0,0.0,16,0,0.0,0.0,1.0986122886681096
GME,2015-05-26,1,1.0,1.0,1.0,0.0,0.0,6,0,0.0,0.0,0.6931471805599453
GME,2015-05-27,3,-0.3333333333333333,0.3333333333333333,0.0,0.6666666666666666,0.3333333333333333,267,6,0.5793801642856949,2.247191011235955,1.3862943611198906
GME,2015-05-28,2,0.0,0.0,0.0,1.0,0.0,9,0,0.0,0.0,1.0986122886681096
GME,2015-05-29,14,0.0,0.14285714285714285,0.07142857142857142,0.8571428571428571,0.07142857142857142,563,1,0.46343678232466695,0.17761989342806395,2.70805020110221
GME,2015-06-01,16,0.3125,0.4375,0.375,0.5625,0.0625,574,1,0.7871203566965331,0.17421602787456447,2.833213344056216
GME,2015-06-02,5,0.6,0.6,0.6,0.4,0.0,737,4,0.6126016192893442,0.5427408412483039,1.791759469228055
GME,2015-06-03,9,0.1111111111111111,0.1111111111111111,0.1111111111111111,0.8888888888888888,0.0,317,1,0.31752065714278016,0.31545741324921134,2.302585092994046
GME,2015-06-04,3,0.6666666666666666,0.6666666666666666,0.6666666666666666,0.3333333333333333,0.0,266,3,0.5793801642856949,1.1278195488721805,1.3862943611198906
GME,2015-06-05,2,0.0,0.0,0.0,1.0,0.0,17,0,0.0,0.0,1.0986122886681096
GME,2015-06-08,1,1.0,1.0,1.0,0.0,0.0,275,1,0.0,0.36363636363636365,0.6931471805599453
GME,2015-06-11,1,0.0,0.0,0.0,1.0,0.0,5,0,0.0,0.0,0.6931471805599453
GME,2015-06-16,2,0.0,0.0,0.0,1.0,0.0,14,0,0.0,0.0,1.0986122886681096
GME,2015-06-17,1,0.0,0.0,0.0,1.0,0.0,24,0,0.0,0.0,0.6931471805599453
GME,2015-06-18,1,0.0,0.0,0.0,1.0,0.0,7,0,0.0,0.0,0.6931471805599453
GME,2015-06-19,2,0.5,0.5,0.5,0.5,0.0,275,5,0.6309297535714574,1.8181818181818181,1.0986122886681096
GME,2015-06-22,1,0.0,0.0,0.0,1.0,0.0,9,0,0.0,0.0,0.6931471805599453
GME,2015-06-23,1,-1.0,1.0,0.0,0.0,1.0,260,0,0.0,0.0,0.6931471805599453
GME,2015-06-24,1,0.0,0.0,0.0,1.0,0.0,6,0,0.0,0.0,0.6931471805599453
GME,2015-06-25,1,-1.0,1.0,0.0,0.0,1.0,262,0,0.0,0.0,0.6931471805599453
GME,2015-06-26,1,0.0,0.0,0.0,1.0,0.0,12,0,0.0,0.0,0.6931471805599453
GME,2015-07-01,1,-1.0,1.0,0.0,0.0,1.0,7,0,0.0,0.0,0.6931471805599453
GME,2015-07-02,1,1.0,1.0,1.0,0.0,0.0,246,3,0.0,1.2195121951219512,0.6931471805599453
GME,2015-07-09,1,1.0,1.0,1.0,0.0,0.0,16,0,0.0,0.0,0.6931471805599453
GME,2015-07-10,1,0.0,0.0,0.0,1.0,0.0,2,0,0.0,0.0,0.6931471805599453
GME,2015-07-14,3,0.0,0.6666666666666666,0.3333333333333333,0.3333333333333333,0.3333333333333333,254,1,0.9999999999999998,0.3937007874015748,1.3862943611198906
GME,2015-07-15,3,0.0,0.6666666666666666,0.3333333333333333,0.3333333333333333,0.3333333333333333,29,1,0.9999999999999998,3.4482758620689653,1.3862943611198906
GME,2015-07-17,4,0.75,0.75,0.75,0.25,0.0,45,2,0.5118595071429147,4.444444444444445,1.6094379124341003
GME,2015-07-20,3,0.6666666666666666,0.6666666666666666,0.6666666666666666,0.3333333333333333,0.0,265,1,0.5793801642856949,0.37735849056603776,1.3862943611198906
GME,2015-07-23,1,1.0,1.0,1.0,0.0,0.0,267,6,0.0,2.247191011235955,0.6931471805599453
GME,2015-07-24,2,0.5,0.5,0.5,0.5,0.0,274,3,0.6309297535714574,1.094890510948905,1.0986122886681096
GME,2015-07-28,1,1.0,1.0,1.0,0.0,0.0,223,0,0.0,0.0,0.6931471805599453
GME,2015-08-04,1,0.0,0.0,0.0,1.0,0.0,7,0,0.0,0.0,0.6931471805599453
GME,2015-08-07,1,0.0,0.0,0.0,1.0,0.0,5,0,0.0,0.0,0.6931471805599453
GME,2015-08-11,2,-0.5,0.5,0.0,0.5,0.5,263,0,0.6309297535714574,0.0,1.0986122886681096
GME,2015-08-17,1,-1.0,1.0,0.0,0.0,1.0,4,0,0.0,0.0,0.6931471805599453
GME,2015-08-19,1,0.0,0.0,0.0,1.0,0.0,7,0,0.0,0.0,0.6931471805599453
GME,2015-08-20,1,1.0,1.0,1.0,0.0,0.0,12,0,0.0,0.0,0.6931471805599453
GME,2015-08-24,1,1.0,1.0,1.0,0.0,0.0,7,0,0.0,0.0,0.6931471805599453
GME,2015-08-25,2,0.5,0.5,0.5,0.5,0.0,256,2,0.6309297535714574,0.78125,1.0986122886681096
GME,2015-08-26,1,0.0,0.0,0.0,1.0,0.0,6,0,0.0,0.0,0.6931471805599453
GME,2015-08-27,1,0.0,0.0,0.0,1.0,0.0,10,0,0.0,0.0,0.6931471805599453
GME,2015-08-28,10,0.0,0.2,0.1,0.8,0.1,969,8,0.5816718657178868,0.8255933952528379,2.3978952727983707
GME,2015-08-31,10,0.0,0.6,0.3,0.4,0.3,453,1,0.9911594714322187,0.22075055187637968,2.3978952727983707
GME,2015-09-01,1,-1.0,1.0,0.0,0.0,1.0,222,1,0.0,0.45045045045045046,0.6931471805599453
GME,2015-09-02,1,0.0,0.0,0.0,1.0,0.0,5,0,0.0,0.0,0.6931471805599453
GME,2015-09-03,1,-1.0,1.0,0.0,0.0,1.0,12,0,0.0,0.0,0.6931471805599453
GME,2015-09-04,3,0.6666666666666666,0.6666666666666666,0.6666666666666666,0.3333333333333333,0.0,279,1,0.5793801642856949,0.35842293906810035,1.3862943611198906
GME,2015-09-09,1,0.0,0.0,0.0,1.0,0.0,244,2,0.0,0.819672131147541,0.6931471805599453
GME,2015-09-11,1,-1.0,1.0,0.0,0.0,1.0,246,4,0.0,1.6260162601626016,0.6931471805599453
GME,2015-09-14,3,0.0,0.6666666666666666,0.3333333333333333,0.3333333333333333,0.3333333333333333,501,5,0.9999999999999998,0.998003992015968,1.3862943611198906
GME,2015-09-17,1,-1.0,1.0,0.0,0.0,1.0,8,0,0.0,0.0,0.6931471805599453
GME,2015-09-21,3,0.3333333333333333,0.3333333333333333,0.3333333333333333,0.6666666666666666,0.0,35,2,0.5793801642856949,5.714285714285714,1.3862943611198906
GME,2015-09-22,1,0.0,0.0,0.0,1.0,0.0,9,0,0.0,0.0,0.6931471805599453
GME,2015-09-24,1,-1.0,1.0,0.0,0.0,1.0,253,0,0.0,0.0,0.6931471805599453
GME,2015-09-28,2,0.5,0.5,0.5,0.5,0.0,268,1,0.6309297535714574,0.373134328358209,1.0986122886681096
GME,2015-09-30,3,0.0,0.0,0.0,1.0,0.0,18,0,0.0,0.0,1.3862943611198906
GME,2015-10-01,3,0.0,0.6666666666666666,0.3333333333333333,0.3333333333333333,0.3333333333333333,262,2,0.9999999999999998,0.7633587786259542,1.3862943611198906
GME,2015-10-02,1,1.0,1.0,1.0,0.0,0.0,8,0,0.0,0.0,0.6931471805599453
GME,2015-10-05,1,-1.0,1.0,0.0,0.0,1.0,8,0,0.0,0.0,0.6931471805599453
GME,2015-10-08,1,0.0,0.0,0.0,1.0,0.0,5,1,0.0,20.0,0.6931471805599453
GME,2015-10-09,1,-1.0,1.0,0.0,0.0,1.0,247,4,0.0,1.6194331983805668,0.6931471805599453
GME,2015-10-12,1,-1.0,1.0,0.0,0.0,1.0,8,0,0.0,0.0,0.6931471805599453
GME,2015-10-13,1,1.0,1.0,1.0,0.0,0.0,8,0,0.0,0.0,0.6931471805599453
GME,2015-10-16,1,1.0,1.0,1.0,0.0,0.0,259,0,0.0,0.0,0.6931471805599453
GME,2015-10-19,1,-1.0,1.0,0.0,0.0,1.0,8,0,0.0,0.0,0.6931471805599453
GME,2015-10-20,1,-1.0,1.0,0.0,0.0,1.0,8,0,0.0,0.0,0.6931471805599453
GME,2015-10-21,1,0.0,0.0,0.0,1.0,0.0,7,0,0.0,0.0,0.6931471805599453
GME,2015-10-22,1,-1.0,1.0,0.0,0.0,1.0,7,0,0.0,0.0,0.6931471805599453
GME,2015-10-27,1,1.0,1.0,1.0,0.0,0.0,236,1,0.0,0.423728813559322,0.6931471805599453
GME,2015-11-09,3,0.3333333333333333,0.3333333333333333,0.3333333333333333,0.6666666666666666,0.0,80,3,0.5793801642856949,3.75,1.3862943611198906
GME,2015-11-16,8,-0.5,0.75,0.125,0.25,0.625,745,4,0.8194483718728035,0.5369127516778524,2.1972245773362196
GME,2015-11-17,1,0.0,0.0,0.0,1.0,0.0,259,2,0.0,0.7722007722007722,0.6931471805599453
GME,2015-11-20,2,0.5,0.5,0.5,0.5,0.0,261,4,0.6309297535714574,1.5325670498084292,1.0986122886681096
GME,2015-11-23,4,0.25,0.25,0.25,0.75,0.0,745,3,0.5118595071429147,0.40268456375838924,1.6094379124341003
GME,2015-11-24,24,-0.4166666666666667,0.6666666666666666,0.125,0.3333333333333333,0.5416666666666666,1724,4,0.8722208507618188,0.23201856148491878,3.2188758248682006
GME,2015-11-25,7,-0.5714285714285714,0.5714285714285714,0.0,0.42857142857142855,0.5714285714285714,463,3,0.6216097450797566,0.6479481641468683,2.0794415416798357
GME,2015-11-27,3,-0.6666666666666666,0.6666666666666666,0.0,0.3333333333333333,0.6666666666666666,491,5,0.5793801642856949,1.0183299389002036,1.3862943611198906
GME,2015-11-30,2,-1.0,1.0,0.0,0.0,1.0,492,2,0.0,0.4065040650406504,1.0986122886681096
GME,2015-12-01,1,1.0,1.0,1.0,0.0,0.0,247,1,0.0,0.4048582995951417,0.6931471805599453
GME,2015-12-02,1,-1.0,1.0,0.0,0.0,1.0,6,0,0.0,0.0,0.6931471805599453
GME,2015-12-03,1,-1.0,1.0,0.0,0.0,1.0,8,0,0.0,0.0,0.6931471805599453
GME,2015-12-09,1,-1.0,1.0,0.0,0.0,1.0,258,3,0.0,1.1627906976744187,0.6931471805599453
GME,2015-12-10,3,-0.3333333333333333,0.3333333333333333,0.0,0.6666666666666666,0.3333333333333333,261,0,0.5793801642856949,0.0,1.3862943611198906
GME,2015-12-11,2,-0.5,0.5,0.0,0.5,0.5,42,2,0.6309297535714574,4.761904761904762,1.0986122886681096
GME,2015-12-14,7,-0.14285714285714285,0.7142857142857143,0.2857142857142857,0.2857142857142857,0.42857142857142855,564,1,0.9821410328348751,0.1773049645390071,2.0794415416798357
GME,2015-12-15,2,0.0,0.0,0.0,1.0,0.0,248,2,0.0,0.8064516129032258,1.0986122886681096
GME,2015-12-21,2,-1.0,1.0,0.0,0.0,1.0,507,1,0.0,0.19723865877712032,1.0986122886681096
GME,2015-12-23,1,0.0,0.0,0.0,1.0,0.0,14,0,0.0,0.0,0.6931471805599453
GME,2015-12-24,2,0.5,0.5,0.5,0.5,0.0,260,3,0.6309297535714574,1.1538461538461537,1.0986122886681096
GME,2015-12-28,1,-1.0,1.0,0.0,0.0,1.0,243,4,0.0,1.646090534979424,0.6931471805599453
GME,2015-12-30,2,1.0,1.0,1.0,0.0,0.0,29,0,0.0,0.0,1.0986122886681096
GME,2016-01-04,1,-1.0,1.0,0.0,0.0,1.0,11,0,0.0,0.0,0.6931471805599453
GME,2016-01-05,1,-1.0,1.0,0.0,0.0,1.0,7,0,0.0,0.0,0.6931471805599453
GME,2016-01-11,1,0.0,0.0,0.0,1.0,0.0,8,0,0.0,0.0,0.6931471805599453
GME,2016-01-12,1,1.0,1.0,1.0,0.0,0.0,249,1,0.0,0.40160642570281124,0.6931471805599453
GME,2016-01-13,9,-0.4444444444444444,0.4444444444444444,0.0,0.5555555555555556,0.4444444444444444,211,1,0.6252993742043005,0.47393364928909953,2.302585092994046
GME,2016-01-14,3,0.0,0.0,0.0,1.0,0.0,254,1,0.0,0.3937007874015748,1.3862943611198906
GME,2016-01-19,2,0.0,1.0,0.5,0.0,0.5,257,0,0.6309297535714574,0.0,1.0986122886681096
GME,2016-01-20,1,-1.0,1.0,0.0,0.0,1.0,225,1,0.0,0.4444444444444444,0.6931471805599453
GME,2016-01-22,1,-1.0,1.0,0.0,0.0,1.0,245,4,0.0,1.6326530612244898,0.6931471805599453
GME,2016-02-01,2,0.5,0.5,0.5,0.5,0.0,234,0,0.6309297535714574,0.0,1.0986122886681096
GME,2016-02-02,1,0.0,0.0,0.0,1.0,0.0,4,0,0.0,0.0,0.6931471805599453
GME,2016-02-05,1,-1.0,1.0,0.0,0.0,1.0,248,4,0.0,1.6129032258064515,0.6931471805599453
GME,2016-02-11,1,-1.0,1.0,0.0,0.0,1.0,9,0,0.0,0.0,0.6931471805599453
GME,2016-02-12,1,-1.0,1.0,0.0,0.0,1.0,10,0,0.0,0.0,0.6931471805599453
GME,2016-02-19,1,0.0,0.0,0.0,1.0,0.0,13,0,0.0,0.0,0.6931471805599453
GME,2016-02-22,1,-1.0,1.0,0.0,0.0,1.0,264,1,0.0,0.3787878787878788,0.6931471805599453
GME,2016-02-23,1,0.0,0.0,0.0,1.0,0.0,208,7,0.0,3.3653846153846154,0.6931471805599453
GME,2016-02-24,2,0.0,0.0,0.0,1.0,0.0,10,0,0.0,0.0,1.0986122886681096
GME,2016-02-25,2,1.0,1.0,1.0,0.0,0.0,486,2,0.0,0.411522633744856,1.0986122886681096
GME,2016-02-26,1,1.0,1.0,1.0,0.0,0.0,203,1,0.0,0.49261083743842365,0.6931471805599453
GME,2016-03-01,5,0.8,0.8,0.8,0.2,0.0,740,3,0.4554859150035952,0.40540540540540543,1.791759469228055
GME,2016-03-03,7,0.14285714285714285,0.42857142857142855,0.2857142857142857,0.5714285714285714,0.14285714285714285,124,3,0.8699155297736259,2.4193548387096775,2.0794415416798357
GME,2016-03-04,4,0.0,0.5,0.25,0.5,0.25,475,4,0.946394630357186,0.8421052631578947,1.6094379124341003
GME,2016-03-07,1,0.0,0.0,0.0,1.0,0.0,259,3,0.0,1.1583011583011582,0.6931471805599453
GME,2016-03-08,4,0.75,0.75,0.75,0.25,0.0,959,6,0.5118595071429147,0.6256517205422315,1.6094379124341003
GME,2016-03-11,1,-1.0,1.0,0.0,0.0,1.0,247,4,0.0,1.6194331983805668,0.6931471805599453
GME,2016-03-15,1,1.0,1.0,1.0,0.0,0.0,235,1,0.0,0.425531914893617,0.6931471805599453
GME,2016-03-16,2,-1.0,1.0,0.0,0.0,1.0,489,6,0.0,1.2269938650306749,1.0986122886681096
GME,2016-03-21,4,0.5,0.5,0.5,0.5,0.0,748,7,0.6309297535714574,0.9358288770053476,1.6094379124341003
GME,2016-03-22,4,1.0,1.0,1.0,0.0,0.0,976,6,0.0,0.6147540983606558,1.6094379124341003
GME,2016-03-28,17,-0.35294117647058826,0.47058823529411764,0.058823529411764705,0.5294117647058824,0.4117647058823529,1311,4,0.7907427323313919,0.30511060259344014,2.8903717578961645
GME,2016-03-29,11,0.09090909090909091,0.2727272727272727,0.18181818181818182,0.7272727272727273,0.09090909090909091,541,2,0.6913698302025114,0.36968576709796674,2.4849066497880004
GME,2016-03-30,2,0.5,0.5,0.5,0.5,0.0,142,0,0.6309297535714574,0.0,1.0986122886681096
GME,2016-04-04,3,-0.3333333333333333,1.0,0.3333333333333333,0.0,0.6666666666666666,733,10,0.5793801642856949,1.364256480218281,1.3862943611198906
GME,2016-04-08,2,-1.0,1.0,0.0,0.0,1.0,490,11,0.0,2.2448979591836733,1.0986122886681096
GME,2016-04-11,2,1.0,1.0,1.0,0.0,0.0,252,1,0.0,0.3968253968253968,1.0986122886681096
GME,2016-04-12,1,1.0,1.0,1.0,0.0,0.0,5,0,0.0,0.0,0.6931471805599453
GME,2016-04-14,1,1.0,1.0,1.0,0.0,0.0,255,2,0.0,0.7843137254901961,0.6931471805599453
GME,2016-04-15,1,0.0,0.0,0.0,1.0,0.0,6,0,0.0,0.0,0.6931471805599453
GME,2016-04-19,1,0.0,0.0,0.0,1.0,0.0,8,0,0.0,0.0,0.6931471805599453
GME,2016-04-20,4,-0.25,0.25,0.0,0.75,0.25,51,1,0.5118595071429147,1.9607843137254901,1.6094379124341003
GME,2016-04-21,3,0.0,0.6666666666666666,0.3333333333333333,0.3333333333333333,0.3333333333333333,541,5,0.9999999999999998,0.9242144177449169,1.3862943611198906
GME,2016-04-22,1,0.0,0.0,0.0,1.0,0.0,245,2,0.0,0.8163265306122449,0.6931471805599453
GME,2016-04-27,1,1.0,1.0,1.0,0.0,0.0,275,5,0.0,1.8181818181818181,0.6931471805599453
GME,2016-05-02,2,0.5,0.5,0.5,0.5,0.0,21,0,0.6309297535714574,0.0,1.0986122886681096
GME,2016-05-03,1,0.0,0.0,0.0,1.0,0.0,11,0,0.0,0.0,0.6931471805599453
GME,2016-05-10,2,-1.0,1.0,0.0,0.0,1.0,251,0,0.0,0.0,1.0986122886681096
GME,2016-05-11,1,0.0,0.0,0.0,1.0,0.0,11,0,0.0,0.0,0.6931471805599453
GME,2016-05-12,1,1.0,1.0,1.0,0.0,0.0,8,0,0.0,0.0,0.6931471805599453
GME,2016-05-17,1,0.0,0.0,0.0,1.0,0.0,15,0,0.0,0.0,0.6931471805599453
GME,2016-05-23,1,-1.0,1.0,0.0,0.0,1.0,247,4,0.0,1.6194331983805668,0.6931471805599453
GME,2016-05-24,2,-0.5,0.5,0.0,0.5,0.5,252,1,0.6309297535714574,0.3968253968253968,1.0986122886681096
GME,2016-05-25,1,0.0,0.0,0.0,1.0,0.0,210,6,0.0,2.857142857142857,0.6931471805599453
GME,2016-05-26,1,0.0,0.0,0.0,1.0,0.0,14,0,0.0,0.0,0.6931471805599453
GME,2016-05-27,11,-0.09090909090909091,0.2727272727272727,0.09090909090909091,0.7272727272727273,0.18181818181818182,557,1,0.6913698302025114,0.17953321364452424,2.4849066497880004
GME,2016-05-31,9,0.0,0.4444444444444444,0.2222222222222222,0.5555555555555556,0.2222222222222222,733,4,0.9057125980138371,0.5457025920873124,2.302585092994046
GME,2016-06-01,4,0.0,0.5,0.25,0.5,0.25,246,1,0.946394630357186,0.4065040650406504,1.6094379124341003
GME,2016-06-02,2,-0.5,0.5,0.0,0.5,0.5,28,0,0.6309297535714574,0.0,1.0986122886681096
GME,2016-06-06,1,1.0,1.0,1.0,0.0,0.0,210,0,0.0,0.0,0.6931471805599453
GME,2016-06-10,1,-1.0,1.0,0.0,0.0,1.0,252,3,0.0,1.1904761904761905,0.6931471805599453
GME,2016-06-13,2,-0.5,0.5,0.0,0.5,0.5,279,3,0.6309297535714574,1.075268817204301,1.0986122886681096
GME,2016-06-16,2,0.0,1.0,0.5,0.0,0.5,20,0,0.6309297535714574,0.0,1.0986122886681096
GME,2016-06-17,1,-1.0,1.0,0.0,0.0,1.0,247,0,0.0,0.0,0.6931471805599453
GME,2016-06-20,1,0.0,0.0,0.0,1.0,0.0,12,0,0.0,0.0,0.6931471805599453
GME,2016-06-21,1,1.0,1.0,1.0,0.0,0.0,7,0,0.0,0.0,0.6931471805599453
GME,2016-06-28,2,1.0,1.0,1.0,0.0,0.0,12,0,0.0,0.0,1.0986122886681096
GME,2016-06-29,1,0.0,0.0,0.0,1.0,0.0,8,0,0.0,0.0,0.6931471805599453
GME,2016-07-05,4,0.5,0.5,0.5,0.5,0.0,519,7,0.6309297535714574,1.348747591522158,1.6094379124341003
GME,2016-07-06,1,1.0,1.0,1.0,0.0,0.0,11,0,0.0,0.0,0.6931471805599453
GME,2016-07-12,3,0.0,0.6666666666666666,0.3333333333333333,0.3333333333333333,0.3333333333333333,257,0,0.9999999999999998,0.0,1.3862943611198906
GME,2016-07-14,1,-1.0,1.0,0.0,0.0,1.0,229,1,0.0,0.4366812227074236,0.6931471805599453
GME,2016-07-19,10,0.3,0.5,0.4,0.5,0.1,585,1,0.8586727110732548,0.17094017094017094,2.3978952727983707
GME,2016-07-20,1,0.0,0.0,0.0,1.0,0.0,12,0,0.0,0.0,0.6931471805599453
GME,2016-07-21,1,1.0,1.0,1.0,0.0,0.0,256,2,0.0,0.78125,0.6931471805599453
GME,2016-07-22,5,0.0,0.4,0.2,0.6,0.2,755,5,0.8649735207179272,0.6622516556291391,1.791759469228055
GME,2016-07-25,1,1.0,1.0,1.0,0.0,0.0,249,1,0.0,0.40160642570281124,0.6931471805599453
GME,2016-07-26,2,0.5,0.5,0.5,0.5,0.0,282,2,0.6309297535714574,0.7092198581560284,1.0986122886681096
GME,2016-08-02,2,0.0,1.0,0.5,0.0,0.5,482,4,0.6309297535714574,0.8298755186721992,1.0986122886681096
GME,2016-08-03,4,0.5,0.5,0.5,0.5,0.0,283,2,0.6309297535714574,0.7067137809187279,1.6094379124341003
GME,2016-08-04,3,0.3333333333333333,0.3333333333333333,0.3333333333333333,0.6666666666666666,0.0,260,1,0.5793801642856949,0.38461538461538464,1.3862943611198906
GME,2016-08-05,2,0.5,0.5,0.5,0.5,0.0,268,2,0.6309297535714574,0.746268656716418,1.0986122886681096
GME,2016-08-08,3,-0.3333333333333333,1.0,0.3333333333333333,0.0,0.6666666666666666,478,1,0.5793801642856949,0.20920502092050208,1.3862943611198906
GME,2016-08-09,1,1.0,1.0,1.0,0.0,0.0,8,0,0.0,0.0,0.6931471805599453
GME,2016-08-10,1,1.0,1.0,1.0,0.0,0.0,275,0,0.0,0.0,0.6931471805599453
GME,2016-08-11,1,1.0,1.0,1.0,0.0,0.0,271,2,0.0,0.7380073800738007,0.6931471805599453
GME,2016-08-12,4,0.5,1.0,0.75,0.0,0.25,731,5,0.5118595071429147,0.6839945280437757,1.6094379124341003
GME,2016-08-15,1,1.0,1.0,1.0,0.0,0.0,245,3,0.0,1.2244897959183674,0.6931471805599453
GME,2016-08-16,1,0.0,0.0,0.0,1.0,0.0,8,0,0.0,0.0,0.6931471805599453
GME,2016-08-17,2,0.0,0.0,0.0,1.0,0.0,21,0,0.0,0.0,1.0986122886681096
GME,2016-08-18,1,0.0,0.0,0.0,1.0,0.0,5,0,0.0,0.0,0.6931471805599453
GME,2016-08-19,1,0.0,0.0,0.0,1.0,0.0,8,0,0.0,0.0,0.6931471805599453
GME,2016-08-22,5,1.0,1.0,1.0,0.0,0.0,997,3,0.0,0.30090270812437314,1.791759469228055
GME,2016-08-23,5,0.6,1.0,0.8,0.0,0.2,991,8,0.4554859150035952,0.8072653884964682,1.791759469228055
GME,2016-08-24,3,0.3333333333333333,0.3333333333333333,0.3333333333333333,0.6666666666666666,0.0,39,0,0.5793801642856949,0.0,1.3862943611198906
GME,2016-08-25,3,0.3333333333333333,0.3333333333333333,0.3333333333333333,0.6666666666666666,0.0,509,7,0.5793801642856949,1.37524557956778,1.3862943611198906
GME,2016-08-26,7,-0.2857142857142857,0.2857142857142857,0.0,0.7142857142857143,0.2857142857142857,526,5,0.5445684476282007,0.9505703422053232,2.0794415416798357
GME,2016-08-29,18,-0.3888888888888889,0.6111111111111112,0.1111111111111111,0.3888888888888889,0.5,1965,16,0.8720094340562979,0.8142493638676844,2.9444389791664403
GME,2016-08-30,3,-0.3333333333333333,0.3333333333333333,0.0,0.6666666666666666,0.3333333333333333,24,0,0.5793801642856949,0.0,1.3862943611198906
GME,2016-09-07,1,1.0,1.0,1.0,0.0,0.0,247,1,0.0,0.4048582995951417,0.6931471805599453
GME,2016-09-12,2,0.0,0.0,0.0,1.0,0.0,12,0,0.0,0.0,1.0986122886681096
GME,2016-09-13,1,0.0,0.0,0.0,1.0,0.0,239,0,0.0,0.0,0.6931471805599453
GME,2016-09-14,1,-1.0,1.0,0.0,0.0,1.0,9,0,0.0,0.0,0.6931471805599453
GME,2016-09-21,3,0.3333333333333333,0.3333333333333333,0.3333333333333333,0.6666666666666666,0.0,504,6,0.5793801642856949,1.1904761904761905,1.3862943611198906
GME,2016-09-26,2,-1.0,1.0,0.0,0.0,1.0,380,1,0.0,0.2631578947368421,1.0986122886681096
GME,2016-10-04,2,0.0,0.0,0.0,1.0,0.0,16,0,0.0,0.0,1.0986122886681096
GME,2016-10-05,1,0.0,0.0,0.0,1.0,0.0,7,0,0.0,0.0,0.6931471805599453
GME,2016-10-10,1,1.0,1.0,1.0,0.0,0.0,241,2,0.0,0.8298755186721992,0.6931471805599453
GME,2016-10-13,1,1.0,1.0,1.0,0.0,0.0,11,0,0.0,0.0,0.6931471805599453
GME,2016-10-17,1,0.0,0.0,0.0,1.0,0.0,19,0,0.0,0.0,0.6931471805599453
GME,2016-10-18,1,1.0,1.0,1.0,0.0,0.0,17,1,0.0,5.882352941176471,0.6931471805599453
GME,2016-10-19,1,0.0,0.0,0.0,1.0,0.0,8,0,0.0,0.0,0.6931471805599453
GME,2016-10-21,1,0.0,0.0,0.0,1.0,0.0,5,1,0.0,20.0,0.6931471805599453
GME,2016-10-25,2,0.0,1.0,0.5,0.0,0.5,250,2,0.6309297535714574,0.8,1.0986122886681096
GME,2016-10-27,1,-1.0,1.0,0.0,0.0,1.0,20,0,0.0,0.0,0.6931471805599453
GME,2016-10-28,1,0.0,0.0,0.0,1.0,0.0,9,0,0.0,0.0,0.6931471805599453
GME,2016-10-31,1,-1.0,1.0,0.0,0.0,1.0,256,2,0.0,0.78125,0.6931471805599453
GME,2016-11-01,1,0.0,0.0,0.0,1.0,0.0,8,0,0.0,0.0,0.6931471805599453
GME,2016-11-03,12,-0.4166666666666667,0.4166666666666667,0.0,0.5833333333333334,0.4166666666666667,579,6,0.6182283531662821,1.0362694300518134,2.5649493574615367
GME,2016-11-04,1,-1.0,1.0,0.0,0.0,1.0,237,1,0.0,0.4219409282700422,0.6931471805599453
GME,2016-11-07,1,-1.0,1.0,0.0,0.0,1.0,253,4,0.0,1.5810276679841897,0.6931471805599453
GME,2016-11-08,1,-1.0,1.0,0.0,0.0,1.0,240,3,0.0,1.25,0.6931471805599453
GME,2016-11-11,1,-1.0,1.0,0.0,0.0,1.0,244,4,0.0,1.639344262295082,0.6931471805599453
GME,2016-11-14,2,0.0,1.0,0.5,0.0,0.5,514,8,0.6309297535714574,1.556420233463035,1.0986122886681096
GME,2016-11-15,1,-1.0,1.0,0.0,0.0,1.0,8,0,0.0,0.0,0.6931471805599453
GME,2016-11-16,1,1.0,1.0,1.0,0.0,0.0,244,2,0.0,0.819672131147541,0.6931471805599453
GME,2016-11-21,1,1.0,1.0,1.0,0.0,0.0,254,2,0.0,0.7874015748031497,0.6931471805599453
GME,2016-11-22,4,0.5,0.5,0.5,0.5,0.0,735,0,0.6309297535714574,0.0,1.6094379124341003
GME,2016-11-23,11,-0.2727272727272727,0.45454545454545453,0.09090909090909091,0.5454545454545454,0.36363636363636365,1021,1,0.8342022886441013,0.0979431929480901,2.4849066497880004
GME,2016-11-25,12,-0.08333333333333333,0.5833333333333334,0.25,0.4166666666666667,0.3333333333333333,1221,7,0.9808340377961401,0.5733005733005733,2.5649493574615367
GME,2016-11-28,5,0.4,0.8,0.6,0.2,0.2,760,5,0.8649735207179272,0.6578947368421053,1.791759469228055
GME,2016-11-29,2,0.0,0.0,0.0,1.0,0.0,14,0,0.0,0.0,1.0986122886681096
GME,2016-11-30,1,0.0,0.0,0.0,1.0,0.0,5,0,0.0,0.0,0.6931471805599453
GME,2016-12-02,2,-0.5,0.5,0.0,0.5,0.5,14,0,0.6309297535714574,0.0,1.0986122886681096
GME,2016-12-05,1,0.0,0.0,0.0,1.0,0.0,10,1,0.0,10.0,0.6931471805599453
GME,2016-12-08,6,0.16666666666666666,0.5,0.3333333333333333,0.5,0.16666666666666666,307,3,0.9206198357143047,0.9771986970684039,1.9459101490553132
GME,2016-12-19,3,-0.6666666666666666,0.6666666666666666,0.0,0.3333333333333333,0.6666666666666666,487,6,0.5793801642856949,1.2320328542094456,1.3862943611198906
GME,2016-12-23,1,1.0,1.0,1.0,0.0,0.0,8,0,0.0,0.0,0.6931471805599453
GME,2016-12-27,3,0.0,0.6666666666666666,0.3333333333333333,0.3333333333333333,0.3333333333333333,22,0,0.9999999999999998,0.0,1.3862943611198906
GME,2016-12-28,1,-1.0,1.0,0.0,0.0,1.0,8,0,0.0,0.0,0.6931471805599453
GME,2016-12-29,1,1.0,1.0,1.0,0.0,0.0,8,0,0.0,0.0,0.6931471805599453
GME,2016-12-30,3,0.3333333333333333,0.3333333333333333,0.3333333333333333,0.6666666666666666,0.0,249,2,0.5793801642856949,0.8032128514056225,1.3862943611198906
GME,2017-01-03,3,0.3333333333333333,1.0,0.6666666666666666,0.0,0.3333333333333333,273,1,0.5793801642856949,0.3663003663003663,1.3862943611198906
GME,2017-01-05,2,0.0,0.0,0.0,1.0,0.0,222,4,0.0,1.8018018018018018,1.0986122886681096
GME,2017-01-09,1,1.0,1.0,1.0,0.0,0.0,8,0,0.0,0.0,0.6931471805599453
GME,2017-01-10,3,0.0,0.6666666666666666,0.3333333333333333,0.3333333333333333,0.3333333333333333,22,0,0.9999999999999998,0.0,1.3862943611198906
GME,2017-01-12,1,0.0,0.0,0.0,1.0,0.0,244,1,0.0,0.4098360655737705,0.6931471805599453
GME,2017-01-13,1,-1.0,1.0,0.0,0.0,1.0,5,0,0.0,0.0,0.6931471805599453
GME,2017-01-17,20,-0.15,0.35,0.1,0.65,0.25,1192,4,0.7799302846668992,0.33557046979865773,3.044522437723423
GME,2017-01-18,3,0.0,0.6666666666666666,0.3333333333333333,0.3333333333333333,0.3333333333333333,25,0,0.9999999999999998,0.0,1.3862943611198906
GME,2017-01-19,2,0.5,0.5,0.5,0.5,0.0,295,0,0.6309297535714574,0.0,1.0986122886681096
GME,2017-01-20,1,-1.0,1.0,0.0,0.0,1.0,249,4,0.0,1.606425702811245,0.6931471805599453
GME,2017-01-23,4,-0.75,0.75,0.0,0.25,0.75,756,12,0.5118595071429147,1.5873015873015872,1.6094379124341003
GME,2017-01-25,1,0.0,0.0,0.0,1.0,0.0,4,0,0.0,0.0,0.6931471805599453
GME,2017-01-26,2,0.5,0.5,0.5,0.5,0.0,283,2,0.6309297535714574,0.7067137809187279,1.0986122886681096
GME,2017-01-27,1,1.0,1.0,1.0,0.0,0.0,11,0,0.0,0.0,0.6931471805599453
GME,2017-01-30,1,0.0,0.0,0.0,1.0,0.0,13,0,0.0,0.0,0.6931471805599453
GME,2017-01-31,1,0.0,0.0,0.0,1.0,0.0,4,0,0.0,0.0,0.6931471805599453
GME,2017-02-03,2,0.5,0.5,0.5,0.5,0.0,274,5,0.6309297535714574,1.8248175182481752,1.0986122886681096
GME,2017-02-06,1,-1.0,1.0,0.0,0.0,1.0,8,0,0.0,0.0,0.6931471805599453
GME,2017-02-07,1,-1.0,1.0,0.0,0.0,1.0,25,1,0.0,4.0,0.6931471805599453
GME,2017-02-10,2,0.5,0.5,0.5,0.5,0.0,263,3,0.6309297535714574,1.1406844106463878,1.0986122886681096
GME,2017-02-13,1,1.0,1.0,1.0,0.0,0.0,234,0,0.0,0.0,0.6931471805599453
GME,2017-02-15,2,0.0,0.0,0.0,1.0,0.0,25,0,0.0,0.0,1.0986122886681096
GME,2017-02-16,1,0.0,0.0,0.0,1.0,0.0,214,5,0.0,2.336448598130841,0.6931471805599453
GME,2017-02-17,1,1.0,1.0,1.0,0.0,0.0,244,5,0.0,2.0491803278688523,0.6931471805599453
GME,2017-02-22,1,-1.0,1.0,0.0,0.0,1.0,253,2,0.0,0.7905138339920948,0.6931471805599453
GME,2017-02-27,1,-1.0,1.0,0.0,0.0,1.0,249,3,0.0,1.2048192771084338,0.6931471805599453
GME,2017-02-28,1,-1.0,1.0,0.0,0.0,1.0,8,0,0.0,0.0,0.6931471805599453
GME,2017-03-01,7,0.0,0.5714285714285714,0.2857142857142857,0.42857142857142855,0.2857142857142857,564,4,0.9821410328348751,0.7092198581560284,2.0794415416798357
GME,2017-03-02,7,0.0,0.5714285714285714,0.2857142857142857,0.42857142857142855,0.2857142857142857,428,2,0.9821410328348751,0.4672897196261682,2.0794415416798357
GME,2017-03-03,2,-0.5,0.5,0.0,0.5,0.5,14,0,0.6309297535714574,0.0,1.0986122886681096
GME,2017-03-06,2,0.0,1.0,0.5,0.0,0.5,514,5,0.6309297535714574,0.9727626459143969,1.0986122886681096
GME,2017-03-10,1,1.0,1.0,1.0,0.0,0.0,243,1,0.0,0.411522633744856,0.6931471805599453
GME,2017-03-14,4,-0.75,0.75,0.0,0.25,0.75,487,4,0.5118595071429147,0.8213552361396304,1.6094379124341003
GME,2017-03-15,1,0.0,0.0,0.0,1.0,0.0,8,0,0.0,0.0,0.6931471805599453
GME,2017-03-16,1,-1.0,1.0,0.0,0.0,1.0,245,6,0.0,2.4489795918367347,0.6931471805599453
GME,2017-03-20,4,0.0,0.5,0.25,0.5,0.25,1032,11,0.946394630357186,1.065891472868217,1.6094379124341003
GME,2017-03-21,1,-1.0,1.0,0.0,0.0,1.0,247,2,0.0,0.8097165991902834,0.6931471805599453
GME,2017-03-22,4,-0.25,0.25,0.0,0.75,0.25,499,5,0.5118595071429147,1.002004008016032,1.6094379124341003
GME,2017-03-23,1,1.0,1.0,1.0,0.0,0.0,242,3,0.0,1.2396694214876034,0.6931471805599453
GME,2017-03-24,8,-0.25,0.5,0.125,0.5,0.375,317,0,0.8868595071429147,0.0,2.1972245773362196
GME,2017-03-27,19,-0.3684210526315789,0.6842105263157895,0.15789473684210525,0.3157894736842105,0.5263157894736842,1746,9,0.9041116874399232,0.5154639175257731,2.995732273553991
GME,2017-03-28,2,-1.0,1.0,0.0,0.0,1.0,459,0,0.0,0.0,1.0986122886681096
GME,2017-03-30,1,-1.0,1.0,0.0,0.0,1.0,233,0,0.0,0.0,0.6931471805599453
GME,2017-03-31,4,-0.25,0.75,0.25,0.25,0.5,769,9,0.946394630357186,1.1703511053315996,1.6094379124341003
GME,2017-04-03,3,-1.0,1.0,0.0,0.0,1.0,744,5,0.0,0.6720430107526881,1.3862943611198906
GME,2017-04-05,2,1.0,1.0,1.0,0.0,0.0,518,6,0.0,1.1583011583011582,1.0986122886681096
GME,2017-04-06,1,0.0,0.0,0.0,1.0,0.0,233,0,0.0,0.0,0.6931471805599453
GME,2017-04-10,3,-0.6666666666666666,0.6666666666666666,0.0,0.3333333333333333,0.6666666666666666,277,9,0.5793801642856949,3.2490974729241877,1.3862943611198906
GME,2017-04-11,1,-1.0,1.0,0.0,0.0,1.0,266,7,0.0,2.6315789473684212,0.6931471805599453
GME,2017-04-17,1,-1.0,1.0,0.0,0.0,1.0,246,4,0.0,1.6260162601626016,0.6931471805599453
GME,2017-04-20,1,-1.0,1.0,0.0,0.0,1.0,254,2,0.0,0.7874015748031497,0.6931471805599453
GME,2017-04-24,1,-1.0,1.0,0.0,0.0,1.0,244,1,0.0,0.4098360655737705,0.6931471805599453
GME,2017-04-25,3,-0.6666666666666666,0.6666666666666666,0.0,0.3333333333333333,0.6666666666666666,719,10,0.5793801642856949,1.3908205841446453,1.3862943611198906
GME,2017-04-27,3,0.0,0.6666666666666666,0.3333333333333333,0.3333333333333333,0.3333333333333333,264,0,0.9999999999999998,0.0,1.3862943611198906
GME,2017-04-28,1,1.0,1.0,1.0,0.0,0.0,8,0,0.0,0.0,0.6931471805599453
GME,2017-05-01,1,0.0,0.0,0.0,1.0,0.0,12,0,0.0,0.0,0.6931471805599453
GME,2017-05-02,1,-1.0,1.0,0.0,0.0,1.0,255,3,0.0,1.1764705882352942,0.6931471805599453
GME,2017-05-03,1,-1.0,1.0,0.0,0.0,1.0,8,0,0.0,0.0,0.6931471805599453
GME,2017-05-04,2,0.0,0.0,0.0,1.0,0.0,223,7,0.0,3.1390134529147984,1.0986122886681096
GME,2017-05-05,1,-1.0,1.0,0.0,0.0,1.0,245,4,0.0,1.6326530612244898,0.6931471805599453
GME,2017-05-11,1,1.0,1.0,1.0,0.0,0.0,255,3,0.0,1.1764705882352942,0.6931471805599453
GME,2017-05-16,1,-1.0,1.0,0.0,0.0,1.0,8,0,0.0,0.0,0.6931471805599453
GME,2017-05-17,1,0.0,0.0,0.0,1.0,0.0,10,1,0.0,10.0,0.6931471805599453
GME,2017-05-22,1,1.0,1.0,1.0,0.0,0.0,251,3,0.0,1.1952191235059761,0.6931471805599453
GME,2017-05-24,3,-0.6666666666666666,0.6666666666666666,0.0,0.3333333333333333,0.6666666666666666,700,11,0.5793801642856949,1.5714285714285714,1.3862943611198906
GME,2017-05-25,2,0.0,1.0,0.5,0.0,0.5,508,20,0.6309297535714574,3.937007874015748,1.0986122886681096
GME,2017-05-26,6,0.0,0.3333333333333333,0.16666666666666666,0.6666666666666666,0.16666666666666666,339,6,0.7896900821428474,1.7699115044247788,1.9459101490553132
GME,2017-05-30,14,0.42857142857142855,0.7142857142857143,0.5714285714285714,0.2857142857142857,0.14285714285714285,1725,8,0.8699155297736259,0.463768115942029,2.70805020110221
GME,2017-05-31,2,0.5,0.5,0.5,0.5,0.0,222,4,0.6309297535714574,1.8018018018018018,1.0986122886681096
GME,2017-06-02,1,0.0,0.0,0.0,1.0,0.0,8,0,0.0,0.0,0.6931471805599453
GME,2017-06-05,1,1.0,1.0,1.0,0.0,0.0,207,0,0.0,0.0,0.6931471805599453
GME,2017-06-06,1,-1.0,1.0,0.0,0.0,1.0,8,0,0.0,0.0,0.6931471805599453
GME,2017-06-07,1,-1.0,1.0,0.0,0.0,1.0,238,3,0.0,1.2605042016806722,0.6931471805599453
GME,2017-06-09,2,1.0,1.0,1.0,0.0,0.0,509,2,0.0,0.3929273084479371,1.0986122886681096
GME,2017-06-12,1,1.0,1.0,1.0,0.0,0.0,248,0,0.0,0.0,0.6931471805599453
GME,2017-06-14,2,0.5,0.5,0.5,0.5,0.0,292,0,0.6309297535714574,0.0,1.0986122886681096
GME,2017-06-22,1,-1.0,1.0,0.0,0.0,1.0,259,6,0.0,2.3166023166023164,0.6931471805599453
GME,2017-06-26,1,0.0,0.0,0.0,1.0,0.0,264,5,0.0,1.893939393939394,0.6931471805599453
GME,2017-06-28,3,0.3333333333333333,0.3333333333333333,0.3333333333333333,0.6666666666666666,0.0,275,0,0.5793801642856949,0.0,1.3862943611198906
GME,2017-07-05,1,1.0,1.0,1.0,0.0,0.0,8,0,0.0,0.0,0.6931471805599453
GME,2017-07-11,4,-0.5,0.5,0.0,0.5,0.5,507,6,0.6309297535714574,1.183431952662722,1.6094379124341003
GME,2017-07-13,1,0.0,0.0,0.0,1.0,0.0,260,2,0.0,0.7692307692307693,0.6931471805599453
GME,2017-07-14,1,0.0,0.0,0.0,1.0,0.0,213,5,0.0,2.347417840375587,0.6931471805599453
GME,2017-07-18,1,1.0,1.0,1.0,0.0,0.0,256,1,0.0,0.390625,0.6931471805599453
GME,2017-07-21,2,0.0,0.0,0.0,1.0,0.0,24,0,0.0,0.0,1.0986122886681096
GME,2017-07-24,3,0.0,0.6666666666666666,0.3333333333333333,0.3333333333333333,0.3333333333333333,711,9,0.9999999999999998,1.2658227848101267,1.3862943611198906
GME,2017-07-27,1,0.0,0.0,0.0,1.0,0.0,8,0,0.0,0.0,0.6931471805599453
GME,2017-07-28,1,1.0,1.0,1.0,0.0,0.0,242,3,0.0,1.2396694214876034,0.6931471805599453
GME,2017-08-01,3,-0.3333333333333333,0.3333333333333333,0.0,0.6666666666666666,0.3333333333333333,459,9,0.5793801642856949,1.9607843137254901,1.3862943611198906
GME,2017-08-02,1,1.0,1.0,1.0,0.0,0.0,260,0,0.0,0.0,0.6931471805599453
GME,2017-08-04,3,0.3333333333333333,1.0,0.6666666666666666,0.0,0.3333333333333333,734,5,0.5793801642856949,0.6811989100817438,1.3862943611198906
GME,2017-08-08,1,-1.0,1.0,0.0,0.0,1.0,241,10,0.0,4.149377593360996,0.6931471805599453
GME,2017-08-09,1,0.0,0.0,0.0,1.0,0.0,258,9,0.0,3.488372093023256,0.6931471805599453
GME,2017-08-21,2,1.0,1.0,1.0,0.0,0.0,499,3,0.0,0.6012024048096193,1.0986122886681096
GME,2017-08-22,6,0.16666666666666666,0.8333333333333334,0.5,0.16666666666666666,0.3333333333333333,1210,10,0.920619835714305,0.8264462809917356,1.9459101490553132
GME,2017-08-23,2,0.5,0.5,0.5,0.5,0.0,266,1,0.6309297535714574,0.37593984962406013,1.0986122886681096
GME,2017-08-24,2,0.5,0.5,0.5,0.5,0.0,494,3,0.6309297535714574,0.6072874493927125,1.0986122886681096
GME,2017-08-25,5,0.0,0.4,0.2,0.6,0.2,717,5,0.8649735207179272,0.697350069735007,1.791759469228055
GME,2017-08-28,16,0.1875,0.6875,0.4375,0.3125,0.25,2616,10,0.9755307720176264,0.382262996941896,2.833213344056216
GME,2017-08-29,1,1.0,1.0,1.0,0.0,0.0,197,0,0.0,0.0,0.6931471805599453
GME,2017-08-30,1,0.0,0.0,0.0,1.0,0.0,7,0,0.0,0.0,0.6931471805599453
GME,2017-08-31,1,-1.0,1.0,0.0,0.0,1.0,253,3,0.0,1.1857707509881423,0.6931471805599453
GME,2017-09-05,1,-1.0,1.0,0.0,0.0,1.0,219,0,0.0,0.0,0.6931471805599453
GME,2017-09-06,2,1.0,1.0,1.0,0.0,0.0,477,1,0.0,0.20964360587002095,1.0986122886681096
GME,2017-09-07,1,1.0,1.0,1.0,0.0,0.0,211,0,0.0,0.0,0.6931471805599453
GME,2017-09-08,1,1.0,1.0,1.0,0.0,0.0,239,1,0.0,0.41841004184100417,0.6931471805599453
GME,2017-09-13,1,0.0,0.0,0.0,1.0,0.0,24,0,0.0,0.0,0.6931471805599453
GME,2017-09-14,3,1.0,1.0,1.0,0.0,0.0,543,0,0.0,0.0,1.3862943611198906
GME,2017-09-15,1,-1.0,1.0,0.0,0.0,1.0,244,6,0.0,2.459016393442623,0.6931471805599453
GME,2017-09-18,5,0.4,0.8,0.6,0.2,0.2,513,8,0.8649735207179272,1.5594541910331383,1.791759469228055
GME,2017-09-19,1,-1.0,1.0,0.0,0.0,1.0,240,1,0.0,0.4166666666666667,0.6931471805599453
GME,2017-09-26,1,0.0,0.0,0.0,1.0,0.0,250,2,0.0,0.8,0.6931471805599453
GME,2017-09-27,2,0.0,1.0,0.5,0.0,0.5,36,1,0.6309297535714574,2.7777777777777777,1.0986122886681096
GME,2017-09-28,1,0.0,0.0,0.0,1.0,0.0,12,0,0.0,0.0,0.6931471805599453
GME,2017-10-02,3,0.0,0.6666666666666666,0.3333333333333333,0.3333333333333333,0.3333333333333333,761,11,0.9999999999999998,1.445466491458607,1.3862943611198906
GME,2017-10-06,3,-0.3333333333333333,1.0,0.3333333333333333,0.0,0.6666666666666666,742,7,0.5793801642856949,0.9433962264150944,1.3862943611198906
GME,2017-10-12,1,1.0,1.0,1.0,0.0,0.0,243,1,0.0,0.411522633744856,0.6931471805599453
GME,2017-10-18,1,1.0,1.0,1.0,0.0,0.0,252,4,0.0,1.5873015873015872,0.6931471805599453
GME,2017-10-23,2,-0.5,0.5,0.0,0.5,0.5,471,10,0.6309297535714574,2.1231422505307855,1.0986122886681096
GME,2017-10-25,1,-1.0,1.0,0.0,0.0,1.0,259,5,0.0,1.9305019305019304,0.6931471805599453
GME,2017-10-31,2,0.0,1.0,0.5,0.0,0.5,490,6,0.6309297535714574,1.2244897959183674,1.0986122886681096
GME,2017-11-03,1,1.0,1.0,1.0,0.0,0.0,242,2,0.0,0.8264462809917356,0.6931471805599453
GME,2017-11-06,2,0.0,0.0,0.0,1.0,0.0,490,2,0.0,0.40816326530612246,1.0986122886681096
GME,2017-11-07,1,0.0,0.0,0.0,1.0,0.0,12,0,0.0,0.0,0.6931471805599453
GME,2017-11-08,1,-1.0,1.0,0.0,0.0,1.0,256,5,0.0,1.953125,0.6931471805599453
GME,2017-11-15,1,0.0,0.0,0.0,1.0,0.0,209,7,0.0,3.349282296650718,0.6931471805599453
GME,2017-11-16,1,-1.0,1.0,0.0,0.0,1.0,250,3,0.0,1.2,0.6931471805599453
GME,2017-11-17,1,-1.0,1.0,0.0,0.0,1.0,8,0,0.0,0.0,0.6931471805599453
GME,2017-11-20,2,0.0,1.0,0.5,0.0,0.5,499,4,0.6309297535714574,0.8016032064128257,1.0986122886681096
GME,2017-11-21,4,0.0,0.5,0.25,0.5,0.25,505,2,0.946394630357186,0.39603960396039606,1.6094379124341003
GME,2017-11-22,10,-0.1,0.5,0.2,0.5,0.3,537,0,0.9372305632161295,0.0,2.3978952727983707
GME,2017-11-24,10,0.6,0.8,0.7,0.2,0.1,1898,14,0.7298466991620974,0.7376185458377239,2.3978952727983707
GME,2017-11-27,5,0.2,0.6,0.4,0.4,0.2,703,0,0.9602297178607612,0.0,1.791759469228055
GME,2017-11-28,2,-0.5,0.5,0.0,0.5,0.5,240,3,0.6309297535714574,1.25,1.0986122886681096
GME,2017-11-30,4,0.0,0.5,0.25,0.5,0.25,490,1,0.946394630357186,0.20408163265306123,1.6094379124341003
GME,2017-12-04,1,1.0,1.0,1.0,0.0,0.0,256,8,0.0,3.125,0.6931471805599453
GME,2017-12-07,1,1.0,1.0,1.0,0.0,0.0,240,1,0.0,0.4166666666666667,0.6931471805599453
GME,2017-12-08,1,1.0,1.0,1.0,0.0,0.0,246,1,0.0,0.4065040650406504,0.6931471805599453
GME,2017-12-11,1,1.0,1.0,1.0,0.0,0.0,263,2,0.0,0.7604562737642585,0.6931471805599453
GME,2017-12-12,1,1.0,1.0,1.0,0.0,0.0,263,2,0.0,0.7604562737642585,0.6931471805599453
GME,2017-12-13,1,1.0,1.0,1.0,0.0,0.0,266,2,0.0,0.7518796992481203,0.6931471805599453
GME,2017-12-15,2,1.0,1.0,1.0,0.0,0.0,508,5,0.0,0.984251968503937,1.0986122886681096
GME,2017-12-18,1,1.0,1.0,1.0,0.0,0.0,252,3,0.0,1.1904761904761905,0.6931471805599453
GME,2017-12-22,1,0.0,0.0,0.0,1.0,0.0,1,0,0.0,0.0,0.6931471805599453
GME,2017-12-26,1,0.0,0.0,0.0,1.0,0.0,4,0,0.0,0.0,0.6931471805599453
GME,2017-12-29,2,-0.5,0.5,0.0,0.5,0.5,254,2,0.6309297535714574,0.7874015748031497,1.0986122886681096
GME,2018-01-02,2,0.0,0.0,0.0,1.0,0.0,263,1,0.0,0.38022813688212925,1.0986122886681096
GME,2018-01-04,1,0.0,0.0,0.0,1.0,0.0,212,6,0.0,2.830188679245283,0.6931471805599453
GME,2018-01-08,1,1.0,1.0,1.0,0.0,0.0,254,7,0.0,2.7559055118110236,0.6931471805599453
GME,2018-01-12,2,1.0,1.0,1.0,0.0,0.0,492,1,0.0,0.2032520325203252,1.0986122886681096
GME,2018-01-16,13,-0.23076923076923078,0.5384615384615384,0.15384615384615385,0.46153846153846156,0.38461538461538464,1313,7,0.9214632400757697,0.5331302361005331,2.639057329615259
GME,2018-01-17,4,0.5,0.5,0.5,0.5,0.0,451,1,0.6309297535714574,0.22172949002217296,1.6094379124341003
GME,2018-01-18,2,0.0,1.0,0.5,0.0,0.5,483,3,0.6309297535714574,0.6211180124223602,1.0986122886681096
GME,2018-01-19,1,-1.0,1.0,0.0,0.0,1.0,4,0,0.0,0.0,0.6931471805599453
GME,2018-01-22,1,-1.0,1.0,0.0,0.0,1.0,9,1,0.0,11.11111111111111,0.6931471805599453
GME,2018-01-25,1,0.0,0.0,0.0,1.0,0.0,270,2,0.0,0.7407407407407407,0.6931471805599453
GME,2018-01-31,2,-0.5,0.5,0.0,0.5,0.5,265,1,0.6309297535714574,0.37735849056603776,1.0986122886681096
GME,2018-02-06,1,1.0,1.0,1.0,0.0,0.0,238,0,0.0,0.0,0.6931471805599453
GME,2018-02-07,3,0.0,0.0,0.0,1.0,0.0,251,0,0.0,0.0,1.3862943611198906
GME,2018-02-12,2,0.0,0.0,0.0,1.0,0.0,9,0,0.0,0.0,1.0986122886681096
GME,2018-02-13,1,0.0,0.0,0.0,1.0,0.0,17,0,0.0,0.0,0.6931471805599453
GME,2018-02-20,2,-0.5,0.5,0.0,0.5,0.5,456,7,0.6309297535714574,1.5350877192982457,1.0986122886681096
GME,2018-02-22,1,0.0,0.0,0.0,1.0,0.0,3,0,0.0,0.0,0.6931471805599453
GME,2018-02-27,1,1.0,1.0,1.0,0.0,0.0,238,0,0.0,0.0,0.6931471805599453
GME,2018-02-28,2,0.5,0.5,0.5,0.5,0.0,291,3,0.6309297535714574,1.0309278350515463,1.0986122886681096
GME,2018-03-02,1,1.0,1.0,1.0,0.0,0.0,201,0,0.0,0.0,0.6931471805599453
GME,2018-03-06,2,1.0,1.0,1.0,0.0,0.0,290,0,0.0,0.0,1.0986122886681096
GME,2018-03-12,1,-1.0,1.0,0.0,0.0,1.0,256,2,0.0,0.78125,0.6931471805599453
GME,2018-03-19,1,0.0,0.0,0.0,1.0,0.0,23,0,0.0,0.0,0.6931471805599453
GME,2018-03-20,3,0.6666666666666666,0.6666666666666666,0.6666666666666666,0.3333333333333333,0.0,481,3,0.5793801642856949,0.6237006237006237,1.3862943611198906
GME,2018-03-26,4,0.25,0.75,0.5,0.25,0.25,761,5,0.946394630357186,0.657030223390276,1.6094379124341003
GME,2018-03-27,1,1.0,1.0,1.0,0.0,0.0,257,2,0.0,0.7782101167315175,0.6931471805599453
GME,2018-03-28,5,0.0,0.4,0.2,0.6,0.2,514,7,0.8649735207179272,1.3618677042801557,1.791759469228055
GME,2018-03-29,11,0.09090909090909091,0.45454545454545453,0.2727272727272727,0.5454545454545454,0.18181818181818182,1191,15,0.9056185178648963,1.2594458438287153,2.4849066497880004
GME,2018-04-02,19,-0.15789473684210525,0.47368421052631576,0.15789473684210525,0.5263157894736842,0.3157894736842105,2226,28,0.9041116874399231,1.2578616352201257,2.995732273553991
GME,2018-04-03,2,0.0,1.0,0.5,0.0,0.5,200,0,0.6309297535714574,0.0,1.0986122886681096
GME,2018-04-04,4,-0.25,0.75,0.25,0.25,0.5,263,1,0.946394630357186,0.38022813688212925,1.6094379124341003
GME,2018-04-05,3,-1.0,1.0,0.0,0.0,1.0,282,5,0.0,1.7730496453900708,1.3862943611198906
GME,2018-04-06,1,0.0,0.0,0.0,1.0,0.0,6,0,0.0,0.0,0.6931471805599453
GME,2018-04-09,6,0.16666666666666666,0.8333333333333334,0.5,0.16666666666666666,0.3333333333333333,787,4,0.920619835714305,0.5082592121982211,1.9459101490553132
GME,2018-04-12,3,0.0,0.6666666666666666,0.3333333333333333,0.3333333333333333,0.3333333333333333,471,0,0.9999999999999998,0.0,1.3862943611198906
GME,2018-04-13,1,1.0,1.0,1.0,0.0,0.0,251,0,0.0,0.0,0.6931471805599453
GME,2018-04-16,3,-0.6666666666666666,0.6666666666666666,0.0,0.3333333333333333,0.6666666666666666,259,1,0.5793801642856949,0.3861003861003861,1.3862943611198906
GME,2018-04-17,1,1.0,1.0,1.0,0.0,0.0,260,2,0.0,0.7692307692307693,0.6931471805599453
GME,2018-04-20,2,1.0,1.0,1.0,0.0,0.0,475,4,0.0,0.8421052631578947,1.0986122886681096
GME,2018-04-23,1,1.0,1.0,1.0,0.0,0.0,252,3,0.0,1.1904761904761905,0.6931471805599453
GME,2018-04-24,1,-1.0,1.0,0.0,0.0,1.0,229,5,0.0,2.183406113537118,0.6931471805599453
GME,2018-04-25,1,0.0,0.0,0.0,1.0,0.0,6,0,0.0,0.0,0.6931471805599453
GME,2018-04-27,1,0.0,0.0,0.0,1.0,0.0,8,1,0.0,12.5,0.6931471805599453
GME,2018-04-30,1,1.0,1.0,1.0,0.0,0.0,235,0,0.0,0.0,0.6931471805599453
GME,2018-05-04,1,-1.0,1.0,0.0,0.0,1.0,236,2,0.0,0.847457627118644,0.6931471805599453
GME,2018-05-08,2,0.0,0.0,0.0,1.0,0.0,22,0,0.0,0.0,1.0986122886681096
GME,2018-05-14,9,-0.5555555555555556,0.7777777777777778,0.1111111111111111,0.2222222222222222,0.6666666666666666,850,8,0.7725068857142601,0.9411764705882353,2.302585092994046
GME,2018-05-17,5,0.6,0.6,0.6,0.4,0.0,76,1,0.6126016192893442,1.3157894736842106,1.791759469228055
GME,2018-05-21,3,-0.6666666666666666,0.6666666666666666,0.0,0.3333333333333333,0.6666666666666666,275,3,0.5793801642856949,1.0909090909090908,1.3862943611198906
GME,2018-05-22,1,-1.0,1.0,0.0,0.0,1.0,12,0,0.0,0.0,0.6931471805599453
GME,2018-05-23,4,0.25,0.25,0.25,0.75,0.0,272,2,0.5118595071429147,0.7352941176470589,1.6094379124341003
GME,2018-05-24,1,1.0,1.0,1.0,0.0,0.0,8,0,0.0,0.0,0.6931471805599453
GME,2018-05-29,1,0.0,0.0,0.0,1.0,0.0,257,2,0.0,0.7782101167315175,0.6931471805599453
GME,2018-05-30,1,1.0,1.0,1.0,0.0,0.0,11,1,0.0,9.090909090909092,0.6931471805599453
GME,2018-05-31,1,1.0,1.0,1.0,0.0,0.0,244,2,0.0,0.819672131147541,0.6931471805599453
GME,2018-06-01,13,-0.46153846153846156,0.46153846153846156,0.0,0.5384615384615384,0.46153846153846156,1036,7,0.6282340759682773,0.6756756756756757,2.639057329615259
GME,2018-06-04,7,-0.42857142857142855,0.7142857142857143,0.14285714285714285,0.2857142857142857,0.5714285714285714,969,7,0.8699155297736259,0.7223942208462333,2.0794415416798357
GME,2018-06-07,1,-1.0,1.0,0.0,0.0,1.0,4,0,0.0,0.0,0.6931471805599453
GME,2018-06-08,1,1.0,1.0,1.0,0.0,0.0,10,0,0.0,0.0,0.6931471805599453
GME,2018-06-11,3,0.3333333333333333,0.3333333333333333,0.3333333333333333,0.6666666666666666,0.0,224,0,0.5793801642856949,0.0,1.3862943611198906
GME,2018-06-14,5,0.2,0.2,0.2,0.8,0.0,297,1,0.4554859150035952,0.3367003367003367,1.791759469228055
GME,2018-06-18,2,0.5,0.5,0.5,0.5,0.0,244,6,0.6309297535714574,2.459016393442623,1.0986122886681096
GME,2018-06-19,11,0.0,0.36363636363636365,0.18181818181818182,0.6363636363636364,0.18181818181818182,772,10,0.8260742242427029,1.2953367875647668,2.4849066497880004
GME,2018-06-20,8,0.125,0.625,0.375,0.375,0.25,1292,10,0.9850568223215079,0.7739938080495357,2.1972245773362196
GME,2018-06-21,2,-0.5,0.5,0.0,0.5,0.5,469,10,0.6309297535714574,2.1321961620469083,1.0986122886681096
GME,2018-06-22,1,1.0,1.0,1.0,0.0,0.0,248,3,0.0,1.2096774193548387,0.6931471805599453
GME,2018-06-25,1,1.0,1.0,1.0,0.0,0.0,234,4,0.0,1.7094017094017093,0.6931471805599453
GME,2018-06-26,5,0.2,0.6,0.4,0.4,0.2,502,5,0.9602297178607612,0.9960159362549801,1.791759469228055
GME,2018-06-27,2,-0.5,0.5,0.0,0.5,0.5,254,2,0.6309297535714574,0.7874015748031497,1.0986122886681096
GME,2018-06-28,1,0.0,0.0,0.0,1.0,0.0,9,1,0.0,11.11111111111111,0.6931471805599453
GME,2018-07-03,3,-0.6666666666666666,0.6666666666666666,0.0,0.3333333333333333,0.6666666666666666,510,1,0.5793801642856949,0.19607843137254902,1.3862943611198906
GME,2018-07-05,2,-0.5,0.5,0.0,0.5,0.5,266,13,0.6309297535714574,4.887218045112782,1.0986122886681096
GME,2018-07-09,2,0.0,1.0,0.5,0.0,0.5,528,2,0.6309297535714574,0.3787878787878788,1.0986122886681096
GME,2018-07-10,3,0.3333333333333333,0.3333333333333333,0.3333333333333333,0.6666666666666666,0.0,23,0,0.5793801642856949,0.0,1.3862943611198906
GME,2018-07-13,1,1.0,1.0,1.0,0.0,0.0,256,2,0.0,0.78125,0.6931471805599453
GME,2018-07-20,1,1.0,1.0,1.0,0.0,0.0,237,0,0.0,0.0,0.6931471805599453
GME,2018-07-23,3,0.3333333333333333,0.3333333333333333,0.3333333333333333,0.6666666666666666,0.0,243,0,0.5793801642856949,0.0,1.3862943611198906
GME,2018-08-07,1,-1.0,1.0,0.0,0.0,1.0,258,0,0.0,0.0,0.6931471805599453
GME,2018-08-13,1,0.0,0.0,0.0,1.0,0.0,209,7,0.0,3.349282296650718,0.6931471805599453
GME,2018-08-15,2,0.0,0.0,0.0,1.0,0.0,254,3,0.0,1.1811023622047243,1.0986122886681096
GME,2018-08-16,1,-1.0,1.0,0.0,0.0,1.0,248,4,0.0,1.6129032258064515,0.6931471805599453
GME,2018-08-17,1,0.0,0.0,0.0,1.0,0.0,6,0,0.0,0.0,0.6931471805599453
GME,2018-08-21,2,0.5,0.5,0.5,0.5,0.0,392,1,0.6309297535714574,0.25510204081632654,1.0986122886681096
GME,2018-08-23,2,0.0,0.0,0.0,1.0,0.0,17,0,0.0,0.0,1.0986122886681096
GME,2018-08-24,1,1.0,1.0,1.0,0.0,0.0,6,0,0.0,0.0,0.6931471805599453
GME,2018-08-28,3,-1.0,1.0,0.0,0.0,1.0,514,7,0.0,1.3618677042801557,1.3862943611198906
GME,2018-08-29,1,0.0,0.0,0.0,1.0,0.0,7,1,0.0,14.285714285714286,0.6931471805599453
GME,2018-08-30,2,0.0,1.0,0.5,0.0,0.5,269,4,0.6309297535714574,1.486988847583643,1.0986122886681096
GME,2018-08-31,2,0.0,0.0,0.0,1.0,0.0,260,6,0.0,2.3076923076923075,1.0986122886681096
GME,2018-09-04,3,0.6666666666666666,0.6666666666666666,0.6666666666666666,0.3333333333333333,0.0,494,8,0.5793801642856949,1.6194331983805668,1.3862943611198906
GME,2018-09-06,11,0.2727272727272727,0.45454545454545453,0.36363636363636365,0.5454545454545454,0.09090909090909091,856,20,0.8342022886441013,2.336448598130841,2.4849066497880004
GME,2018-09-07,12,-0.4166666666666667,0.4166666666666667,0.0,0.5833333333333334,0.4166666666666667,800,2,0.6182283531662821,0.25,2.5649493574615367
GME,2018-09-10,6,-0.3333333333333333,0.6666666666666666,0.16666666666666666,0.3333333333333333,0.5,508,3,0.920619835714305,0.5905511811023622,1.9459101490553132
GME,2018-09-11,1,-1.0,1.0,0.0,0.0,1.0,253,4,0.0,1.5810276679841897,0.6931471805599453
GME,2018-09-12,3,0.0,0.6666666666666666,0.3333333333333333,0.3333333333333333,0.3333333333333333,517,7,0.9999999999999998,1.3539651837524178,1.3862943611198906
GME,2018-09-17,1,1.0,1.0,1.0,0.0,0.0,246,1,0.0,0.4065040650406504,0.6931471805599453
GME,2018-09-20,1,-1.0,1.0,0.0,0.0,1.0,7,0,0.0,0.0,0.6931471805599453
GME,2018-09-21,1,0.0,0.0,0.0,1.0,0.0,12,0,0.0,0.0,0.6931471805599453
GME,2018-10-01,1,1.0,1.0,1.0,0.0,0.0,252,4,0.0,1.5873015873015872,0.6931471805599453
GME,2018-10-02,2,0.5,0.5,0.5,0.5,0.0,477,1,0.6309297535714574,0.20964360587002095,1.0986122886681096
GME,2018-10-04,1,-1.0,1.0,0.0,0.0,1.0,9,0,0.0,0.0,0.6931471805599453
GME,2018-10-08,3,0.0,0.6666666666666666,0.3333333333333333,0.3333333333333333,0.3333333333333333,492,4,0.9999999999999998,0.8130081300813008,1.3862943611198906
GME,2018-10-12,2,0.0,0.0,0.0,1.0,0.0,15,0,0.0,0.0,1.0986122886681096
GME,2018-10-15,2,0.5,0.5,0.5,0.5,0.0,241,0,0.6309297535714574,0.0,1.0986122886681096
GME,2018-10-17,1,0.0,0.0,0.0,1.0,0.0,149,0,0.0,0.0,0.6931471805599453
GME,2018-10-22,1,0.0,0.0,0.0,1.0,0.0,16,0,0.0,0.0,0.6931471805599453
GME,2018-10-31,1,-1.0,1.0,0.0,0.0,1.0,256,6,0.0,2.34375,0.6931471805599453
GME,2018-11-14,1,0.0,0.0,0.0,1.0,0.0,245,5,0.0,2.0408163265306123,0.6931471805599453
GME,2018-11-15,2,0.5,0.5,0.5,0.5,0.0,248,1,0.6309297535714574,0.4032258064516129,1.0986122886681096
GME,2018-11-23,10,-0.1,0.5,0.2,0.5,0.3,580,6,0.9372305632161295,1.0344827586206897,2.3978952727983707
GME,2018-11-26,4,0.25,0.75,0.5,0.25,0.25,276,6,0.946394630357186,2.1739130434782608,1.6094379124341003
GME,2018-11-27,7,0.2857142857142857,0.5714285714285714,0.42857142857142855,0.42857142857142855,0.14285714285714285,769,6,0.914100892018565,0.7802340702210663,2.0794415416798357
GME,2018-11-28,5,0.6,0.6,0.6,0.4,0.0,974,10,0.6126016192893442,1.0266940451745379,1.791759469228055
GME,2018-11-29,2,0.5,0.5,0.5,0.5,0.0,24,0,0.6309297535714574,0.0,1.0986122886681096
GME,2018-11-30,19,-0.2631578947368421,0.47368421052631576,0.10526315789473684,0.5263157894736842,0.3684210526315789,1353,14,0.8580597279744427,1.0347376201034737,2.995732273553991
GME,2018-12-03,13,-0.07692307692307693,0.6923076923076923,0.3076923076923077,0.3076923076923077,0.38461538461538464,1494,4,0.99473723787795,0.2677376171352075,2.639057329615259
GME,2018-12-04,2,-0.5,0.5,0.0,0.5,0.5,220,1,0.6309297535714574,0.45454545454545453,1.0986122886681096
GME,2018-12-06,2,1.0,1.0,1.0,0.0,0.0,499,2,0.0,0.40080160320641284,1.0986122886681096
GME,2018-12-10,2,0.5,0.5,0.5,0.5,0.0,455,7,0.6309297535714574,1.5384615384615385,1.0986122886681096
GME,2018-12-20,1,0.0,0.0,0.0,1.0,0.0,8,0,0.0,0.0,0.6931471805599453
GME,2018-12-31,2,0.0,1.0,0.5,0.0,0.5,257,0,0.6309297535714574,0.0,1.0986122886681096
GME,2019-01-02,1,0.0,0.0,0.0,1.0,0.0,5,0,0.0,0.0,0.6931471805599453
GME,2019-01-07,10,0.0,0.2,0.1,0.8,0.1,830,12,0.5816718657178868,1.4457831325301205,2.3978952727983707
GME,2019-01-08,5,0.6,0.6,0.6,0.4,0.0,940,11,0.6126016192893442,1.1702127659574468,1.791759469228055
GME,2019-01-10,1,0.0,0.0,0.0,1.0,0.0,4,1,0.0,25.0,0.6931471805599453
GME,2019-01-11,1,0.0,0.0,0.0,1.0,0.0,6,0,0.0,0.0,0.6931471805599453
GME,2019-01-14,1,1.0,1.0,1.0,0.0,0.0,254,0,0.0,0.0,0.6931471805599453
GME,2019-01-15,1,0.0,0.0,0.0,1.0,0.0,4,0,0.0,0.0,0.6931471805599453
GME,2019-01-17,1,0.0,0.0,0.0,1.0,0.0,257,10,0.0,3.8910505836575875,0.6931471805599453
GME,2019-01-18,3,0.3333333333333333,0.3333333333333333,0.3333333333333333,0.6666666666666666,0.0,246,1,0.5793801642856949,0.4065040650406504,1.3862943611198906
GME,2019-01-22,9,0.3333333333333333,0.5555555555555556,0.4444444444444444,0.4444444444444444,0.1111111111111111,1005,7,0.8783471047618534,0.6965174129353234,2.302585092994046
GME,2019-01-23,1,0.0,0.0,0.0,1.0,0.0,3,0,0.0,0.0,0.6931471805599453
GME,2019-01-24,1,-1.0,1.0,0.0,0.0,1.0,246,3,0.0,1.2195121951219512,0.6931471805599453
GME,2019-01-25,2,1.0,1.0,1.0,0.0,0.0,266,5,0.0,1.8796992481203008,1.0986122886681096
GME,2019-01-29,4,-0.5,0.5,0.0,0.5,0.5,522,13,0.6309297535714574,2.4904214559386975,1.6094379124341003
GME,2019-01-30,20,-0.4,0.6,0.1,0.4,0.5,1318,6,0.858672711073255,0.4552352048558422,3.044522437723423
GME,2019-01-31,3,-0.3333333333333333,0.3333333333333333,0.0,0.6666666666666666,0.3333333333333333,258,5,0.5793801642856949,1.937984496124031,1.3862943611198906
GME,2019-02-01,2,-0.5,0.5,0.0,0.5,0.5,250,2,0.6309297535714574,0.8,1.0986122886681096
GME,2019-02-04,2,-0.5,0.5,0.0,0.5,0.5,15,1,0.6309297535714574,6.666666666666667,1.0986122886681096
GME,2019-02-05,2,-0.5,0.5,0.0,0.5,0.5,262,1,0.6309297535714574,0.3816793893129771,1.0986122886681096
GME,2019-02-08,1,-1.0,1.0,0.0,0.0,1.0,7,0,0.0,0.0,0.6931471805599453
GME,2019-02-12,1,1.0,1.0,1.0,0.0,0.0,239,5,0.0,2.092050209205021,0.6931471805599453
GME,2019-02-13,2,0.5,0.5,0.5,0.5,0.0,289,4,0.6309297535714574,1.3840830449826989,1.0986122886681096
GME,2019-02-14,1,1.0,1.0,1.0,0.0,0.0,267,1,0.0,0.37453183520599254,0.6931471805599453
GME,2019-02-15,1,-1.0,1.0,0.0,0.0,1.0,267,4,0.0,1.4981273408239701,0.6931471805599453
GME,2019-02-26,1,-1.0,1.0,0.0,0.0,1.0,253,13,0.0,5.138339920948616,0.6931471805599453
GME,2019-03-05,6,0.0,0.0,0.0,1.0,0.0,76,0,0.0,0.0,1.9459101490553132
GME,2019-03-07,1,-1.0,1.0,0.0,0.0,1.0,253,0,0.0,0.0,0.6931471805599453
GME,2019-03-11,7,-0.14285714285714285,0.7142857142857143,0.2857142857142857,0.2857142857142857,0.42857142857142855,567,4,0.9821410328348751,0.7054673721340388,2.0794415416798357
GME,2019-03-12,1,1.0,1.0,1.0,0.0,0.0,256,1,0.0,0.390625,0.6931471805599453
GME,2019-03-14,1,1.0,1.0,1.0,0.0,0.0,245,1,0.0,0.40816326530612246,0.6931471805599453
GME,2019-03-15,4,-0.25,0.25,0.0,0.75,0.25,153,0,0.5118595071429147,0.0,1.6094379124341003
GME,2019-03-21,3,-0.6666666666666666,0.6666666666666666,0.0,0.3333333333333333,0.6666666666666666,475,1,0.5793801642856949,0.21052631578947367,1.3862943611198906
GME,2019-03-22,2,0.0,0.0,0.0,1.0,0.0,12,0,0.0,0.0,1.0986122886681096
GME,2019-03-27,3,-0.3333333333333333,0.3333333333333333,0.0,0.6666666666666666,0.3333333333333333,265,5,0.5793801642856949,1.8867924528301887,1.3862943611198906
GME,2019-03-28,2,0.5,0.5,0.5,0.5,0.0,21,0,0.6309297535714574,0.0,1.0986122886681096
GME,2019-03-29,3,0.3333333333333333,0.3333333333333333,0.3333333333333333,0.6666666666666666,0.0,35,0,0.5793801642856949,0.0,1.3862943611198906
GME,2019-04-01,6,-0.16666666666666666,0.5,0.16666666666666666,0.5,0.3333333333333333,1073,10,0.920619835714305,0.9319664492078286,1.9459101490553132
GME,2019-04-02,3,0.0,0.0,0.0,1.0,0.0,34,0,0.0,0.0,1.3862943611198906
GME,2019-04-03,28,-0.5714285714285714,0.7142857142857143,0.07142857142857142,0.2857142857142857,0.6428571428571429,3143,32,0.7559279292634754,1.0181355392936684,3.367295829986474
GME,2019-04-04,13,-0.46153846153846156,0.6153846153846154,0.07692307692307693,0.38461538461538464,0.5384615384615384,1392,13,0.8175195311866702,0.9339080459770115,2.639057329615259
GME,2019-04-05,4,-0.5,0.5,0.0,0.5,0.5,497,4,0.6309297535714574,0.8048289738430584,1.6094379124341003
GME,2019-04-08,6,-0.5,0.8333333333333334,0.16666666666666666,0.16666666666666666,0.6666666666666666,1048,12,0.7896900821428474,1.1450381679389312,1.9459101490553132
GME,2019-04-09,7,-0.2857142857142857,0.5714285714285714,0.14285714285714285,0.42857142857142855,0.42857142857142855,1246,13,0.914100892018565,1.043338683788122,2.0794415416798357
GME,2019-04-10,3,0.0,0.6666666666666666,0.3333333333333333,0.3333333333333333,0.3333333333333333,272,3,0.9999999999999998,1.1029411764705883,1.3862943611198906
GME,2019-04-15,1,0.0,0.0,0.0,1.0,0.0,246,1,0.0,0.4065040650406504,0.6931471805599453
GME,2019-04-18,1,-1.0,1.0,0.0,0.0,1.0,252,5,0.0,1.9841269841269842,0.6931471805599453
GME,2019-04-23,1,0.0,0.0,0.0,1.0,0.0,6,0,0.0,0.0,0.6931471805599453
GME,2019-04-25,1,0.0,0.0,0.0,1.0,0.0,4,0,0.0,0.0,0.6931471805599453
GME,2019-04-26,1,-1.0,1.0,0.0,0.0,1.0,3,0,0.0,0.0,0.6931471805599453
GME,2019-05-01,1,0.0,0.0,0.0,1.0,0.0,11,0,0.0,0.0,0.6931471805599453
GME,2019-05-03,2,0.5,0.5,0.5,0.5,0.0,18,0,0.6309297535714574,0.0,1.0986122886681096
GME,2019-05-07,2,-0.5,0.5,0.0,0.5,0.5,252,0,0.6309297535714574,0.0,1.0986122886681096
GME,2019-05-10,1,-1.0,1.0,0.0,0.0,1.0,16,0,0.0,0.0,0.6931471805599453
GME,2019-05-13,1,0.0,0.0,0.0,1.0,0.0,12,1,0.0,8.333333333333334,0.6931471805599453
GME,2019-05-20,1,-1.0,1.0,0.0,0.0,1.0,15,0,0.0,0.0,0.6931471805599453
GME,2019-05-21,6,-0.6666666666666666,0.6666666666666666,0.0,0.3333333333333333,0.6666666666666666,324,3,0.5793801642856949,0.9259259259259259,1.9459101490553132
GME,2019-05-22,1,0.0,0.0,0.0,1.0,0.0,4,1,0.0,25.0,0.6931471805599453
GME,2019-05-28,1,0.0,0.0,0.0,1.0,0.0,11,0,0.0,0.0,0.6931471805599453
GME,2019-05-29,1,0.0,0.0,0.0,1.0,0.0,8,0,0.0,0.0,0.6931471805599453
GME,2019-05-31,2,-1.0,1.0,0.0,0.0,1.0,250,1,0.0,0.4,1.0986122886681096
GME,2019-06-03,1,-1.0,1.0,0.0,0.0,1.0,248,4,0.0,1.6129032258064515,0.6931471805599453
GME,2019-06-04,2,0.0,0.0,0.0,1.0,0.0,10,0,0.0,0.0,1.0986122886681096
GME,2019-06-05,17,-0.4117647058823529,0.5294117647058824,0.058823529411764705,0.47058823529411764,0.47058823529411764,908,3,0.7974532071960978,0.3303964757709251,2.8903717578961645
GME,2019-06-06,20,-0.3,0.8,0.25,0.2,0.55,3204,13,0.9077556599985013,0.40574282147315854,3.044522437723423
GME,2019-06-07,2,0.0,0.0,0.0,1.0,0.0,270,4,0.0,1.4814814814814814,1.0986122886681096
GME,2019-06-10,9,-0.1111111111111111,0.5555555555555556,0.2222222222222222,0.4444444444444444,0.3333333333333333,1272,12,0.965633607142825,0.9433962264150944,2.302585092994046
GME,2019-06-11,5,0.4,0.4,0.4,0.6,0.0,266,1,0.6126016192893442,0.37593984962406013,1.791759469228055
GME,2019-06-12,1,-1.0,1.0,0.0,0.0,1.0,252,1,0.0,0.3968253968253968,0.6931471805599453
GME,2019-06-13,2,0.0,1.0,0.5,0.0,0.5,479,2,0.6309297535714574,0.4175365344467641,1.0986122886681096
GME,2019-06-14,1,0.0,0.0,0.0,1.0,0.0,8,0,0.0,0.0,0.6931471805599453
GME,2019-06-17,1,-1.0,1.0,0.0,0.0,1.0,243,2,0.0,0.823045267489712,0.6931471805599453
GME,2019-06-20,1,0.0,0.0,0.0,1.0,0.0,11,0,0.0,0.0,0.6931471805599453
GME,2019-06-21,2,-0.5,0.5,0.0,0.5,0.5,259,5,0.6309297535714574,1.9305019305019304,1.0986122886681096
GME,2019-07-01,2,0.5,0.5,0.5,0.5,0.0,261,1,0.6309297535714574,0.3831417624521073,1.0986122886681096
GME,2019-07-02,1,0.0,0.0,0.0,1.0,0.0,8,0,0.0,0.0,0.6931471805599453
GME,2019-07-05,3,0.3333333333333333,0.3333333333333333,0.3333333333333333,0.6666666666666666,0.0,35,1,0.5793801642856949,2.857142857142857,1.3862943611198906
GME,2019-07-12,4,-0.25,0.25,0.0,0.75,0.25,279,3,0.5118595071429147,1.075268817204301,1.6094379124341003
GME,2019-07-16,1,0.0,0.0,0.0,1.0,0.0,21,0,0.0,0.0,0.6931471805599453
GME,2019-07-18,1,1.0,1.0,1.0,0.0,0.0,21,0,0.0,0.0,0.6931471805599453
GME,2019-07-19,1,0.0,0.0,0.0,1.0,0.0,252,1,0.0,0.3968253968253968,0.6931471805599453
GME,2019-07-26,2,0.0,0.0,0.0,1.0,0.0,10,0,0.0,0.0,1.0986122886681096
GME,2019-08-02,1,0.0,0.0,0.0,1.0,0.0,11,0,0.0,0.0,0.6931471805599453
GME,2019-08-05,2,-0.5,0.5,0.0,0.5,0.5,15,0,0.6309297535714574,0.0,1.0986122886681096
GME,2019-08-06,1,0.0,0.0,0.0,1.0,0.0,9,0,0.0,0.0,0.6931471805599453
GME,2019-08-08,2,0.0,0.0,0.0,1.0,0.0,11,0,0.0,0.0,1.0986122886681096
GME,2019-08-14,1,-1.0,1.0,0.0,0.0,1.0,8,0,0.0,0.0,0.6931471805599453
GME,2019-08-19,1,0.0,0.0,0.0,1.0,0.0,10,0,0.0,0.0,0.6931471805599453
GME,2019-08-21,4,0.0,0.5,0.25,0.5,0.25,288,1,0.946394630357186,0.3472222222222222,1.6094379124341003
GME,2019-08-22,1,-1.0,1.0,0.0,0.0,1.0,4,0,0.0,0.0,0.6931471805599453
GME,2019-08-23,9,0.2222222222222222,0.2222222222222222,0.2222222222222222,0.7777777777777778,0.0,320,4,0.482159360969681,1.25,2.302585092994046
GME,2019-08-26,2,0.5,0.5,0.5,0.5,0.0,20,0,0.6309297535714574,0.0,1.0986122886681096
GME,2019-08-27,3,-0.3333333333333333,0.3333333333333333,0.0,0.6666666666666666,0.3333333333333333,256,0,0.5793801642856949,0.0,1.3862943611198906
GME,2019-08-28,1,0.0,0.0,0.0,1.0,0.0,8,0,0.0,0.0,0.6931471805599453
GME,2019-08-29,1,1.0,1.0,1.0,0.0,0.0,16,0,0.0,0.0,0.6931471805599453
GME,2019-08-30,3,-0.6666666666666666,0.6666666666666666,0.0,0.3333333333333333,0.6666666666666666,266,0,0.5793801642856949,0.0,1.3862943611198906
GME,2019-09-03,2,1.0,1.0,1.0,0.0,0.0,525,6,0.0,1.1428571428571428,1.0986122886681096
GME,2019-09-04,4,-0.75,0.75,0.0,0.25,0.75,527,6,0.5118595071429147,1.1385199240986716,1.6094379124341003
GME,2019-09-09,4,0.25,0.75,0.5,0.25,0.25,773,7,0.946394630357186,0.9055627425614489,1.6094379124341003
GME,2019-09-10,3,0.0,0.6666666666666666,0.3333333333333333,0.3333333333333333,0.3333333333333333,260,2,0.9999999999999998,0.7692307692307693,1.3862943611198906
GME,2019-09-11,17,-0.29411764705882354,0.4117647058823529,0.058823529411764705,0.5882352941176471,0.35294117647058826,1028,2,0.7703953782024133,0.19455252918287938,2.8903717578961645
GME,2019-09-12,15,-0.4,0.8,0.2,0.2,0.6,1161,14,0.8649735207179272,1.205857019810508,2.772588722239781
GME,2019-09-13,5,-0.8,0.8,0.0,0.2,0.8,744,2,0.4554859150035952,0.26881720430107525,1.791759469228055
GME,2019-09-16,3,-0.6666666666666666,0.6666666666666666,0.0,0.3333333333333333,0.6666666666666666,503,4,0.5793801642856949,0.7952286282306164,1.3862943611198906
GME,2019-09-17,1,-1.0,1.0,0.0,0.0,1.0,244,2,0.0,0.819672131147541,0.6931471805599453
GME,2019-09-18,1,-1.0,1.0,0.0,0.0,1.0,10,0,0.0,0.0,0.6931471805599453
GME,2019-09-19,5,0.0,0.8,0.4,0.2,0.4,827,11,0.9602297178607612,1.3301088270858525,1.791759469228055
GME,2019-09-20,1,0.0,0.0,0.0,1.0,0.0,13,0,0.0,0.0,0.6931471805599453
GME,2019-09-24,3,0.3333333333333333,1.0,0.6666666666666666,0.0,0.3333333333333333,307,4,0.5793801642856949,1.3029315960912051,1.3862943611198906
GME,2019-09-25,2,0.0,0.0,0.0,1.0,0.0,12,1,0.0,8.333333333333334,1.0986122886681096
GME,2019-09-26,1,0.0,0.0,0.0,1.0,0.0,4,0,0.0,0.0,0.6931471805599453
GME,2019-09-27,2,0.0,0.0,0.0,1.0,0.0,23,0,0.0,0.0,1.0986122886681096
GME,2019-09-30,3,-0.6666666666666666,0.6666666666666666,0.0,0.3333333333333333,0.6666666666666666,251,1,0.5793801642856949,0.398406374501992,1.3862943611198906
GME,2019-10-01,1,0.0,0.0,0.0,1.0,0.0,4,0,0.0,0.0,0.6931471805599453
GME,2019-10-02,2,0.5,0.5,0.5,0.5,0.0,274,8,0.6309297535714574,2.9197080291970803,1.0986122886681096
GME,2019-10-08,1,1.0,1.0,1.0,0.0,0.0,13,0,0.0,0.0,0.6931471805599453
GME,2019-10-09,3,0.0,0.6666666666666666,0.3333333333333333,0.3333333333333333,0.3333333333333333,509,8,0.9999999999999998,1.5717092337917484,1.3862943611198906
GME,2019-10-15,1,1.0,1.0,1.0,0.0,0.0,265,1,0.0,0.37735849056603776,0.6931471805599453
GME,2019-10-18,2,0.0,1.0,0.5,0.0,0.5,503,7,0.6309297535714574,1.3916500994035785,1.0986122886681096
GME,2019-10-21,2,0.5,0.5,0.5,0.5,0.0,268,2,0.6309297535714574,0.746268656716418,1.0986122886681096
GME,2019-10-24,1,1.0,1.0,1.0,0.0,0.0,23,0,0.0,0.0,0.6931471805599453
GME,2019-11-01,1,-1.0,1.0,0.0,0.0,1.0,7,0,0.0,0.0,0.6931471805599453
GME,2019-11-04,4,0.0,0.5,0.25,0.5,0.25,255,1,0.946394630357186,0.39215686274509803,1.6094379124341003
GME,2019-11-07,1,1.0,1.0,1.0,0.0,0.0,254,2,0.0,0.7874015748031497,0.6931471805599453
GME,2019-11-11,2,0.0,0.0,0.0,1.0,0.0,24,0,0.0,0.0,1.0986122886681096
GME,2019-11-14,2,0.0,0.0,0.0,1.0,0.0,17,0,0.0,0.0,1.0986122886681096
GME,2019-11-18,1,0.0,0.0,0.0,1.0,0.0,6,0,0.0,0.0,0.6931471805599453
GME,2019-11-25,1,0.0,0.0,0.0,1.0,0.0,5,0,0.0,0.0,0.6931471805599453
GME,2019-11-26,1,0.0,0.0,0.0,1.0,0.0,8,0,0.0,0.0,0.6931471805599453
GME,2019-11-29,1,0.0,0.0,0.0,1.0,0.0,258,1,0.0,0.3875968992248062,0.6931471805599453
GME,2019-12-02,2,0.0,0.0,0.0,1.0,0.0,8,0,0.0,0.0,1.0986122886681096
GME,2019-12-03,2,0.0,0.0,0.0,1.0,0.0,256,3,0.0,1.171875,1.0986122886681096
GME,2019-12-04,1,-1.0,1.0,0.0,0.0,1.0,15,0,0.0,0.0,0.6931471805599453
GME,2019-12-09,2,-0.5,0.5,0.0,0.5,0.5,255,1,0.6309297535714574,0.39215686274509803,1.0986122886681096
GME,2019-12-10,4,-0.25,0.25,0.0,0.75,0.25,275,4,0.5118595071429147,1.4545454545454546,1.6094379124341003
GME,2019-12-11,13,-0.3076923076923077,0.46153846153846156,0.07692307692307693,0.5384615384615384,0.38461538461538464,778,5,0.8175195311866702,0.6426735218508998,2.639057329615259
GME,2019-12-12,15,-0.4,0.5333333333333333,0.06666666666666667,0.4666666666666667,0.4666666666666667,930,2,0.8118126881672663,0.21505376344086022,2.772588722239781
GME,2019-12-13,3,-0.3333333333333333,0.3333333333333333,0.0,0.6666666666666666,0.3333333333333333,252,2,0.5793801642856949,0.7936507936507936,1.3862943611198906
GME,2019-12-16,3,0.0,0.6666666666666666,0.3333333333333333,0.3333333333333333,0.3333333333333333,523,5,0.9999999999999998,0.9560229445506692,1.3862943611198906
GME,2019-12-17,1,0.0,0.0,0.0,1.0,0.0,216,6,0.0,2.7777777777777777,0.6931471805599453
GME,2019-12-18,3,-0.6666666666666666,0.6666666666666666,0.0,0.3333333333333333,0.6666666666666666,489,2,0.5793801642856949,0.40899795501022496,1.3862943611198906
GME,2019-12-19,2,-1.0,1.0,0.0,0.0,1.0,500,4,0.0,0.8,1.0986122886681096
GME,2019-12-23,1,-1.0,1.0,0.0,0.0,1.0,251,0,0.0,0.0,0.6931471805599453
GME,2019-12-30,2,0.0,0.0,0.0,1.0,0.0,34,2,0.0,5.882352941176471,1.0986122886681096
GME,2019-12-31,2,0.0,0.0,0.0,1.0,0.0,226,5,0.0,2.2123893805309733,1.0986122886681096
GME,2020-01-06,1,-1.0,1.0,0.0,0.0,1.0,250,1,0.0,0.4,0.6931471805599453
GME,2020-01-07,1,0.0,0.0,0.0,1.0,0.0,12,0,0.0,0.0,0.6931471805599453
GME,2020-01-08,1,-1.0,1.0,0.0,0.0,1.0,246,3,0.0,1.2195121951219512,0.6931471805599453
GME,2020-01-10,1,0.0,0.0,0.0,1.0,0.0,10,0,0.0,0.0,0.6931471805599453
GME,2020-01-14,5,-0.4,0.4,0.0,0.6,0.4,250,1,0.6126016192893442,0.4,1.791759469228055
GME,2020-01-15,4,-0.25,0.25,0.0,0.75,0.25,295,2,0.5118595071429147,0.6779661016949152,1.6094379124341003
GME,2020-01-16,2,-0.5,0.5,0.0,0.5,0.5,253,1,0.6309297535714574,0.3952569169960474,1.0986122886681096
GME,2020-01-17,3,-0.3333333333333333,0.3333333333333333,0.0,0.6666666666666666,0.3333333333333333,260,1,0.5793801642856949,0.38461538461538464,1.3862943611198906
GME,2020-01-21,1,-1.0,1.0,0.0,0.0,1.0,254,3,0.0,1.1811023622047243,0.6931471805599453
GME,2020-01-24,3,-0.3333333333333333,0.3333333333333333,0.0,0.6666666666666666,0.3333333333333333,261,2,0.5793801642856949,0.7662835249042146,1.3862943611198906
GME,2020-01-27,1,0.0,0.0,0.0,1.0,0.0,17,0,0.0,0.0,0.6931471805599453
GME,2020-02-05,2,-1.0,1.0,0.0,0.0,1.0,272,3,0.0,1.1029411764705883,1.0986122886681096
GME,2020-02-06,1,-1.0,1.0,0.0,0.0,1.0,236,2,0.0,0.847457627118644,0.6931471805599453
GME,2020-02-07,1,0.0,0.0,0.0,1.0,0.0,15,0,0.0,0.0,0.6931471805599453
GME,2020-02-13,1,1.0,1.0,1.0,0.0,0.0,12,0,0.0,0.0,0.6931471805599453
GME,2020-02-20,1,-1.0,1.0,0.0,0.0,1.0,275,3,0.0,1.0909090909090908,0.6931471805599453
GME,2020-02-21,1,0.0,0.0,0.0,1.0,0.0,11,0,0.0,0.0,0.6931471805599453
GME,2020-02-24,1,-1.0,1.0,0.0,0.0,1.0,241,6,0.0,2.4896265560165975,0.6931471805599453
GME,2020-02-26,1,1.0,1.0,1.0,0.0,0.0,248,1,0.0,0.4032258064516129,0.6931471805599453
GME,2020-02-27,1,0.0,0.0,0.0,1.0,0.0,17,0,0.0,0.0,0.6931471805599453
GME,2020-02-28,1,0.0,0.0,0.0,1.0,0.0,12,0,0.0,0.0,0.6931471805599453
GME,2020-03-09,1,-1.0,1.0,0.0,0.0,1.0,257,5,0.0,1.9455252918287937,0.6931471805599453
GME,2020-03-10,6,0.16666666666666666,0.5,0.3333333333333333,0.5,0.16666666666666666,566,4,0.9206198357143047,0.7067137809187279,1.9459101490553132
GME,2020-03-11,1,1.0,1.0,1.0,0.0,0.0,245,2,0.0,0.8163265306122449,0.6931471805599453
GME,2020-03-12,1,-1.0,1.0,0.0,0.0,1.0,252,4,0.0,1.5873015873015872,0.6931471805599453
GME,2020-03-13,5,0.2,0.2,0.2,0.8,0.0,446,1,0.4554859150035952,0.2242152466367713,1.791759469228055
GME,2020-03-20,3,-1.0,1.0,0.0,0.0,1.0,498,8,0.0,1.606425702811245,1.3862943611198906
GME,2020-03-23,5,-0.2,0.6,0.2,0.4,0.4,276,6,0.9602297178607612,2.1739130434782608,1.791759469228055
GME,2020-03-24,6,-0.16666666666666666,0.5,0.16666666666666666,0.5,0.3333333333333333,385,2,0.920619835714305,0.5194805194805194,1.9459101490553132
GME,2020-03-25,2,0.0,1.0,0.5,0.0,0.5,523,2,0.6309297535714574,0.3824091778202677,1.0986122886681096
GME,2020-03-27,10,-0.1,0.3,0.1,0.7,0.2,448,3,0.7298466991620975,0.6696428571428571,2.3978952727983707
GME,2020-03-30,8,-0.5,0.75,0.125,0.25,0.625,1165,9,0.8194483718728035,0.7725321888412017,2.1972245773362196
GME,2020-04-06,2,0.0,0.0,0.0,1.0,0.0,221,7,0.0,3.167420814479638,1.0986122886681096
GME,2020-04-14,1,-1.0,1.0,0.0,0.0,1.0,246,3,0.0,1.2195121951219512,0.6931471805599453
GME,2020-04-15,2,1.0,1.0,1.0,0.0,0.0,337,5,0.0,1.4836795252225519,1.0986122886681096
GME,2020-04-20,2,-0.5,0.5,0.0,0.5,0.5,261,2,0.6309297535714574,0.7662835249042146,1.0986122886681096
GME,2020-04-22,9,-0.2222222222222222,0.4444444444444444,0.1111111111111111,0.5555555555555556,0.3333333333333333,618,8,0.8527924884900403,1.2944983818770226,2.302585092994046
GME,2020-04-23,3,-0.6666666666666666,0.6666666666666666,0.0,0.3333333333333333,0.6666666666666666,462,9,0.5793801642856949,1.948051948051948,1.3862943611198906
GME,2020-04-27,3,0.6666666666666666,0.6666666666666666,0.6666666666666666,0.3333333333333333,0.0,277,1,0.5793801642856949,0.36101083032490977,1.3862943611198906
GME,2020-04-28,3,0.3333333333333333,0.3333333333333333,0.3333333333333333,0.6666666666666666,0.0,273,3,0.5793801642856949,1.098901098901099,1.3862943611198906
GME,2020-04-29,1,0.0,0.0,0.0,1.0,0.0,10,0,0.0,0.0,0.6931471805599453
GME,2020-05-04,3,0.3333333333333333,1.0,0.6666666666666666,0.0,0.3333333333333333,516,2,0.5793801642856949,0.3875968992248062,1.3862943611198906
GME,2020-05-05,1,-1.0,1.0,0.0,0.0,1.0,267,5,0.0,1.8726591760299625,0.6931471805599453
GME,2020-05-07,1,0.0,0.0,0.0,1.0,0.0,14,0,0.0,0.0,0.6931471805599453
GME,2020-05-12,2,0.0,0.0,0.0,1.0,0.0,21,0,0.0,0.0,1.0986122886681096
GME,2020-05-14,1,-1.0,1.0,0.0,0.0,1.0,253,2,0.0,0.7905138339920948,0.6931471805599453
GME,2020-05-19,2,0.5,0.5,0.5,0.5,0.0,29,0,0.6309297535714574,0.0,1.0986122886681096
GME,2020-05-20,2,0.5,0.5,0.5,0.5,0.0,265,3,0.6309297535714574,1.1320754716981132,1.0986122886681096
GME,2020-05-21,1,0.0,0.0,0.0,1.0,0.0,13,0,0.0,0.0,0.6931471805599453
GME,2020-05-22,2,0.0,0.0,0.0,1.0,0.0,28,0,0.0,0.0,1.0986122886681096
GME,2020-05-26,1,-1.0,1.0,0.0,0.0,1.0,257,0,0.0,0.0,0.6931471805599453
GME,2020-05-27,2,0.5,0.5,0.5,0.5,0.0,26,0,0.6309297535714574,0.0,1.0986122886681096
GME,2020-05-28,1,-1.0,1.0,0.0,0.0,1.0,239,0,0.0,0.0,0.6931471805599453
GME,2020-05-29,1,0.0,0.0,0.0,1.0,0.0,10,0,0.0,0.0,0.6931471805599453
GME,2020-06-02,4,-0.25,0.25,0.0,0.75,0.25,305,4,0.5118595071429147,1.3114754098360655,1.6094379124341003
GME,2020-06-03,2,0.5,0.5,0.5,0.5,0.0,28,0,0.6309297535714574,0.0,1.0986122886681096
GME,2020-06-04,1,0.0,0.0,0.0,1.0,0.0,15,0,0.0,0.0,0.6931471805599453
GME,2020-06-08,3,-0.6666666666666666,0.6666666666666666,0.0,0.3333333333333333,0.6666666666666666,760,7,0.5793801642856949,0.9210526315789473,1.3862943611198906
GME,2020-06-10,7,-0.42857142857142855,0.7142857142857143,0.14285714285714285,0.2857142857142857,0.5714285714285714,664,13,0.8699155297736259,1.9578313253012047,2.0794415416798357
GME,2020-06-11,4,-0.5,1.0,0.25,0.0,0.75,763,5,0.5118595071429147,0.6553079947575361,1.6094379124341003
GME,2020-06-12,1,0.0,0.0,0.0,1.0,0.0,258,4,0.0,1.550387596899225,0.6931471805599453
GME,2020-06-15,1,-1.0,1.0,0.0,0.0,1.0,228,2,0.0,0.8771929824561403,0.6931471805599453
GME,2020-06-17,1,-1.0,1.0,0.0,0.0,1.0,232,2,0.0,0.8620689655172413,0.6931471805599453
GME,2020-06-18,1,-1.0,1.0,0.0,0.0,1.0,250,3,0.0,1.2,0.6931471805599453
GME,2020-06-19,2,1.0,1.0,1.0,0.0,0.0,492,5,0.0,1.016260162601626,1.0986122886681096
GME,2020-06-25,1,-1.0,1.0,0.0,0.0,1.0,258,3,0.0,1.1627906976744187,0.6931471805599453
GME,2020-07-16,1,1.0,1.0,1.0,0.0,0.0,259,1,0.0,0.3861003861003861,0.6931471805599453
GME,2020-07-27,1,-1.0,1.0,0.0,0.0,1.0,252,5,0.0,1.9841269841269842,0.6931471805599453
GME,2020-07-31,1,1.0,1.0,1.0,0.0,0.0,236,3,0.0,1.271186440677966,0.6931471805599453
GME,2020-08-19,1,-1.0,1.0,0.0,0.0,1.0,224,4,0.0,1.7857142857142858,0.6931471805599453
GME,2020-08-27,1,-1.0,1.0,0.0,0.0,1.0,245,4,0.0,1.6326530612244898,0.6931471805599453
GME,2020-09-01,3,1.0,1.0,1.0,0.0,0.0,591,5,0.0,0.8460236886632826,1.3862943611198906
GME,2020-09-02,1,-1.0,1.0,0.0,0.0,1.0,257,1,0.0,0.38910505836575876,0.6931471805599453
GME,2020-09-03,1,1.0,1.0,1.0,0.0,0.0,236,2,0.0,0.847457627118644,0.6931471805599453
GME,2020-09-08,3,0.3333333333333333,1.0,0.6666666666666666,0.0,0.3333333333333333,741,5,0.5793801642856949,0.6747638326585695,1.3862943611198906
GME,2020-09-10,4,-0.25,0.75,0.25,0.25,0.5,584,5,0.946394630357186,0.8561643835616438,1.6094379124341003
GME,2020-09-11,4,-1.0,1.0,0.0,0.0,1.0,950,12,0.0,1.263157894736842,1.6094379124341003
GME,2020-09-14,1,1.0,1.0,1.0,0.0,0.0,232,2,0.0,0.8620689655172413,0.6931471805599453
GME,2020-09-15,2,1.0,1.0,1.0,0.0,0.0,500,5,0.0,1.0,1.0986122886681096
GME,2020-09-17,1,0.0,0.0,0.0,1.0,0.0,272,2,0.0,0.7352941176470589,0.6931471805599453
GME,2020-09-22,2,0.0,1.0,0.5,0.0,0.5,483,9,0.6309297535714574,1.8633540372670807,1.0986122886681096
GME,2020-09-23,4,1.0,1.0,1.0,0.0,0.0,893,8,0.0,0.8958566629339306,1.6094379124341003
GME,2020-09-28,2,0.5,0.5,0.5,0.5,0.0,507,3,0.6309297535714574,0.591715976331361,1.0986122886681096
GME,2020-09-29,1,-1.0,1.0,0.0,0.0,1.0,266,2,0.0,0.7518796992481203,0.6931471805599453
GME,2020-10-05,2,0.0,1.0,0.5,0.0,0.5,511,9,0.6309297535714574,1.761252446183953,1.0986122886681096
GME,2020-10-08,1,1.0,1.0,1.0,0.0,0.0,264,1,0.0,0.3787878787878788,0.6931471805599453
GME,2020-10-09,4,0.25,0.75,0.5,0.25,0.25,840,0,0.946394630357186,0.0,1.6094379124341003
GME,2020-10-12,3,0.3333333333333333,1.0,0.6666666666666666,0.0,0.3333333333333333,718,4,0.5793801642856949,0.5571030640668524,1.3862943611198906
GME,2020-10-13,3,0.3333333333333333,1.0,0.6666666666666666,0.0,0.3333333333333333,760,6,0.5793801642856949,0.7894736842105263,1.3862943611198906
GME,2020-10-15,1,-1.0,1.0,0.0,0.0,1.0,245,2,0.0,0.8163265306122449,0.6931471805599453
GME,2020-10-16,2,0.0,1.0,0.5,0.0,0.5,505,4,0.6309297535714574,0.7920792079207921,1.0986122886681096
GME,2020-10-19,2,0.0,1.0,0.5,0.0,0.5,500,5,0.6309297535714574,1.0,1.0986122886681096
GME,2020-10-20,1,-1.0,1.0,0.0,0.0,1.0,258,2,0.0,0.7751937984496124,0.6931471805599453
GME,2020-10-27,3,-1.0,1.0,0.0,0.0,1.0,734,7,0.0,0.9536784741144414,1.3862943611198906
GME,2020-11-04,1,1.0,1.0,1.0,0.0,0.0,258,1,0.0,0.3875968992248062,0.6931471805599453
GME,2020-11-09,1,1.0,1.0,1.0,0.0,0.0,263,3,0.0,1.1406844106463878,0.6931471805599453
GME,2020-11-11,1,1.0,1.0,1.0,0.0,0.0,255,2,0.0,0.7843137254901961,0.6931471805599453
GME,2020-11-12,1,1.0,1.0,1.0,0.0,0.0,243,3,0.0,1.2345679012345678,0.6931471805599453
GME,2020-11-17,1,-1.0,1.0,0.0,0.0,1.0,197,1,0.0,0.5076142131979695,0.6931471805599453
GME,2020-11-18,6,0.3333333333333333,0.6666666666666666,0.5,0.3333333333333333,0.16666666666666666,1331,8,0.9206198357143047,0.6010518407212622,1.9459101490553132
GME,2020-11-24,1,1.0,1.0,1.0,0.0,0.0,239,0,0.0,0.0,0.6931471805599453
GME,2020-11-30,2,0.5,0.5,0.5,0.5,0.0,360,1,0.6309297535714574,0.2777777777777778,1.0986122886681096
GME,2020-12-01,1,0.0,0.0,0.0,1.0,0.0,92,0,0.0,0.0,0.6931471805599453
GME,2020-12-02,1,1.0,1.0,1.0,0.0,0.0,268,0,0.0,0.0,0.6931471805599453
GME,2020-12-07,2,-1.0,1.0,0.0,0.0,1.0,483,1,0.0,0.2070393374741201,1.0986122886681096
GME,2020-12-08,3,-0.3333333333333333,1.0,0.3333333333333333,0.0,0.6666666666666666,737,6,0.5793801642856949,0.8141112618724559,1.3862943611198906
GME,2020-12-09,5,-0.4,0.4,0.0,0.6,0.4,753,3,0.6126016192893442,0.398406374501992,1.791759469228055
GME,2020-12-10,10,-0.4,0.8,0.2,0.2,0.6,2449,20,0.8649735207179272,0.8166598611678236,2.3978952727983707
GME,2020-12-11,1,-1.0,1.0,0.0,0.0,1.0,254,4,0.0,1.5748031496062993,0.6931471805599453
GME,2020-12-14,2,0.0,1.0,0.5,0.0,0.5,489,4,0.6309297535714574,0.8179959100204499,1.0986122886681096
GME,2020-12-16,1,-1.0,1.0,0.0,0.0,1.0,244,2,0.0,0.819672131147541,0.6931471805599453
GME,2020-12-18,1,1.0,1.0,1.0,0.0,0.0,240,1,0.0,0.4166666666666667,0.6931471805599453
GME,2020-12-21,1,0.0,0.0,0.0,1.0,0.0,212,5,0.0,2.358490566037736,0.6931471805599453
GME,2020-12-23,2,0.0,1.0,0.5,0.0,0.5,506,4,0.6309297535714574,0.7905138339920948,1.0986122886681096
GME,2020-12-24,2,0.0,1.0,0.5,0.0,0.5,483,2,0.6309297535714574,0.4140786749482402,1.0986122886681096
GME,2020-12-28,2,-1.0,1.0,0.0,0.0,1.0,499,9,0.0,1.8036072144288577,1.0986122886681096
GME,2020-12-29,2,0.0,1.0,0.5,0.0,0.5,526,7,0.6309297535714574,1.3307984790874525,1.0986122886681096
GME,2020-12-30,1,1.0,1.0,1.0,0.0,0.0,249,3,0.0,1.2048192771084338,0.6931471805599453
GME,2021-01-04,1,1.0,1.0,1.0,0.0,0.0,265,1,0.0,0.37735849056603776,0.6931471805599453
GME,2021-01-12,6,0.0,0.3333333333333333,0.16666666666666666,0.6666666666666666,0.16666666666666666,1196,7,0.7896900821428474,0.5852842809364549,1.9459101490553132
GME,2021-01-13,2,-0.5,0.5,0.0,0.5,0.5,516,3,0.6309297535714574,0.5813953488372093,1.0986122886681096
GME,2021-01-14,5,0.2,1.0,0.6,0.0,0.4,1247,14,0.6126016192893442,1.1226944667201284,1.791759469228055
GME,2021-01-15,3,1.0,1.0,1.0,0.0,0.0,631,7,0.0,1.109350237717908,1.3862943611198906
GME,2021-01-19,4,0.5,1.0,0.75,0.0,0.25,1007,11,0.5118595071429147,1.0923535253227408,1.6094379124341003
GME,2021-01-20,3,1.0,1.0,1.0,0.0,0.0,700,5,0.0,0.7142857142857143,1.3862943611198906
GME,2021-01-21,2,0.0,1.0,0.5,0.0,0.5,525,7,0.6309297535714574,1.3333333333333333,1.0986122886681096
GME,2021-01-22,1,0.0,0.0,0.0,1.0,0.0,243,2,0.0,0.823045267489712,0.6931471805599453
GME,2021-01-25,4,-0.25,0.75,0.25,0.25,0.5,983,16,0.946394630357186,1.6276703967446593,1.6094379124341003
GME,2021-01-26,19,0.10526315789473684,0.9473684210526315,0.5263157894736842,0.05263157894736842,0.42105263157894735,4949,58,0.7800729735301214,1.1719539300868862,2.995732273553991
GME,2021-01-27,10,-0.1,0.9,0.4,0.1,0.5,2495,25,0.858672711073255,1.002004008016032,2.3978952727983707
GME,2021-01-28,28,-0.10714285714285714,0.8214285714285714,0.35714285714285715,0.17857142857142858,0.4642857142857143,7177,71,0.9389879670318446,0.9892712832659886,3.367295829986474
GME,2021-01-29,42,-0.2619047619047619,0.9285714285714286,0.3333333333333333,0.07142857142857142,0.5952380952380952,10536,81,0.7860043343005778,0.7687927107061503,3.7612001156935624
GME,2021-02-01,56,-0.39285714285714285,0.8928571428571429,0.25,0.10714285714285714,0.6428571428571429,14293,144,0.7918374774323302,1.007486182047156,4.04305126783455
GME,2021-02-02,31,-0.25806451612903225,0.9032258064516129,0.3225806451612903,0.0967741935483871,0.5806451612903226,7844,72,0.8252412021866897,0.9178990311065782,3.4657359027997265
GME,2021-02-03,40,-0.275,0.825,0.275,0.175,0.55,9878,116,0.900090631483335,1.174326786798947,3.713572066704308
GME,2021-02-04,26,-0.038461538461538464,0.8076923076923077,0.38461538461538464,0.19230769230769232,0.4230769230769231,6483,52,0.9543725779839037,0.8020977942310659,3.295836866004329
GME,2021-02-05,17,0.17647058823529413,0.8823529411764706,0.5294117647058824,0.11764705882352941,0.35294117647058826,3954,36,0.8702290979524682,0.9104704097116844,2.8903717578961645
GME,2021-02-08,28,-0.14285714285714285,0.8571428571428571,0.35714285714285715,0.14285714285714285,0.5,7167,90,0.9032139773855578,1.2557555462536627,3.367295829986474
GME,2021-02-09,12,-0.5,1.0,0.25,0.0,0.75,3054,40,0.5118595071429147,1.309757694826457,2.5649493574615367
GME,2021-02-10,10,0.1,0.9,0.5,0.1,0.4,2523,18,0.8586727110732549,0.713436385255648,2.3978952727983707
GME,2021-02-11,7,-0.14285714285714285,1.0,0.42857142857142855,0.0,0.5714285714285714,1826,17,0.6216097450797566,0.9309967141292442,2.0794415416798357
GME,2021-02-12,12,0.3333333333333333,0.8333333333333334,0.5833333333333334,0.16666666666666666,0.25,3106,41,0.8734790278701755,1.3200257566001288,2.5649493574615367
GME,2021-02-16,14,0.2857142857142857,1.0,0.6428571428571429,0.0,0.35714285714285715,3496,40,0.5932543881907628,1.1441647597254005,2.70805020110221
GME,2021-02-17,7,0.42857142857142855,1.0,0.7142857142857143,0.0,0.2857142857142857,1717,11,0.5445684476282007,0.6406523005241701,2.0794415416798357
GME,2021-02-18,10,0.1,0.9,0.5,0.1,0.4,2550,23,0.8586727110732549,0.9019607843137255,2.3978952727983707
GME,2021-02-19,10,0.1,0.7,0.4,0.3,0.3,2586,10,0.9911594714322187,0.3866976024748647,2.3978952727983707
GME,2021-02-22,9,-0.2222222222222222,0.8888888888888888,0.3333333333333333,0.1111111111111111,0.5555555555555556,2329,27,0.8527924884900403,1.15929583512237,2.302585092994046
GME,2021-02-23,8,-0.25,1.0,0.375,0.0,0.625,2094,17,0.6021808102656678,0.8118433619866284,2.1972245773362196
GME,2021-02-24,4,-0.75,0.75,0.0,0.25,0.75,713,4,0.5118595071429147,0.5610098176718092,1.6094379124341003
GME,2021-02-25,9,0.0,0.8888888888888888,0.4444444444444444,0.1111111111111111,0.4444444444444444,2187,22,0.8783471047618534,1.005944215820759,2.302585092994046
GME,2021-02-26,13,0.46153846153846156,0.9230769230769231,0.6923076923076923,0.07692307692307693,0.23076923076923078,3292,44,0.7193329040881773,1.336573511543135,2.639057329615259
GME,2021-03-01,11,0.0,0.9090909090909091,0.45454545454545453,0.09090909090909091,0.45454545454545453,2844,41,0.8508642289005678,1.4416315049226442,2.4849066497880004
GME,2021-03-02,8,0.375,0.875,0.625,0.125,0.25,1956,25,0.8194483718728035,1.278118609406953,2.1972245773362196
GME,2021-03-03,11,0.18181818181818182,0.9090909090909091,0.5454545454545454,0.09090909090909091,0.36363636363636365,2780,26,0.8342022886441013,0.935251798561151,2.4849066497880004
GME,2021-03-04,8,0.375,0.875,0.625,0.125,0.25,1960,24,0.8194483718728035,1.2244897959183674,2.1972245773362196
GME,2021-03-05,4,0.75,0.75,0.75,0.25,0.0,920,12,0.5118595071429147,1.3043478260869565,1.6094379124341003
GME,2021-03-08,6,0.3333333333333333,0.6666666666666666,0.5,0.3333333333333333,0.16666666666666666,1509,12,0.9206198357143047,0.7952286282306164,1.9459101490553132
GME,2021-03-09,8,0.375,0.875,0.625,0.125,0.25,2013,22,0.8194483718728035,1.092896174863388,2.1972245773362196
GME,2021-03-10,8,0.5,1.0,0.75,0.0,0.25,2059,11,0.5118595071429147,0.5342399222923749,2.1972245773362196
GME,2021-03-11,8,-0.125,0.875,0.375,0.125,0.5,1983,16,0.8868595071429147,0.8068582955118507,2.1972245773362196
GME,2021-03-12,4,0.75,0.75,0.75,0.25,0.0,1037,9,0.5118595071429147,0.8678881388621023,1.6094379124341003
GME,2021-03-15,6,-0.16666666666666666,0.8333333333333334,0.3333333333333333,0.16666666666666666,0.5,1547,21,0.920619835714305,1.3574660633484164,1.9459101490553132
GME,2021-03-16,4,0.5,1.0,0.75,0.0,0.25,1024,8,0.5118595071429147,0.78125,1.6094379124341003
GME,2021-03-17,8,0.125,0.875,0.5,0.125,0.375,1976,9,0.8868595071429147,0.45546558704453444,2.1972245773362196
GME,2021-03-18,4,0.0,1.0,0.5,0.0,0.5,1034,9,0.6309297535714574,0.8704061895551257,1.6094379124341003
GME,2021-03-19,4,0.5,1.0,0.75,0.0,0.25,1048,15,0.5118595071429147,1.4312977099236641,1.6094379124341003
GME,2021-03-22,9,0.3333333333333333,1.0,0.6666666666666666,0.0,0.3333333333333333,2282,21,0.5793801642856949,0.9202453987730062,2.302585092994046
GME,2021-03-23,5,-0.2,1.0,0.4,0.0,0.6,1289,18,0.6126016192893442,1.3964313421256789,1.791759469228055
GME,2021-03-24,9,-0.3333333333333333,0.7777777777777778,0.2222222222222222,0.2222222222222222,0.5555555555555556,1989,12,0.9057125980138371,0.6033182503770739,2.302585092994046
GME,2021-03-25,10,-0.2,0.8,0.3,0.2,0.5,2353,30,0.9372305632161295,1.274968125796855,2.3978952727983707
GME,2021-03-26,3,-0.3333333333333333,1.0,0.3333333333333333,0.0,0.6666666666666666,778,5,0.5793801642856949,0.6426735218508998,1.3862943611198906
GME,2021-03-29,2,1.0,1.0,1.0,0.0,0.0,508,3,0.0,0.5905511811023622,1.0986122886681096
GME,2021-03-31,7,0.2857142857142857,0.5714285714285714,0.42857142857142855,0.42857142857142855,0.14285714285714285,1760,9,0.914100892018565,0.5113636363636364,2.0794415416798357
GME,2021-04-01,4,-0.5,1.0,0.25,0.0,0.75,1014,12,0.5118595071429147,1.183431952662722,1.6094379124341003
GME,2021-04-05,15,0.4,0.9333333333333333,0.6666666666666666,0.06666666666666667,0.26666666666666666,3858,38,0.7312088026202268,0.9849663037843442,2.772588722239781
GME,2021-04-06,7,0.5714285714285714,0.8571428571428571,0.7142857142857143,0.14285714285714285,0.14285714285714285,1494,9,0.72483409150576,0.6024096385542169,2.0794415416798357
GME,2021-04-07,5,0.0,0.4,0.2,0.6,0.2,1298,16,0.8649735207179272,1.2326656394453004,1.791759469228055
GME,2021-04-08,2,1.0,1.0,1.0,0.0,0.0,513,2,0.0,0.3898635477582846,1.0986122886681096
GME,2021-04-09,8,-0.125,0.625,0.25,0.375,0.375,1672,19,0.9850568223215077,1.1363636363636365,2.1972245773362196
GME,2021-04-12,6,0.16666666666666666,0.8333333333333334,0.5,0.16666666666666666,0.3333333333333333,1529,15,0.920619835714305,0.9810333551340745,1.9459101490553132
GME,2021-04-13,9,0.2222222222222222,0.8888888888888888,0.5555555555555556,0.1111111111111111,0.3333333333333333,2233,24,0.8527924884900403,1.0747872816838333,2.302585092994046
GME,2021-04-14,3,0.3333333333333333,1.0,0.6666666666666666,0.0,0.3333333333333333,756,10,0.5793801642856949,1.3227513227513228,1.3862943611198906
GME,2021-04-15,7,-0.14285714285714285,1.0,0.42857142857142855,0.0,0.5714285714285714,1534,10,0.6216097450797566,0.651890482398957,2.0794415416798357
GME,2021-04-16,4,0.0,1.0,0.5,0.0,0.5,1002,19,0.6309297535714574,1.8962075848303392,1.6094379124341003
GME,2021-04-19,6,-0.6666666666666666,1.0,0.16666666666666666,0.0,0.8333333333333334,1391,20,0.41011848630651804,1.4378145219266714,1.9459101490553132
GME,2021-04-20,10,0.6,0.8,0.7,0.2,0.1,2027,32,0.7298466991620974,1.5786877158362111,2.3978952727983707
GME,2021-04-21,6,0.3333333333333333,1.0,0.6666666666666666,0.0,0.3333333333333333,1529,18,0.5793801642856949,1.1772400261608895,1.9459101490553132
GME,2021-04-22,3,0.3333333333333333,1.0,0.6666666666666666,0.0,0.3333333333333333,748,6,0.5793801642856949,0.8021390374331551,1.3862943611198906
GME,2021-04-23,5,0.4,0.8,0.6,0.2,0.2,1314,14,0.8649735207179272,1.06544901065449,1.791759469228055
GME,2021-04-26,5,0.0,0.4,0.2,0.6,0.2,1265,5,0.8649735207179272,0.3952569169960474,1.791759469228055
GME,2021-04-27,6,0.6666666666666666,1.0,0.8333333333333334,0.0,0.16666666666666666,1520,17,0.41011848630651804,1.118421052631579,1.9459101490553132
GME,2021-04-28,8,0.625,0.875,0.75,0.125,0.125,1949,23,0.6695919455357792,1.1800923550538738,2.1972245773362196
GME,2021-04-29,1,-1.0,1.0,0.0,0.0,1.0,261,3,0.0,1.1494252873563218,0.6931471805599453
GME,2021-04-30,1,1.0,1.0,1.0,0.0,0.0,253,3,0.0,1.1857707509881423,0.6931471805599453
GME,2021-05-03,5,0.8,0.8,0.8,0.2,0.0,1234,12,0.4554859150035952,0.9724473257698542,1.791759469228055
GME,2021-05-04,2,0.5,0.5,0.5,0.5,0.0,486,5,0.6309297535714574,1.02880658436214,1.0986122886681096
GME,2021-05-05,1,1.0,1.0,1.0,0.0,0.0,230,4,0.0,1.7391304347826086,0.6931471805599453
GME,2021-05-06,6,0.5,0.8333333333333334,0.6666666666666666,0.16666666666666666,0.16666666666666666,1365,14,0.7896900821428474,1.0256410256410255,1.9459101490553132
GME,2021-05-07,2,1.0,1.0,1.0,0.0,0.0,506,8,0.0,1.5810276679841897,1.0986122886681096
GME,2021-05-10,1,1.0,1.0,1.0,0.0,0.0,258,7,0.0,2.7131782945736433,0.6931471805599453
GME,2021-05-12,1,-1.0,1.0,0.0,0.0,1.0,245,1,0.0,0.40816326530612246,0.6931471805599453
GME,2021-05-13,1,0.0,0.0,0.0,1.0,0.0,259,2,0.0,0.7722007722007722,0.6931471805599453
GME,2021-05-14,1,-1.0,1.0,0.0,0.0,1.0,245,2,0.0,0.8163265306122449,0.6931471805599453
GME,2021-05-17,2,0.0,1.0,0.5,0.0,0.5,521,3,0.6309297535714574,0.5758157389635317,1.0986122886681096
GME,2021-05-18,2,-0.5,0.5,0.0,0.5,0.5,494,5,0.6309297535714574,1.0121457489878543,1.0986122886681096
GME,2021-05-19,2,-1.0,1.0,0.0,0.0,1.0,452,4,0.0,0.8849557522123894,1.0986122886681096
GME,2021-05-21,1,-1.0,1.0,0.0,0.0,1.0,258,3,0.0,1.1627906976744187,0.6931471805599453
GME,2021-05-24,3,-0.3333333333333333,1.0,0.3333333333333333,0.0,0.6666666666666666,791,6,0.5793801642856949,0.7585335018963337,1.3862943611198906
GME,2021-05-26,3,0.3333333333333333,0.3333333333333333,0.3333333333333333,0.6666666666666666,0.0,767,18,0.5793801642856949,2.346805736636245,1.3862943611198906
GME,2021-05-27,10,0.5,0.7,0.6,0.3,0.1,2415,33,0.81734542214651,1.3664596273291925,2.3978952727983707
GME,2021-05-28,3,0.6666666666666666,0.6666666666666666,0.6666666666666666,0.3333333333333333,0.0,724,8,0.5793801642856949,1.1049723756906078,1.3862943611198906
GME,2021-06-01,9,0.4444444444444444,0.8888888888888888,0.6666666666666666,0.1111111111111111,0.2222222222222222,2362,23,0.7725068857142601,0.9737510584250635,2.302585092994046
GME,2021-06-02,5,0.6,1.0,0.8,0.0,0.2,1251,16,0.4554859150035952,1.2789768185451638,1.791759469228055
GME,2021-06-03,8,1.0,1.0,1.0,0.0,0.0,2011,11,0.0,0.5469915464942815,2.1972245773362196
GME,2021-06-04,6,0.6666666666666666,1.0,0.8333333333333334,0.0,0.16666666666666666,1578,27,0.41011848630651804,1.7110266159695817,1.9459101490553132
GME,2021-06-07,7,1.0,1.0,1.0,0.0,0.0,1776,19,0.0,1.0698198198198199,2.0794415416798357
GME,2021-06-08,5,0.6,1.0,0.8,0.0,0.2,1285,17,0.4554859150035952,1.3229571984435797,1.791759469228055
GME,2021-06-09,11,0.7272727272727273,0.9090909090909091,0.8181818181818182,0.09090909090909091,0.09090909090909091,2790,38,0.5462947022805017,1.3620071684587813,2.4849066497880004
GME,2021-06-10,18,0.16666666666666666,0.8333333333333334,0.5,0.16666666666666666,0.3333333333333333,3940,40,0.920619835714305,1.015228426395939,2.9444389791664403
GME,2021-06-11,10,0.0,0.8,0.4,0.2,0.4,2491,31,0.9602297178607612,1.244480128462465,2.3978952727983707
GME,2021-06-14,9,0.4444444444444444,0.6666666666666666,0.5555555555555556,0.3333333333333333,0.1111111111111111,2264,21,0.8527924884900404,0.9275618374558304,2.302585092994046
GME,2021-06-15,6,0.0,1.0,0.5,0.0,0.5,1548,18,0.6309297535714574,1.1627906976744187,1.9459101490553132
GME,2021-06-16,4,0.0,1.0,0.5,0.0,0.5,930,8,0.6309297535714574,0.8602150537634409,1.6094379124341003
GME,2021-06-17,4,0.25,0.75,0.5,0.25,0.25,1028,10,0.946394630357186,0.9727626459143969,1.6094379124341003
GME,2021-06-18,4,0.75,0.75,0.75,0.25,0.0,998,13,0.5118595071429147,1.3026052104208417,1.6094379124341003
GME,2021-06-21,8,0.5,0.75,0.625,0.25,0.125,2078,18,0.8194483718728035,0.8662175168431184,2.1972245773362196
GME,2021-06-22,5,0.6,0.6,0.6,0.4,0.0,899,8,0.6126016192893442,0.8898776418242491,1.791759469228055
GME,2021-06-23,9,0.1111111111111111,1.0,0.5555555555555556,0.0,0.4444444444444444,2105,18,0.6252993742043005,0.8551068883610451,2.302585092994046
GME,2021-06-24,4,0.25,0.75,0.5,0.25,0.25,1012,2,0.946394630357186,0.1976284584980237,1.6094379124341003
GME,2021-06-28,2,0.5,0.5,0.5,0.5,0.0,474,10,0.6309297535714574,2.109704641350211,1.0986122886681096
GME,2021-06-29,2,1.0,1.0,1.0,0.0,0.0,538,6,0.0,1.1152416356877324,1.0986122886681096
GME,2021-06-30,2,0.5,0.5,0.5,0.5,0.0,539,6,0.6309297535714574,1.1131725417439704,1.0986122886681096
GME,2021-07-01,2,1.0,1.0,1.0,0.0,0.0,512,14,0.0,2.734375,1.0986122886681096
GME,2021-07-02,2,0.0,1.0,0.5,0.0,0.5,510,10,0.6309297535714574,1.9607843137254901,1.0986122886681096
GME,2021-07-06,1,1.0,1.0,1.0,0.0,0.0,263,5,0.0,1.9011406844106464,0.6931471805599453
GME,2021-07-07,5,0.4,0.8,0.6,0.2,0.2,1214,12,0.8649735207179272,0.9884678747940692,1.791759469228055
GME,2021-07-08,8,0.25,1.0,0.625,0.0,0.375,2055,16,0.6021808102656678,0.7785888077858881,2.1972245773362196
GME,2021-07-09,4,0.5,1.0,0.75,0.0,0.25,1040,12,0.5118595071429147,1.1538461538461537,1.6094379124341003
GME,2021-07-12,2,0.5,0.5,0.5,0.5,0.0,518,9,0.6309297535714574,1.7374517374517375,1.0986122886681096
GME,2021-07-13,1,1.0,1.0,1.0,0.0,0.0,255,2,0.0,0.7843137254901961,0.6931471805599453
GME,2021-07-15,2,-1.0,1.0,0.0,0.0,1.0,530,9,0.0,1.6981132075471699,1.0986122886681096
GME,2021-07-16,7,-0.8571428571428571,0.8571428571428571,0.0,0.14285714285714285,0.8571428571428571,1662,17,0.37330396038588726,1.022864019253911,2.0794415416798357
GME,2021-07-19,4,-0.25,0.75,0.25,0.25,0.5,1049,14,0.946394630357186,1.334604385128694,1.6094379124341003
GME,2021-07-20,2,1.0,1.0,1.0,0.0,0.0,517,6,0.0,1.1605415860735009,1.0986122886681096
GME,2021-07-21,2,0.0,1.0,0.5,0.0,0.5,517,2,0.6309297535714574,0.38684719535783363,1.0986122886681096
GME,2021-07-22,1,1.0,1.0,1.0,0.0,0.0,253,1,0.0,0.3952569169960474,0.6931471805599453
GME,2021-07-23,3,-0.3333333333333333,1.0,0.3333333333333333,0.0,0.6666666666666666,767,7,0.5793801642856949,0.9126466753585397,1.3862943611198906
GME,2021-07-26,4,-0.25,0.75,0.25,0.25,0.5,1067,10,0.946394630357186,0.9372071227741331,1.6094379124341003
GME,2021-07-27,1,1.0,1.0,1.0,0.0,0.0,260,5,0.0,1.9230769230769231,0.6931471805599453
GME,2021-07-28,1,1.0,1.0,1.0,0.0,0.0,262,4,0.0,1.5267175572519085,0.6931471805599453
GME,2021-07-29,4,1.0,1.0,1.0,0.0,0.0,982,9,0.0,0.9164969450101833,1.6094379124341003
GME,2021-07-30,1,-1.0,1.0,0.0,0.0,1.0,251,1,0.0,0.398406374501992,0.6931471805599453
GME,2021-08-02,4,0.0,1.0,0.5,0.0,0.5,1043,6,0.6309297535714574,0.5752636625119847,1.6094379124341003
GME,2021-08-03,4,0.0,1.0,0.5,0.0,0.5,999,6,0.6309297535714574,0.6006006006006006,1.6094379124341003
GME,2021-08-04,1,1.0,1.0,1.0,0.0,0.0,255,1,0.0,0.39215686274509803,0.6931471805599453
GME,2021-08-05,7,0.0,0.8571428571428571,0.42857142857142855,0.14285714285714285,0.42857142857142855,1799,21,0.914100892018565,1.1673151750972763,2.0794415416798357
GME,2021-08-06,1,-1.0,1.0,0.0,0.0,1.0,243,4,0.0,1.646090534979424,0.6931471805599453
GME,2021-08-09,1,0.0,0.0,0.0,1.0,0.0,261,2,0.0,0.7662835249042146,0.6931471805599453
GME,2021-08-10,2,-1.0,1.0,0.0,0.0,1.0,506,7,0.0,1.383399209486166,1.0986122886681096
GME,2021-08-11,2,1.0,1.0,1.0,0.0,0.0,509,7,0.0,1.37524557956778,1.0986122886681096
GME,2021-08-12,1,1.0,1.0,1.0,0.0,0.0,262,2,0.0,0.7633587786259542,0.6931471805599453
GME,2021-08-13,3,-0.3333333333333333,1.0,0.3333333333333333,0.0,0.6666666666666666,750,11,0.5793801642856949,1.4666666666666666,1.3862943611198906
GME,2021-08-16,2,0.0,1.0,0.5,0.0,0.5,486,7,0.6309297535714574,1.440329218106996,1.0986122886681096
GME,2021-08-17,1,-1.0,1.0,0.0,0.0,1.0,255,2,0.0,0.7843137254901961,0.6931471805599453
GME,2021-08-19,1,-1.0,1.0,0.0,0.0,1.0,269,4,0.0,1.486988847583643,0.6931471805599453
GME,2021-08-20,1,1.0,1.0,1.0,0.0,0.0,255,1,0.0,0.39215686274509803,0.6931471805599453
GME,2021-08-23,3,0.3333333333333333,1.0,0.6666666666666666,0.0,0.3333333333333333,785,11,0.5793801642856949,1.4012738853503184,1.3862943611198906
GME,2021-08-24,4,0.0,1.0,0.5,0.0,0.5,1042,5,0.6309297535714574,0.4798464491362764,1.6094379124341003
GME,2021-08-25,4,0.75,0.75,0.75,0.25,0.0,1046,7,0.5118595071429147,0.6692160611854685,1.6094379124341003
GME,2021-08-26,5,0.8,0.8,0.8,0.2,0.0,1259,21,0.4554859150035952,1.6679904686258935,1.791759469228055
GME,2021-08-27,2,0.0,1.0,0.5,0.0,0.5,494,7,0.6309297535714574,1.417004048582996,1.0986122886681096
GME,2021-08-30,4,0.0,1.0,0.5,0.0,0.5,1025,7,0.6309297535714574,0.6829268292682927,1.6094379124341003
GME,2021-08-31,1,1.0,1.0,1.0,0.0,0.0,259,1,0.0,0.3861003861003861,0.6931471805599453
GME,2021-09-02,3,0.6666666666666666,0.6666666666666666,0.6666666666666666,0.3333333333333333,0.0,761,3,0.5793801642856949,0.39421813403416556,1.3862943611198906
GME,2021-09-03,1,1.0,1.0,1.0,0.0,0.0,249,5,0.0,2.0080321285140563,0.6931471805599453
GME,2021-09-07,6,0.3333333333333333,1.0,0.6666666666666666,0.0,0.3333333333333333,1515,18,0.5793801642856949,1.188118811881188,1.9459101490553132
GME,2021-09-08,2,-1.0,1.0,0.0,0.0,1.0,508,5,0.0,0.984251968503937,1.0986122886681096
GME,2021-09-09,13,0.6153846153846154,0.9230769230769231,0.7692307692307693,0.07692307692307693,0.15384615384615385,2896,16,0.625418115623811,0.5524861878453039,2.639057329615259
GME,2021-09-10,13,-0.6153846153846154,0.9230769230769231,0.15384615384615385,0.07692307692307693,0.7692307692307693,3246,29,0.625418115623811,0.893407270486753,2.639057329615259
GME,2021-09-13,6,-0.6666666666666666,0.6666666666666666,0.0,0.3333333333333333,0.6666666666666666,1473,22,0.5793801642856949,1.4935505770536321,1.9459101490553132
GME,2021-09-14,1,1.0,1.0,1.0,0.0,0.0,251,4,0.0,1.593625498007968,0.6931471805599453
GME,2021-09-15,5,-0.8,0.8,0.0,0.2,0.8,1222,12,0.4554859150035952,0.9819967266775778,1.791759469228055
GME,2021-09-16,3,0.3333333333333333,1.0,0.6666666666666666,0.0,0.3333333333333333,769,10,0.5793801642856949,1.3003901170351104,1.3862943611198906
GME,2021-09-17,5,-0.6,1.0,0.2,0.0,0.8,1237,13,0.4554859150035952,1.0509296685529508,1.791759469228055
GME,2021-09-20,3,-0.3333333333333333,1.0,0.3333333333333333,0.0,0.6666666666666666,770,7,0.5793801642856949,0.9090909090909091,1.3862943611198906
GME,2021-09-21,3,0.0,0.6666666666666666,0.3333333333333333,0.3333333333333333,0.3333333333333333,592,6,0.9999999999999998,1.0135135135135136,1.3862943611198906
GME,2021-09-22,3,-1.0,1.0,0.0,0.0,1.0,795,11,0.0,1.3836477987421383,1.3862943611198906
GME,2021-09-24,1,-1.0,1.0,0.0,0.0,1.0,261,3,0.0,1.1494252873563218,0.6931471805599453
GME,2021-09-27,2,-0.5,0.5,0.0,0.5,0.5,510,5,0.6309297535714574,0.9803921568627451,1.0986122886681096
GME,2021-09-28,4,0.5,0.5,0.5,0.5,0.0,1029,16,0.6309297535714574,1.554907677356657,1.6094379124341003
GME,2021-09-29,2,1.0,1.0,1.0,0.0,0.0,508,4,0.0,0.7874015748031497,1.0986122886681096
GME,2021-09-30,3,-0.6666666666666666,0.6666666666666666,0.0,0.3333333333333333,0.6666666666666666,761,6,0.5793801642856949,0.7884362680683311,1.3862943611198906
GME,2021-10-01,3,-1.0,1.0,0.0,0.0,1.0,716,7,0.0,0.9776536312849162,1.3862943611198906
GME,2021-10-04,4,-0.25,0.75,0.25,0.25,0.5,1050,9,0.946394630357186,0.8571428571428571,1.6094379124341003
GME,2021-10-05,1,-1.0,1.0,0.0,0.0,1.0,258,3,0.0,1.1627906976744187,0.6931471805599453
GME,2021-10-06,2,1.0,1.0,1.0,0.0,0.0,509,5,0.0,0.9823182711198428,1.0986122886681096
GME,2021-10-07,1,0.0,0.0,0.0,1.0,0.0,210,6,0.0,2.857142857142857,0.6931471805599453
GME,2021-10-08,1,1.0,1.0,1.0,0.0,0.0,272,2,0.0,0.7352941176470589,0.6931471805599453
GME,2021-10-11,1,-1.0,1.0,0.0,0.0,1.0,267,4,0.0,1.4981273408239701,0.6931471805599453
GME,2021-10-12,4,-0.5,1.0,0.25,0.0,0.75,1039,11,0.5118595071429147,1.0587102983638113,1.6094379124341003
GME,2021-10-15,1,0.0,0.0,0.0,1.0,0.0,214,4,0.0,1.8691588785046729,0.6931471805599453
GME,2021-10-19,2,0.5,0.5,0.5,0.5,0.0,516,12,0.6309297535714574,2.3255813953488373,1.0986122886681096
GME,2021-10-21,1,1.0,1.0,1.0,0.0,0.0,266,2,0.0,0.7518796992481203,0.6931471805599453
GME,2021-10-22,2,0.0,1.0,0.5,0.0,0.5,491,6,0.6309297535714574,1.2219959266802445,1.0986122886681096
GME,2021-10-25,2,0.5,0.5,0.5,0.5,0.0,384,4,0.6309297535714574,1.0416666666666667,1.0986122886681096
GME,2021-10-26,4,0.0,0.5,0.25,0.5,0.25,1052,14,0.946394630357186,1.3307984790874525,1.6094379124341003
GME,2021-10-27,1,1.0,1.0,1.0,0.0,0.0,259,2,0.0,0.7722007722007722,0.6931471805599453
GME,2021-10-28,1,-1.0,1.0,0.0,0.0,1.0,276,11,0.0,3.9855072463768115,0.6931471805599453
GME,2021-10-29,3,0.3333333333333333,1.0,0.6666666666666666,0.0,0.3333333333333333,771,8,0.5793801642856949,1.0376134889753568,1.3862943611198906
GME,2021-11-01,2,0.5,0.5,0.5,0.5,0.0,379,1,0.6309297535714574,0.2638522427440633,1.0986122886681096
GME,2021-11-02,4,-0.25,0.75,0.25,0.25,0.5,969,15,0.946394630357186,1.5479876160990713,1.6094379124341003
GME,2021-11-03,1,1.0,1.0,1.0,0.0,0.0,259,3,0.0,1.1583011583011582,0.6931471805599453
GME,2021-11-04,3,0.6666666666666666,0.6666666666666666,0.6666666666666666,0.3333333333333333,0.0,749,5,0.5793801642856949,0.6675567423230975,1.3862943611198906
GME,2021-11-05,3,0.3333333333333333,1.0,0.6666666666666666,0.0,0.3333333333333333,720,5,0.5793801642856949,0.6944444444444444,1.3862943611198906
GME,2021-11-08,2,1.0,1.0,1.0,0.0,0.0,515,6,0.0,1.1650485436893203,1.0986122886681096
GME,2021-11-09,3,0.6666666666666666,0.6666666666666666,0.6666666666666666,0.3333333333333333,0.0,754,14,0.5793801642856949,1.856763925729443,1.3862943611198906
GME,2021-11-12,3,0.3333333333333333,0.3333333333333333,0.3333333333333333,0.6666666666666666,0.0,790,13,0.5793801642856949,1.6455696202531647,1.3862943611198906
GME,2021-11-15,3,0.3333333333333333,0.3333333333333333,0.3333333333333333,0.6666666666666666,0.0,797,14,0.5793801642856949,1.7565872020075282,1.3862943611198906
GME,2021-11-16,2,1.0,1.0,1.0,0.0,0.0,516,5,0.0,0.9689922480620154,1.0986122886681096
GME,2021-11-17,1,-1.0,1.0,0.0,0.0,1.0,257,4,0.0,1.556420233463035,0.6931471805599453
GME,2021-11-18,2,0.0,1.0,0.5,0.0,0.5,515,3,0.6309297535714574,0.5825242718446602,1.0986122886681096
GME,2021-11-19,1,1.0,1.0,1.0,0.0,0.0,273,5,0.0,1.8315018315018314,0.6931471805599453
GME,2021-11-22,1,1.0,1.0,1.0,0.0,0.0,263,3,0.0,1.1406844106463878,0.6931471805599453
GME,2021-11-24,1,-1.0,1.0,0.0,0.0,1.0,257,2,0.0,0.7782101167315175,0.6931471805599453
GME,2021-11-26,2,0.0,0.0,0.0,1.0,0.0,456,10,0.0,2.192982456140351,1.0986122886681096
GME,2021-11-30,3,0.3333333333333333,1.0,0.6666666666666666,0.0,0.3333333333333333,782,13,0.5793801642856949,1.6624040920716112,1.3862943611198906
GME,2021-12-01,2,-0.5,0.5,0.0,0.5,0.5,492,4,0.6309297535714574,0.8130081300813008,1.0986122886681096
GME,2021-12-02,3,0.3333333333333333,1.0,0.6666666666666666,0.0,0.3333333333333333,641,18,0.5793801642856949,2.8081123244929795,1.3862943611198906
GME,2021-12-03,3,0.0,0.0,0.0,1.0,0.0,718,10,0.0,1.392757660167131,1.3862943611198906
GME,2021-12-06,1,-1.0,1.0,0.0,0.0,1.0,233,3,0.0,1.2875536480686696,0.6931471805599453
GME,2021-12-07,2,-0.5,0.5,0.0,0.5,0.5,487,4,0.6309297535714574,0.8213552361396304,1.0986122886681096
GME,2021-12-08,3,-0.3333333333333333,1.0,0.3333333333333333,0.0,0.6666666666666666,773,3,0.5793801642856949,0.38809831824062097,1.3862943611198906
GME,2021-12-09,10,0.2,0.8,0.5,0.2,0.3,2040,11,0.9372305632161295,0.5392156862745098,2.3978952727983707
GME,2021-12-10,5,-0.6,1.0,0.2,0.0,0.8,1097,10,0.4554859150035952,0.9115770282588879,1.791759469228055
GME,2021-12-13,8,-0.25,0.75,0.25,0.25,0.5,1979,31,0.946394630357186,1.5664477008590196,2.1972245773362196
GME,2021-12-14,5,-0.2,0.6,0.2,0.4,0.4,1324,16,0.9602297178607612,1.2084592145015105,1.791759469228055
GME,2021-12-15,3,0.3333333333333333,1.0,0.6666666666666666,0.0,0.3333333333333333,694,4,0.5793801642856949,0.5763688760806917,1.3862943611198906
GME,2021-12-16,1,-1.0,1.0,0.0,0.0,1.0,256,11,0.0,4.296875,0.6931471805599453
GME,2021-12-17,3,-0.3333333333333333,1.0,0.3333333333333333,0.0,0.6666666666666666,775,8,0.5793801642856949,1.032258064516129,1.3862943611198906
GME,2021-12-20,6,0.3333333333333333,1.0,0.6666666666666666,0.0,0.3333333333333333,1518,6,0.5793801642856949,0.3952569169960474,1.9459101490553132
GME,2021-12-21,2,0.5,0.5,0.5,0.5,0.0,463,11,0.6309297535714574,2.375809935205184,1.0986122886681096
GME,2021-12-22,1,1.0,1.0,1.0,0.0,0.0,265,2,0.0,0.7547169811320755,0.6931471805599453
GME,2021-12-23,3,-0.3333333333333333,0.3333333333333333,0.0,0.6666666666666666,0.3333333333333333,767,9,0.5793801642856949,1.1734028683181226,1.3862943611198906
GME,2021-12-27,4,0.0,1.0,0.5,0.0,0.5,1009,9,0.6309297535714574,0.8919722497522299,1.6094379124341003
GME,2021-12-28,2,1.0,1.0,1.0,0.0,0.0,509,2,0.0,0.3929273084479371,1.0986122886681096
GME,2021-12-29,3,0.6666666666666666,0.6666666666666666,0.6666666666666666,0.3333333333333333,0.0,742,14,0.5793801642856949,1.8867924528301887,1.3862943611198906
GME,2021-12-30,2,-0.5,0.5,0.0,0.5,0.5,514,7,0.6309297535714574,1.3618677042801557,1.0986122886681096
GME,2021-12-31,2,-0.5,0.5,0.0,0.5,0.5,514,6,0.6309297535714574,1.1673151750972763,1.0986122886681096
GME,2022-01-03,2,0.0,1.0,0.5,0.0,0.5,468,4,0.6309297535714574,0.8547008547008547,1.0986122886681096
GME,2022-01-04,3,0.6666666666666666,0.6666666666666666,0.6666666666666666,0.3333333333333333,0.0,801,6,0.5793801642856949,0.7490636704119851,1.3862943611198906
GME,2022-01-05,3,-0.6666666666666666,0.6666666666666666,0.0,0.3333333333333333,0.6666666666666666,799,10,0.5793801642856949,1.2515644555694618,1.3862943611198906
GME,2022-01-06,4,0.25,0.75,0.5,0.25,0.25,972,21,0.946394630357186,2.1604938271604937,1.6094379124341003
GME,2022-01-07,7,0.14285714285714285,0.7142857142857143,0.42857142857142855,0.2857142857142857,0.2857142857142857,1607,14,0.9821410328348751,0.8711885500933416,2.0794415416798357
GME,2022-01-10,17,0.47058823529411764,0.8235294117647058,0.6470588235294118,0.17647058823529413,0.17647058823529413,4233,32,0.8136524099222412,0.7559650366170565,2.8903717578961645
GME,2022-01-11,3,0.6666666666666666,0.6666666666666666,0.6666666666666666,0.3333333333333333,0.0,765,9,0.5793801642856949,1.1764705882352942,1.3862943611198906
GME,2022-01-13,1,-1.0,1.0,0.0,0.0,1.0,253,4,0.0,1.5810276679841897,0.6931471805599453
GME,2022-01-14,1,1.0,1.0,1.0,0.0,0.0,280,1,0.0,0.35714285714285715,0.6931471805599453
GME,2022-01-18,8,0.0,0.75,0.375,0.25,0.375,2044,22,0.9850568223215077,1.076320939334638,2.1972245773362196
GME,2022-01-19,3,-0.3333333333333333,1.0,0.3333333333333333,0.0,0.6666666666666666,769,11,0.5793801642856949,1.4304291287386215,1.3862943611198906
GME,2022-01-20,1,1.0,1.0,1.0,0.0,0.0,265,4,0.0,1.509433962264151,0.6931471805599453
GME,2022-01-21,5,0.0,0.8,0.4,0.2,0.4,1252,14,0.9602297178607612,1.1182108626198084,1.791759469228055
GME,2022-01-24,3,-0.6666666666666666,0.6666666666666666,0.0,0.3333333333333333,0.6666666666666666,747,11,0.5793801642856949,1.4725568942436413,1.3862943611198906
GME,2022-01-25,2,0.0,1.0,0.5,0.0,0.5,520,4,0.6309297535714574,0.7692307692307693,1.0986122886681096
GME,2022-01-26,3,0.3333333333333333,1.0,0.6666666666666666,0.0,0.3333333333333333,803,6,0.5793801642856949,0.7471980074719801,1.3862943611198906
GME,2022-01-27,1,0.0,0.0,0.0,1.0,0.0,245,0,0.0,0.0,0.6931471805599453
GME,2022-01-28,5,-0.4,0.8,0.2,0.2,0.6,1299,15,0.8649735207179272,1.1547344110854503,1.791759469228055
GME,2022-01-31,2,0.0,1.0,0.5,0.0,0.5,495,3,0.6309297535714574,0.6060606060606061,1.0986122886681096
GME,2022-02-01,1,0.0,0.0,0.0,1.0,0.0,214,5,0.0,2.336448598130841,0.6931471805599453
GME,2022-02-02,3,0.3333333333333333,1.0,0.6666666666666666,0.0,0.3333333333333333,778,10,0.5793801642856949,1.2853470437017995,1.3862943611198906
GME,2022-02-03,2,1.0,1.0,1.0,0.0,0.0,530,2,0.0,0.37735849056603776,1.0986122886681096
GME,2022-02-04,8,-0.25,1.0,0.375,0.0,0.625,2061,23,0.6021808102656678,1.1159631246967492,2.1972245773362196
GME,2022-02-07,2,-0.5,0.5,0.0,0.5,0.5,503,11,0.6309297535714574,2.1868787276341948,1.0986122886681096
GME,2022-02-09,3,0.0,0.6666666666666666,0.3333333333333333,0.3333333333333333,0.3333333333333333,735,7,0.9999999999999998,0.9523809523809523,1.3862943611198906
GME,2022-02-10,1,1.0,1.0,1.0,0.0,0.0,250,7,0.0,2.8,0.6931471805599453
GME,2022-02-11,2,-1.0,1.0,0.0,0.0,1.0,481,5,0.0,1.0395010395010396,1.0986122886681096
GME,2022-02-14,2,0.0,1.0,0.5,0.0,0.5,502,9,0.6309297535714574,1.792828685258964,1.0986122886681096
GME,2022-02-16,1,1.0,1.0,1.0,0.0,0.0,259,2,0.0,0.7722007722007722,0.6931471805599453
GME,2022-02-17,3,0.6666666666666666,0.6666666666666666,0.6666666666666666,0.3333333333333333,0.0,715,9,0.5793801642856949,1.2587412587412588,1.3862943611198906
GME,2022-02-18,1,-1.0,1.0,0.0,0.0,1.0,253,3,0.0,1.1857707509881423,0.6931471805599453
GME,2022-02-24,1,-1.0,1.0,0.0,0.0,1.0,248,4,0.0,1.6129032258064515,0.6931471805599453
GME,2022-02-25,2,0.5,0.5,0.5,0.5,0.0,444,7,0.6309297535714574,1.5765765765765767,1.0986122886681096
GME,2022-03-01,1,-1.0,1.0,0.0,0.0,1.0,256,1,0.0,0.390625,0.6931471805599453
GME,2022-03-04,2,0.0,1.0,0.5,0.0,0.5,484,5,0.6309297535714574,1.0330578512396693,1.0986122886681096
GME,2022-03-07,4,-0.25,0.75,0.25,0.25,0.5,974,12,0.946394630357186,1.2320328542094456,1.6094379124341003
GME,2022-03-08,2,-0.5,0.5,0.0,0.5,0.5,467,5,0.6309297535714574,1.0706638115631693,1.0986122886681096
GME,2022-03-09,2,-1.0,1.0,0.0,0.0,1.0,492,13,0.0,2.6422764227642275,1.0986122886681096
GME,2022-03-11,1,1.0,1.0,1.0,0.0,0.0,264,2,0.0,0.7575757575757576,0.6931471805599453
GME,2022-03-14,3,-1.0,1.0,0.0,0.0,1.0,754,7,0.0,0.9283819628647215,1.3862943611198906
GME,2022-03-15,5,-1.0,1.0,0.0,0.0,1.0,1263,11,0.0,0.8709422011084719,1.791759469228055
GME,2022-03-16,2,0.0,1.0,0.5,0.0,0.5,525,10,0.6309297535714574,1.9047619047619047,1.0986122886681096
GME,2022-03-17,1,-1.0,1.0,0.0,0.0,1.0,234,3,0.0,1.2820512820512822,0.6931471805599453
GME,2022-03-18,9,-0.3333333333333333,0.5555555555555556,0.1111111111111111,0.4444444444444444,0.4444444444444444,1740,13,0.8783471047618534,0.7471264367816092,2.302585092994046
GME,2022-03-21,7,-0.14285714285714285,1.0,0.42857142857142855,0.0,0.5714285714285714,1751,18,0.6216097450797566,1.0279840091376355,2.0794415416798357
GME,2022-03-22,2,0.0,1.0,0.5,0.0,0.5,508,3,0.6309297535714574,0.5905511811023622,1.0986122886681096
GME,2022-03-23,4,0.0,1.0,0.5,0.0,0.5,950,6,0.6309297535714574,0.631578947368421,1.6094379124341003
GME,2022-03-24,5,1.0,1.0,1.0,0.0,0.0,1269,15,0.0,1.1820330969267139,1.791759469228055
GME,2022-03-25,3,0.0,0.6666666666666666,0.3333333333333333,0.3333333333333333,0.3333333333333333,736,2,0.9999999999999998,0.2717391304347826,1.3862943611198906
GME,2022-03-28,4,0.25,0.25,0.25,0.75,0.0,1021,13,0.5118595071429147,1.2732615083251715,1.6094379124341003
GME,2022-03-29,4,0.75,0.75,0.75,0.25,0.0,896,10,0.5118595071429147,1.1160714285714286,1.6094379124341003
GME,2022-03-30,6,0.6666666666666666,1.0,0.8333333333333334,0.0,0.16666666666666666,1509,17,0.41011848630651804,1.126573889993373,1.9459101490553132
GME,2022-03-31,2,0.5,0.5,0.5,0.5,0.0,466,7,0.6309297535714574,1.502145922746781,1.0986122886681096
GME,2022-04-01,10,0.3,0.9,0.6,0.1,0.3,2147,18,0.8173454221465101,0.8383791336748952,2.3978952727983707
GME,2022-04-04,12,0.16666666666666666,0.8333333333333334,0.5,0.16666666666666666,0.3333333333333333,2961,26,0.920619835714305,0.8780817291455589,2.5649493574615367
GME,2022-04-05,1,1.0,1.0,1.0,0.0,0.0,260,3,0.0,1.1538461538461537,0.6931471805599453
GME,2022-04-06,3,0.6666666666666666,0.6666666666666666,0.6666666666666666,0.3333333333333333,0.0,767,7,0.5793801642856949,0.9126466753585397,1.3862943611198906
GME,2022-04-07,3,1.0,1.0,1.0,0.0,0.0,787,8,0.0,1.0165184243964422,1.3862943611198906
GME,2022-04-08,5,-0.4,0.8,0.2,0.2,0.6,1216,28,0.8649735207179272,2.3026315789473686,1.791759469228055
GME,2022-04-11,1,1.0,1.0,1.0,0.0,0.0,266,5,0.0,1.8796992481203008,0.6931471805599453
GME,2022-04-12,1,0.0,0.0,0.0,1.0,0.0,261,7,0.0,2.681992337164751,0.6931471805599453
GME,2022-04-13,3,0.3333333333333333,0.3333333333333333,0.3333333333333333,0.6666666666666666,0.0,782,6,0.5793801642856949,0.7672634271099744,1.3862943611198906
GME,2022-04-14,1,-1.0,1.0,0.0,0.0,1.0,251,2,0.0,0.796812749003984,0.6931471805599453
GME,2022-04-18,3,0.0,0.6666666666666666,0.3333333333333333,0.3333333333333333,0.3333333333333333,756,5,0.9999999999999998,0.6613756613756614,1.3862943611198906
GME,2022-04-19,4,-0.25,0.75,0.25,0.25,0.5,964,22,0.946394630357186,2.2821576763485476,1.6094379124341003
GME,2022-04-20,1,-1.0,1.0,0.0,0.0,1.0,249,3,0.0,1.2048192771084338,0.6931471805599453
GME,2022-04-21,1,1.0,1.0,1.0,0.0,0.0,241,5,0.0,2.074688796680498,0.6931471805599453
GME,2022-04-22,2,0.0,1.0,0.5,0.0,0.5,481,2,0.6309297535714574,0.4158004158004158,1.0986122886681096
GME,2022-04-26,1,-1.0,1.0,0.0,0.0,1.0,243,1,0.0,0.411522633744856,0.6931471805599453
GME,2022-04-28,1,-1.0,1.0,0.0,0.0,1.0,271,0,0.0,0.0,0.6931471805599453
GME,2022-04-29,3,-1.0,1.0,0.0,0.0,1.0,760,9,0.0,1.1842105263157894,1.3862943611198906
GME,2022-05-02,2,0.0,1.0,0.5,0.0,0.5,519,6,0.6309297535714574,1.1560693641618498,1.0986122886681096
GME,2022-05-03,1,-1.0,1.0,0.0,0.0,1.0,262,8,0.0,3.053435114503817,0.6931471805599453
GME,2022-05-04,1,-1.0,1.0,0.0,0.0,1.0,261,10,0.0,3.8314176245210727,0.6931471805599453
GME,2022-05-05,1,0.0,0.0,0.0,1.0,0.0,212,8,0.0,3.7735849056603774,0.6931471805599453
GME,2022-05-06,1,-1.0,1.0,0.0,0.0,1.0,247,1,0.0,0.4048582995951417,0.6931471805599453
GME,2022-05-09,2,0.0,1.0,0.5,0.0,0.5,502,2,0.6309297535714574,0.398406374501992,1.0986122886681096
GME,2022-05-11,1,1.0,1.0,1.0,0.0,0.0,224,1,0.0,0.44642857142857145,0.6931471805599453
GME,2022-05-13,4,-0.75,0.75,0.0,0.25,0.75,954,14,0.5118595071429147,1.4675052410901468,1.6094379124341003
GME,2022-05-19,1,-1.0,1.0,0.0,0.0,1.0,258,2,0.0,0.7751937984496124,0.6931471805599453
GME,2022-05-23,1,1.0,1.0,1.0,0.0,0.0,214,0,0.0,0.0,0.6931471805599453
GME,2022-05-24,6,0.16666666666666666,0.8333333333333334,0.5,0.16666666666666666,0.3333333333333333,1399,13,0.920619835714305,0.9292351679771265,1.9459101490553132
GME,2022-05-25,2,1.0,1.0,1.0,0.0,0.0,487,4,0.0,0.8213552361396304,1.0986122886681096
GME,2022-05-26,4,0.5,1.0,0.75,0.0,0.25,1026,13,0.5118595071429147,1.267056530214425,1.6094379124341003
GME,2022-05-27,7,0.7142857142857143,1.0,0.8571428571428571,0.0,0.14285714285714285,1765,19,0.37330396038588726,1.0764872521246458,2.0794415416798357
GME,2022-05-31,3,-0.3333333333333333,1.0,0.3333333333333333,0.0,0.6666666666666666,777,7,0.5793801642856949,0.9009009009009009,1.3862943611198906
GME,2022-06-01,2,0.0,1.0,0.5,0.0,0.5,501,6,0.6309297535714574,1.1976047904191616,1.0986122886681096
GME,2022-06-02,10,-0.4,0.8,0.2,0.2,0.6,2119,11,0.8649735207179272,0.5191127890514393,2.3978952727983707
GME,2022-06-03,4,0.25,0.75,0.5,0.25,0.25,978,8,0.946394630357186,0.8179959100204499,1.6094379124341003
GME,2022-06-06,6,-0.6666666666666666,1.0,0.16666666666666666,0.0,0.8333333333333334,1506,22,0.41011848630651804,1.4608233731739708,1.9459101490553132
GME,2022-06-07,1,1.0,1.0,1.0,0.0,0.0,274,1,0.0,0.36496350364963503,0.6931471805599453
GME,2022-06-08,3,-1.0,1.0,0.0,0.0,1.0,757,9,0.0,1.1889035667107002,1.3862943611198906
GME,2022-06-09,2,0.5,0.5,0.5,0.5,0.0,477,5,0.6309297535714574,1.0482180293501049,1.0986122886681096
GME,2022-06-10,3,-0.6666666666666666,0.6666666666666666,0.0,0.3333333333333333,0.6666666666666666,751,6,0.5793801642856949,0.7989347536617842,1.3862943611198906
GME,2022-06-13,2,1.0,1.0,1.0,0.0,0.0,501,5,0.0,0.998003992015968,1.0986122886681096
GME,2022-06-14,1,-1.0,1.0,0.0,0.0,1.0,261,1,0.0,0.3831417624521073,0.6931471805599453
GME,2022-06-15,1,1.0,1.0,1.0,0.0,0.0,212,0,0.0,0.0,0.6931471805599453
GME,2022-06-17,2,-0.5,0.5,0.0,0.5,0.5,453,6,0.6309297535714574,1.3245033112582782,1.0986122886681096
GME,2022-06-21,2,0.0,1.0,0.5,0.0,0.5,507,14,0.6309297535714574,2.7613412228796843,1.0986122886681096
GME,2022-06-23,1,0.0,0.0,0.0,1.0,0.0,247,2,0.0,0.8097165991902834,0.6931471805599453
GME,2022-06-24,1,1.0,1.0,1.0,0.0,0.0,263,3,0.0,1.1406844106463878,0.6931471805599453
GME,2022-06-27,3,-0.6666666666666666,0.6666666666666666,0.0,0.3333333333333333,0.6666666666666666,737,6,0.5793801642856949,0.8141112618724559,1.3862943611198906
GME,2022-06-29,1,-1.0,1.0,0.0,0.0,1.0,245,3,0.0,1.2244897959183674,0.6931471805599453
GME,2022-07-05,2,1.0,1.0,1.0,0.0,0.0,513,11,0.0,2.1442495126705654,1.0986122886681096
GME,2022-07-06,1,0.0,0.0,0.0,1.0,0.0,212,4,0.0,1.8867924528301887,0.6931471805599453
GME,2022-07-07,2,1.0,1.0,1.0,0.0,0.0,333,0,0.0,0.0,1.0986122886681096
GME,2022-07-08,12,-0.25,0.75,0.25,0.25,0.5,2670,27,0.946394630357186,1.0112359550561798,2.5649493574615367
GME,2022-07-11,8,0.125,0.875,0.5,0.125,0.375,1931,9,0.8868595071429147,0.46607975142413255,2.1972245773362196
GME,2022-07-13,1,-1.0,1.0,0.0,0.0,1.0,255,4,0.0,1.5686274509803921,0.6931471805599453
GME,2022-07-14,2,-0.5,0.5,0.0,0.5,0.5,380,1,0.6309297535714574,0.2631578947368421,1.0986122886681096
GME,2022-07-15,3,-0.3333333333333333,1.0,0.3333333333333333,0.0,0.6666666666666666,770,11,0.5793801642856949,1.4285714285714286,1.3862943611198906
GME,2022-07-18,4,0.5,1.0,0.75,0.0,0.25,1019,11,0.5118595071429147,1.0794896957801767,1.6094379124341003
GME,2022-07-19,1,1.0,1.0,1.0,0.0,0.0,265,2,0.0,0.7547169811320755,0.6931471805599453
GME,2022-07-20,1,0.0,0.0,0.0,1.0,0.0,264,2,0.0,0.7575757575757576,0.6931471805599453
GME,2022-07-21,1,-1.0,1.0,0.0,0.0,1.0,270,3,0.0,1.1111111111111112,0.6931471805599453
GME,2022-07-22,2,-0.5,0.5,0.0,0.5,0.5,478,7,0.6309297535714574,1.4644351464435146,1.0986122886681096
GME,2022-07-25,1,-1.0,1.0,0.0,0.0,1.0,267,2,0.0,0.7490636704119851,0.6931471805599453
GME,2022-07-26,3,-0.3333333333333333,1.0,0.3333333333333333,0.0,0.6666666666666666,801,9,0.5793801642856949,1.1235955056179776,1.3862943611198906
GME,2022-07-27,1,-1.0,1.0,0.0,0.0,1.0,259,0,0.0,0.0,0.6931471805599453
GME,2022-07-29,1,1.0,1.0,1.0,0.0,0.0,248,2,0.0,0.8064516129032258,0.6931471805599453
GME,2022-08-01,2,1.0,1.0,1.0,0.0,0.0,524,9,0.0,1.717557251908397,1.0986122886681096
GME,2022-08-05,1,1.0,1.0,1.0,0.0,0.0,244,1,0.0,0.4098360655737705,0.6931471805599453
GME,2022-08-09,1,1.0,1.0,1.0,0.0,0.0,266,1,0.0,0.37593984962406013,0.6931471805599453
GME,2022-08-10,1,1.0,1.0,1.0,0.0,0.0,245,0,0.0,0.0,0.6931471805599453
GME,2022-08-11,1,1.0,1.0,1.0,0.0,0.0,243,1,0.0,0.411522633744856,0.6931471805599453
GME,2022-08-12,1,-1.0,1.0,0.0,0.0,1.0,272,2,0.0,0.7352941176470589,0.6931471805599453
GME,2022-08-16,3,0.3333333333333333,1.0,0.6666666666666666,0.0,0.3333333333333333,771,10,0.5793801642856949,1.297016861219196,1.3862943611198906
GME,2022-08-17,3,0.3333333333333333,1.0,0.6666666666666666,0.0,0.3333333333333333,794,4,0.5793801642856949,0.5037783375314862,1.3862943611198906
GME,2022-08-19,4,0.5,1.0,0.75,0.0,0.25,985,11,0.5118595071429147,1.116751269035533,1.6094379124341003
GME,2022-08-22,4,0.25,0.75,0.5,0.25,0.25,1032,12,0.946394630357186,1.1627906976744187,1.6094379124341003
GME,2022-08-23,4,-0.5,1.0,0.25,0.0,0.75,1056,19,0.5118595071429147,1.7992424242424243,1.6094379124341003
GME,2022-09-02,3,-1.0,1.0,0.0,0.0,1.0,754,5,0.0,0.6631299734748011,1.3862943611198906
GME,2022-09-06,3,-0.3333333333333333,1.0,0.3333333333333333,0.0,0.6666666666666666,749,6,0.5793801642856949,0.8010680907877169,1.3862943611198906
GME,2022-09-08,7,-0.14285714285714285,0.7142857142857143,0.2857142857142857,0.2857142857142857,0.42857142857142855,1389,13,0.9821410328348751,0.9359251259899208,2.0794415416798357
GME,2022-09-09,6,-0.5,0.8333333333333334,0.16666666666666666,0.16666666666666666,0.6666666666666666,1386,10,0.7896900821428474,0.7215007215007215,1.9459101490553132
GME,2022-09-12,1,1.0,1.0,1.0,0.0,0.0,255,2,0.0,0.7843137254901961,0.6931471805599453
GME,2022-09-13,1,-1.0,1.0,0.0,0.0,1.0,256,2,0.0,0.78125,0.6931471805599453
GME,2022-09-14,1,1.0,1.0,1.0,0.0,0.0,260,1,0.0,0.38461538461538464,0.6931471805599453
GME,2022-09-16,1,1.0,1.0,1.0,0.0,0.0,268,7,0.0,2.611940298507463,0.6931471805599453
GME,2022-09-23,1,-1.0,1.0,0.0,0.0,1.0,252,5,0.0,1.9841269841269842,0.6931471805599453
GME,2022-10-10,1,-1.0,1.0,0.0,0.0,1.0,249,0,0.0,0.0,0.6931471805599453
GME,2022-10-11,2,0.0,1.0,0.5,0.0,0.5,433,1,0.6309297535714574,0.23094688221709006,1.0986122886681096
GME,2022-10-18,1,-1.0,1.0,0.0,0.0,1.0,246,5,0.0,2.032520325203252,0.6931471805599453
GME,2022-10-26,1,-1.0,1.0,0.0,0.0,1.0,273,1,0.0,0.3663003663003663,0.6931471805599453
GME,2022-10-31,1,0.0,0.0,0.0,1.0,0.0,252,2,0.0,0.7936507936507936,0.6931471805599453
GME,2022-11-01,1,-1.0,1.0,0.0,0.0,1.0,256,2,0.0,0.78125,0.6931471805599453
GME,2022-11-07,1,-1.0,1.0,0.0,0.0,1.0,283,2,0.0,0.7067137809187279,0.6931471805599453
GME,2022-11-15,1,1.0,1.0,1.0,0.0,0.0,256,6,0.0,2.34375,0.6931471805599453
GME,2022-11-22,3,0.6666666666666666,0.6666666666666666,0.6666666666666666,0.3333333333333333,0.0,763,7,0.5793801642856949,0.9174311926605505,1.3862943611198906
GME,2022-11-23,1,-1.0,1.0,0.0,0.0,1.0,254,5,0.0,1.968503937007874,0.6931471805599453
GME,2022-12-02,1,0.0,0.0,0.0,1.0,0.0,234,1,0.0,0.42735042735042733,0.6931471805599453
GME,2022-12-07,3,-0.3333333333333333,1.0,0.3333333333333333,0.0,0.6666666666666666,756,11,0.5793801642856949,1.4550264550264551,1.3862943611198906
GME,2022-12-08,7,-0.42857142857142855,0.7142857142857143,0.14285714285714285,0.2857142857142857,0.5714285714285714,1388,12,0.8699155297736259,0.8645533141210374,2.0794415416798357
GME,2022-12-09,1,-1.0,1.0,0.0,0.0,1.0,232,0,0.0,0.0,0.6931471805599453
GME,2022-12-13,2,-1.0,1.0,0.0,0.0,1.0,499,2,0.0,0.40080160320641284,1.0986122886681096
GME,2022-12-19,1,1.0,1.0,1.0,0.0,0.0,268,6,0.0,2.2388059701492535,0.6931471805599453
GME,2022-12-23,1,0.0,0.0,0.0,1.0,0.0,258,4,0.0,1.550387596899225,0.6931471805599453
GME,2022-12-29,1,1.0,1.0,1.0,0.0,0.0,258,6,0.0,2.3255813953488373,0.6931471805599453
GME,2023-01-09,1,-1.0,1.0,0.0,0.0,1.0,247,0,0.0,0.0,0.6931471805599453
GME,2023-01-10,1,-1.0,1.0,0.0,0.0,1.0,250,3,0.0,1.2,0.6931471805599453
GME,2023-01-12,1,0.0,0.0,0.0,1.0,0.0,258,1,0.0,0.3875968992248062,0.6931471805599453
GME,2023-01-13,1,1.0,1.0,1.0,0.0,0.0,254,0,0.0,0.0,0.6931471805599453
GME,2023-01-17,3,0.3333333333333333,1.0,0.6666666666666666,0.0,0.3333333333333333,779,15,0.5793801642856949,1.925545571245186,1.3862943611198906
GME,2023-01-19,1,1.0,1.0,1.0,0.0,0.0,251,1,0.0,0.398406374501992,0.6931471805599453
GME,2023-01-24,2,-0.5,0.5,0.0,0.5,0.5,457,7,0.6309297535714574,1.5317286652078774,1.0986122886681096
GME,2023-01-27,3,-0.3333333333333333,1.0,0.3333333333333333,0.0,0.6666666666666666,732,6,0.5793801642856949,0.819672131147541,1.3862943611198906
GME,2023-01-31,2,1.0,1.0,1.0,0.0,0.0,505,1,0.0,0.19801980198019803,1.0986122886681096
GME,2023-02-01,1,0.0,0.0,0.0,1.0,0.0,212,4,0.0,1.8867924528301887,0.6931471805599453
GME,2023-02-02,1,1.0,1.0,1.0,0.0,0.0,248,0,0.0,0.0,0.6931471805599453
GME,2023-02-03,3,-1.0,1.0,0.0,0.0,1.0,744,8,0.0,1.075268817204301,1.3862943611198906
GME,2023-02-07,1,-1.0,1.0,0.0,0.0,1.0,258,1,0.0,0.3875968992248062,0.6931471805599453
GME,2023-02-08,1,0.0,0.0,0.0,1.0,0.0,250,5,0.0,2.0,0.6931471805599453
GME,2023-02-09,2,-0.5,0.5,0.0,0.5,0.5,468,8,0.6309297535714574,1.7094017094017093,1.0986122886681096
GME,2023-02-10,1,1.0,1.0,1.0,0.0,0.0,264,3,0.0,1.1363636363636365,0.6931471805599453
GME,2023-02-13,1,1.0,1.0,1.0,0.0,0.0,258,10,0.0,3.875968992248062,0.6931471805599453
GME,2023-02-16,3,-0.6666666666666666,0.6666666666666666,0.0,0.3333333333333333,0.6666666666666666,752,12,0.5793801642856949,1.5957446808510638,1.3862943611198906
GME,2023-02-17,3,1.0,1.0,1.0,0.0,0.0,742,7,0.0,0.9433962264150944,1.3862943611198906
GME,2023-02-23,2,0.0,1.0,0.5,0.0,0.5,508,8,0.6309297535714574,1.5748031496062993,1.0986122886681096
GME,2023-02-24,2,-0.5,0.5,0.0,0.5,0.5,513,12,0.6309297535714574,2.3391812865497075,1.0986122886681096
GME,2023-02-27,1,0.0,0.0,0.0,1.0,0.0,211,6,0.0,2.843601895734597,0.6931471805599453
GME,2023-03-01,1,-1.0,1.0,0.0,0.0,1.0,245,1,0.0,0.40816326530612246,0.6931471805599453
GME,2023-03-03,1,-1.0,1.0,0.0,0.0,1.0,248,4,0.0,1.6129032258064515,0.6931471805599453
GME,2023-03-06,1,1.0,1.0,1.0,0.0,0.0,252,1,0.0,0.3968253968253968,0.6931471805599453
GME,2023-03-07,3,0.6666666666666666,0.6666666666666666,0.6666666666666666,0.3333333333333333,0.0,694,7,0.5793801642856949,1.0086455331412103,1.3862943611198906
GME,2023-03-15,2,0.5,0.5,0.5,0.5,0.0,452,5,0.6309297535714574,1.1061946902654867,1.0986122886681096
GME,2023-03-16,1,1.0,1.0,1.0,0.0,0.0,234,1,0.0,0.42735042735042733,0.6931471805599453
GME,2023-03-20,1,-1.0,1.0,0.0,0.0,1.0,243,0,0.0,0.0,0.6931471805599453
GME,2023-03-21,1,-1.0,1.0,0.0,0.0,1.0,247,5,0.0,2.0242914979757085,0.6931471805599453
GME,2023-03-22,7,-0.2857142857142857,0.5714285714285714,0.14285714285714285,0.42857142857142855,0.42857142857142855,1577,8,0.914100892018565,0.507292327203551,2.0794415416798357
GME,2023-03-23,7,-0.42857142857142855,0.7142857142857143,0.14285714285714285,0.2857142857142857,0.5714285714285714,1419,13,0.8699155297736259,0.916138125440451,2.0794415416798357
GME,2023-03-24,2,0.0,1.0,0.5,0.0,0.5,505,7,0.6309297535714574,1.386138613861386,1.0986122886681096
GME,2023-03-27,1,0.0,0.0,0.0,1.0,0.0,248,0,0.0,0.0,0.6931471805599453
GME,2023-03-30,1,1.0,1.0,1.0,0.0,0.0,247,3,0.0,1.214574898785425,0.6931471805599453
GME,2023-03-31,4,-0.25,0.75,0.25,0.25,0.5,946,18,0.946394630357186,1.9027484143763214,1.6094379124341003
GME,2023-04-03,1,1.0,1.0,1.0,0.0,0.0,269,13,0.0,4.83271375464684,0.6931471805599453
GME,2023-04-04,1,0.0,0.0,0.0,1.0,0.0,208,1,0.0,0.4807692307692308,0.6931471805599453
GME,2023-04-06,3,0.3333333333333333,1.0,0.6666666666666666,0.0,0.3333333333333333,747,10,0.5793801642856949,1.3386880856760375,1.3862943611198906
GME,2023-04-10,2,0.0,1.0,0.5,0.0,0.5,487,7,0.6309297535714574,1.4373716632443532,1.0986122886681096
GME,2023-04-11,2,-1.0,1.0,0.0,0.0,1.0,507,5,0.0,0.9861932938856016,1.0986122886681096
GME,2023-04-14,1,-1.0,1.0,0.0,0.0,1.0,248,4,0.0,1.6129032258064515,0.6931471805599453
GME,2023-04-17,1,-1.0,1.0,0.0,0.0,1.0,243,0,0.0,0.0,0.6931471805599453
GME,2023-04-18,2,0.0,1.0,0.5,0.0,0.5,487,3,0.6309297535714574,0.6160164271047228,1.0986122886681096
GME,2023-04-19,1,-1.0,1.0,0.0,0.0,1.0,263,0,0.0,0.0,0.6931471805599453
GME,2023-04-20,1,0.0,0.0,0.0,1.0,0.0,205,7,0.0,3.4146341463414633,0.6931471805599453
GME,2023-04-21,2,-1.0,1.0,0.0,0.0,1.0,493,6,0.0,1.2170385395537526,1.0986122886681096
GME,2023-04-24,3,1.0,1.0,1.0,0.0,0.0,754,8,0.0,1.0610079575596818,1.3862943611198906
GME,2023-04-25,1,0.0,0.0,0.0,1.0,0.0,238,4,0.0,1.680672268907563,0.6931471805599453
GME,2023-04-28,3,0.0,0.6666666666666666,0.3333333333333333,0.3333333333333333,0.3333333333333333,707,8,0.9999999999999998,1.1315417256011315,1.3862943611198906
GME,2023-05-01,2,-1.0,1.0,0.0,0.0,1.0,519,6,0.0,1.1560693641618498,1.0986122886681096
GME,2023-05-03,1,1.0,1.0,1.0,0.0,0.0,250,2,0.0,0.8,0.6931471805599453
GME,2023-05-04,2,-0.5,0.5,0.0,0.5,0.5,481,6,0.6309297535714574,1.2474012474012475,1.0986122886681096
GME,2023-05-05,2,-1.0,1.0,0.0,0.0,1.0,501,7,0.0,1.3972055888223553,1.0986122886681096
GME,2023-05-08,2,0.5,0.5,0.5,0.5,0.0,454,5,0.6309297535714574,1.1013215859030836,1.0986122886681096
GME,2023-05-12,1,1.0,1.0,1.0,0.0,0.0,263,6,0.0,2.2813688212927756,0.6931471805599453
GME,2023-05-16,2,0.5,0.5,0.5,0.5,0.0,463,11,0.6309297535714574,2.375809935205184,1.0986122886681096
GME,2023-05-17,1,-1.0,1.0,0.0,0.0,1.0,264,10,0.0,3.787878787878788,0.6931471805599453
GME,2023-05-19,1,1.0,1.0,1.0,0.0,0.0,241,0,0.0,0.0,0.6931471805599453
GME,2023-05-23,1,0.0,0.0,0.0,1.0,0.0,139,0,0.0,0.0,0.6931471805599453
GME,2023-05-24,1,1.0,1.0,1.0,0.0,0.0,255,1,0.0,0.39215686274509803,0.6931471805599453
GME,2023-05-25,1,1.0,1.0,1.0,0.0,0.0,240,1,0.0,0.4166666666666667,0.6931471805599453
GME,2023-05-26,4,-0.25,0.75,0.25,0.25,0.5,1015,16,0.946394630357186,1.5763546798029557,1.6094379124341003
GME,2023-05-30,1,1.0,1.0,1.0,0.0,0.0,268,3,0.0,1.1194029850746268,0.6931471805599453
GME,2023-06-01,1,0.0,0.0,0.0,1.0,0.0,211,6,0.0,2.843601895734597,0.6931471805599453
GME,2023-06-02,3,-0.3333333333333333,1.0,0.3333333333333333,0.0,0.6666666666666666,732,7,0.5793801642856949,0.9562841530054644,1.3862943611198906
GME,2023-06-05,2,0.0,1.0,0.5,0.0,0.5,484,8,0.6309297535714574,1.6528925619834711,1.0986122886681096
GME,2023-06-06,1,1.0,1.0,1.0,0.0,0.0,240,0,0.0,0.0,0.6931471805599453
GME,2023-06-07,1,1.0,1.0,1.0,0.0,0.0,248,3,0.0,1.2096774193548387,0.6931471805599453
GME,2023-06-08,5,-0.4,0.8,0.2,0.2,0.6,925,3,0.8649735207179272,0.32432432432432434,1.791759469228055
GME,2023-06-09,12,-0.4166666666666667,0.9166666666666666,0.25,0.08333333333333333,0.6666666666666666,2758,32,0.75,1.160261058738216,2.5649493574615367
GME,2023-06-12,1,-1.0,1.0,0.0,0.0,1.0,240,1,0.0,0.4166666666666667,0.6931471805599453
GME,2023-06-13,1,1.0,1.0,1.0,0.0,0.0,222,1,0.0,0.45045045045045046,0.6931471805599453
GME,2023-06-14,2,-0.5,0.5,0.0,0.5,0.5,425,1,0.6309297535714574,0.23529411764705882,1.0986122886681096
GME,2023-06-15,1,-1.0,1.0,0.0,0.0,1.0,250,1,0.0,0.4,0.6931471805599453
GME,2023-06-20,2,0.5,0.5,0.5,0.5,0.0,484,6,0.6309297535714574,1.2396694214876034,1.0986122886681096
GME,2023-06-29,1,-1.0,1.0,0.0,0.0,1.0,258,3,0.0,1.1627906976744187,0.6931471805599453
GME,2023-07-05,1,1.0,1.0,1.0,0.0,0.0,240,0,0.0,0.0,0.6931471805599453
GME,2023-07-06,1,0.0,0.0,0.0,1.0,0.0,207,7,0.0,3.3816425120772946,0.6931471805599453
GME,2023-07-12,1,0.0,0.0,0.0,1.0,0.0,281,1,0.0,0.35587188612099646,0.6931471805599453
GME,2023-07-13,1,-1.0,1.0,0.0,0.0,1.0,254,3,0.0,1.1811023622047243,0.6931471805599453
GME,2023-07-14,2,-0.5,0.5,0.0,0.5,0.5,457,10,0.6309297535714574,2.1881838074398248,1.0986122886681096
GME,2023-07-17,2,0.0,1.0,0.5,0.0,0.5,478,12,0.6309297535714574,2.510460251046025,1.0986122886681096
GME,2023-07-20,1,-1.0,1.0,0.0,0.0,1.0,260,0,0.0,0.0,0.6931471805599453
GME,2023-07-21,1,0.0,0.0,0.0,1.0,0.0,252,8,0.0,3.1746031746031744,0.6931471805599453
GME,2023-07-24,2,-0.5,0.5,0.0,0.5,0.5,450,8,0.6309297535714574,1.7777777777777777,1.0986122886681096
GME,2023-07-25,1,-1.0,1.0,0.0,0.0,1.0,260,4,0.0,1.5384615384615385,0.6931471805599453
GME,2023-07-28,1,-1.0,1.0,0.0,0.0,1.0,244,4,0.0,1.639344262295082,0.6931471805599453
GME,2023-08-01,2,0.0,0.0,0.0,1.0,0.0,450,6,0.0,1.3333333333333333,1.0986122886681096
GME,2023-08-03,1,1.0,1.0,1.0,0.0,0.0,238,1,0.0,0.42016806722689076,0.6931471805599453
GME,2023-08-04,1,1.0,1.0,1.0,0.0,0.0,232,2,0.0,0.8620689655172413,0.6931471805599453
GME,2023-08-08,1,0.0,0.0,0.0,1.0,0.0,249,6,0.0,2.4096385542168677,0.6931471805599453
GME,2023-08-15,1,1.0,1.0,1.0,0.0,0.0,273,6,0.0,2.197802197802198,0.6931471805599453
GME,2023-08-16,2,1.0,1.0,1.0,0.0,0.0,510,10,0.0,1.9607843137254901,1.0986122886681096
GME,2023-08-17,1,0.0,0.0,0.0,1.0,0.0,209,6,0.0,2.8708133971291865,0.6931471805599453
GME,2023-08-21,1,-1.0,1.0,0.0,0.0,1.0,267,6,0.0,2.247191011235955,0.6931471805599453
GME,2023-08-25,2,-0.5,0.5,0.0,0.5,0.5,454,10,0.6309297535714574,2.202643171806167,1.0986122886681096
GME,2023-08-29,1,1.0,1.0,1.0,0.0,0.0,258,0,0.0,0.0,0.6931471805599453
GME,2023-09-01,1,-1.0,1.0,0.0,0.0,1.0,247,4,0.0,1.6194331983805668,0.6931471805599453
GME,2023-09-05,3,0.0,0.6666666666666666,0.3333333333333333,0.3333333333333333,0.3333333333333333,703,14,0.9999999999999998,1.9914651493598863,1.3862943611198906
GME,2023-09-06,1,1.0,1.0,1.0,0.0,0.0,206,1,0.0,0.4854368932038835,0.6931471805599453
GME,2023-09-07,5,0.2,0.6,0.4,0.4,0.2,1060,3,0.9602297178607612,0.2830188679245283,1.791759469228055
GME,2023-09-08,4,-0.5,1.0,0.25,0.0,0.75,962,10,0.5118595071429147,1.0395010395010396,1.6094379124341003
GME,2023-09-11,4,-0.5,1.0,0.25,0.0,0.75,816,4,0.5118595071429147,0.49019607843137253,1.6094379124341003
GME,2023-09-13,1,0.0,0.0,0.0,1.0,0.0,186,1,0.0,0.5376344086021505,0.6931471805599453
GME,2023-09-20,4,0.25,0.75,0.5,0.25,0.25,971,18,0.946394630357186,1.8537590113285274,1.6094379124341003
GME,2023-09-22,1,1.0,1.0,1.0,0.0,0.0,243,2,0.0,0.823045267489712,0.6931471805599453
GME,2023-09-28,1,0.0,0.0,0.0,1.0,0.0,212,7,0.0,3.30188679245283,0.6931471805599453
GME,2023-09-29,4,0.0,0.5,0.25,0.5,0.25,634,4,0.946394630357186,0.6309148264984227,1.6094379124341003
GME,2023-10-02,3,-0.3333333333333333,1.0,0.3333333333333333,0.0,0.6666666666666666,771,4,0.5793801642856949,0.5188067444876784,1.3862943611198906
GME,2023-10-03,1,1.0,1.0,1.0,0.0,0.0,229,3,0.0,1.3100436681222707,0.6931471805599453
GME,2023-10-04,1,1.0,1.0,1.0,0.0,0.0,239,1,0.0,0.41841004184100417,0.6931471805599453
GME,2023-10-06,2,-0.5,0.5,0.0,0.5,0.5,455,10,0.6309297535714574,2.197802197802198,1.0986122886681096
GME,2023-10-09,1,-1.0,1.0,0.0,0.0,1.0,248,0,0.0,0.0,0.6931471805599453
GME,2023-10-10,1,-1.0,1.0,0.0,0.0,1.0,262,2,0.0,0.7633587786259542,0.6931471805599453
GME,2023-10-11,1,-1.0,1.0,0.0,0.0,1.0,251,1,0.0,0.398406374501992,0.6931471805599453
GME,2023-10-16,3,-0.6666666666666666,0.6666666666666666,0.0,0.3333333333333333,0.6666666666666666,708,7,0.5793801642856949,0.9887005649717514,1.3862943611198906
GME,2023-10-19,1,1.0,1.0,1.0,0.0,0.0,256,4,0.0,1.5625,0.6931471805599453
GME,2023-10-23,1,-1.0,1.0,0.0,0.0,1.0,259,3,0.0,1.1583011583011582,0.6931471805599453
GME,2023-10-24,1,0.0,0.0,0.0,1.0,0.0,211,5,0.0,2.3696682464454977,0.6931471805599453
GME,2023-10-27,1,1.0,1.0,1.0,0.0,0.0,243,1,0.0,0.411522633744856,0.6931471805599453
GME,2023-10-30,1,1.0,1.0,1.0,0.0,0.0,247,0,0.0,0.0,0.6931471805599453
GME,2023-11-01,1,1.0,1.0,1.0,0.0,0.0,230,0,0.0,0.0,0.6931471805599453
GME,2023-11-03,1,-1.0,1.0,0.0,0.0,1.0,247,4,0.0,1.6194331983805668,0.6931471805599453
GME,2023-11-07,1,1.0,1.0,1.0,0.0,0.0,246,0,0.0,0.0,0.6931471805599453
GME,2023-11-08,1,0.0,0.0,0.0,1.0,0.0,215,4,0.0,1.8604651162790697,0.6931471805599453
GME,2023-11-10,1,0.0,0.0,0.0,1.0,0.0,234,1,0.0,0.42735042735042733,0.6931471805599453
GME,2023-11-14,1,1.0,1.0,1.0,0.0,0.0,213,1,0.0,0.4694835680751174,0.6931471805599453
GME,2023-11-16,1,0.0,0.0,0.0,1.0,0.0,211,6,0.0,2.843601895734597,0.6931471805599453
GME,2023-11-24,1,-1.0,1.0,0.0,0.0,1.0,242,4,0.0,1.6528925619834711,0.6931471805599453
GME,2023-11-28,2,0.0,1.0,0.5,0.0,0.5,522,2,0.6309297535714574,0.3831417624521073,1.0986122886681096
GME,2023-11-30,3,1.0,1.0,1.0,0.0,0.0,732,11,0.0,1.5027322404371584,1.3862943611198906
GME,2023-12-01,3,-1.0,1.0,0.0,0.0,1.0,759,16,0.0,2.1080368906455864,1.3862943611198906
GME,2023-12-04,1,1.0,1.0,1.0,0.0,0.0,252,6,0.0,2.380952380952381,0.6931471805599453
GME,2023-12-06,2,0.5,0.5,0.5,0.5,0.0,470,7,0.6309297535714574,1.4893617021276595,1.0986122886681096
GME,2023-12-07,4,-0.5,0.5,0.0,0.5,0.5,813,5,0.6309297535714574,0.6150061500615006,1.6094379124341003
GME,2023-12-08,4,-1.0,1.0,0.0,0.0,1.0,982,9,0.0,0.9164969450101833,1.6094379124341003
GME,2023-12-11,2,0.0,1.0,0.5,0.0,0.5,546,10,0.6309297535714574,1.8315018315018314,1.0986122886681096
GME,2023-12-12,5,1.0,1.0,1.0,0.0,0.0,1215,10,0.0,0.823045267489712,1.791759469228055
GME,2023-12-13,3,0.0,0.6666666666666666,0.3333333333333333,0.3333333333333333,0.3333333333333333,709,11,0.9999999999999998,1.5514809590973202,1.3862943611198906
GME,2023-12-14,1,1.0,1.0,1.0,0.0,0.0,287,1,0.0,0.34843205574912894,0.6931471805599453
