Price,Adj Close,Adj Close,Adj Close,Close,Close,Close,High,High,High,Low,Low,Low,Open,Open,Open,Volume,Volume,Volume
Ticker,AMC,BB,GME,AMC,BB,GME,AMC,BB,GME,AMC,BB,GME,AMC,BB,GME,AMC,BB,GME
Date,,,,,,,,,,,,,,,,,,
2009-01-02,,41.91999816894531,3.9034578800201416,,41.91999816894531,5.797500133514404,,42.11000061035156,5.9375,,40.0,5.260000228881836,,40.709999084472656,5.432499885559082,,12766400,13963600
2009-01-05,,43.29999923706055,4.011185646057129,,43.29999923706055,5.957499980926514,,44.650001525878906,6.122499942779541,,41.86000061035156,5.75,,42.22999954223633,5.809999942779541,,20739300,13637600
2009-01-06,,46.61000061035156,3.9590039253234863,,46.61000061035156,5.880000114440918,,47.209999084472656,6.132500171661377,,43.75,5.787499904632568,,44.34000015258789,6.012499809265137,,27951700,13866000
2009-01-07,,46.689998626708984,3.805828809738159,,46.689998626708984,5.652500152587891,,48.09000015258789,5.855000019073486,,45.189998626708984,5.565000057220459,,45.75,5.855000019073486,,24562600,11122800
2009-01-08,,46.5,4.305755138397217,,46.5,6.394999980926514,,46.75,6.537499904632568,,45.15999984741211,5.75,,46.310001373291016,6.172500133514404,,16825400,42152000
2009-01-09,,47.459999084472656,4.398333549499512,,47.459999084472656,6.53249979019165,,48.47999954223633,6.6875,,46.34000015258789,6.21750020980835,,46.880001068115234,6.394999980926514,,25261600,18159600
2009-01-12,,46.45000076293945,4.287239074707031,,46.45000076293945,6.367499828338623,,48.779998779296875,6.517499923706055,,45.709999084472656,6.239999771118164,,47.310001373291016,6.497499942779541,,18250000,14668400
2009-01-13,,46.27000045776367,4.147529125213623,,46.27000045776367,6.159999847412109,,47.630001068115234,6.447500228881836,,45.54999923706055,6.052499771118164,,46.47999954223633,6.297500133514404,,15651300,12873600
2009-01-14,,45.099998474121094,3.9438552856445312,,45.099998474121094,5.857500076293945,,47.08000183105469,6.110000133514404,,44.849998474121094,5.757500171661377,,46.040000915527344,6.110000133514404,,22526700,16432400
2009-01-15,,49.2400016784668,4.011185646057129,,49.2400016784668,5.957499980926514,,49.75,6.137499809265137,,44.880001068115234,5.672500133514404,,46.08000183105469,5.892499923706055,,36669500,23565200
2009-01-16,,51.11000061035156,4.154262542724609,,51.11000061035156,6.170000076293945,,51.279998779296875,6.227499961853027,,48.310001373291016,5.820000171661377,,50.380001068115234,6.132500171661377,,32855100,15144800
2009-01-20,,49.93000030517578,3.8798911571502686,,49.93000030517578,5.762499809265137,,52.970001220703125,6.244999885559082,,48.9900016784668,5.730000019073486,,51.45000076293945,6.144999980926514,,28836300,13612400
2009-01-21,,52.90999984741211,4.112180709838867,,52.90999984741211,6.107500076293945,,53.119998931884766,6.110000133514404,,50.029998779296875,5.684999942779541,,50.900001525878906,5.992499828338623,,21557700,10744800
2009-01-22,,52.33000183105469,4.095347881317139,,52.33000183105469,6.082499980926514,,53.540000915527344,6.25,,50.45000076293945,5.802499771118164,,51.58000183105469,6.047500133514404,,22619300,14352800
2009-01-23,,52.63999938964844,4.344468593597412,,52.63999938964844,6.452499866485596,,53.86000061035156,6.565000057220459,,50.900001525878906,5.815000057220459,,51.220001220703125,6.022500038146973,,18517200,16519200
2009-01-26,,50.709999084472656,4.4707136154174805,,50.709999084472656,6.639999866485596,,52.529998779296875,6.757500171661377,,49.27000045776367,6.422500133514404,,52.47999954223633,6.494999885559082,,20481700,17713600
2009-01-27,,53.90999984741211,4.4387311935424805,,53.90999984741211,6.59250020980835,,54.290000915527344,6.807499885559082,,50.38999938964844,6.497499942779541,,50.91999816894531,6.659999847412109,,26802500,10235600
2009-01-28,,56.630001068115234,4.736666679382324,,56.630001068115234,7.034999847412109,,56.790000915527344,7.057499885559082,,54.29999923706055,6.752500057220459,,55.400001525878906,6.8125,,22020300,11984800
2009-01-29,,54.77000045776367,4.430315971374512,,54.77000045776367,6.579999923706055,,56.150001525878906,6.914999961853027,,54.220001220703125,6.550000190734863,,55.90999984741211,6.912499904632568,,16509700,10453600
2009-01-30,,55.400001525878906,4.17109489440918,,55.400001525878906,6.195000171661377,,56.75,6.727499961853027,,54.58000183105469,6.175000190734863,,56.18000030517578,6.602499961853027,,20020100,15813200
2009-02-02,,55.900001525878906,4.285555839538574,,55.900001525878906,6.364999771118164,,57.08000183105469,6.457499980926514,,54.540000915527344,6.0625,,54.619998931884766,6.127500057220459,,21408900,11117200
2009-02-03,,55.52000045776367,4.312488555908203,,55.52000045776367,6.40500020980835,,56.29999923706055,6.46999979019165,,54.400001525878906,6.244999885559082,,56.13999938964844,6.367499828338623,,18310000,11142800
2009-02-04,,55.959999084472656,4.374767780303955,,55.959999084472656,6.497499942779541,,57.040000915527344,6.730000019073486,,54.79999923706055,6.28000020980835,,55.369998931884766,6.420000076293945,,20698700,11842800
2009-02-05,,56.79999923706055,4.563291549682617,,56.79999923706055,6.777500152587891,,57.630001068115234,6.862500190734863,,54.849998474121094,6.440000057220459,,55.529998779296875,6.480000019073486,,20827000,11081600
2009-02-06,,59.16999816894531,4.714784622192383,,59.16999816894531,7.002500057220459,,60.0099983215332,7.079999923706055,,57.400001525878906,6.75,,57.540000915527344,6.867499828338623,,19326100,9702400
2009-02-09,,59.0,4.615471839904785,,59.0,6.855000019073486,,60.470001220703125,7.0625,,58.27000045776367,6.802499771118164,,60.470001220703125,6.902500152587891,,17910600,6362000
2009-02-10,,57.040000915527344,4.527943134307861,,57.040000915527344,6.724999904632568,,59.90999984741211,6.982500076293945,,56.130001068115234,6.514999866485596,,58.68000030517578,6.789999961853027,,20811100,13442000
2009-02-11,,48.7599983215332,4.462296009063721,,48.7599983215332,6.627500057220459,,51.0,6.787499904632568,,46.349998474121094,6.514999866485596,,50.15999984741211,6.769999980926514,,81559200,8349200
2009-02-12,,50.41999816894531,4.543091297149658,,50.41999816894531,6.747499942779541,,50.75,6.769999980926514,,48.04999923706055,6.417500019073486,,48.150001525878906,6.582499980926514,,30488300,10009200
2009-02-13,,48.5099983215332,4.41853141784668,,48.5099983215332,6.5625,,49.93000030517578,6.809999942779541,,47.45000076293945,6.477499961853027,,49.4900016784668,6.704999923706055,,23713100,14056800
2009-02-17,,44.63999938964844,4.21149206161499,,44.63999938964844,6.255000114440918,,46.68000030517578,6.482500076293945,,44.459999084472656,6.175000190734863,,46.540000915527344,6.382500171661377,,27526100,13674800
2009-02-18,,42.099998474121094,4.186244010925293,,42.099998474121094,6.21750020980835,,45.560001373291016,6.382500171661377,,42.0,6.15500020980835,,45.5,6.302499771118164,,25673000,8056000
2009-02-19,,42.09000015258789,4.482495307922363,,42.09000015258789,6.65749979019165,,43.09000015258789,7.102499961853027,,40.970001220703125,6.579999923706055,,42.41999816894531,7.037499904632568,,23579700,30934000
2009-02-20,,39.150001525878906,4.490911960601807,,39.150001525878906,6.670000076293945,,40.95000076293945,6.764999866485596,,38.439998626708984,6.397500038146973,,40.61000061035156,6.534999847412109,,35247200,21009200
2009-02-23,,37.41999816894531,4.413481712341309,,37.41999816894531,6.554999828338623,,39.97999954223633,6.824999809265137,,37.189998626708984,6.522500038146973,,39.84000015258789,6.795000076293945,,24621600,14442800
2009-02-24,,40.41999816894531,4.605372905731201,,40.41999816894531,6.840000152587891,,40.88999938964844,6.992499828338623,,37.7599983215332,6.577499866485596,,37.81999969482422,6.642499923706055,,22532200,16203600
2009-02-25,,41.16999816894531,4.7652812004089355,,41.16999816894531,7.077499866485596,,42.18000030517578,7.269999980926514,,40.0,6.71750020980835,,40.720001220703125,6.787499904632568,,21286900,20710000
2009-02-26,,39.540000915527344,4.54477596282959,,39.540000915527344,6.75,,42.15999984741211,7.199999809265137,,39.349998474121094,6.744999885559082,,41.9900016784668,7.182499885559082,,16880200,16187600
2009-02-27,,39.939998626708984,4.531310081481934,,39.939998626708984,6.730000019073486,,40.939998626708984,6.889999866485596,,38.54999923706055,6.552499771118164,,38.959999084472656,6.614999771118164,,19618900,12968800
2009-03-02,,36.880001068115234,4.391599655151367,,36.880001068115234,6.522500038146973,,39.79999923706055,6.767499923706055,,36.65999984741211,6.477499961853027,,39.27000045776367,6.587500095367432,,20204400,11168000
2009-03-03,,37.95000076293945,4.373084545135498,,37.95000076293945,6.494999885559082,,39.33000183105469,6.707499980926514,,37.36000061035156,6.412499904632568,,37.689998626708984,6.622499942779541,,20307500,9038000
2009-03-04,,40.4900016784668,4.595274448394775,,40.4900016784668,6.824999809265137,,41.369998931884766,6.929999828338623,,39.0,6.625,,39.5,6.635000228881836,,19664100,11398000
2009-03-05,,37.97999954223633,3.9489054679870605,,37.97999954223633,5.864999771118164,,39.869998931884766,6.724999904632568,,37.75,5.585000038146973,,39.59000015258789,6.667500019073486,,16216900,60038400
2009-03-06,,36.34000015258789,3.76711368560791,,36.34000015258789,5.59499979019165,,39.0,6.047500133514404,,35.52000045776367,5.454999923706055,,38.47999954223633,5.949999809265137,,21347900,27643200
2009-03-09,,35.25,3.8546433448791504,,35.25,5.724999904632568,,37.380001068115234,5.764999866485596,,35.04999923706055,5.452499866485596,,35.869998931884766,5.545000076293945,,16525800,18562000
2009-03-10,,38.959999084472656,4.243474960327148,,38.959999084472656,6.302499771118164,,39.15999984741211,6.347499847412109,,35.5,5.8125,,36.540000915527344,5.869999885559082,,26864400,16247600
2009-03-11,,40.34000015258789,4.251890182495117,,40.34000015258789,6.315000057220459,,40.86000061035156,6.53249979019165,,39.41999816894531,6.162499904632568,,39.91999816894531,6.28249979019165,,21209000,13239600
2009-03-12,,41.459999084472656,4.275454998016357,,41.459999084472656,6.349999904632568,,41.59000015258789,6.369999885559082,,38.400001525878906,6.005000114440918,,40.099998474121094,6.3125,,18356500,12505200
2009-03-13,,40.18000030517578,4.319220066070557,,40.18000030517578,6.414999961853027,,40.97999954223633,6.525000095367432,,39.099998474121094,6.272500038146973,,40.880001068115234,6.375,,17359800,13562800
2009-03-16,,39.16999816894531,4.108814239501953,,39.16999816894531,6.102499961853027,,41.27000045776367,6.5,,39.0099983215332,6.065000057220459,,40.119998931884766,6.5,,15563100,10923600
2009-03-17,,41.65999984741211,4.199709892272949,,41.65999984741211,6.237500190734863,,41.689998626708984,6.255000114440918,,38.77000045776367,5.96999979019165,,39.27000045776367,6.090000152587891,,16922800,12678800
2009-03-18,,40.97999954223633,4.179510593414307,,40.97999954223633,6.207499980926514,,42.040000915527344,6.445000171661377,,39.540000915527344,6.085000038146973,,40.86000061035156,6.199999809265137,,22045000,18758400
2009-03-19,,42.34000015258789,4.278823375701904,,42.34000015258789,6.355000019073486,,43.400001525878906,6.46750020980835,,41.40999984741211,6.057499885559082,,42.11000061035156,6.28000020980835,,21820900,14676000
2009-03-20,,41.68000030517578,4.182876110076904,,41.68000030517578,6.212500095367432,,43.630001068115234,6.482500076293945,,41.220001220703125,6.125,,43.02000045776367,6.452499866485596,,19058000,14899200
2009-03-23,,44.900001525878906,4.4808125495910645,,44.900001525878906,6.65500020980835,,44.959999084472656,6.737500190734863,,42.439998626708984,6.324999809265137,,42.720001220703125,6.367499828338623,,17381900,21946000
2009-03-24,,44.20000076293945,4.553191661834717,,44.20000076293945,6.762499809265137,,44.939998626708984,6.980000019073486,,43.220001220703125,6.449999809265137,,44.08000183105469,6.565000057220459,,13795300,25125200
2009-03-25,,42.91999816894531,4.517842769622803,,42.91999816894531,6.710000038146973,,44.22999954223633,6.84250020980835,,41.66999816894531,6.375,,43.18000030517578,6.84250020980835,,19975200,25804400
2009-03-26,,45.040000915527344,4.411798477172852,,45.040000915527344,6.552499771118164,,45.7599983215332,7.112500190734863,,44.31999969482422,6.447500228881836,,44.61000061035156,7.047500133514404,,24830900,43962800
2009-03-27,,45.0099983215332,4.68448543548584,,45.0099983215332,6.957499980926514,,46.4900016784668,6.997499942779541,,44.79999923706055,6.454999923706055,,44.900001525878906,6.517499923706055,,19194300,22048800
2009-03-30,,43.25,4.556558609008789,,43.25,6.767499923706055,,43.869998931884766,6.84499979019165,,42.33000183105469,6.579999923706055,,43.720001220703125,6.795000076293945,,15397600,13361600
2009-03-31,,43.11000061035156,4.716466903686523,,43.11000061035156,7.005000114440918,,44.29999923706055,7.239999771118164,,42.849998474121094,6.789999961853027,,43.619998931884766,6.829999923706055,,12361000,21632000
2009-04-01,,45.619998931884766,4.74676513671875,,45.619998931884766,7.050000190734863,,45.97999954223633,7.135000228881836,,42.7599983215332,6.894999980926514,,43.0,7.135000228881836,,28143900,16029200
2009-04-02,,49.09000015258789,5.066583156585693,,49.09000015258789,7.525000095367432,,49.45000076293945,7.627500057220459,,47.11000061035156,7.125,,47.20000076293945,7.177499771118164,,46040300,17236400
2009-04-03,,59.290000915527344,5.012719631195068,,59.290000915527344,7.445000171661377,,60.95000076293945,7.822500228881836,,58.130001068115234,7.289999961853027,,60.5099983215332,7.512499809265137,,75861500,28170800
2009-04-06,,63.970001220703125,4.817461967468262,,63.970001220703125,7.15500020980835,,64.44000244140625,7.337500095367432,,58.18000030517578,7.0,,58.25,7.179999828338623,,49260200,24378400
2009-04-07,,59.95000076293945,4.9235076904296875,,59.95000076293945,7.3125,,63.279998779296875,7.382500171661377,,59.38999938964844,6.885000228881836,,62.83000183105469,7.03000020980835,,39160300,15189200
2009-04-08,,61.90999984741211,5.106982231140137,,61.90999984741211,7.585000038146973,,63.20000076293945,7.585000038146973,,60.5,7.320000171661377,,61.75,7.335000038146973,,28999100,10800000
2009-04-09,,64.18000030517578,5.457097053527832,,64.18000030517578,8.104999542236328,,64.47000122070312,8.114999771118164,,62.560001373291016,7.554999828338623,,63.9900016784668,7.752500057220459,,21754700,13712000
2009-04-13,,64.0,5.435214996337891,,64.0,8.072500228881836,,64.87999725341797,8.204999923706055,,62.86000061035156,7.957499980926514,,63.279998779296875,8.069999694824219,,17127900,15403200
2009-04-14,,64.22000122070312,5.30055570602417,,64.22000122070312,7.872499942779541,,64.91999816894531,8.069999694824219,,63.130001068115234,7.84250020980835,,63.75,8.012499809265137,,15761400,12311200
2009-04-15,,63.900001525878906,5.369569778442383,,63.900001525878906,7.974999904632568,,64.38999938964844,8.010000228881836,,62.59000015258789,7.775000095367432,,63.689998626708984,7.872499942779541,,16389400,8244400
2009-04-16,,67.51000213623047,4.999252796173096,,67.51000213623047,7.425000190734863,,67.93000030517578,8.130000114440918,,64.55000305175781,7.335000038146973,,64.69999694824219,8.130000114440918,,23996000,36771600
2009-04-17,,68.3499984741211,4.85281229019165,,68.3499984741211,7.207499980926514,,69.2300033569336,7.635000228881836,,66.75,6.965000152587891,,67.51000213623047,7.5625,,17469100,34494400
2009-04-20,,65.0999984741211,4.780430793762207,,65.0999984741211,7.099999904632568,,67.58999633789062,7.144999980926514,,64.5999984741211,6.954999923706055,,67.16000366210938,7.079999923706055,,14204200,11553600
2009-04-21,,67.02999877929688,5.016086101531982,,67.02999877929688,7.449999809265137,,67.5,7.5,,64.20999908447266,7.010000228881836,,64.44000244140625,7.097499847412109,,16045000,12638400
2009-04-22,,67.19999694824219,5.026186466217041,,67.19999694824219,7.465000152587891,,70.0,7.712500095367432,,66.06999969482422,7.21750020980835,,66.44999694824219,7.382500171661377,,18388900,16529200
2009-04-23,,68.2699966430664,5.133913516998291,,68.2699966430664,7.625,,69.5,7.65749979019165,,67.0,7.409999847412109,,68.98999786376953,7.465000152587891,,14857300,12307200
2009-04-24,,68.76000213623047,5.270257472991943,,68.76000213623047,7.827499866485596,,70.30999755859375,7.920000076293945,,68.27999877929688,7.525000095367432,,70.19999694824219,7.704999923706055,,15808300,10360000
2009-04-27,,69.5999984741211,5.130546569824219,,69.5999984741211,7.619999885559082,,70.4800033569336,7.797500133514404,,67.48999786376953,7.53000020980835,,67.73999786376953,7.677499771118164,,14820700,9435200
2009-04-28,,68.0999984741211,4.994204998016357,,68.0999984741211,7.417500019073486,,70.0,7.644999980926514,,67.77999877929688,7.329999923706055,,69.0999984741211,7.525000095367432,,13040800,9591600
2009-04-29,,66.79000091552734,5.064899921417236,,66.79000091552734,7.522500038146973,,69.19000244140625,7.704999923706055,,66.4000015258789,7.4375,,69.1500015258789,7.487500190734863,,18862300,11000800
2009-04-30,,69.5,5.076681613922119,,69.5,7.539999961853027,,69.7300033569336,7.769999980926514,,67.3499984741211,7.487500190734863,,67.77999877929688,7.6875,,19087700,13025600
2009-05-01,,72.30000305175781,4.938655853271484,,72.30000305175781,7.335000038146973,,73.25,7.537499904632568,,70.25,7.255000114440918,,70.3499984741211,7.525000095367432,,18661100,10718000
2009-05-04,,74.30000305175781,4.938655853271484,,74.30000305175781,7.335000038146973,,75.18000030517578,7.572500228881836,,73.66000366210938,7.257500171661377,,74.73999786376953,7.40749979019165,,18745900,14536000
2009-05-05,,75.4000015258789,4.896576404571533,,75.4000015258789,7.272500038146973,,75.55999755859375,7.402500152587891,,74.43000030517578,7.135000228881836,,75.43000030517578,7.372499942779541,,13563800,13023600
2009-05-06,,77.06999969482422,4.630620956420898,,77.06999969482422,6.877500057220459,,78.19999694824219,7.275000095367432,,75.44000244140625,6.755000114440918,,76.77999877929688,7.275000095367432,,19346500,27962400
2009-05-07,,73.36000061035156,4.529626369476318,,73.36000061035156,6.727499961853027,,78.0,6.997499942779541,,71.0,6.480000019073486,,77.69999694824219,6.920000076293945,,22331600,23629600
2009-05-08,,73.7699966430664,4.398333549499512,,73.7699966430664,6.53249979019165,,75.25,6.885000228881836,,71.20999908447266,6.472499847412109,,74.2300033569336,6.807499885559082,,18985000,19250400
2009-05-11,,73.18000030517578,4.487545967102051,,73.18000030517578,6.664999961853027,,74.55999755859375,6.71750020980835,,71.4000015258789,6.3125,,71.80000305175781,6.547500133514404,,11510100,15956400
2009-05-12,,71.70999908447266,4.41853141784668,,71.70999908447266,6.5625,,73.94999694824219,6.75,,68.61000061035156,6.389999866485596,,73.8499984741211,6.737500190734863,,27795200,12664400
2009-05-13,,69.08999633789062,4.319220066070557,,69.08999633789062,6.414999961853027,,71.77999877929688,6.480000019073486,,68.80000305175781,6.275000095367432,,70.30999755859375,6.445000171661377,,16037000,13865600
2009-05-14,,71.12000274658203,4.371401309967041,,71.12000274658203,6.492499828338623,,71.80000305175781,6.71999979019165,,69.51000213623047,6.317500114440918,,69.79000091552734,6.417500019073486,,15348300,19002000
2009-05-15,,72.33999633789062,4.455561637878418,,72.33999633789062,6.617499828338623,,74.20999908447266,6.795000076293945,,71.0199966430664,6.46999979019165,,71.16000366210938,6.472499847412109,,13076100,16987200
2009-05-18,,75.36000061035156,4.423582553863525,,75.36000061035156,6.570000171661377,,75.56999969482422,6.710000038146973,,71.72000122070312,6.394999980926514,,74.12000274658203,6.710000038146973,,17222000,17980000
2009-05-19,,75.19999694824219,4.346152305603027,,75.19999694824219,6.454999923706055,,76.4800033569336,6.559999942779541,,74.12000274658203,6.409999847412109,,75.16000366210938,6.542500019073486,,14118300,15981600
2009-05-20,,75.76000213623047,4.455561637878418,,75.76000213623047,6.617499828338623,,77.16999816894531,6.78249979019165,,74.48999786376953,6.465000152587891,,75.33000183105469,6.489999771118164,,15622200,22625600
2009-05-21,,72.9800033569336,3.76711368560791,,72.9800033569336,5.59499979019165,,74.94999694824219,5.897500038146973,,72.08000183105469,5.462500095367432,,74.94999694824219,5.847499847412109,,18332900,93280800
2009-05-22,,72.02999877929688,3.795729398727417,,72.02999877929688,5.637499809265137,,73.70999908447266,5.817500114440918,,71.44999694824219,5.59499979019165,,73.66000366210938,5.737500190734863,,11583900,29644400
2009-05-26,,76.75,3.9320735931396484,,76.75,5.840000152587891,,76.94999694824219,5.909999847412109,,71.87000274658203,5.567500114440918,,72.33000183105469,5.622499942779541,,18831300,26845200
2009-05-27,,77.29000091552734,3.7048332691192627,,77.29000091552734,5.502500057220459,,78.62999725341797,5.849999904632568,,76.55000305175781,5.494999885559082,,77.43000030517578,5.849999904632568,,20944200,31670000
2009-05-28,,80.30000305175781,3.9606881141662598,,80.30000305175781,5.882500171661377,,80.69000244140625,5.90500020980835,,77.5199966430664,5.579999923706055,,78.69999694824219,5.579999923706055,,21330400,28178400
2009-05-29,,78.63999938964844,4.199709892272949,,78.63999938964844,6.237500190734863,,80.97000122070312,6.237500190734863,,77.54000091552734,5.902500152587891,,80.55000305175781,5.925000190734863,,19840500,28922800
2009-06-01,,82.1500015258789,4.3427863121032715,,82.1500015258789,6.449999809265137,,82.54000091552734,6.625,,79.9000015258789,6.25,,80.38999938964844,6.292500019073486,,15383100,22536000
2009-06-02,,82.61000061035156,4.093664169311523,,82.61000061035156,6.079999923706055,,83.31999969482422,6.454999923706055,,81.12000274658203,5.980000019073486,,81.97000122070312,6.392499923706055,,16442000,28647600
2009-06-03,,80.4800033569336,4.068416595458984,,80.4800033569336,6.042500019073486,,81.69000244140625,6.15749979019165,,79.6500015258789,5.989999771118164,,81.54000091552734,6.110000133514404,,14148300,17809600
2009-06-04,,82.01000213623047,4.1155476570129395,,82.01000213623047,6.112500190734863,,82.36000061035156,6.122499942779541,,79.8499984741211,5.837500095367432,,80.44999694824219,6.090000152587891,,12724700,26048400
2009-06-05,,82.69999694824219,4.021285057067871,,82.69999694824219,5.972499847412109,,83.54000091552734,6.242499828338623,,81.94000244140625,5.892499923706055,,82.70999908447266,6.172500133514404,,12982800,22467600
2009-06-08,,81.94999694824219,4.095347881317139,,81.94999694824219,6.082499980926514,,82.69999694824219,6.119999885559082,,80.30000305175781,5.852499961853027,,81.62000274658203,5.875,,12822800,15417600
2009-06-09,,82.0199966430664,4.208126068115234,,82.0199966430664,6.25,,83.58999633789062,6.292500019073486,,81.55000305175781,6.110000133514404,,82.1500015258789,6.110000133514404,,11512100,13499200
2009-06-10,,83.44999694824219,4.199709892272949,,83.44999694824219,6.237500190734863,,83.7699966430664,6.332499980926514,,82.16999816894531,6.119999885559082,,83.7300033569336,6.292500019073486,,15627000,17362000
2009-06-11,,85.44000244140625,4.142478942871094,,85.44000244140625,6.152500152587891,,86.0,6.372499942779541,,83.62999725341797,6.119999885559082,,84.20999908447266,6.239999771118164,,15780900,15526400
2009-06-12,,83.0199966430664,4.060000896453857,,83.0199966430664,6.03000020980835,,84.87000274658203,6.15749979019165,,82.5999984741211,5.882500171661377,,84.7699966430664,6.125,,15230400,25776000
2009-06-15,,80.37999725341797,3.984253168106079,,80.37999725341797,5.917500019073486,,82.52999877929688,5.980000019073486,,79.9000015258789,5.800000190734863,,82.43000030517578,5.980000019073486,,18158700,17307600
2009-06-16,,80.29000091552734,3.86979341506958,,80.29000091552734,5.747499942779541,,83.44999694824219,5.927499771118164,,80.18000030517578,5.699999809265137,,82.20999908447266,5.927499771118164,,24061500,17450000
2009-06-17,,77.20999908447266,3.911874532699585,,77.20999908447266,5.809999942779541,,80.95999908447266,5.909999847412109,,76.16999816894531,5.670000076293945,,80.88999938964844,5.727499961853027,,29283800,13238800
2009-06-18,,76.55000305175781,3.837810516357422,,76.55000305175781,5.699999809265137,,78.4000015258789,5.912499904632568,,75.9000015258789,5.672500133514404,,77.86000061035156,5.8125,,40301700,13021200
2009-06-19,,72.77999877929688,3.8630590438842773,,72.77999877929688,5.737500190734863,,76.69999694824219,5.807499885559082,,72.5,5.662499904632568,,75.94999694824219,5.739999771118164,,46127300,16404000
2009-06-22,,68.11000061035156,3.6964170932769775,,68.11000061035156,5.489999771118164,,71.25,5.71999979019165,,67.75,5.485000133514404,,71.0,5.71999979019165,,33289200,16922000
2009-06-23,,69.5999984741211,3.6795856952667236,,69.5999984741211,5.465000152587891,,70.66000366210938,5.5,,67.52999877929688,5.110000133514404,,68.29000091552734,5.372499942779541,,23404500,53730400
2009-06-24,,70.9800033569336,3.6745364665985107,,70.9800033569336,5.457499980926514,,72.5,5.627500057220459,,70.41000366210938,5.420000076293945,,71.54000091552734,5.514999866485596,,18629900,17768400
2009-06-25,,69.30000305175781,3.7384984493255615,,69.30000305175781,5.552499771118164,,70.58000183105469,5.65749979019165,,69.01000213623047,5.402500152587891,,70.55000305175781,5.412499904632568,,18298500,16520800
2009-06-26,,70.66000366210938,3.7317657470703125,,70.66000366210938,5.542500019073486,,71.23999786376953,5.632500171661377,,68.69999694824219,5.46999979019165,,69.12000274658203,5.53000020980835,,14240800,11630000
2009-06-29,,69.63999938964844,3.7317657470703125,,69.63999938964844,5.542500019073486,,71.48999786376953,5.677499771118164,,69.52999877929688,5.434999942779541,,70.97000122070312,5.554999828338623,,12994600,13016800
2009-06-30,,71.08999633789062,3.7048332691192627,,71.08999633789062,5.502500057220459,,71.75,5.659999847412109,,70.29000091552734,5.452499866485596,,70.44999694824219,5.557499885559082,,15125600,14904800
2009-07-01,,69.95999908447266,3.7805800437927246,,69.95999908447266,5.614999771118164,,71.69000244140625,5.639999866485596,,69.80000305175781,5.525000095367432,,71.44000244140625,5.565000057220459,,12433400,14216800
2009-07-02,,69.70999908447266,3.5466082096099854,,69.70999908447266,5.267499923706055,,71.37000274658203,5.552499771118164,,68.80000305175781,5.21999979019165,,68.93000030517578,5.552499771118164,,12760900,23488000
2009-07-06,,68.66999816894531,3.5415596961975098,,68.66999816894531,5.260000228881836,,70.30000305175781,5.327499866485596,,67.79000091552734,5.167500019073486,,69.25,5.177499771118164,,14027500,13345600
2009-07-07,,66.36000061035156,3.4439306259155273,,66.36000061035156,5.114999771118164,,69.66000366210938,5.28249979019165,,66.29000091552734,5.097499847412109,,68.8499984741211,5.262499809265137,,15847100,12082400
2009-07-08,,65.62000274658203,3.524726629257202,,65.62000274658203,5.235000133514404,,66.69999694824219,5.252500057220459,,63.36000061035156,5.054999828338623,,65.66000366210938,5.114999771118164,,28899200,15794400
2009-07-09,,66.36000061035156,3.4826455116271973,,66.36000061035156,5.172500133514404,,67.44000244140625,5.300000190734863,,66.11000061035156,5.077499866485596,,66.87000274658203,5.255000114440918,,14364900,13632400
2009-07-10,,66.62999725341797,3.4405646324157715,,66.62999725341797,5.110000133514404,,67.41000366210938,5.204999923706055,,66.0999984741211,5.0625,,66.11000061035156,5.127500057220459,,10675500,11711600
2009-07-13,,66.63999938964844,3.5398752689361572,,66.63999938964844,5.257500171661377,,67.4000015258789,5.260000228881836,,64.91000366210938,5.005000114440918,,67.08999633789062,5.119999885559082,,14377200,12709600
2009-07-14,,66.18000030517578,3.640871047973633,,66.18000030517578,5.40749979019165,,67.83999633789062,5.417500019073486,,66.04000091552734,5.15749979019165,,66.91000366210938,5.255000114440918,,11191100,16020800
2009-07-15,,70.1500015258789,3.64255428314209,,70.1500015258789,5.409999847412109,,70.41000366210938,5.489999771118164,,67.36000061035156,5.337500095367432,,67.5,5.465000152587891,,19169800,14714400
2009-07-16,,72.2300033569336,3.7283990383148193,,72.2300033569336,5.537499904632568,,72.48999786376953,5.557499885559082,,69.06999969482422,5.275000095367432,,69.8499984741211,5.355000019073486,,17221400,17691200
2009-07-17,,72.43000030517578,3.6964170932769775,,72.43000030517578,5.489999771118164,,72.86000061035156,5.542500019073486,,71.30000305175781,5.357500076293945,,72.30000305175781,5.457499980926514,,10868100,17236400
2009-07-20,,74.97000122070312,3.7603812217712402,,74.97000122070312,5.585000038146973,,75.6500015258789,5.630000114440918,,72.26000213623047,5.502500057220459,,72.91000366210938,5.514999866485596,,16262700,13197200
2009-07-21,,74.1500015258789,3.85801100730896,,74.1500015258789,5.730000019073486,,74.58999633789062,5.739999771118164,,72.9000015258789,5.502500057220459,,74.44999694824219,5.607500076293945,,14505200,19525600
2009-07-22,,73.5,3.9758381843566895,,73.5,5.90500020980835,,74.8499984741211,5.947500228881836,,72.4000015258789,5.679999828338623,,73.69999694824219,5.702499866485596,,12275400,20105200
2009-07-23,,76.69999694824219,4.02296781539917,,76.69999694824219,5.974999904632568,,77.79000091552734,6.050000190734863,,73.19999694824219,5.784999847412109,,73.75,5.90749979019165,,18304300,23842400
2009-07-24,,76.38999938964844,4.065048694610596,,76.38999938964844,6.037499904632568,,77.08999633789062,6.0625,,75.23999786376953,5.832499980926514,,75.91000366210938,5.864999771118164,,9428900,21429600
2009-07-27,,77.54000091552734,3.9606881141662598,,77.54000091552734,5.882500171661377,,78.19999694824219,6.027500152587891,,75.76000213623047,5.787499904632568,,76.7699966430664,6.010000228881836,,12692800,22301200
2009-07-28,,76.9000015258789,3.837810516357422,,76.9000015258789,5.699999809265137,,77.68000030517578,5.877500057220459,,75.5199966430664,5.675000190734863,,77.01000213623047,5.829999923706055,,11108700,23062800
2009-07-29,,75.58000183105469,3.6812684535980225,,75.58000183105469,5.46750020980835,,76.91000366210938,5.722499847412109,,75.31999969482422,5.462500095367432,,76.4000015258789,5.664999961853027,,9472100,27248400
2009-07-30,,76.13999938964844,3.6156222820281982,,76.13999938964844,5.369999885559082,,77.2300033569336,5.659999847412109,,76.02999877929688,5.364999771118164,,76.62999725341797,5.522500038146973,,10615500,24278400
2009-07-31,,75.98999786376953,3.684635877609253,,75.98999786376953,5.472499847412109,,77.05000305175781,5.585000038146973,,75.79000091552734,5.372499942779541,,76.20999908447266,5.372499942779541,,8527700,19539600
2009-08-03,,76.5999984741211,3.8479108810424805,,76.5999984741211,5.715000152587891,,77.66999816894531,5.744999885559082,,76.25,5.510000228881836,,76.93000030517578,5.510000228881836,,8970500,17851600
2009-08-04,,78.51000213623047,4.11049747467041,,78.51000213623047,6.105000019073486,,79.94999694824219,6.147500038146973,,76.25,5.775000095367432,,76.62000274658203,5.849999904632568,,16803600,34184000
2009-08-05,,79.80000305175781,4.065048694610596,,79.80000305175781,6.037499904632568,,80.58999633789062,6.212500095367432,,79.25,5.994999885559082,,79.5999984741211,6.107500076293945,,12364500,21148000
2009-08-06,,77.27999877929688,4.127330780029297,,77.27999877929688,6.130000114440918,,80.4000015258789,6.210000038146973,,77.13999938964844,6.03000020980835,,80.31999969482422,6.122499942779541,,11123800,16098000
2009-08-07,,77.08999633789062,4.235058784484863,,77.08999633789062,6.289999961853027,,78.93000030517578,6.340000152587891,,76.5999984741211,6.087500095367432,,78.3499984741211,6.159999847412109,,10181800,14760800
2009-08-10,,73.27999877929688,4.066732883453369,,73.27999877929688,6.039999961853027,,75.69999694824219,6.377500057220459,,72.93000030517578,5.96999979019165,,75.69999694824219,6.329999923706055,,15835500,18084000
2009-08-11,,72.11000061035156,4.157629013061523,,72.11000061035156,6.175000190734863,,72.94000244140625,6.215000152587891,,71.58999633789062,6.012499809265137,,72.18000030517578,6.037499904632568,,11434400,15786400
2009-08-12,,71.7300033569336,4.315854549407959,,71.7300033569336,6.409999847412109,,73.68000030517578,6.482500076293945,,71.5999984741211,6.132500171661377,,72.0199966430664,6.152500152587891,,12166400,23210000
2009-08-13,,71.6500015258789,4.431998252868652,,71.6500015258789,6.582499980926514,,72.95999908447266,6.614999771118164,,71.16999816894531,6.315000057220459,,72.58000183105469,6.452499866485596,,12994000,26032400
2009-08-14,,72.73999786376953,4.450514316558838,,72.73999786376953,6.610000133514404,,73.41999816894531,6.664999961853027,,71.54000091552734,6.440000057220459,,72.5999984741211,6.454999923706055,,14858000,31286800
2009-08-17,,70.72000122070312,4.223273754119873,,70.72000122070312,6.272500038146973,,71.48999786376953,6.460000038146973,,70.37999725341797,6.257500171661377,,71.08000183105469,6.315000057220459,,10432100,19117600
2009-08-18,,73.98999786376953,4.1306962966918945,,73.98999786376953,6.135000228881836,,74.1500015258789,6.320000171661377,,72.11000061035156,6.025000095367432,,72.5999984741211,6.302499771118164,,13651300,29814000
2009-08-19,,73.44000244140625,4.2384233474731445,,73.44000244140625,6.295000076293945,,73.66999816894531,6.352499961853027,,72.5999984741211,6.037499904632568,,72.83999633789062,6.057499885559082,,10942200,26332000
2009-08-20,,75.41000366210938,3.9404890537261963,,75.41000366210938,5.852499961853027,,75.56999969482422,6.025000095367432,,73.52999877929688,5.752500057220459,,73.8499984741211,5.809999942779541,,10303100,67452800
2009-08-21,,77.31999969482422,3.8933582305908203,,77.31999969482422,5.78249979019165,,77.3499984741211,5.957499980926514,,75.80999755859375,5.755000114440918,,76.56999969482422,5.902500152587891,,11132300,29613600
2009-08-24,,76.26000213623047,3.7974119186401367,,76.26000213623047,5.639999866485596,,78.0,5.8125,,75.75,5.574999809265137,,77.94999694824219,5.802499771118164,,10533500,29498400
2009-08-25,,75.55999755859375,3.7755300998687744,,75.55999755859375,5.607500076293945,,77.47000122070312,5.710000038146973,,75.16999816894531,5.579999923706055,,76.01000213623047,5.667500019073486,,9158500,27330800
2009-08-26,,74.83000183105469,3.7974119186401367,,74.83000183105469,5.639999866485596,,76.0999984741211,5.735000133514404,,74.25,5.514999866485596,,75.0999984741211,5.610000133514404,,7897100,20362800
2009-08-27,,73.62999725341797,3.874842405319214,,73.62999725341797,5.755000114440918,,75.1500015258789,5.817500114440918,,72.4000015258789,5.574999809265137,,75.08000183105469,5.625,,14003900,20830400
2009-08-28,,73.83000183105469,3.9505889415740967,,73.83000183105469,5.867499828338623,,75.6500015258789,5.892499923706055,,73.18000030517578,5.755000114440918,,74.91000366210938,5.807499885559082,,9990500,21142000
2009-08-31,,73.05999755859375,4.006136417388916,,73.05999755859375,5.949999809265137,,73.31999969482422,6.110000133514404,,72.0,5.917500019073486,,72.87000274658203,6.077499866485596,,8099200,30459600
2009-09-01,,73.54000091552734,3.9253389835357666,,73.54000091552734,5.829999923706055,,76.13999938964844,6.045000076293945,,73.44999694824219,5.820000171661377,,74.16000366210938,5.912499904632568,,16502300,17736000
2009-09-02,,73.91000366210938,3.9489054679870605,,73.91000366210938,5.864999771118164,,74.5999984741211,5.929999828338623,,73.44000244140625,5.735000133514404,,73.6500015258789,5.822500228881836,,10360200,17472400
2009-09-03,,75.9800033569336,4.0313849449157715,,75.9800033569336,5.987500190734863,,76.05000305175781,6.0,,73.91000366210938,5.78249979019165,,74.25,5.84250020980835,,9793800,11936000
2009-09-04,,77.55000305175781,4.049901008605957,,77.55000305175781,6.014999866485596,,77.70999908447266,6.034999847412109,,75.9000015258789,5.860000133514404,,75.98999786376953,5.980000019073486,,10119100,12266800
2009-09-08,,79.27999877929688,4.196343421936035,,79.27999877929688,6.232500076293945,,79.5,6.257500171661377,,78.1500015258789,6.067500114440918,,78.26000213623047,6.112500190734863,,10073500,18980000
2009-09-09,,78.22000122070312,4.216541767120361,,78.22000122070312,6.262499809265137,,79.4000015258789,6.349999904632568,,77.33000183105469,6.199999809265137,,79.36000061035156,6.28000020980835,,11851900,14990400
2009-09-10,,78.94999694824219,4.21149206161499,,78.94999694824219,6.255000114440918,,78.98999786376953,6.297500133514404,,78.12999725341797,6.102499961853027,,78.5,6.284999847412109,,9216000,14457200
2009-09-11,,79.37000274658203,4.157629013061523,,79.37000274658203,6.175000190734863,,79.87999725341797,6.269999980926514,,78.56999969482422,6.135000228881836,,79.3499984741211,6.269999980926514,,8645900,12579600
2009-09-14,,81.41000366210938,4.307436943054199,,81.41000366210938,6.397500038146973,,81.4800033569336,6.474999904632568,,78.5199966430664,6.0625,,78.75,6.127500057220459,,9607600,27324000
2009-09-15,,83.13999938964844,4.265356540679932,,83.13999938964844,6.335000038146973,,83.37000274658203,6.460000038146973,,81.6500015258789,6.317500114440918,,81.91000366210938,6.414999961853027,,11407800,14134800
2009-09-16,,84.16000366210938,4.346152305603027,,84.16000366210938,6.454999923706055,,84.7300033569336,6.494999885559082,,83.05999755859375,6.25,,84.02999877929688,6.349999904632568,,10796500,17892000
2009-09-17,,82.69999694824219,4.3427863121032715,,82.69999694824219,6.449999809265137,,84.23999786376953,6.497499942779541,,81.5999984741211,6.392499923706055,,84.0,6.454999923706055,,17276100,14788400
2009-09-18,,83.62000274658203,4.509428977966309,,83.62000274658203,6.697500228881836,,84.2300033569336,6.829999923706055,,82.79000091552734,6.420000076293945,,83.19000244140625,6.477499961853027,,10994100,36131600
2009-09-21,,84.16000366210938,4.423582553863525,,84.16000366210938,6.570000171661377,,84.80999755859375,6.767499923706055,,82.63999938964844,6.534999847412109,,83.37000274658203,6.695000171661377,,10367300,17578800
2009-09-22,,84.86000061035156,4.416849136352539,,84.86000061035156,6.559999942779541,,85.13999938964844,6.65500020980835,,83.69999694824219,6.497499942779541,,84.98999786376953,6.619999885559082,,11692200,9724800
2009-09-23,,85.7699966430664,4.487545967102051,,85.7699966430664,6.664999961853027,,88.08000183105469,6.804999828338623,,84.80000305175781,6.502500057220459,,84.87000274658203,6.5625,,20725200,18429600
2009-09-24,,83.05999755859375,4.415164470672607,,83.05999755859375,6.557499885559082,,87.19999694824219,6.739999771118164,,82.72000122070312,6.517499923706055,,87.11000061035156,6.699999809265137,,37969900,13425600
2009-09-25,,68.91000366210938,4.383184432983398,,68.91000366210938,6.510000228881836,,71.41999816894531,6.597499847412109,,68.47000122070312,6.442500114440918,,70.4800033569336,6.517499923706055,,88831000,10657200
2009-09-28,,66.44000244140625,4.411798477172852,,66.44000244140625,6.552499771118164,,69.23999786376953,6.619999885559082,,66.27999877929688,6.465000152587891,,69.19999694824219,6.527500152587891,,47846800,10503200
2009-09-29,,67.63999938964844,4.509428977966309,,67.63999938964844,6.697500228881836,,68.4800033569336,6.764999866485596,,66.55999755859375,6.574999809265137,,67.23999786376953,6.579999923706055,,36516200,11655200
2009-09-30,,67.62999725341797,4.455561637878418,,67.62999725341797,6.617499828338623,,69.19999694824219,6.757500171661377,,67.4000015258789,6.542500019073486,,68.98999786376953,6.727499961853027,,27569300,17042000
2009-10-01,,67.16000366210938,4.379817485809326,,67.16000366210938,6.505000114440918,,68.77999877929688,6.702499866485596,,66.8499984741211,6.482500076293945,,67.97000122070312,6.635000228881836,,23993500,18036000
2009-10-02,,65.41999816894531,4.322586536407471,,65.41999816894531,6.420000076293945,,66.80000305175781,6.550000190734863,,65.25,6.402500152587891,,66.20999908447266,6.434999942779541,,20470500,12916000
2009-10-05,,65.41999816894531,4.381500720977783,,65.41999816894531,6.507500171661377,,67.75,6.525000095367432,,65.30999755859375,6.352499961853027,,66.8499984741211,6.40749979019165,,25298100,12717600
2009-10-06,,66.43000030517578,4.4808125495910645,,66.43000030517578,6.65500020980835,,66.48999786376953,6.699999809265137,,64.91999816894531,6.377500057220459,,65.8499984741211,6.572500228881836,,26853800,10194000
2009-10-07,,67.31999969482422,4.416849136352539,,67.31999969482422,6.559999942779541,,67.7699966430664,6.65749979019165,,66.72000122070312,6.525000095367432,,66.91999816894531,6.585000038146973,,17230900,16032800
2009-10-08,,68.66000366210938,4.6070556640625,,68.66000366210938,6.84250020980835,,69.0,6.912499904632568,,67.5999984741211,6.670000076293945,,68.37000274658203,6.762499809265137,,19297100,29264000
2009-10-09,,68.5,4.5380425453186035,,68.5,6.739999771118164,,70.56999969482422,6.840000152587891,,68.41000366210938,6.692500114440918,,69.41000366210938,6.840000152587891,,24227700,15445200
2009-10-12,,68.0,4.521210670471191,,68.0,6.715000152587891,,69.5,6.860000133514404,,67.2699966430664,6.664999961853027,,69.01000213623047,6.767499923706055,,11022000,10214000
2009-10-13,,68.41999816894531,4.602005958557129,,68.41999816894531,6.835000038146973,,68.79000091552734,6.882500171661377,,67.69999694824219,6.65500020980835,,68.36000061035156,6.707499980926514,,10720400,17388400
2009-10-14,,69.19999694824219,4.740032196044922,,69.19999694824219,7.039999961853027,,69.69999694824219,7.0625,,68.61000061035156,6.897500038146973,,69.68000030517578,6.897500038146973,,13272300,19975200
2009-10-15,,68.33999633789062,4.686169147491455,,68.33999633789062,6.960000038146973,,68.79000091552734,7.15500020980835,,68.0999984741211,6.932499885559082,,68.79000091552734,7.014999866485596,,12382400,23774800
2009-10-16,,66.91000366210938,4.6676530838012695,,66.91000366210938,6.932499885559082,,67.94000244140625,7.014999866485596,,66.75,6.832499980926514,,67.86000061035156,6.917500019073486,,14473200,15250800
2009-10-19,,67.44000244140625,4.740032196044922,,67.44000244140625,7.039999961853027,,68.0199966430664,7.074999809265137,,66.66999816894531,6.945000171661377,,67.37999725341797,6.974999904632568,,11292700,9785600
2009-10-20,,66.5999984741211,4.317536354064941,,66.5999984741211,6.412499904632568,,67.87999725341797,6.792500019073486,,66.25,6.367499828338623,,67.7699966430664,6.789999961853027,,12051800,50180000
2009-10-21,,65.75,4.265356540679932,,65.75,6.335000038146973,,66.94000244140625,6.537499904632568,,65.75,6.322500228881836,,66.30999755859375,6.414999961853027,,13395300,29969200
2009-10-22,,67.5,4.2485246658325195,,67.5,6.309999942779541,,67.81999969482422,6.440000057220459,,65.16000366210938,6.222499847412109,,65.58999633789062,6.349999904632568,,13260800,22136400
2009-10-23,,65.7699966430664,4.1694111824035645,,65.7699966430664,6.192500114440918,,67.95999908447266,6.434999942779541,,65.51000213623047,6.139999866485596,,67.75,6.434999942779541,,13461900,19331600
2009-10-26,,65.68000030517578,4.0532660484313965,,65.68000030517578,6.019999980926514,,67.0,6.307499885559082,,64.91999816894531,5.977499961853027,,66.19000244140625,6.227499961853027,,11332100,24907600
2009-10-27,,63.75,4.140796184539795,,63.75,6.150000095367432,,66.1500015258789,6.170000076293945,,63.369998931884766,5.992499828338623,,65.58000183105469,6.034999847412109,,15952100,28021600
2009-10-28,,60.779998779296875,4.078516006469727,,60.779998779296875,6.057499885559082,,63.61000061035156,6.190000057220459,,60.58000183105469,6.045000076293945,,62.93000030517578,6.175000190734863,,22206800,19852400
2009-10-29,,61.36000061035156,4.132378578186035,,61.36000061035156,6.137499809265137,,62.150001525878906,6.1875,,60.7599983215332,6.054999828338623,,61.72999954223633,6.105000019073486,,15409500,14058800
2009-10-30,,58.72999954223633,4.088615417480469,,58.72999954223633,6.072500228881836,,61.529998779296875,6.127500057220459,,58.41999816894531,6.002500057220459,,61.52000045776367,6.112500190734863,,21622800,26188000
2009-11-02,,55.7400016784668,4.07178258895874,,55.7400016784668,6.047500133514404,,57.20000076293945,6.159999847412109,,54.29999923706055,5.952499866485596,,56.849998474121094,6.112500190734863,,37434100,16268800
2009-11-03,,59.61000061035156,4.036434173583984,,59.61000061035156,5.994999885559082,,60.13999938964844,6.085000038146973,,55.380001068115234,5.909999847412109,,55.84000015258789,6.014999866485596,,30719500,11898000
2009-11-04,,57.61000061035156,3.9960365295410156,,57.61000061035156,5.934999942779541,,60.459999084472656,6.087500095367432,,57.560001373291016,5.922500133514404,,60.43000030517578,6.067500114440918,,19940600,13658000
2009-11-05,,57.790000915527344,4.07178258895874,,57.790000915527344,6.047500133514404,,59.5,6.125,,57.20000076293945,5.932499885559082,,59.08000183105469,5.977499961853027,,20333500,12047200
2009-11-06,,58.720001220703125,4.145845413208008,,58.720001220703125,6.15749979019165,,58.88999938964844,6.164999961853027,,56.599998474121094,5.974999904632568,,57.5,6.010000228881836,,14971900,9437600
2009-11-09,,61.560001373291016,4.292288303375244,,61.560001373291016,6.375,,61.939998626708984,6.400000095367432,,58.75,6.212500095367432,,59.34000015258789,6.247499942779541,,26694400,12618800
2009-11-10,,63.66999816894531,4.2384233474731445,,63.66999816894531,6.295000076293945,,64.79000091552734,6.507500171661377,,61.4900016784668,6.230000019073486,,61.4900016784668,6.507500171661377,,28812300,17291600
2009-11-11,,64.72000122070312,4.112180709838867,,64.72000122070312,6.107500076293945,,65.16000366210938,6.28249979019165,,63.810001373291016,6.0,,64.61000061035156,6.28249979019165,,23255700,24894000
2009-11-12,,62.9900016784668,4.144161701202393,,62.9900016784668,6.15500020980835,,64.9800033569336,6.204999923706055,,62.689998626708984,6.037499904632568,,64.76000213623047,6.039999961853027,,14611700,17740800
2009-11-13,,62.689998626708984,3.9876201152801514,,62.689998626708984,5.922500133514404,,63.2599983215332,6.227499961853027,,61.790000915527344,5.860000133514404,,63.25,6.162499904632568,,11450000,30455600
2009-11-16,,61.27000045776367,4.1071319580078125,,61.27000045776367,6.099999904632568,,63.31999969482422,6.167500019073486,,60.7599983215332,5.942500114440918,,63.220001220703125,5.945000171661377,,16712200,17727200
2009-11-17,,61.400001525878906,4.034750461578369,,61.400001525878906,5.992499828338623,,62.349998474121094,6.087500095367432,,60.650001525878906,5.872499942779541,,61.0,6.079999923706055,,15920500,13722800
2009-11-18,,59.849998474121094,4.05495023727417,,59.849998474121094,6.022500038146973,,60.97999954223633,6.050000190734863,,59.369998931884766,5.949999809265137,,60.959999084472656,6.037499904632568,,17761700,16356400
2009-11-19,,58.84000015258789,4.123962879180908,,58.84000015258789,6.125,,59.599998474121094,6.162499904632568,,57.93000030517578,6.0,,59.47999954223633,6.125,,13892600,28052000
2009-11-20,,59.720001220703125,4.290604591369629,,59.720001220703125,6.372499942779541,,60.029998779296875,6.412499904632568,,57.79999923706055,6.102499961853027,,57.93000030517578,6.102499961853027,,17543300,24193200
2009-11-23,,60.0,4.319220066070557,,60.0,6.414999961853027,,61.4900016784668,6.512499809265137,,59.720001220703125,6.367499828338623,,60.599998474121094,6.449999809265137,,14052600,18866400
2009-11-24,,59.529998779296875,4.2552571296691895,,59.529998779296875,6.320000171661377,,60.0,6.474999904632568,,59.06999969482422,6.292500019073486,,59.869998931884766,6.434999942779541,,8290900,15699200
2009-11-25,,59.7599983215332,4.309119701385498,,59.7599983215332,6.400000095367432,,60.150001525878906,6.429999828338623,,59.54999923706055,6.275000095367432,,59.900001525878906,6.340000152587891,,7952500,12368400
2009-11-27,,58.13999938964844,4.261990070343018,,58.13999938964844,6.329999923706055,,58.709999084472656,6.364999771118164,,57.29999923706055,6.184999942779541,,57.959999084472656,6.235000133514404,,7265800,7013600
2009-11-30,,57.88999938964844,4.108814239501953,,57.88999938964844,6.102499961853027,,59.599998474121094,6.337500095367432,,57.52000045776367,5.9375,,58.0,6.327499866485596,,13383300,32250400
2009-12-01,,59.72999954223633,4.012868881225586,,59.72999954223633,5.960000038146973,,60.43000030517578,6.202499866485596,,57.88999938964844,5.929999828338623,,58.75,6.159999847412109,,13328200,24110000
2009-12-02,,59.810001373291016,3.6812684535980225,,59.810001373291016,5.46750020980835,,61.38999938964844,5.840000152587891,,59.5,5.340000152587891,,59.81999969482422,5.772500038146973,,12733300,82857600
2009-12-03,,58.41999816894531,3.593740463256836,,58.41999816894531,5.337500095367432,,59.79999923706055,5.574999809265137,,58.130001068115234,5.337500095367432,,59.79999923706055,5.539999961853027,,14070700,32134000
2009-12-04,,58.75,3.5903728008270264,,58.75,5.332499980926514,,60.290000915527344,5.4375,,58.36000061035156,5.244999885559082,,59.59000015258789,5.402500152587891,,13236900,28291600
2009-12-07,,60.279998779296875,3.6913676261901855,,60.279998779296875,5.482500076293945,,60.9900016784668,5.5,,58.86000061035156,5.277500152587891,,59.040000915527344,5.304999828338623,,12804200,29156400
2009-12-08,,61.15999984741211,3.593740463256836,,61.15999984741211,5.337500095367432,,62.04999923706055,5.372499942779541,,60.099998474121094,5.21999979019165,,60.18000030517578,5.287499904632568,,13585900,24618400
2009-12-09,,64.13999938964844,3.5045275688171387,,64.13999938964844,5.204999923706055,,64.94999694824219,5.335000038146973,,61.43000030517578,5.172500133514404,,61.959999084472656,5.335000038146973,,25634100,25552400
2009-12-10,,65.80000305175781,3.56512451171875,,65.80000305175781,5.295000076293945,,66.19000244140625,5.302499771118164,,63.95000076293945,5.21750020980835,,64.83000183105469,5.230000019073486,,25307600,21166400
2009-12-11,,63.84000015258789,3.656019926071167,,63.84000015258789,5.429999828338623,,66.5,5.625,,63.5099983215332,5.362500190734863,,66.37999725341797,5.590000152587891,,22631800,43557200
2009-12-14,,63.18000030517578,3.75028133392334,,63.18000030517578,5.570000171661377,,64.80999755859375,5.597499847412109,,63.029998779296875,5.429999828338623,,64.05999755859375,5.489999771118164,,16412900,18072000
2009-12-15,,64.08000183105469,3.7553324699401855,,64.08000183105469,5.577499866485596,,64.29000091552734,5.582499980926514,,62.529998779296875,5.480000019073486,,62.83000183105469,5.534999847412109,,13276300,15962000
2009-12-16,,64.66999816894531,3.7772140502929688,,64.66999816894531,5.610000133514404,,65.75,5.632500171661377,,64.26000213623047,5.557499885559082,,64.75,5.597499847412109,,19880900,13728400
2009-12-17,,63.459999084472656,3.8125622272491455,,63.459999084472656,5.662499904632568,,64.33999633789062,5.664999961853027,,62.63999938964844,5.53000020980835,,64.0,5.597499847412109,,29826300,16027200
2009-12-18,,70.0,3.7839479446411133,,70.0,5.619999885559082,,71.5999984741211,5.6875,,68.56999969482422,5.570000171661377,,71.33999633789062,5.662499904632568,,67994000,17775600
2009-12-21,,69.69999694824219,3.8075122833251953,,69.69999694824219,5.65500020980835,,71.54000091552734,5.682499885559082,,69.37000274658203,5.607500076293945,,70.33000183105469,5.619999885559082,,20577600,9394400
2009-12-22,,67.22000122070312,3.7401821613311768,,67.22000122070312,5.554999828338623,,69.80999755859375,5.662499904632568,,67.1500015258789,5.537499904632568,,69.2699966430664,5.65500020980835,,21149400,12574000
2009-12-23,,67.61000061035156,3.7048332691192627,,67.61000061035156,5.502500057220459,,67.8499984741211,5.567500114440918,,66.70999908447266,5.482500076293945,,66.7300033569336,5.534999847412109,,13939200,14990800
2009-12-24,,66.91999816894531,3.7048332691192627,,66.91999816894531,5.502500057220459,,67.94999694824219,5.53000020980835,,66.5,5.492499828338623,,67.73999786376953,5.5,,7310400,3045600
2009-12-28,,68.33000183105469,3.7435479164123535,,68.33000183105469,5.559999942779541,,68.33000183105469,5.612500190734863,,66.5,5.534999847412109,,67.41000366210938,5.545000076293945,,10923800,12622400
2009-12-29,,67.4800033569336,3.7317657470703125,,67.4800033569336,5.542500019073486,,68.69000244140625,5.582499980926514,,67.3499984741211,5.522500038146973,,68.44000244140625,5.582499980926514,,9341400,9635200
2009-12-30,,67.25,3.7317657470703125,,67.25,5.542500019073486,,67.80999755859375,5.547500133514404,,67.06999969482422,5.510000228881836,,67.18000030517578,5.537499904632568,,7143500,6336000
2009-12-31,,67.54000091552734,3.693052291870117,,67.54000091552734,5.485000133514404,,68.1500015258789,5.545000076293945,,67.16000366210938,5.485000133514404,,67.18000030517578,5.519999980926514,,6616500,8567200
2010-01-04,,65.93000030517578,3.8546433448791504,,65.93000030517578,5.724999904632568,,68.2300033569336,5.737500190734863,,65.63999938964844,5.5,,68.16000366210938,5.517499923706055,,20035800,26702800
2010-01-05,,65.80000305175781,3.9590039253234863,,65.80000305175781,5.880000114440918,,67.16999816894531,5.934999942779541,,64.93000030517578,5.724999904632568,,66.95999908447266,5.727499961853027,,22082200,21269600
2010-01-06,,65.4000015258789,4.044850826263428,,65.4000015258789,6.007500171661377,,65.80999755859375,6.025000095367432,,64.4000015258789,5.804999828338623,,65.7300033569336,5.864999771118164,,16697900,21471200
2010-01-07,,65.30000305175781,3.4439306259155273,,65.30000305175781,5.114999771118164,,66.26000213623047,5.292500019073486,,64.94000244140625,4.855000019073486,,65.38999938964844,5.002500057220459,,11302000,164761200
2010-01-08,,65.45999908447266,3.4153144359588623,,65.45999908447266,5.072500228881836,,65.8499984741211,5.307499885559082,,64.86000061035156,5.057499885559082,,65.05999755859375,5.159999847412109,,10639100,47872400
2010-01-11,,64.5199966430664,3.4203646183013916,,64.5199966430664,5.079999923706055,,65.87000274658203,5.147500038146973,,64.33999633789062,5.027500152587891,,65.86000061035156,5.135000228881836,,12128800,28085200
2010-01-12,,63.220001220703125,3.4961116313934326,,63.220001220703125,5.192500114440918,,64.37000274658203,5.199999809265137,,63.040000915527344,5.074999809265137,,64.13999938964844,5.164999961853027,,12829000,28486000
2010-01-13,,65.54000091552734,3.4994781017303467,,65.54000091552734,5.197500228881836,,65.73999786376953,5.224999904632568,,63.33000183105469,5.15500020980835,,63.560001373291016,5.207499980926514,,19986200,17787600
2010-01-14,,66.5199966430664,3.4506633281707764,,66.5199966430664,5.125,,67.16000366210938,5.207499980926514,,65.51000213623047,5.097499847412109,,65.54000091552734,5.179999828338623,,19158900,27087600
2010-01-15,,66.2300033569336,3.4506633281707764,,66.2300033569336,5.125,,67.12999725341797,5.167500019073486,,65.62999725341797,5.102499961853027,,67.0199966430664,5.122499942779541,,15591400,24515200
2010-01-19,,65.30000305175781,3.5028443336486816,,65.30000305175781,5.202499866485596,,66.08000183105469,5.202499866485596,,64.76000213623047,5.099999904632568,,65.9800033569336,5.162499904632568,,11995800,16406800
2010-01-20,,63.88999938964844,3.4523463249206543,,63.88999938964844,5.127500057220459,,64.93000030517578,5.192500114440918,,63.43000030517578,5.097499847412109,,64.55000305175781,5.162499904632568,,11539100,16296800
2010-01-21,,63.59000015258789,3.437196731567383,,63.59000015258789,5.105000019073486,,65.56999969482422,5.162499904632568,,63.5,5.082499980926514,,64.37999725341797,5.107500076293945,,15576800,17704000
2010-01-22,,61.68000030517578,3.3715503215789795,,61.68000030517578,5.007500171661377,,64.30999755859375,5.110000133514404,,61.380001068115234,4.994999885559082,,63.38999938964844,5.105000019073486,,13491700,13537600
2010-01-25,,61.40999984741211,3.35471773147583,,61.40999984741211,4.982500076293945,,62.65999984741211,5.072500228881836,,61.16999816894531,4.974999904632568,,62.0,5.03000020980835,,10218300,14026400
2010-01-26,,61.619998931884766,3.3059029579162598,,61.619998931884766,4.909999847412109,,62.709999084472656,5.012499809265137,,60.400001525878906,4.880000114440918,,60.95000076293945,4.957499980926514,,14280200,25002400
2010-01-27,,63.709999084472656,3.356400966644287,,63.709999084472656,4.985000133514404,,64.22000122070312,5.002500057220459,,61.25,4.875,,61.36000061035156,4.917500019073486,,14504600,26276000
2010-01-28,,64.5999984741211,3.3429346084594727,,64.5999984741211,4.965000152587891,,65.0999984741211,5.002500057220459,,62.900001525878906,4.9375,,63.68000030517578,5.002500057220459,,17818400,17192800
2010-01-29,,62.90999984741211,3.3277859687805176,,62.90999984741211,4.942500114440918,,65.5,5.010000228881836,,62.349998474121094,4.929999828338623,,65.0,4.985000133514404,,15821200,18107600
2010-02-01,,64.05999755859375,3.35471773147583,,64.05999755859375,4.982500076293945,,64.33999633789062,5.017499923706055,,63.15999984741211,4.914999961853027,,63.900001525878906,4.994999885559082,,9487200,22914400
2010-02-02,,65.62999725341797,3.40521502494812,,65.62999725341797,5.057499885559082,,65.94000244140625,5.074999809265137,,64.05999755859375,4.965000152587891,,64.43000030517578,4.985000133514404,,11778800,17193200
2010-02-03,,67.86000061035156,3.4523463249206543,,67.86000061035156,5.127500057220459,,68.06999969482422,5.142499923706055,,65.18000030517578,5.014999866485596,,65.41000366210938,5.067500114440918,,17647000,13012000
2010-02-04,,66.16999816894531,3.383333206176758,,66.16999816894531,5.025000095367432,,68.80000305175781,5.105000019073486,,65.83000183105469,4.992499828338623,,67.80999755859375,5.090000152587891,,18318800,20178400
2010-02-05,,67.75,3.391749382019043,,67.75,5.037499904632568,,67.83999633789062,5.077499866485596,,65.33999633789062,4.96999979019165,,66.62000274658203,5.042500019073486,,15476100,13127200
2010-02-08,,66.66999816894531,3.314319610595703,,66.66999816894531,4.922500133514404,,68.44999694824219,5.034999847412109,,66.41000366210938,4.917500019073486,,67.77999877929688,5.034999847412109,,14730400,16622400
2010-02-09,,66.1500015258789,3.167876720428467,,66.1500015258789,4.704999923706055,,67.62000274658203,4.787499904632568,,65.75,4.567500114440918,,67.44999694824219,4.744999885559082,,13981400,44096400
2010-02-10,,67.18000030517578,3.2267913818359375,,67.18000030517578,4.792500019073486,,67.44999694824219,4.824999809265137,,65.75,4.697500228881836,,65.91999816894531,4.704999923706055,,12017800,22481600
2010-02-11,,69.16999816894531,3.258772134780884,,69.16999816894531,4.840000152587891,,69.43000030517578,4.880000114440918,,66.83000183105469,4.78249979019165,,67.16000366210938,4.797500133514404,,13976800,16944400
2010-02-12,,71.33000183105469,3.2267913818359375,,71.33000183105469,4.792500019073486,,72.0,4.815000057220459,,69.51000213623047,4.699999809265137,,69.80999755859375,4.807499885559082,,26337000,19654800
2010-02-16,,70.25,3.1964917182922363,,70.25,4.747499942779541,,71.02999877929688,4.8125,,69.31999969482422,4.712500095367432,,70.86000061035156,4.795000076293945,,16996700,15120800
2010-02-17,,70.4000015258789,3.2453062534332275,,70.4000015258789,4.820000171661377,,70.48999786376953,4.829999923706055,,69.22000122070312,4.737500190734863,,69.9000015258789,4.739999771118164,,12926500,12235200
2010-02-18,,71.31999969482422,3.2688724994659424,,71.31999969482422,4.855000019073486,,71.7699966430664,4.875,,70.30999755859375,4.777500152587891,,70.33999633789062,4.807499885559082,,12367000,9183200
2010-02-19,,71.02999877929688,3.2503573894500732,,71.02999877929688,4.827499866485596,,71.8499984741211,4.860000133514404,,70.76000213623047,4.807499885559082,,71.4000015258789,4.832499980926514,,9812800,11946800
2010-02-22,,69.68000030517578,3.211641788482666,,69.68000030517578,4.769999980926514,,71.33999633789062,4.837500095367432,,69.06999969482422,4.75,,71.29000091552734,4.837500095367432,,12858000,10532800
2010-02-23,,68.41999816894531,3.17629337310791,,68.41999816894531,4.71750020980835,,69.94000244140625,4.784999847412109,,67.88999938964844,4.704999923706055,,69.88999938964844,4.752500057220459,,10516400,14362000
2010-02-24,,70.20999908447266,3.1746108531951904,,70.20999908447266,4.715000152587891,,70.56999969482422,4.744999885559082,,68.77999877929688,4.684999942779541,,68.94000244140625,4.735000133514404,,10712000,15390400
2010-02-25,,69.8499984741211,2.9473717212677,,69.8499984741211,4.377500057220459,,70.13999938964844,4.382500171661377,,68.63999938964844,4.28000020980835,,69.5,4.369999885559082,,10435400,65709600
2010-02-26,,70.87999725341797,2.895190715789795,,70.87999725341797,4.300000190734863,,71.13999938964844,4.442500114440918,,69.31999969482422,4.28249979019165,,70.19999694824219,4.397500038146973,,9726600,27936800
2010-03-01,,70.55000305175781,2.944004774093628,,70.55000305175781,4.372499942779541,,71.79000091552734,4.394999980926514,,70.41000366210938,4.315000057220459,,71.69999694824219,4.322500228881836,,12503400,18755200
2010-03-02,,70.7699966430664,2.944004774093628,,70.7699966430664,4.372499942779541,,71.69000244140625,4.432499885559082,,70.16000366210938,4.340000152587891,,70.69000244140625,4.394999980926514,,10796300,13546400
2010-03-03,,70.83000183105469,3.0046019554138184,,70.83000183105469,4.462500095367432,,71.45999908447266,4.485000133514404,,70.52999877929688,4.367499828338623,,71.1500015258789,4.389999866485596,,8079000,18618800
2010-03-04,,69.9800033569336,2.9945015907287598,,69.9800033569336,4.447500228881836,,70.94999694824219,4.542500019073486,,69.7699966430664,4.409999847412109,,70.94999694824219,4.46999979019165,,9789400,19592400
2010-03-05,,69.5,3.043316602706909,,69.5,4.519999980926514,,70.44000244140625,4.537499904632568,,69.4000015258789,4.4375,,70.04000091552734,4.462500095367432,,11406400,17628800
2010-03-08,,73.38999938964844,3.1089625358581543,,73.38999938964844,4.617499828338623,,73.87000274658203,4.652500152587891,,70.55999755859375,4.522500038146973,,70.83000183105469,4.53249979019165,,27732800,14404400
2010-03-09,,73.55000305175781,3.039950370788574,,73.55000305175781,4.514999866485596,,74.6500015258789,4.644999980926514,,72.94999694824219,4.46999979019165,,73.63999938964844,4.605000019073486,,17357200,20690400
2010-03-10,,75.04000091552734,3.076981782913208,,75.04000091552734,4.570000171661377,,75.5,4.587500095367432,,73.8499984741211,4.485000133514404,,74.01000213623047,4.507500171661377,,13796700,15324000
2010-03-11,,75.94000244140625,3.257089376449585,,75.94000244140625,4.837500095367432,,76.73999786376953,4.929999828338623,,74.75,4.534999847412109,,75.2300033569336,4.559999942779541,,15015700,70812800
2010-03-12,,75.33999633789062,3.23352313041687,,75.33999633789062,4.802499771118164,,76.06999969482422,4.960000038146973,,74.75,4.78000020980835,,75.91999816894531,4.882500171661377,,9967300,19390800
2010-03-15,,75.54000091552734,3.265505790710449,,75.54000091552734,4.849999904632568,,76.94999694824219,4.862500190734863,,74.8499984741211,4.684999942779541,,75.83000183105469,4.797500133514404,,11617800,16786000
2010-03-16,,75.1500015258789,3.2671892642974854,,75.1500015258789,4.852499961853027,,75.97000122070312,4.872499942779541,,74.63999938964844,4.775000095367432,,75.83999633789062,4.872499942779541,,11073800,14022800
2010-03-17,,74.48999786376953,3.3429346084594727,,74.48999786376953,4.965000152587891,,75.54000091552734,4.977499961853027,,74.33000183105469,4.817500114440918,,75.33999633789062,4.847499847412109,,8784500,29221600
2010-03-18,,74.47000122070312,3.561758041381836,,74.47000122070312,5.289999961853027,,75.29000091552734,5.527500152587891,,73.98999786376953,5.257500171661377,,74.4000015258789,5.382500171661377,,8046900,75227200
2010-03-19,,73.05999755859375,3.553342580795288,,73.05999755859375,5.277500152587891,,75.26000213623047,5.34499979019165,,73.0199966430664,5.224999904632568,,75.05000305175781,5.277500152587891,,13433400,31450800
2010-03-22,,73.9000015258789,3.6358206272125244,,73.9000015258789,5.400000095367432,,74.08999633789062,5.502500057220459,,71.69000244140625,5.349999904632568,,71.97000122070312,5.409999847412109,,9121600,32534400
2010-03-23,,75.4000015258789,3.736815929412842,,75.4000015258789,5.550000190734863,,75.7699966430664,5.574999809265137,,74.08000183105469,5.362500190734863,,74.3499984741211,5.387499809265137,,12300400,29708800
2010-03-24,,74.08999633789062,3.65433669090271,,74.08999633789062,5.427499771118164,,75.4000015258789,5.514999866485596,,74.0,5.380000114440918,,75.0999984741211,5.514999866485596,,9904600,22520800
2010-03-25,,73.43000030517578,3.66611909866333,,73.43000030517578,5.445000171661377,,74.94999694824219,5.550000190734863,,73.29000091552734,5.429999828338623,,74.88999938964844,5.5,,11677300,17515200
2010-03-26,,75.05999755859375,3.7031514644622803,,75.05999755859375,5.5,,75.54000091552734,5.5,,74.5199966430664,5.392499923706055,,74.80000305175781,5.454999923706055,,13815400,11542800
2010-03-29,,75.69999694824219,3.664436101913452,,75.69999694824219,5.442500114440918,,76.77999877929688,5.574999809265137,,75.4000015258789,5.432499885559082,,75.5999984741211,5.534999847412109,,12428300,13868000
2010-03-30,,74.91999816894531,3.6728525161743164,,74.91999816894531,5.454999923706055,,75.08999633789062,5.512499809265137,,73.62999725341797,5.414999961853027,,74.44000244140625,5.442500114440918,,17541200,11360400
2010-03-31,,73.97000122070312,3.6880009174346924,,73.97000122070312,5.477499961853027,,75.4000015258789,5.505000114440918,,73.6500015258789,5.414999961853027,,75.0999984741211,5.414999961853027,,25855500,17516000
2010-04-01,,68.4800033569336,3.7704806327819824,,68.4800033569336,5.599999904632568,,71.11000061035156,5.619999885559082,,68.26000213623047,5.480000019073486,,70.0,5.480000019073486,,50069700,15999600
2010-04-05,,67.5199966430664,3.810878038406372,,67.5199966430664,5.659999847412109,,68.94999694824219,5.664999961853027,,67.12000274658203,5.587500095367432,,68.31999969482422,5.614999771118164,,24410200,12947600
2010-04-06,,70.08999633789062,3.788996934890747,,70.08999633789062,5.627500057220459,,70.62999725341797,5.659999847412109,,67.68000030517578,5.585000038146973,,67.81999969482422,5.642499923706055,,26381400,10560400
2010-04-07,,69.83000183105469,3.8176116943359375,,69.83000183105469,5.670000076293945,,70.95999908447266,5.672500133514404,,69.41000366210938,5.582499980926514,,70.61000061035156,5.597499847412109,,15646800,17577200
2010-04-08,,69.68000030517578,3.891674757003784,,69.68000030517578,5.78000020980835,,70.02999877929688,5.804999828338623,,69.12000274658203,5.622499942779541,,69.58000183105469,5.659999847412109,,10224800,17962800
2010-04-09,,69.97000122070312,3.921973705291748,,69.97000122070312,5.824999809265137,,70.33000183105469,5.84499979019165,,69.55999755859375,5.697500228881836,,69.87999725341797,5.802499771118164,,6608000,14136400
2010-04-12,,70.54000091552734,3.9505889415740967,,70.54000091552734,5.867499828338623,,71.12999725341797,5.90749979019165,,69.30999755859375,5.797500133514404,,70.0199966430664,5.84250020980835,,10642600,17782800
2010-04-13,,72.55999755859375,3.9825692176818848,,72.55999755859375,5.914999961853027,,72.81999969482422,5.922500133514404,,70.44999694824219,5.804999828338623,,70.63999938964844,5.860000133514404,,15204300,18796000
2010-04-14,,73.83999633789062,4.0313849449157715,,73.83999633789062,5.987500190734863,,74.05000305175781,6.002500057220459,,71.73999786376953,5.909999847412109,,72.95999908447266,5.9375,,18942200,20700800
2010-04-15,,73.58000183105469,4.11049747467041,,73.58000183105469,6.105000019073486,,74.94000244140625,6.222499847412109,,73.51000213623047,5.972499847412109,,73.69999694824219,6.0,,11334800,28872400
2010-04-16,,72.02999877929688,4.176143169403076,,72.02999877929688,6.202499866485596,,73.69000244140625,6.387499809265137,,71.76000213623047,6.142499923706055,,73.2300033569336,6.375,,10894500,44103600
2010-04-19,,71.08999633789062,4.258623123168945,,71.08999633789062,6.324999809265137,,71.8499984741211,6.417500019073486,,70.11000061035156,6.242499828338623,,71.11000061035156,6.262499809265137,,9284200,47649600
2010-04-20,,72.1500015258789,4.275454998016357,,72.1500015258789,6.349999904632568,,72.47000122070312,6.387499809265137,,71.0,6.284999847412109,,71.5,6.369999885559082,,7648200,27440000
2010-04-21,,71.5999984741211,4.231690406799316,,71.5999984741211,6.284999847412109,,73.41000366210938,6.340000152587891,,71.0999984741211,6.192500114440918,,72.3499984741211,6.340000152587891,,10132300,28300400
2010-04-22,,71.4000015258789,4.213175296783447,,71.4000015258789,6.257500171661377,,71.55999755859375,6.292500019073486,,69.7699966430664,6.199999809265137,,70.56999969482422,6.25,,12539600,40112000
2010-04-23,,70.62000274658203,4.245157241821289,,70.62000274658203,6.304999828338623,,71.56999969482422,6.317500114440918,,69.87000274658203,6.21750020980835,,71.19999694824219,6.247499942779541,,10575200,26032800
2010-04-26,,72.69999694824219,4.285555839538574,,72.69999694824219,6.364999771118164,,72.80999755859375,6.385000228881836,,68.44000244140625,6.237500190734863,,70.22000122070312,6.284999847412109,,32212000,21112000
2010-04-27,,71.36000061035156,4.1306962966918945,,71.36000061035156,6.135000228881836,,74.2300033569336,6.4375,,71.12000274658203,6.110000133514404,,72.41999816894531,6.332499980926514,,20977500,24509600
2010-04-28,,71.70999908447266,4.160994052886963,,71.70999908447266,6.179999828338623,,72.12999725341797,6.267499923706055,,70.55000305175781,6.105000019073486,,71.9000015258789,6.147500038146973,,10473100,14573600
2010-04-29,,72.08999633789062,4.206442356109619,,72.08999633789062,6.247499942779541,,72.27999877929688,6.317500114440918,,70.55000305175781,6.172500133514404,,70.75,6.247499942779541,,13621300,13401600
2010-04-30,,71.19000244140625,4.091981410980225,,71.19000244140625,6.077499866485596,,73.37000274658203,6.284999847412109,,71.02999877929688,6.052499771118164,,72.48999786376953,6.264999866485596,,10337100,16750000
2010-05-03,,71.52999877929688,4.231690406799316,,71.52999877929688,6.284999847412109,,72.19000244140625,6.327499866485596,,70.7300033569336,6.077499866485596,,71.13999938964844,6.150000095367432,,6677300,13205200
2010-05-04,,69.16000366210938,4.16436243057251,,69.16000366210938,6.184999942779541,,70.77999877929688,6.324999809265137,,68.73999786376953,6.119999885559082,,70.75,6.324999809265137,,10849300,19578400
2010-05-05,,68.62000274658203,4.125646591186523,,68.62000274658203,6.127500057220459,,69.94000244140625,6.21999979019165,,68.0,5.929999828338623,,68.11000061035156,6.099999904632568,,10061800,17316800
2010-05-06,,66.86000061035156,3.9017739295959473,,66.86000061035156,5.795000076293945,,69.29000091552734,6.107500076293945,,62.529998779296875,5.522500038146973,,68.12000274658203,6.070000171661377,,13081200,26537200
2010-05-07,,64.91999816894531,3.8007805347442627,,64.91999816894531,5.644999980926514,,67.33999633789062,5.837500095367432,,63.439998626708984,5.480000019073486,,66.2699966430664,5.752500057220459,,16556300,28214400
2010-05-10,,66.91000366210938,3.921973705291748,,66.91000366210938,5.824999809265137,,67.5999984741211,5.982500076293945,,66.33000183105469,5.730000019073486,,67.5999984741211,5.900000095367432,,9944100,19441200
2010-05-11,,67.83000183105469,3.8613767623901367,,67.83000183105469,5.735000133514404,,69.16999816894531,5.820000171661377,,66.73999786376953,5.557499885559082,,66.98999786376953,5.722499847412109,,11242900,25358000
2010-05-12,,68.2699966430664,3.8950419425964355,,68.2699966430664,5.784999847412109,,69.37999725341797,5.807499885559082,,67.5,5.570000171661377,,68.12999725341797,5.697500228881836,,11222900,20704000
2010-05-13,,66.30000305175781,3.8176116943359375,,66.30000305175781,5.670000076293945,,68.79000091552734,5.862500190734863,,66.0199966430664,5.662499904632568,,68.18000030517578,5.777500152587891,,11519100,14396400
2010-05-14,,66.16000366210938,3.6779017448425293,,66.16000366210938,5.462500095367432,,66.77999877929688,5.574999809265137,,64.52999877929688,5.21750020980835,,66.0,5.425000190734863,,12843200,37874000
2010-05-17,,66.25,3.708199977874756,,66.25,5.507500171661377,,66.58999633789062,5.512499809265137,,64.77999877929688,5.322500228881836,,65.55999755859375,5.457499980926514,,9748400,20410800
2010-05-18,,65.38999938964844,3.603839159011841,,65.38999938964844,5.352499961853027,,67.5,5.602499961853027,,64.91999816894531,5.327499866485596,,66.69999694824219,5.545000076293945,,9454700,17028000
2010-05-19,,64.79000091552734,3.580273389816284,,64.79000091552734,5.317500114440918,,65.91000366210938,5.375,,63.900001525878906,5.175000190734863,,65.0,5.337500095367432,,10638700,25809600
2010-05-20,,61.31999969482422,3.4708619117736816,,61.31999969482422,5.15500020980835,,63.0,5.712500095367432,,61.29999923706055,5.152500152587891,,62.91999816894531,5.387499809265137,,15552700,58545600
2010-05-21,,61.61000061035156,3.585322856903076,,61.61000061035156,5.324999809265137,,62.61000061035156,5.400000095367432,,59.02000045776367,5.070000171661377,,60.04999923706055,5.117499828338623,,16712200,24071200
2010-05-24,,59.66999816894531,3.581958055496216,,59.66999816894531,5.320000171661377,,62.20000076293945,5.392499923706055,,59.599998474121094,5.25,,61.7599983215332,5.329999923706055,,9537700,19369200
2010-05-25,,59.22999954223633,3.6880009174346924,,59.22999954223633,5.477499961853027,,59.400001525878906,5.5,,57.5099983215332,5.164999961853027,,57.7599983215332,5.197500228881836,,15374000,32569200
2010-05-26,,59.31999969482422,3.6459197998046875,,59.31999969482422,5.414999961853027,,61.380001068115234,5.550000190734863,,59.310001373291016,5.402500152587891,,60.16999816894531,5.519999980926514,,11100800,20909200
2010-05-27,,61.720001220703125,3.8681087493896484,,61.720001220703125,5.744999885559082,,61.77000045776367,5.755000114440918,,60.0,5.625,,60.45000076293945,5.644999980926514,,8694800,19578400
2010-05-28,,60.689998626708984,3.836127996444702,,60.689998626708984,5.697500228881836,,62.25,5.787499904632568,,60.0,5.570000171661377,,62.209999084472656,5.730000019073486,,8758900,15776800
2010-06-01,,59.029998779296875,3.6795856952667236,,59.029998779296875,5.465000152587891,,61.060001373291016,5.667500019073486,,58.97999954223633,5.465000152587891,,60.099998474121094,5.650000095367432,,7433400,16959200
2010-06-02,,61.849998474121094,3.7250328063964844,,61.849998474121094,5.53249979019165,,61.90999984741211,5.559999942779541,,59.20000076293945,5.422500133514404,,59.84000015258789,5.482500076293945,,10795900,14154800
2010-06-03,,61.650001525878906,3.8176116943359375,,61.650001525878906,5.670000076293945,,62.72999954223633,5.684999942779541,,60.81999969482422,5.507500171661377,,62.20000076293945,5.542500019073486,,9056000,13562000
2010-06-04,,59.68000030517578,3.664436101913452,,59.68000030517578,5.442500114440918,,61.779998779296875,5.627500057220459,,59.25,5.387499809265137,,60.11000061035156,5.539999961853027,,10359500,16968000
2010-06-07,,56.560001373291016,3.5583913326263428,,56.560001373291016,5.284999847412109,,59.900001525878906,5.510000228881836,,56.04999923706055,5.275000095367432,,59.65999984741211,5.445000171661377,,16320900,17799600
2010-06-08,,58.290000915527344,3.5331428050994873,,58.290000915527344,5.247499942779541,,58.7400016784668,5.307499885559082,,56.88999938964844,5.125,,57.119998931884766,5.28249979019165,,17226100,25142000
2010-06-09,,57.56999969482422,3.5331428050994873,,57.56999969482422,5.247499942779541,,59.43000030517578,5.357500076293945,,57.33000183105469,5.21999979019165,,58.70000076293945,5.269999980926514,,10868400,15337600
2010-06-10,,59.11000061035156,3.573540687561035,,59.11000061035156,5.307499885559082,,59.220001220703125,5.412499904632568,,57.15999984741211,5.262499809265137,,58.18000030517578,5.337500095367432,,10222700,14132800
2010-06-11,,59.5,3.6459197998046875,,59.5,5.414999961853027,,60.02000045776367,5.507500171661377,,58.279998779296875,5.212500095367432,,58.59000015258789,5.260000228881836,,7493400,20270000
2010-06-14,,59.31999969482422,3.6829514503479004,,59.31999969482422,5.46999979019165,,61.369998931884766,5.542500019073486,,59.220001220703125,5.402500152587891,,60.38999938964844,5.425000190734863,,9985100,17182000
2010-06-15,,62.790000915527344,3.486011266708374,,62.790000915527344,5.177499771118164,,62.90999984741211,5.539999961853027,,60.130001068115234,4.949999809265137,,60.2400016784668,5.482500076293945,,13626000,86314800
2010-06-16,,61.61000061035156,3.3059029579162598,,61.61000061035156,4.909999847412109,,62.47999954223633,5.147500038146973,,61.18000030517578,4.869999885559082,,62.130001068115234,5.142499923706055,,9693100,40100400
2010-06-17,,61.90999984741211,3.258772134780884,,61.90999984741211,4.840000152587891,,62.33000183105469,4.949999809265137,,61.2400016784668,4.800000190734863,,62.0,4.912499904632568,,7754900,26484400
2010-06-18,,61.029998779296875,3.23352313041687,,61.029998779296875,4.802499771118164,,62.75,4.869999885559082,,60.880001068115234,4.775000095367432,,62.119998931884766,4.837500095367432,,9092100,24309600
2010-06-21,,58.84000015258789,3.1746108531951904,,58.84000015258789,4.715000152587891,,62.220001220703125,4.880000114440918,,58.5,4.684999942779541,,62.09000015258789,4.880000114440918,,17255500,19453600
2010-06-22,,58.66999816894531,3.169560194015503,,58.66999816894531,4.707499980926514,,60.02000045776367,4.800000190734863,,58.16999816894531,4.684999942779541,,58.84000015258789,4.715000152587891,,13179900,19208800
2010-06-23,,59.63999938964844,3.1796600818634033,,59.63999938964844,4.722499847412109,,60.529998779296875,4.757500171661377,,58.720001220703125,4.632500171661377,,59.36000061035156,4.690000057220459,,12869700,14618800
2010-06-24,,58.58000183105469,3.092130422592163,,58.58000183105469,4.59250020980835,,59.95000076293945,4.737500190734863,,58.290000915527344,4.567500114440918,,59.310001373291016,4.702499866485596,,17205300,24058000
2010-06-25,,52.22999954223633,3.115696907043457,,52.22999954223633,4.627500057220459,,55.13999938964844,4.682499885559082,,52.040000915527344,4.537499904632568,,55.04999923706055,4.602499961853027,,45137300,25433200
2010-06-28,,52.970001220703125,3.1560940742492676,,52.970001220703125,4.6875,,53.470001220703125,4.724999904632568,,51.689998626708984,4.542500019073486,,52.689998626708984,4.579999923706055,,19110300,21330400
2010-06-29,,49.75,3.0837135314941406,,49.75,4.579999923706055,,52.52000045776367,4.639999866485596,,49.369998931884766,4.489999771118164,,52.0099983215332,4.639999866485596,,28217800,27437600
2010-06-30,,49.2599983215332,3.162827491760254,,49.2599983215332,4.697500228881836,,50.880001068115234,4.71999979019165,,49.130001068115234,4.559999942779541,,49.34000015258789,4.587500095367432,,13611700,32174400
2010-07-01,,48.79999923706055,3.209958791732788,,48.79999923706055,4.767499923706055,,49.33000183105469,4.832499980926514,,47.5,4.662499904632568,,49.029998779296875,4.670000076293945,,13662000,39145600
2010-07-02,,48.13999938964844,3.075298547744751,,48.13999938964844,4.567500114440918,,48.63999938964844,4.795000076293945,,47.720001220703125,4.559999942779541,,48.630001068115234,4.755000114440918,,8399000,22867200
2010-07-06,,47.900001525878906,3.0971806049346924,,47.900001525878906,4.599999904632568,,49.79999923706055,4.710000038146973,,47.41999816894531,4.5625,,49.380001068115234,4.599999904632568,,11330200,16960800
2010-07-07,,49.689998626708984,3.1560940742492676,,49.689998626708984,4.6875,,49.70000076293945,4.710000038146973,,47.79999923706055,4.59499979019165,,47.9900016784668,4.622499942779541,,11426300,16324400
2010-07-08,,49.459999084472656,3.172926902770996,,49.459999084472656,4.712500095367432,,50.380001068115234,4.797500133514404,,48.58000183105469,4.677499771118164,,50.27000045776367,4.712500095367432,,15329100,16996400
2010-07-09,,53.33000183105469,3.2032251358032227,,53.33000183105469,4.757500171661377,,53.650001525878906,4.775000095367432,,49.65999984741211,4.642499923706055,,49.900001525878906,4.699999809265137,,27519700,10320000
2010-07-12,,53.790000915527344,3.252040147781372,,53.790000915527344,4.829999923706055,,54.0,4.860000133514404,,52.400001525878906,4.747499942779541,,53.40999984741211,4.75,,18179500,15144400
2010-07-13,,55.59000015258789,3.2840213775634766,,55.59000015258789,4.877500057220459,,56.400001525878906,4.927499771118164,,54.369998931884766,4.822500228881836,,54.4900016784668,4.875,,17688200,12702800
2010-07-14,,54.83000183105469,3.2840213775634766,,54.83000183105469,4.877500057220459,,55.45000076293945,4.965000152587891,,54.08000183105469,4.795000076293945,,55.38999938964844,4.875,,12776100,15780000
2010-07-15,,55.63999938964844,3.2857048511505127,,55.63999938964844,4.880000114440918,,55.810001373291016,4.902500152587891,,54.650001525878906,4.795000076293945,,55.099998474121094,4.872499942779541,,11302200,13475600
2010-07-16,,52.5099983215332,3.1897597312927246,,52.5099983215332,4.737500190734863,,55.56999969482422,4.862500190734863,,52.220001220703125,4.707499980926514,,55.56999969482422,4.849999904632568,,14028100,17426800
2010-07-19,,54.27000045776367,3.265505790710449,,54.27000045776367,4.849999904632568,,54.380001068115234,4.862500190734863,,52.310001373291016,4.747499942779541,,52.650001525878906,4.747499942779541,,11218800,15486400
2010-07-20,,55.2400016784668,3.332836151123047,,55.2400016784668,4.949999809265137,,55.31999969482422,4.952499866485596,,52.529998779296875,4.769999980926514,,53.36000061035156,4.784999847412109,,11583300,11388000
2010-07-21,,53.279998779296875,3.3092708587646484,,53.279998779296875,4.914999961853027,,54.9900016784668,5.010000228881836,,52.86000061035156,4.902500152587891,,54.720001220703125,4.960000038146973,,11155200,16517200
2010-07-22,,54.560001373291016,3.364816904067993,,54.560001373291016,4.997499942779541,,55.150001525878906,5.027500152587891,,53.5,4.929999828338623,,53.869998931884766,4.962500095367432,,10691700,13131600
2010-07-23,,55.70000076293945,3.4506633281707764,,55.70000076293945,5.125,,55.7400016784668,5.125,,53.7400016784668,4.947500228881836,,54.380001068115234,4.980000019073486,,8262200,12521600
2010-07-26,,55.529998779296875,3.5163094997406006,,55.529998779296875,5.222499847412109,,55.900001525878906,5.222499847412109,,54.54999923706055,5.077499866485596,,55.70000076293945,5.110000133514404,,8054900,7603600
2010-07-27,,53.18000030517578,3.4153144359588623,,53.18000030517578,5.072500228881836,,55.650001525878906,5.252500057220459,,52.79999923706055,5.0625,,55.599998474121094,5.252500057220459,,14951600,13526000
2010-07-28,,55.40999984741211,3.3681836128234863,,55.40999984741211,5.002500057220459,,55.59000015258789,5.170000076293945,,53.88999938964844,4.994999885559082,,54.0,5.077499866485596,,15958000,11020000
2010-07-29,,55.70000076293945,3.3227367401123047,,55.70000076293945,4.934999942779541,,56.779998779296875,5.042500019073486,,53.90999984741211,4.862500190734863,,55.689998626708984,5.010000228881836,,16731400,14032400
2010-07-30,,57.529998779296875,3.3749165534973145,,57.529998779296875,5.012499809265137,,58.0,5.017499923706055,,54.290000915527344,4.849999904632568,,55.06999969482422,4.877500057220459,,22112100,9482400
2010-08-02,,56.97999954223633,3.553342580795288,,56.97999954223633,5.277500152587891,,57.630001068115234,5.289999961853027,,55.97999954223633,5.057499885559082,,56.9900016784668,5.057499885559082,,17191500,18259600
2010-08-03,,55.529998779296875,3.477595090866089,,55.529998779296875,5.164999961853027,,58.63999938964844,5.272500038146973,,55.29999923706055,5.127500057220459,,57.27000045776367,5.272500038146973,,29994500,9780400
2010-08-04,,53.38999938964844,3.5785892009735107,,53.38999938964844,5.315000057220459,,55.09000015258789,5.372499942779541,,52.970001220703125,5.170000076293945,,55.029998779296875,5.202499866485596,,27469900,14005600
2010-08-05,,52.22999954223633,3.5567080974578857,,52.22999954223633,5.28249979019165,,53.630001068115234,5.304999828338623,,52.09000015258789,5.202499866485596,,53.15999984741211,5.300000190734863,,19393100,8965600
2010-08-06,,53.45000076293945,3.529775619506836,,53.45000076293945,5.242499828338623,,53.630001068115234,5.25,,51.68000030517578,5.110000133514404,,51.9900016784668,5.232500076293945,,19467800,10918000
2010-08-09,,55.310001373291016,3.5280921459198,,55.310001373291016,5.239999771118164,,55.97999954223633,5.349999904632568,,53.25,5.21750020980835,,54.130001068115234,5.289999961853027,,18599100,13735200
2010-08-10,,55.93000030517578,3.4557132720947266,,55.93000030517578,5.132500171661377,,56.54999923706055,5.232500076293945,,55.0,5.102499961853027,,55.119998931884766,5.1875,,20203000,14230000
2010-08-11,,56.189998626708984,3.3429346084594727,,56.189998626708984,4.965000152587891,,56.33000183105469,5.09250020980835,,55.029998779296875,4.942500114440918,,55.220001220703125,5.074999809265137,,17625600,17867600
2010-08-12,,54.16999816894531,3.317686080932617,,54.16999816894531,4.927499771118164,,55.36000061035156,5.034999847412109,,53.79999923706055,4.860000133514404,,54.65999984741211,4.922500133514404,,18763000,14706400
2010-08-13,,53.400001525878906,3.2941205501556396,,53.400001525878906,4.892499923706055,,54.650001525878906,4.934999942779541,,52.88999938964844,4.864999771118164,,54.0099983215332,4.90500020980835,,17333200,9609200
2010-08-16,,50.83000183105469,3.3378851413726807,,50.83000183105469,4.957499980926514,,52.880001068115234,4.982500076293945,,50.56999969482422,4.787499904632568,,52.779998779296875,4.867499828338623,,23241200,8584000
2010-08-17,,50.25,3.3698666095733643,,50.25,5.005000114440918,,50.5,5.052499771118164,,49.36000061035156,4.940000057220459,,50.38999938964844,5.0,,26375500,6376800
2010-08-18,,50.709999084472656,3.4944283962249756,,50.709999084472656,5.190000057220459,,51.810001373291016,5.21750020980835,,50.38999938964844,4.977499961853027,,50.54999923706055,4.977499961853027,,16891600,13283200
2010-08-19,,50.459999084472656,3.208275079727173,,50.459999084472656,4.764999866485596,,51.2400016784668,4.917500019073486,,50.16999816894531,4.712500095367432,,50.349998474121094,4.84250020980835,,11028500,47737200
2010-08-20,,48.720001220703125,3.1661932468414307,,48.720001220703125,4.702499866485596,,49.369998931884766,4.78000020980835,,47.959999084472656,4.639999866485596,,49.04999923706055,4.739999771118164,,19052100,16035600
2010-08-23,,47.75,3.1005470752716064,,47.75,4.605000019073486,,49.25,4.747499942779541,,47.68000030517578,4.579999923706055,,48.900001525878906,4.732500076293945,,13176100,11727200
2010-08-24,,47.060001373291016,3.0870814323425293,,47.060001373291016,4.585000038146973,,48.099998474121094,4.632500171661377,,46.560001373291016,4.492499828338623,,46.959999084472656,4.559999942779541,,13710500,13345600
2010-08-25,,47.7400016784668,3.1005470752716064,,47.7400016784668,4.605000019073486,,48.400001525878906,4.639999866485596,,47.06999969482422,4.505000114440918,,47.290000915527344,4.534999847412109,,14409500,13495600
2010-08-26,,46.84000015258789,3.0870814323425293,,46.84000015258789,4.585000038146973,,48.650001525878906,4.65500020980835,,46.720001220703125,4.552499771118164,,48.06999969482422,4.617499828338623,,12071600,13732000
2010-08-27,,45.9900016784668,3.085397720336914,,45.9900016784668,4.582499980926514,,47.04999923706055,4.610000133514404,,45.04999923706055,4.474999904632568,,46.720001220703125,4.610000133514404,,17792200,13263600
2010-08-30,,45.59000015258789,3.0079689025878906,,45.59000015258789,4.46750020980835,,47.02000045776367,4.550000190734863,,45.56999969482422,4.440000057220459,,46.4900016784668,4.542500019073486,,14312600,11451600
2010-08-31,,42.84000015258789,3.0180673599243164,,42.84000015258789,4.482500076293945,,45.43000030517578,4.53249979019165,,42.529998779296875,4.425000190734863,,45.189998626708984,4.445000171661377,,30557500,16536400
2010-09-01,,44.130001068115234,3.076981782913208,,44.130001068115234,4.570000171661377,,44.849998474121094,4.617499828338623,,43.0099983215332,4.514999866485596,,43.630001068115234,4.539999961853027,,23575100,12469200
2010-09-02,,44.150001525878906,3.1140127182006836,,44.150001525878906,4.625,,44.58000183105469,4.667500019073486,,43.720001220703125,4.574999809265137,,44.58000183105469,4.574999809265137,,10748200,7676800
2010-09-03,,44.779998779296875,3.199859142303467,,44.779998779296875,4.752500057220459,,45.189998626708984,4.775000095367432,,44.5,4.672500133514404,,44.779998779296875,4.672500133514404,,12964100,7668000
2010-09-07,,44.38999938964844,3.1560940742492676,,44.38999938964844,4.6875,,44.709999084472656,4.742499828338623,,44.02000045776367,4.675000190734863,,44.599998474121094,4.739999771118164,,10728800,6510400
2010-09-08,,44.66999816894531,3.125795602798462,,44.66999816894531,4.642499923706055,,45.5,4.71999979019165,,44.27000045776367,4.625,,44.54999923706055,4.667500019073486,,14539000,8611600
2010-09-09,,45.02000045776367,3.0938143730163574,,45.02000045776367,4.59499979019165,,46.099998474121094,4.692500114440918,,44.83000183105469,4.577499866485596,,45.0,4.672500133514404,,12800400,8307200
2010-09-10,,44.119998931884766,3.0719313621520996,,44.119998931884766,4.5625,,44.900001525878906,4.632500171661377,,43.5,4.554999828338623,,44.599998474121094,4.614999771118164,,16510600,12256400
2010-09-13,,44.150001525878906,3.1392617225646973,,44.150001525878906,4.662499904632568,,44.72999954223633,4.71999979019165,,43.650001525878906,4.607500076293945,,43.95000076293945,4.612500190734863,,13837500,10225200
2010-09-14,,45.099998474121094,3.1325292587280273,,45.099998474121094,4.652500152587891,,45.5,4.747499942779541,,43.720001220703125,4.647500038146973,,43.83000183105469,4.677499771118164,,13913800,12170800
2010-09-15,,45.52000045776367,3.129162549972534,,45.52000045776367,4.647500038146973,,45.7599983215332,4.675000190734863,,44.540000915527344,4.590000152587891,,45.470001220703125,4.622499942779541,,14426100,8092800
2010-09-16,,46.4900016784668,3.265505790710449,,46.4900016784668,4.849999904632568,,46.720001220703125,5.050000190734863,,45.439998626708984,4.809999942779541,,45.83000183105469,4.887499809265137,,32633900,44586000
2010-09-17,,46.720001220703125,3.26045560836792,,46.720001220703125,4.84250020980835,,48.7400016784668,4.90749979019165,,45.970001220703125,4.764999866485596,,48.38999938964844,4.90749979019165,,57783200,20073200
2010-09-20,,45.13999938964844,3.292438268661499,,45.13999938964844,4.889999866485596,,46.81999969482422,4.934999942779541,,44.95000076293945,4.847499847412109,,46.790000915527344,4.869999885559082,,31186700,15766800
2010-09-21,,47.13999938964844,3.2789714336395264,,47.13999938964844,4.869999885559082,,47.29999923706055,4.9375,,45.15999984741211,4.824999809265137,,45.45000076293945,4.889999866485596,,31113600,13212800
2010-09-22,,47.630001068115234,3.2823381423950195,,47.630001068115234,4.875,,49.099998474121094,4.885000228881836,,47.34000015258789,4.822500228881836,,47.86000061035156,4.857500076293945,,26810100,10188800
2010-09-23,,47.31999969482422,3.2890710830688477,,47.31999969482422,4.885000228881836,,48.02000045776367,4.962500095367432,,46.54999923706055,4.824999809265137,,46.61000061035156,4.852499961853027,,14605800,11340800
2010-09-24,,48.869998931884766,3.353034257888794,,48.869998931884766,4.980000019073486,,48.939998626708984,5.010000228881836,,47.54999923706055,4.90500020980835,,48.25,4.962500095367432,,14965400,11678800
2010-09-27,,48.36000061035156,3.33620285987854,,48.36000061035156,4.954999923706055,,48.7599983215332,5.012499809265137,,48.119998931884766,4.934999942779541,,48.70000076293945,5.010000228881836,,12979700,5881200
2010-09-28,,46.90999984741211,3.346301555633545,,46.90999984741211,4.96999979019165,,48.0099983215332,5.002500057220459,,45.84000015258789,4.877500057220459,,48.0,4.982500076293945,,29857200,10490400
2010-09-29,,48.36000061035156,3.316002368927002,,48.36000061035156,4.925000190734863,,48.7400016784668,4.987500190734863,,46.939998626708984,4.912499904632568,,47.04999923706055,4.954999923706055,,17893600,6109200
2010-09-30,,48.689998626708984,3.317686080932617,,48.689998626708984,4.927499771118164,,49.66999816894531,4.992499828338623,,48.16999816894531,4.840000152587891,,48.72999954223633,4.947500228881836,,20409500,8918000
2010-10-01,,50.209999084472656,3.3665003776550293,,50.209999084472656,5.0,,50.459999084472656,5.012499809265137,,48.04999923706055,4.877500057220459,,48.720001220703125,4.987500190734863,,22176800,11784400
2010-10-04,,48.959999084472656,3.34798526763916,,48.959999084472656,4.972499847412109,,50.70000076293945,5.0,,48.849998474121094,4.90500020980835,,50.209999084472656,4.96750020980835,,14868900,8826400
2010-10-05,,49.68000030517578,3.406898021697998,,49.68000030517578,5.059999942779541,,50.25,5.147500038146973,,49.13999938964844,5.012499809265137,,49.599998474121094,5.019999980926514,,12846800,12304400
2010-10-06,,48.0099983215332,3.401848793029785,,48.0099983215332,5.052499771118164,,49.939998626708984,5.087500095367432,,47.7400016784668,5.017499923706055,,49.5,5.052499771118164,,19932500,9574800
2010-10-07,,47.91999816894531,3.353034257888794,,47.91999816894531,4.980000019073486,,48.11000061035156,5.090000152587891,,46.959999084472656,4.962500095367432,,47.900001525878906,5.065000057220459,,12379900,8383200
2010-10-08,,49.36000061035156,3.3799667358398438,,49.36000061035156,5.019999980926514,,49.459999084472656,5.050000190734863,,48.25,4.960000038146973,,48.52000045776367,4.980000019073486,,14371100,8096400
2010-10-11,,48.68000030517578,3.428781032562256,,48.68000030517578,5.09250020980835,,49.4900016784668,5.097499847412109,,48.5099983215332,4.997499942779541,,49.4900016784668,5.019999980926514,,7346800,9967200
2010-10-12,,48.970001220703125,3.332836151123047,,48.970001220703125,4.949999809265137,,49.41999816894531,5.050000190734863,,48.58000183105469,4.875,,48.7599983215332,5.042500019073486,,12409600,21450800
2010-10-13,,50.0099983215332,3.2402567863464355,,50.0099983215332,4.8125,,50.5,4.96999979019165,,49.400001525878906,4.807499885559082,,49.63999938964844,4.96999979019165,,11588900,20300800
2010-10-14,,49.119998931884766,3.167876720428467,,49.119998931884766,4.704999923706055,,49.900001525878906,4.849999904632568,,48.72999954223633,4.662499904632568,,49.650001525878906,4.8125,,9917200,22972000
2010-10-15,,48.689998626708984,3.0837135314941406,,48.689998626708984,4.579999923706055,,49.459999084472656,4.735000133514404,,48.279998779296875,4.550000190734863,,49.36000061035156,4.707499980926514,,10131700,30591200
2010-10-18,,48.540000915527344,3.075298547744751,,48.540000915527344,4.567500114440918,,48.66999816894531,4.659999847412109,,48.029998779296875,4.482500076293945,,48.63999938964844,4.607500076293945,,8341800,25016000
2010-10-19,,47.29999923706055,3.1005470752716064,,47.29999923706055,4.605000019073486,,47.689998626708984,4.667500019073486,,46.779998779296875,4.514999866485596,,47.689998626708984,4.522500038146973,,13543700,28256400
2010-10-20,,49.08000183105469,3.1914422512054443,,49.08000183105469,4.739999771118164,,49.45000076293945,4.78249979019165,,47.459999084472656,4.577499866485596,,47.54999923706055,4.619999885559082,,12488400,22742800
2010-10-21,,49.099998474121094,3.2049081325531006,,49.099998474121094,4.760000228881836,,49.95000076293945,4.777500152587891,,48.63999938964844,4.727499961853027,,49.22999954223633,4.747499942779541,,11408900,13030400
2010-10-22,,49.029998779296875,3.220057964324951,,49.029998779296875,4.78249979019165,,49.709999084472656,4.789999961853027,,48.72999954223633,4.730000019073486,,49.349998474121094,4.769999980926514,,6945200,9695200
2010-10-25,,51.720001220703125,3.2368905544281006,,51.720001220703125,4.807499885559082,,52.40999984741211,4.849999904632568,,49.34000015258789,4.755000114440918,,49.369998931884766,4.8125,,23107100,12758000
2010-10-26,,54.7599983215332,3.265505790710449,,54.7599983215332,4.849999904632568,,56.619998931884766,4.869999885559082,,51.75,4.75,,51.810001373291016,4.784999847412109,,49849400,8827200
2010-10-27,,55.83000183105469,3.262138605117798,,55.83000183105469,4.84499979019165,,56.439998626708984,4.849999904632568,,54.599998474121094,4.757500171661377,,55.18000030517578,4.824999809265137,,22292100,13015600
2010-10-28,,56.209999084472656,3.2671892642974854,,56.209999084472656,4.852499961853027,,56.22999954223633,4.897500038146973,,53.86000061035156,4.817500114440918,,55.31999969482422,4.877500057220459,,18970800,8272400
2010-10-29,,56.91999816894531,3.307586908340454,,56.91999816894531,4.912499904632568,,57.95000076293945,4.914999961853027,,55.68000030517578,4.797500133514404,,55.720001220703125,4.840000152587891,,18432900,9536000
2010-11-01,,56.04999923706055,3.2503573894500732,,56.04999923706055,4.827499866485596,,57.75,4.954999923706055,,55.83000183105469,4.789999961853027,,57.61000061035156,4.934999942779541,,11927800,9892000
2010-11-02,,55.900001525878906,3.2958030700683594,,55.900001525878906,4.894999980926514,,56.279998779296875,4.929999828338623,,55.5,4.817500114440918,,56.25,4.855000019073486,,11208100,7034400
2010-11-03,,56.220001220703125,3.2907540798187256,,56.220001220703125,4.887499809265137,,56.290000915527344,4.962500095367432,,54.61000061035156,4.840000152587891,,55.93000030517578,4.90749979019165,,10480400,10092400
2010-11-04,,57.11000061035156,3.358083963394165,,57.11000061035156,4.987500190734863,,57.5,4.992499828338623,,56.29999923706055,4.909999847412109,,57.08000183105469,4.909999847412109,,11521000,11070400
2010-11-05,,55.65999984741211,3.364816904067993,,55.65999984741211,4.997499942779541,,56.369998931884766,5.090000152587891,,54.95000076293945,4.962500095367432,,56.189998626708984,4.96750020980835,,14656300,14497200
2010-11-08,,56.4900016784668,3.4557132720947266,,56.4900016784668,5.132500171661377,,56.58000183105469,5.190000057220459,,54.93000030517578,4.940000057220459,,55.040000915527344,5.002500057220459,,12111000,14281600
2010-11-09,,55.0,3.39848256111145,,55.0,5.047500133514404,,56.43000030517578,5.170000076293945,,54.779998779296875,5.039999961853027,,56.02000045776367,5.147500038146973,,12415800,15514000
2010-11-10,,58.439998626708984,3.390065908432007,,58.439998626708984,5.034999847412109,,59.34000015258789,5.09250020980835,,55.27000045776367,5.012499809265137,,55.29999923706055,5.054999828338623,,31224200,16176400
2010-11-11,,59.06999969482422,3.551658868789673,,59.06999969482422,5.275000095367432,,59.79999923706055,5.287499904632568,,57.34000015258789,4.952499866485596,,57.900001525878906,5.0,,21332200,29224000
2010-11-12,,58.79999923706055,3.5062098503112793,,58.79999923706055,5.207499980926514,,61.38999938964844,5.300000190734863,,58.11000061035156,5.159999847412109,,58.5,5.252500057220459,,28981800,13454000
2010-11-15,,57.779998779296875,3.487694263458252,,57.779998779296875,5.179999828338623,,60.06999969482422,5.260000228881836,,57.650001525878906,5.172500133514404,,59.380001068115234,5.237500190734863,,12329600,8705200
2010-11-16,,56.290000915527344,3.5095770359039307,,56.290000915527344,5.212500095367432,,58.18000030517578,5.302499771118164,,55.97999954223633,5.137499809265137,,57.279998779296875,5.150000095367432,,13716800,23330800
2010-11-17,,55.91999816894531,3.5348265171051025,,55.91999816894531,5.25,,56.95000076293945,5.53249979019165,,55.4900016784668,5.244999885559082,,56.599998474121094,5.357500076293945,,10028300,46576000
2010-11-18,,57.25,3.4338300228118896,,57.25,5.099999904632568,,58.130001068115234,5.417500019073486,,55.77000045776367,5.014999866485596,,56.33000183105469,5.125,,13559900,44690400
2010-11-19,,58.65999984741211,3.386699914932251,,58.65999984741211,5.03000020980835,,58.91999816894531,5.099999904632568,,56.75,4.974999904632568,,56.97999954223633,5.090000152587891,,13614300,14322800
2010-11-22,,59.29999923706055,3.4304630756378174,,59.29999923706055,5.09499979019165,,59.9900016784668,5.162499904632568,,58.150001525878906,5.010000228881836,,59.099998474121094,5.027500152587891,,13120600,13339600
2010-11-23,,57.849998474121094,3.401848793029785,,57.849998474121094,5.052499771118164,,59.75,5.112500190734863,,57.56999969482422,5.025000095367432,,58.75,5.0625,,10911000,8614400
2010-11-24,,59.4900016784668,3.4254150390625,,59.4900016784668,5.087500095367432,,60.290000915527344,5.125,,58.4900016784668,5.039999961853027,,58.59000015258789,5.087500095367432,,8763100,7475200
2010-11-26,,59.20000076293945,3.4506633281707764,,59.20000076293945,5.125,,59.93000030517578,5.182499885559082,,58.709999084472656,5.0625,,59.20000076293945,5.082499980926514,,4753100,4770000
2010-11-29,,58.9900016784668,3.386699914932251,,58.9900016784668,5.03000020980835,,59.720001220703125,5.114999771118164,,57.79999923706055,5.019999980926514,,58.93000030517578,5.09499979019165,,10712600,10330400
2010-11-30,,61.83000183105469,3.353034257888794,,61.83000183105469,4.980000019073486,,62.900001525878906,5.065000057220459,,59.56999969482422,4.972499847412109,,59.90999984741211,5.0,,29572500,12746000
2010-12-01,,61.81999969482422,3.4119486808776855,,61.81999969482422,5.067500114440918,,63.939998626708984,5.125,,61.75,4.974999904632568,,63.38999938964844,5.054999828338623,,19731000,17286400
2010-12-02,,62.689998626708984,3.5600736141204834,,62.689998626708984,5.287499904632568,,62.900001525878906,5.307499885559082,,61.290000915527344,5.050000190734863,,62.38999938964844,5.079999923706055,,13969000,21618400
2010-12-03,,62.650001525878906,3.5903728008270264,,62.650001525878906,5.332499980926514,,63.5,5.352499961853027,,62.040000915527344,5.252500057220459,,62.130001068115234,5.28249979019165,,9351800,15067200
2010-12-06,,63.33000183105469,3.57690691947937,,63.33000183105469,5.3125,,63.63999938964844,5.347499847412109,,62.56999969482422,5.255000114440918,,62.56999969482422,5.329999923706055,,8784900,8966800
2010-12-07,,62.119998931884766,3.6088881492614746,,62.119998931884766,5.360000133514404,,63.5,5.389999866485596,,61.86000061035156,5.340000152587891,,63.16999816894531,5.352499961853027,,12690600,12620400
2010-12-08,,61.369998931884766,3.5886902809143066,,61.369998931884766,5.329999923706055,,62.310001373291016,5.40500020980835,,60.560001373291016,5.302499771118164,,62.099998474121094,5.372499942779541,,10189000,10954000
2010-12-09,,61.290000915527344,3.64255428314209,,61.290000915527344,5.409999847412109,,61.81999969482422,5.434999942779541,,60.56999969482422,5.349999904632568,,61.77000045776367,5.369999885559082,,9199200,10022800
2010-12-10,,62.150001525878906,3.7435479164123535,,62.150001525878906,5.559999942779541,,62.34000015258789,5.567500114440918,,61.369998931884766,5.434999942779541,,61.5,5.434999942779541,,7849100,14664800
2010-12-13,,60.810001373291016,3.689685106277466,,60.810001373291016,5.480000019073486,,62.04999923706055,5.590000152587891,,60.689998626708984,5.440000057220459,,61.43000030517578,5.590000152587891,,11690300,14086800
2010-12-14,,60.45000076293945,3.659386396408081,,60.45000076293945,5.434999942779541,,62.27000045776367,5.46750020980835,,60.099998474121094,5.324999809265137,,61.0,5.432499885559082,,10573000,16030000
2010-12-15,,59.18000030517578,3.6290886402130127,,59.18000030517578,5.389999866485596,,60.790000915527344,5.497499942779541,,58.61000061035156,5.380000114440918,,60.790000915527344,5.425000190734863,,13074200,15179200
2010-12-16,,59.2400016784668,3.65433669090271,,59.2400016784668,5.427499771118164,,59.93000030517578,5.442500114440918,,58.709999084472656,5.324999809265137,,59.20000076293945,5.40500020980835,,20851100,9459600
2010-12-17,,60.20000076293945,3.6476032733917236,,60.20000076293945,5.417500019073486,,61.75,5.460000038146973,,59.86000061035156,5.377500057220459,,61.31999969482422,5.412499904632568,,29647400,9826000
2010-12-20,,58.47999954223633,3.5785892009735107,,58.47999954223633,5.315000057220459,,60.0,5.457499980926514,,57.970001220703125,5.307499885559082,,59.95000076293945,5.447500228881836,,17705300,13609200
2010-12-21,,58.2400016784668,3.64255428314209,,58.2400016784668,5.409999847412109,,59.0,5.417500019073486,,58.02000045776367,5.324999809265137,,58.849998474121094,5.34250020980835,,7268700,7195200
2010-12-22,,58.689998626708984,3.6526541709899902,,58.689998626708984,5.425000190734863,,59.06999969482422,5.454999923706055,,57.47999954223633,5.364999771118164,,58.0,5.417500019073486,,10474700,5863600
2010-12-23,,58.650001525878906,3.7401821613311768,,58.650001525878906,5.554999828338623,,59.220001220703125,5.577499866485596,,58.29999923706055,5.420000076293945,,58.52000045776367,5.429999828338623,,5203700,12488400
2010-12-27,,58.470001220703125,3.745231866836548,,58.470001220703125,5.5625,,58.75,5.607500076293945,,57.83000183105469,5.519999980926514,,58.560001373291016,5.53249979019165,,3422900,7621600
2010-12-28,,58.02000045776367,3.790679693222046,,58.02000045776367,5.630000114440918,,58.650001525878906,5.637499809265137,,57.86000061035156,5.525000095367432,,58.529998779296875,5.559999942779541,,3962100,7936000
2010-12-29,,58.16999816894531,3.788996934890747,,58.16999816894531,5.627500057220459,,58.470001220703125,5.659999847412109,,57.90999984741211,5.599999904632568,,58.209999084472656,5.637499809265137,,4094000,7957600
2010-12-30,,58.06999969482422,3.8630590438842773,,58.06999969482422,5.737500190734863,,58.25,5.75,,57.83000183105469,5.619999885559082,,58.0,5.632500171661377,,3766100,12323200
2010-12-31,,58.130001068115234,3.851276159286499,,58.130001068115234,5.71999979019165,,58.349998474121094,5.747499942779541,,57.529998779296875,5.684999942779541,,57.97999954223633,5.737500190734863,,4239100,6328800
2011-01-03,,58.939998626708984,3.856325626373291,,58.939998626708984,5.727499961853027,,59.86000061035156,5.807499885559082,,58.58000183105469,5.724999904632568,,58.689998626708984,5.767499923706055,,8039600,9595200
2011-01-04,,59.099998474121094,3.7873125076293945,,59.099998474121094,5.625,,59.529998779296875,5.744999885559082,,58.29999923706055,5.617499828338623,,59.38999938964844,5.742499828338623,,6956700,11084000
2011-01-05,,61.91999816894531,3.684635877609253,,61.91999816894531,5.472499847412109,,62.099998474121094,5.662499904632568,,58.529998779296875,5.46999979019165,,58.90999984741211,5.622499942779541,,18210900,24244800
2011-01-06,,61.369998931884766,3.4725449085235596,,61.369998931884766,5.15749979019165,,62.15999984741211,5.329999923706055,,59.79999923706055,5.137499809265137,,61.02000045776367,5.322500228881836,,22224800,45365600
2011-01-07,,61.68000030517578,3.4961116313934326,,61.68000030517578,5.192500114440918,,62.66999816894531,5.239999771118164,,60.93000030517578,5.045000076293945,,61.849998474121094,5.15500020980835,,14613100,23160800
2011-01-10,,62.09000015258789,3.4843294620513916,,62.09000015258789,5.175000190734863,,62.380001068115234,5.1875,,60.150001525878906,5.074999809265137,,61.279998779296875,5.162499904632568,,12319700,14912000
2011-01-11,,62.88999938964844,3.39848256111145,,62.88999938964844,5.047500133514404,,63.72999954223633,5.175000190734863,,62.2599983215332,5.027500152587891,,62.41999816894531,5.164999961853027,,15007600,17895600
2011-01-12,,63.529998779296875,3.479278087615967,,63.529998779296875,5.167500019073486,,63.849998474121094,5.192500114440918,,63.0,5.050000190734863,,63.54999923706055,5.0625,,8877800,18063200
2011-01-13,,64.01000213623047,3.4674956798553467,,64.01000213623047,5.150000095367432,,66.1500015258789,5.25,,63.58000183105469,5.142499923706055,,63.61000061035156,5.15749979019165,,22692300,14550400
2011-01-14,,64.7699966430664,3.428781032562256,,64.7699966430664,5.09250020980835,,65.33999633789062,5.15749979019165,,64.06999969482422,5.079999923706055,,64.61000061035156,5.147500038146973,,10191900,16853600
2011-01-18,,65.22000122070312,3.428781032562256,,65.22000122070312,5.09250020980835,,66.4800033569336,5.144999980926514,,65.19999694824219,5.03000020980835,,65.83999633789062,5.105000019073486,,10074200,11729200
2011-01-19,,63.279998779296875,3.4439306259155273,,63.279998779296875,5.114999771118164,,65.2300033569336,5.130000114440918,,63.209999084472656,5.03000020980835,,65.0,5.079999923706055,,9411300,15343600
2011-01-20,,62.400001525878906,3.5365092754364014,,62.400001525878906,5.252500057220459,,63.400001525878906,5.255000114440918,,61.880001068115234,5.107500076293945,,62.880001068115234,5.107500076293945,,10391700,19676800
2011-01-21,,61.54999923706055,3.5179929733276367,,61.54999923706055,5.224999904632568,,63.18000030517578,5.302499771118164,,61.11000061035156,5.199999809265137,,62.9900016784668,5.295000076293945,,8937400,17216000
2011-01-24,,62.689998626708984,3.5499749183654785,,62.689998626708984,5.272500038146973,,62.70000076293945,5.272500038146973,,61.25,5.122499942779541,,61.63999938964844,5.210000038146973,,7456000,11408800
2011-01-25,,61.400001525878906,3.5449249744415283,,61.400001525878906,5.264999866485596,,62.689998626708984,5.272500038146973,,60.720001220703125,5.202499866485596,,62.58000183105469,5.247499942779541,,8544900,11108400
2011-01-26,,62.0,3.5415596961975098,,62.0,5.260000228881836,,62.540000915527344,5.3125,,60.709999084472656,5.232500076293945,,61.70000076293945,5.267499923706055,,10608100,8602800
2011-01-27,,61.97999954223633,3.5466082096099854,,61.97999954223633,5.267499923706055,,62.439998626708984,5.3125,,61.220001220703125,5.237500190734863,,62.04999923706055,5.262499809265137,,7134300,13016400
2011-01-28,,60.150001525878906,3.531459093093872,,60.150001525878906,5.244999885559082,,62.189998626708984,5.295000076293945,,59.86000061035156,5.167500019073486,,62.040000915527344,5.267499923706055,,10683400,13380400
2011-01-31,,59.11000061035156,3.5466082096099854,,59.11000061035156,5.267499923706055,,60.65999984741211,5.295000076293945,,58.56999969482422,5.207499980926514,,60.130001068115234,5.272500038146973,,9084900,8538000
2011-02-01,,60.400001525878906,3.459078788757324,,60.400001525878906,5.137499809265137,,60.58000183105469,5.295000076293945,,58.810001373291016,5.130000114440918,,59.540000915527344,5.284999847412109,,11026700,16999600
2011-02-02,,61.11000061035156,3.33620285987854,,61.11000061035156,4.954999923706055,,61.88999938964844,5.114999771118164,,60.290000915527344,4.932499885559082,,60.54999923706055,5.114999771118164,,8405500,30396000
2011-02-03,,62.66999816894531,3.2823381423950195,,62.66999816894531,4.875,,63.029998779296875,5.047500133514404,,61.47999954223633,4.797500133514404,,61.599998474121094,4.947500228881836,,11948300,25717600
2011-02-04,,63.689998626708984,3.3749165534973145,,63.689998626708984,5.012499809265137,,64.8499984741211,5.082499980926514,,63.33000183105469,4.922500133514404,,64.25,4.922500133514404,,13912100,23932800
2011-02-07,,63.20000076293945,3.390065908432007,,63.20000076293945,5.034999847412109,,64.1500015258789,5.067500114440918,,63.02000045776367,5.012499809265137,,63.619998931884766,5.034999847412109,,6654500,14493200
2011-02-08,,63.599998474121094,3.3698666095733643,,63.599998474121094,5.005000114440918,,63.70000076293945,5.039999961853027,,62.72999954223633,4.960000038146973,,63.279998779296875,5.034999847412109,,6156300,18070400
2011-02-09,,63.56999969482422,3.316002368927002,,63.56999969482422,4.925000190734863,,64.1500015258789,5.03000020980835,,63.04999923706055,4.90749979019165,,63.599998474121094,5.010000228881836,,5450200,15080800
2011-02-10,,66.87999725341797,3.428781032562256,,66.87999725341797,5.09250020980835,,67.51000213623047,5.170000076293945,,63.189998626708984,4.877500057220459,,63.25,4.894999980926514,,23533700,24326000
2011-02-11,,66.87000274658203,3.4136321544647217,,66.87000274658203,5.070000171661377,,67.75,5.102499961853027,,66.06999969482422,5.017499923706055,,66.79000091552734,5.067500114440918,,13700600,16693600
2011-02-14,,65.54000091552734,3.344618797302246,,65.54000091552734,4.96750020980835,,67.55000305175781,5.0,,65.33000183105469,4.889999866485596,,66.9000015258789,4.917500019073486,,9048300,19096800
2011-02-15,,65.30000305175781,3.3732340335845947,,65.30000305175781,5.010000228881836,,66.11000061035156,5.037499904632568,,64.25,4.945000171661377,,65.97000122070312,4.945000171661377,,7368300,17814400
2011-02-16,,68.3499984741211,3.4119486808776855,,68.3499984741211,5.067500114440918,,68.76000213623047,5.077499866485596,,66.86000061035156,4.994999885559082,,67.25,5.03249979019165,,16331100,17260400
2011-02-17,,69.69000244140625,3.385016441345215,,69.69000244140625,5.027500152587891,,69.9800033569336,5.144999980926514,,68.1500015258789,5.014999866485596,,68.48999786376953,5.045000076293945,,11860000,12615200
2011-02-18,,69.86000061035156,3.358083963394165,,69.86000061035156,4.987500190734863,,70.54000091552734,5.090000152587891,,69.33000183105469,4.965000152587891,,69.95999908447266,5.042500019073486,,9088200,14541600
2011-02-22,,67.41999816894531,3.312636613845825,,67.41999816894531,4.920000076293945,,69.33999633789062,5.007500171661377,,67.12999725341797,4.889999866485596,,68.87000274658203,4.997499942779541,,9627100,21687200
2011-02-23,,65.16999816894531,3.312636613845825,,65.16999816894531,4.920000076293945,,67.81999969482422,4.974999904632568,,64.6500015258789,4.885000228881836,,67.31999969482422,4.925000190734863,,11502000,16189600
2011-02-24,,65.79000091552734,3.2840213775634766,,65.79000091552734,4.877500057220459,,66.87000274658203,4.929999828338623,,65.16999816894531,4.862500190734863,,65.51000213623047,4.917500019073486,,7803200,14920000
2011-02-25,,65.98999786376953,3.3412513732910156,,65.98999786376953,4.962500095367432,,66.94999694824219,4.96999979019165,,65.58999633789062,4.872499942779541,,66.66999816894531,4.90500020980835,,6883300,9886000
2011-02-28,,66.19999694824219,3.358083963394165,,66.19999694824219,4.987500190734863,,66.75,5.002500057220459,,65.52999877929688,4.940000057220459,,66.41000366210938,5.0,,5796700,8912400
2011-03-01,,66.4000015258789,3.319369316101074,,66.4000015258789,4.929999828338623,,67.54000091552734,5.012499809265137,,65.7300033569336,4.914999961853027,,66.3499984741211,4.987500190734863,,10557500,15414400
2011-03-02,,65.83000183105469,3.316002368927002,,65.83000183105469,4.925000190734863,,67.08999633789062,4.982500076293945,,65.68000030517578,4.902500152587891,,66.58000183105469,4.914999961853027,,7515300,11159600
2011-03-03,,68.44999694824219,3.3883821964263916,,68.44999694824219,5.03249979019165,,68.80999755859375,5.042500019073486,,66.62999725341797,4.909999847412109,,66.83999633789062,4.954999923706055,,12618400,13021200
2011-03-04,,66.47000122070312,3.3749165534973145,,66.47000122070312,5.012499809265137,,67.94000244140625,5.034999847412109,,66.0,4.980000019073486,,67.94000244140625,5.005000114440918,,14046200,9802800
2011-03-07,,64.86000061035156,3.317686080932617,,64.86000061035156,4.927499771118164,,66.97000122070312,5.070000171661377,,64.5199966430664,4.922500133514404,,66.77999877929688,5.03000020980835,,9907700,14274400
2011-03-08,,64.77999877929688,3.33620285987854,,64.77999877929688,4.954999923706055,,65.22000122070312,5.007500171661377,,63.869998931884766,4.864999771118164,,65.0199966430664,4.925000190734863,,6612600,9460400
2011-03-09,,64.80000305175781,3.3261029720306396,,64.80000305175781,4.940000057220459,,65.19999694824219,4.972499847412109,,64.02999877929688,4.925000190734863,,65.19000244140625,4.954999923706055,,6138000,15137200
2011-03-10,,62.599998474121094,3.2958030700683594,,62.599998474121094,4.894999980926514,,63.97999954223633,4.945000171661377,,61.61000061035156,4.875,,63.83000183105469,4.917500019073486,,14659300,20054400
2011-03-11,,63.380001068115234,3.3277859687805176,,63.380001068115234,4.942500114440918,,63.72999954223633,4.977499961853027,,61.95000076293945,4.862500190734863,,62.119998931884766,4.862500190734863,,6257200,13231600
2011-03-14,,62.349998474121094,3.33620285987854,,62.349998474121094,4.954999923706055,,63.13999938964844,5.027500152587891,,61.66999816894531,4.897500038146973,,62.5099983215332,4.912499904632568,,6193400,16224400
2011-03-15,,61.09000015258789,3.4557132720947266,,61.09000015258789,5.132500171661377,,62.31999969482422,5.172500133514404,,60.290000915527344,4.855000019073486,,60.529998779296875,4.857500076293945,,14117000,26211600
2011-03-16,,59.84000015258789,3.4573960304260254,,59.84000015258789,5.135000228881836,,61.45000076293945,5.212500095367432,,59.380001068115234,5.079999923706055,,60.75,5.112500190734863,,9943900,21472400
2011-03-17,,60.849998474121094,3.531459093093872,,60.849998474121094,5.244999885559082,,61.630001068115234,5.327499866485596,,60.150001525878906,5.175000190734863,,61.0099983215332,5.197500228881836,,8099800,17913200
2011-03-18,,60.90999984741211,3.5280921459198,,60.90999984741211,5.239999771118164,,62.0,5.292500019073486,,60.61000061035156,5.152500152587891,,61.63999938964844,5.289999961853027,,7866800,22613600
2011-03-21,,62.16999816894531,3.566807746887207,,62.16999816894531,5.297500133514404,,62.459999084472656,5.307499885559082,,61.31999969482422,5.230000019073486,,61.72999954223633,5.277500152587891,,5383400,14425600
2011-03-22,,62.40999984741211,3.5381927490234375,,62.40999984741211,5.255000114440918,,63.2400016784668,5.324999809265137,,61.7400016784668,5.247499942779541,,63.18000030517578,5.302499771118164,,8607600,10503600
2011-03-23,,62.119998931884766,3.553342580795288,,62.119998931884766,5.277500152587891,,62.849998474121094,5.295000076293945,,61.29999923706055,5.172500133514404,,62.83000183105469,5.239999771118164,,8537400,15660000
2011-03-24,,64.08999633789062,3.6577024459838867,,64.08999633789062,5.432499885559082,,64.62999725341797,5.599999904632568,,62.18000030517578,5.377500057220459,,62.70000076293945,5.554999828338623,,23644100,36630400
2011-03-25,,56.88999938964844,3.656019926071167,,56.88999938964844,5.429999828338623,,58.400001525878906,5.512499809265137,,56.65999984741211,5.425000190734863,,57.16999816894531,5.460000038146973,,53120400,20421600
2011-03-28,,55.9900016784668,3.6981005668640137,,55.9900016784668,5.492499828338623,,57.95000076293945,5.510000228881836,,55.90999984741211,5.449999809265137,,57.41999816894531,5.449999809265137,,18695000,11341600
2011-03-29,,57.04999923706055,3.757014513015747,,57.04999923706055,5.579999923706055,,57.29999923706055,5.614999771118164,,55.77000045776367,5.477499961853027,,56.06999969482422,5.485000133514404,,12321900,15980000
2011-03-30,,57.029998779296875,3.8091955184936523,,57.029998779296875,5.65749979019165,,57.849998474121094,5.695000171661377,,56.72999954223633,5.5625,,57.59000015258789,5.630000114440918,,8124700,14192400
2011-03-31,,56.540000915527344,3.790679693222046,,56.540000915527344,5.630000114440918,,57.15999984741211,5.662499904632568,,55.84000015258789,5.567500114440918,,57.04999923706055,5.642499923706055,,12844400,11223200
2011-04-01,,56.08000183105469,3.85801100730896,,56.08000183105469,5.730000019073486,,57.060001373291016,5.757500171661377,,55.849998474121094,5.639999866485596,,56.849998474121094,5.670000076293945,,13849100,21412000
2011-04-04,,54.790000915527344,3.799095630645752,,54.790000915527344,5.642499923706055,,56.22999954223633,5.784999847412109,,54.310001373291016,5.617499828338623,,55.90999984741211,5.730000019073486,,15974500,10445200
2011-04-05,,54.400001525878906,3.969104290008545,,54.400001525878906,5.894999980926514,,55.380001068115234,5.997499942779541,,54.2400016784668,5.632500171661377,,54.72999954223633,5.642499923706055,,10851000,26934800
2011-04-06,,55.709999084472656,4.02296781539917,,55.709999084472656,5.974999904632568,,56.06999969482422,6.054999828338623,,54.18000030517578,5.887499809265137,,54.77000045776367,5.894999980926514,,12258100,19400000
2011-04-07,,55.130001068115234,4.044850826263428,,55.130001068115234,6.007500171661377,,55.88999938964844,6.102499961853027,,54.970001220703125,5.96999979019165,,55.849998474121094,5.985000133514404,,6981500,19617200
2011-04-08,,54.779998779296875,4.00781774520874,,54.779998779296875,5.952499866485596,,55.58000183105469,6.045000076293945,,54.459999084472656,5.885000228881836,,55.4900016784668,6.005000114440918,,6934200,15777600
2011-04-11,,54.650001525878906,3.997720241546631,,54.650001525878906,5.9375,,54.86000061035156,6.017499923706055,,54.25,5.912499904632568,,54.79999923706055,5.934999942779541,,6771600,15544400
2011-04-12,,53.720001220703125,4.006136417388916,,53.720001220703125,5.949999809265137,,54.459999084472656,6.037499904632568,,53.209999084472656,5.887499809265137,,54.25,5.90749979019165,,8731000,15611600
2011-04-13,,54.83000183105469,4.268723964691162,,54.83000183105469,6.340000152587891,,55.06999969482422,6.412499904632568,,54.0099983215332,5.980000019073486,,54.060001373291016,5.987500190734863,,8720600,64732400
2011-04-14,,53.91999816894531,4.277138710021973,,53.91999816894531,6.352499961853027,,54.15999984741211,6.550000190734863,,52.65999984741211,6.287499904632568,,54.09000015258789,6.317500114440918,,15826300,42023200
2011-04-15,,53.400001525878906,4.443780422210693,,53.400001525878906,6.599999904632568,,55.02000045776367,6.619999885559082,,53.25,6.25,,53.470001220703125,6.3125,,13039000,43878800
2011-04-18,,54.83000183105469,4.400016784667969,,54.83000183105469,6.534999847412109,,55.61000061035156,6.659999847412109,,53.459999084472656,6.40749979019165,,54.310001373291016,6.552499771118164,,16047200,38931600
2011-04-19,,53.220001220703125,4.4707136154174805,,53.220001220703125,6.639999866485596,,55.470001220703125,6.647500038146973,,52.790000915527344,6.519999980926514,,55.310001373291016,6.53000020980835,,14932200,17207200
2011-04-20,,54.459999084472656,4.435364723205566,,54.459999084472656,6.587500095367432,,54.63999938964844,6.735000133514404,,53.5,6.577499866485596,,53.689998626708984,6.699999809265137,,10669100,20801600
2011-04-21,,53.77000045776367,4.467345237731934,,53.77000045776367,6.635000228881836,,54.540000915527344,6.722499847412109,,53.349998474121094,6.5,,53.880001068115234,6.565000057220459,,9665100,21595200
2011-04-25,,53.439998626708984,4.458930015563965,,53.439998626708984,6.622499942779541,,53.90999984741211,6.642499923706055,,53.15999984741211,6.522500038146973,,53.90999984741211,6.627500057220459,,5718700,17385600
2011-04-26,,55.20000076293945,4.425264358520508,,55.20000076293945,6.572500228881836,,55.54999923706055,6.65500020980835,,53.22999954223633,6.545000076293945,,53.599998474121094,6.614999771118164,,11600000,14800000
2011-04-27,,55.56999969482422,4.413481712341309,,55.56999969482422,6.554999828338623,,55.939998626708984,6.650000095367432,,54.380001068115234,6.53249979019165,,55.43000030517578,6.599999904632568,,8532700,17640400
2011-04-28,,56.59000015258789,4.410116195678711,,56.59000015258789,6.550000190734863,,57.31999969482422,6.622499942779541,,55.61000061035156,6.527500152587891,,55.720001220703125,6.527500152587891,,17500000,11770000
2011-04-29,,48.650001525878906,4.322586536407471,,48.650001525878906,6.420000076293945,,49.849998474121094,6.519999980926514,,48.20000076293945,6.402500152587891,,48.540000915527344,6.472499847412109,,48436400,21600000
2011-05-02,,48.099998474121094,4.339419841766357,,48.099998474121094,6.445000171661377,,48.95000076293945,6.617499828338623,,47.70000076293945,6.40749979019165,,48.880001068115234,6.539999961853027,,17372200,15980000
2011-05-03,,48.2400016784668,4.352884769439697,,48.2400016784668,6.465000152587891,,48.709999084472656,6.534999847412109,,47.59000015258789,6.422500133514404,,47.709999084472656,6.422500133514404,,13892000,12833600
2011-05-04,,47.369998931884766,4.322586536407471,,47.369998931884766,6.420000076293945,,48.650001525878906,6.527500152587891,,47.209999084472656,6.362500190734863,,48.31999969482422,6.447500228881836,,11663600,12828400
2011-05-05,,47.290000915527344,4.3545684814453125,,47.290000915527344,6.46750020980835,,48.56999969482422,6.534999847412109,,47.029998779296875,6.397500038146973,,47.13999938964844,6.40500020980835,,13500000,13301200
2011-05-06,,45.9900016784668,4.285555839538574,,45.9900016784668,6.364999771118164,,47.77000045776367,6.542500019073486,,45.81999969482422,6.340000152587891,,47.68000030517578,6.517499923706055,,16114400,12817600
2011-05-09,,45.0099983215332,4.288920879364014,,45.0099983215332,6.369999885559082,,45.90999984741211,6.40500020980835,,44.630001068115234,6.320000171661377,,45.7599983215332,6.372499942779541,,19373400,7954400
2011-05-10,,45.2599983215332,4.339419841766357,,45.2599983215332,6.445000171661377,,45.68000030517578,6.472499847412109,,43.95000076293945,6.362500190734863,,44.7599983215332,6.394999980926514,,21814800,9244800
2011-05-11,,44.18000030517578,4.3427863121032715,,44.18000030517578,6.449999809265137,,45.20000076293945,6.46750020980835,,44.0,6.352499961853027,,45.18000030517578,6.427499771118164,,13600000,8936000
2011-05-12,,43.790000915527344,4.3646674156188965,,43.790000915527344,6.482500076293945,,44.470001220703125,6.497499942779541,,43.630001068115234,6.382500171661377,,43.90999984741211,6.445000171661377,,11100000,10474000
2011-05-13,,43.2400016784668,4.497644424438477,,43.2400016784668,6.679999828338623,,43.970001220703125,6.922500133514404,,43.189998626708984,6.627500057220459,,43.77000045776367,6.642499923706055,,9616400,22156000
2011-05-16,,42.86000061035156,4.457247257232666,,42.86000061035156,6.619999885559082,,43.400001525878906,6.682499885559082,,42.61000061035156,6.534999847412109,,42.70000076293945,6.677499771118164,,11635800,17397600
2011-05-17,,43.779998779296875,4.435364723205566,,43.779998779296875,6.587500095367432,,44.150001525878906,6.644999980926514,,42.66999816894531,6.505000114440918,,42.75,6.545000076293945,,12314700,11913600
2011-05-18,,45.43000030517578,4.490911960601807,,45.43000030517578,6.670000076293945,,45.720001220703125,6.699999809265137,,44.810001373291016,6.579999923706055,,44.83000183105469,6.622499942779541,,19905900,14644000
2011-05-19,,44.22999954223633,4.598639011383057,,44.22999954223633,6.829999923706055,,45.779998779296875,6.855000019073486,,44.08000183105469,6.137499809265137,,45.720001220703125,6.362500190734863,,12734600,55522800
2011-05-20,,43.52000045776367,4.692901611328125,,43.52000045776367,6.96999979019165,,44.20000076293945,7.054999828338623,,43.34000015258789,6.802499771118164,,44.02000045776367,6.862500190734863,,10553400,30978000
2011-05-23,,43.52000045776367,4.655869483947754,,43.52000045776367,6.914999961853027,,43.88999938964844,7.012499809265137,,42.97999954223633,6.852499961853027,,43.04999923706055,6.909999847412109,,8900000,16475600
2011-05-24,,43.11000061035156,4.649139404296875,,43.11000061035156,6.90500020980835,,43.400001525878906,7.164999961853027,,42.63999938964844,6.900000095367432,,43.2400016784668,6.934999942779541,,10016600,24013200
2011-05-25,,43.13999938964844,4.6710205078125,,43.13999938964844,6.9375,,43.58000183105469,6.994999885559082,,42.75,6.727499961853027,,43.0,6.869999885559082,,8002000,20483600
2011-05-26,,43.56999969482422,4.6710205078125,,43.56999969482422,6.9375,,43.86000061035156,6.977499961853027,,42.79999923706055,6.872499942779541,,43.029998779296875,6.927499771118164,,8247300,10902400
2011-05-27,,43.599998474121094,4.74845027923584,,43.599998474121094,7.052499771118164,,43.90999984741211,7.057499885559082,,42.70000076293945,6.954999923706055,,43.2400016784668,6.980000019073486,,9199800,9684000
2011-05-31,,42.849998474121094,4.709733486175537,,42.849998474121094,6.994999885559082,,43.59000015258789,7.119999885559082,,42.54999923706055,6.909999847412109,,43.5,7.077499866485596,,14898700,19066400
2011-06-01,,40.29999923706055,4.623889446258545,,40.29999923706055,6.867499828338623,,42.5,7.005000114440918,,40.040000915527344,6.860000133514404,,42.36000061035156,6.980000019073486,,30234500,15425600
2011-06-02,,40.43000030517578,4.588540554046631,,40.43000030517578,6.815000057220459,,41.27000045776367,6.954999923706055,,40.20000076293945,6.762499809265137,,40.380001068115234,6.954999923706055,,12511700,12416000
2011-06-03,,38.97999954223633,4.499328136444092,,38.97999954223633,6.682499885559082,,40.349998474121094,6.792500019073486,,38.529998779296875,6.574999809265137,,39.88999938964844,6.742499828338623,,26318500,12872000
2011-06-06,,38.90999984741211,4.472396373748779,,38.90999984741211,6.642499923706055,,39.86000061035156,6.755000114440918,,37.689998626708984,6.627500057220459,,38.68000030517578,6.682499885559082,,28707100,8754400
2011-06-07,,37.81999969482422,4.406749248504639,,37.81999969482422,6.545000076293945,,38.97999954223633,6.675000190734863,,37.79999923706055,6.545000076293945,,38.86000061035156,6.659999847412109,,14541400,11732400
2011-06-08,,36.72999954223633,4.42189884185791,,36.72999954223633,6.567500114440918,,38.0,6.590000152587891,,36.529998779296875,6.412499904632568,,37.36000061035156,6.542500019073486,,16837900,13476400
2011-06-09,,37.61000061035156,4.460615158081055,,37.61000061035156,6.625,,38.060001373291016,6.662499904632568,,36.08000183105469,6.505000114440918,,36.4900016784668,6.552499771118164,,20886100,10146400
2011-06-10,,36.560001373291016,4.420216083526611,,36.560001373291016,6.565000057220459,,37.540000915527344,6.632500171661377,,36.5099983215332,6.517499923706055,,37.5099983215332,6.605000019073486,,14963500,14767600
2011-06-13,,36.20000076293945,4.41853141784668,,36.20000076293945,6.5625,,37.099998474121094,6.625,,35.900001525878906,6.505000114440918,,36.70000076293945,6.59499979019165,,13248900,8031200
2011-06-14,,35.7599983215332,4.448829650878906,,35.7599983215332,6.607500076293945,,36.77000045776367,6.630000114440918,,35.52000045776367,6.492499828338623,,36.4900016784668,6.612500190734863,,17433000,12146000
2011-06-15,,35.16999816894531,4.3966498374938965,,35.16999816894531,6.53000020980835,,36.31999969482422,6.607500076293945,,34.90999984741211,6.489999771118164,,36.0099983215332,6.550000190734863,,23519800,13243200
2011-06-16,,35.33000183105469,4.410116195678711,,35.33000183105469,6.550000190734863,,35.939998626708984,6.590000152587891,,34.66999816894531,6.5,,35.380001068115234,6.539999961853027,,34626500,13257600
2011-06-17,,27.75,4.450514316558838,,27.75,6.610000133514404,,29.93000030517578,6.642499923706055,,27.079999923706055,6.565000057220459,,29.639999389648438,6.585000038146973,,113296000,12077600
2011-06-20,,25.889999389648438,4.511111259460449,,25.889999389648438,6.699999809265137,,27.350000381469727,6.699999809265137,,25.81999969482422,6.559999942779541,,27.309999465942383,6.585000038146973,,55306100,8456800
2011-06-21,,28.549999237060547,4.630620956420898,,28.549999237060547,6.877500057220459,,28.579999923706055,6.885000228881836,,25.920000076293945,6.707499980926514,,26.440000534057617,6.744999885559082,,62843800,7831200
2011-06-22,,28.399999618530273,4.467345237731934,,28.399999618530273,6.635000228881836,,28.950000762939453,6.84499979019165,,27.6200008392334,6.625,,28.170000076293945,6.829999923706055,,44439800,15025200
2011-06-23,,29.770000457763672,4.420216083526611,,29.770000457763672,6.565000057220459,,29.93000030517578,6.627500057220459,,28.049999237060547,6.472499847412109,,28.049999237060547,6.577499866485596,,44469900,14934000
2011-06-24,,28.56999969482422,4.3966498374938965,,28.56999969482422,6.53000020980835,,30.229999542236328,6.590000152587891,,28.309999465942383,6.472499847412109,,29.979999542236328,6.579999923706055,,28645500,12753600
2011-06-27,,28.170000076293945,4.34110164642334,,28.170000076293945,6.447500228881836,,28.739999771118164,6.550000190734863,,27.850000381469727,6.425000190734863,,28.579999923706055,6.514999866485596,,17798100,15545200
2011-06-28,,28.239999771118164,4.435364723205566,,28.239999771118164,6.587500095367432,,28.559999465942383,6.607500076293945,,27.920000076293945,6.447500228881836,,28.170000076293945,6.492499828338623,,13218000,10897600
2011-06-29,,28.780000686645508,4.374767780303955,,28.780000686645508,6.497499942779541,,28.899999618530273,6.695000171661377,,28.200000762939453,6.492499828338623,,28.31999969482422,6.625,,15139000,13839600
2011-06-30,,28.850000381469727,4.489227771759033,,28.850000381469727,6.667500019073486,,29.360000610351562,6.675000190734863,,28.670000076293945,6.497499942779541,,28.75,6.527500152587891,,14009700,12476400
2011-07-01,,28.93000030517578,4.532994270324707,,28.93000030517578,6.732500076293945,,29.0,6.755000114440918,,28.450000762939453,6.627500057220459,,28.719999313354492,6.677499771118164,,12787500,12165200
2011-07-05,,28.920000076293945,4.612105846405029,,28.920000076293945,6.849999904632568,,29.760000228881836,6.862500190734863,,28.610000610351562,6.742499828338623,,29.34000015258789,6.832499980926514,,15618700,16248400
2011-07-06,,27.719999313354492,4.596956253051758,,27.719999313354492,6.827499866485596,,28.780000686645508,6.862500190734863,,27.6299991607666,6.767499923706055,,28.639999389648438,6.822500228881836,,17870900,7729600
2011-07-07,,29.030000686645508,4.581807613372803,,29.030000686645508,6.804999828338623,,29.25,6.949999809265137,,27.520000457763672,6.804999828338623,,27.90999984741211,6.862500190734863,,23745600,16264000
2011-07-08,,28.979999542236328,4.519526481628418,,28.979999542236328,6.712500095367432,,29.280000686645508,6.762499809265137,,28.219999313354492,6.647500038146973,,28.68000030517578,6.735000133514404,,21713400,8712800
2011-07-11,,28.049999237060547,4.368034839630127,,28.049999237060547,6.487500190734863,,29.389999389648438,6.6875,,27.969999313354492,6.457499980926514,,28.719999313354492,6.639999866485596,,17475600,14364800
2011-07-12,,28.479999542236328,4.176143169403076,,28.479999542236328,6.202499866485596,,28.989999771118164,6.355000019073486,,28.09000015258789,6.172500133514404,,28.1299991607666,6.347499847412109,,15742200,32717200
2011-07-13,,28.149999618530273,4.078516006469727,,28.149999618530273,6.057499885559082,,28.959999084472656,6.247499942779541,,28.059999465942383,6.047500133514404,,28.780000686645508,6.207499980926514,,20468600,28590800
2011-07-14,,27.270000457763672,4.011185646057129,,27.270000457763672,5.957499980926514,,28.40999984741211,6.105000019073486,,27.170000076293945,5.942500114440918,,28.40999984741211,6.090000152587891,,20937400,27652400
2011-07-15,,27.520000457763672,3.9707865715026855,,27.520000457763672,5.897500038146973,,27.770000457763672,5.994999885559082,,27.209999084472656,5.849999904632568,,27.549999237060547,5.962500095367432,,11434300,16677200
2011-07-18,,26.68000030517578,3.9421722888946533,,26.68000030517578,5.855000019073486,,27.579999923706055,5.927499771118164,,26.420000076293945,5.795000076293945,,27.3700008392334,5.912499904632568,,15278100,22974800
2011-07-19,,26.770000457763672,3.9909863471984863,,26.770000457763672,5.927499771118164,,27.049999237060547,5.992499828338623,,26.420000076293945,5.869999885559082,,26.81999969482422,5.897500038146973,,15214300,13097600
2011-07-20,,26.639999389648438,3.918606996536255,,26.639999389648438,5.820000171661377,,26.799999237060547,6.014999866485596,,25.600000381469727,5.807499885559082,,26.600000381469727,5.997499942779541,,15603700,14250000
2011-07-21,,27.920000076293945,3.9253389835357666,,27.920000076293945,5.829999923706055,,28.18000030517578,5.875,,26.450000762939453,5.802499771118164,,26.739999771118164,5.84499979019165,,21580000,17092400
2011-07-22,,27.90999984741211,3.9505889415740967,,27.90999984741211,5.867499828338623,,28.0,5.912499904632568,,27.1200008392334,5.752500057220459,,27.75,5.822500228881836,,12619400,11617200
2011-07-25,,26.670000076293945,3.9775197505950928,,26.670000076293945,5.90749979019165,,27.649999618530273,5.952499866485596,,26.600000381469727,5.797500133514404,,27.270000457763672,5.800000190734863,,16330400,13225200
2011-07-26,,27.389999389648438,3.9994027614593506,,27.389999389648438,5.940000057220459,,27.5,5.989999771118164,,26.729999542236328,5.869999885559082,,26.729999542236328,5.912499904632568,,16334400,9678400
2011-07-27,,25.709999084472656,3.9556384086608887,,25.709999084472656,5.875,,26.979999542236328,5.940000057220459,,25.65999984741211,5.827499866485596,,26.959999084472656,5.892499923706055,,22375500,16062000
2011-07-28,,25.459999084472656,3.9657375812530518,,25.459999084472656,5.889999866485596,,26.18000030517578,5.980000019073486,,25.389999389648438,5.827499866485596,,25.90999984741211,5.849999904632568,,13011700,16191600
2011-07-29,,25.0,3.969104290008545,,25.0,5.894999980926514,,25.420000076293945,5.927499771118164,,24.809999465942383,5.775000095367432,,25.260000228881836,5.829999923706055,,16753100,13779600
2011-08-01,,24.790000915527344,3.889991044998169,,24.790000915527344,5.777500152587891,,25.329999923706055,5.954999923706055,,24.200000762939453,5.739999771118164,,25.25,5.952499866485596,,16278300,13510000
2011-08-02,,24.149999618530273,3.856325626373291,,24.149999618530273,5.727499961853027,,25.34000015258789,5.840000152587891,,24.100000381469727,5.727499961853027,,24.8700008392334,5.737500190734863,,13287700,18875600
2011-08-03,,25.329999923706055,3.8462278842926025,,25.329999923706055,5.712500095367432,,25.790000915527344,5.78000020980835,,23.959999084472656,5.617499828338623,,24.850000381469727,5.71750020980835,,36442200,19775200
2011-08-04,,23.59000015258789,3.6829514503479004,,23.59000015258789,5.46999979019165,,25.209999084472656,5.672500133514404,,23.5,5.46999979019165,,25.149999618530273,5.644999980926514,,29900300,23584400
2011-08-05,,23.389999389648438,3.7250328063964844,,23.389999389648438,5.53249979019165,,24.100000381469727,5.610000133514404,,22.540000915527344,5.375,,23.889999389648438,5.519999980926514,,30053800,29738800
2011-08-08,,21.8700008392334,3.4607625007629395,,21.8700008392334,5.139999866485596,,23.09000015258789,5.445000171661377,,21.600000381469727,5.087500095367432,,22.43000030517578,5.409999847412109,,31251900,23076800
2011-08-09,,23.1200008392334,3.5954220294952393,,23.1200008392334,5.340000152587891,,23.299999237060547,5.347499847412109,,21.809999465942383,5.054999828338623,,22.639999389648438,5.172500133514404,,23749900,19598000
2011-08-10,,22.100000381469727,3.4573960304260254,,22.100000381469727,5.135000228881836,,23.059999465942383,5.297500133514404,,22.0,5.110000133514404,,22.81999969482422,5.222499847412109,,22707900,15165200
2011-08-11,,24.18000030517578,3.6088881492614746,,24.18000030517578,5.360000133514404,,24.68000030517578,5.434999942779541,,22.40999984741211,5.117499828338623,,22.450000762939453,5.159999847412109,,29187700,11655200
2011-08-12,,24.559999465942383,3.487694263458252,,24.559999465942383,5.179999828338623,,24.8700008392334,5.369999885559082,,23.899999618530273,5.117499828338623,,24.649999618530273,5.369999885559082,,18761300,17011600
2011-08-15,,27.110000610351562,3.52640962600708,,27.110000610351562,5.237500190734863,,27.479999542236328,5.257500171661377,,25.110000610351562,5.137499809265137,,25.850000381469727,5.195000171661377,,56295400,14981200
2011-08-16,,26.93000030517578,3.6004724502563477,,26.93000030517578,5.347499847412109,,27.440000534057617,5.372499942779541,,26.030000686645508,5.159999847412109,,26.56999969482422,5.192500114440918,,34795900,14374800
2011-08-17,,26.790000915527344,3.4439306259155273,,26.790000915527344,5.114999771118164,,27.34000015258789,5.380000114440918,,26.110000610351562,5.034999847412109,,27.190000534057617,5.355000019073486,,22168300,21244800
2011-08-18,,25.760000228881836,3.6072049140930176,,25.760000228881836,5.357500076293945,,26.690000534057617,5.357500076293945,,25.309999465942383,4.585000038146973,,25.780000686645508,4.677499771118164,,22778700,56232000
2011-08-19,,26.690000534057617,3.630772113800049,,26.690000534057617,5.392499923706055,,27.850000381469727,5.732500076293945,,26.280000686645508,5.25,,26.299999237060547,5.267499923706055,,31058600,32240000
2011-08-22,,26.510000228881836,3.6375038623809814,,26.510000228881836,5.402500152587891,,27.829999923706055,5.492499828338623,,26.440000534057617,5.255000114440918,,27.489999771118164,5.492499828338623,,20167600,22248400
2011-08-23,,27.5,3.8007805347442627,,27.5,5.644999980926514,,27.5,5.644999980926514,,26.520000457763672,5.355000019073486,,26.770000457763672,5.442500114440918,,15290000,20627200
2011-08-24,,28.56999969482422,3.930388927459717,,28.56999969482422,5.837500095367432,,28.760000228881836,5.862500190734863,,27.100000381469727,5.627500057220459,,27.209999084472656,5.627500057220459,,27605900,20480800
2011-08-25,,28.219999313354492,3.7873125076293945,,28.219999313354492,5.625,,29.600000381469727,5.90500020980835,,28.06999969482422,5.617499828338623,,29.0,5.860000133514404,,20750100,14174800
2011-08-26,,29.18000030517578,3.834444522857666,,29.18000030517578,5.695000171661377,,29.489999771118164,5.752500057220459,,28.149999618530273,5.514999866485596,,28.489999771118164,5.597499847412109,,18741600,12893600
2011-08-29,,30.729999542236328,3.888307809829712,,30.729999542236328,5.775000095367432,,30.8700008392334,5.775000095367432,,29.43000030517578,5.659999847412109,,29.940000534057617,5.735000133514404,,18124300,15113600
2011-08-30,,32.54999923706055,3.9320735931396484,,32.54999923706055,5.840000152587891,,32.939998626708984,5.992499828338623,,30.329999923706055,5.75,,30.579999923706055,5.769999980926514,,41282400,14685200
2011-08-31,,32.4900016784668,4.028017520904541,,32.4900016784668,5.982500076293945,,33.04999923706055,6.012499809265137,,31.790000915527344,5.84250020980835,,32.90999984741211,5.875,,27034800,17735600
2011-09-01,,31.850000381469727,3.878208637237549,,31.850000381469727,5.760000228881836,,33.540000915527344,5.989999771118164,,31.799999237060547,5.760000228881836,,32.290000915527344,5.960000038146973,,26705400,10999200
2011-09-02,,30.1200008392334,3.7283990383148193,,30.1200008392334,5.537499904632568,,31.290000915527344,5.712500095367432,,29.68000030517578,5.527500152587891,,31.209999084472656,5.675000190734863,,24086500,10083200
2011-09-06,,30.969999313354492,3.839493989944458,,30.969999313354492,5.702499866485596,,31.09000015258789,5.735000133514404,,29.0,5.392499923706055,,29.260000228881836,5.392499923706055,,24529600,16112800
2011-09-07,,31.899999618530273,3.9085071086883545,,31.899999618530273,5.804999828338623,,31.93000030517578,5.832499980926514,,30.75,5.707499980926514,,31.639999389648438,5.767499923706055,,17843400,12966000
2011-09-08,,31.309999465942383,3.856325626373291,,31.309999465942383,5.727499961853027,,32.47999954223633,5.852499961853027,,30.809999465942383,5.727499961853027,,31.75,5.78000020980835,,18080500,9410400
2011-09-09,,29.68000030517578,3.8933582305908203,,29.68000030517578,5.78249979019165,,30.780000686645508,5.855000019073486,,29.110000610351562,5.690000057220459,,30.260000228881836,5.690000057220459,,25387800,15778400
2011-09-12,,30.170000076293945,3.9085071086883545,,30.170000076293945,5.804999828338623,,30.350000381469727,5.820000171661377,,29.079999923706055,5.627500057220459,,29.190000534057617,5.722499847412109,,17958300,16685600
2011-09-13,,30.1299991607666,3.900089740753174,,30.1299991607666,5.792500019073486,,30.6200008392334,5.855000019073486,,29.600000381469727,5.697500228881836,,30.209999084472656,5.802499771118164,,18048800,11058800
2011-09-14,,29.719999313354492,4.024651527404785,,29.719999313354492,5.977499961853027,,30.239999771118164,6.03000020980835,,29.0,5.809999942779541,,30.18000030517578,5.84250020980835,,21467800,14910800
2011-09-15,,29.540000915527344,4.147529125213623,,29.540000915527344,6.159999847412109,,30.5,6.159999847412109,,29.25,5.989999771118164,,30.020000457763672,6.019999980926514,,36917700,18059600
2011-09-16,,23.93000030517578,4.189610004425049,,23.93000030517578,6.222499847412109,,24.600000381469727,6.269999980926514,,22.520000457763672,6.150000095367432,,22.809999465942383,6.207499980926514,,103171100,13714000
2011-09-19,,23.719999313354492,4.078516006469727,,23.719999313354492,6.057499885559082,,24.350000381469727,6.114999771118164,,23.329999923706055,5.949999809265137,,23.510000228881836,6.09499979019165,,26245300,12439600
2011-09-20,,22.729999542236328,4.036434173583984,,22.729999542236328,5.994999885559082,,23.8799991607666,6.125,,22.649999618530273,5.987500190734863,,23.84000015258789,6.057499885559082,,27032400,10584800
2011-09-21,,21.540000915527344,3.945538282394409,,21.540000915527344,5.860000133514404,,22.68000030517578,6.067500114440918,,21.520000457763672,5.855000019073486,,22.520000457763672,5.96999979019165,,26682900,12878800
2011-09-22,,21.260000228881836,3.805828809738159,,21.260000228881836,5.652500152587891,,21.8700008392334,5.804999828338623,,20.40999984741211,5.574999809265137,,20.8700008392334,5.702499866485596,,29074900,15713600
2011-09-23,,21.31999969482422,3.788996934890747,,21.31999969482422,5.627500057220459,,22.100000381469727,5.732500076293945,,21.1200008392334,5.597499847412109,,21.469999313354492,5.622499942779541,,18038800,10035200
2011-09-26,,21.68000030517578,3.974154233932495,,21.68000030517578,5.902500152587891,,21.81999969482422,5.90749979019165,,20.81999969482422,5.659999847412109,,21.489999771118164,5.677499771118164,,14720300,8322000
2011-09-27,,22.649999618530273,4.019600868225098,,22.649999618530273,5.96999979019165,,23.450000762939453,6.130000114440918,,21.520000457763672,5.914999961853027,,22.1299991607666,5.994999885559082,,42782600,10263200
2011-09-28,,21.899999618530273,3.9590039253234863,,21.899999618530273,5.880000114440918,,23.299999237060547,6.090000152587891,,21.8700008392334,5.867499828338623,,22.969999313354492,6.007500171661377,,18724600,9391200
2011-09-29,,21.15999984741211,4.0381178855896,,21.15999984741211,5.997499942779541,,22.5,6.0625,,20.690000534057617,5.84250020980835,,22.489999771118164,5.972499847412109,,19544000,12208000
2011-09-30,,20.299999237060547,3.888307809829712,,20.299999237060547,5.775000095367432,,21.56999969482422,5.965000152587891,,20.280000686645508,5.772500038146973,,20.68000030517578,5.914999961853027,,19890000,10776400
2011-10-03,,20.5,3.8664252758026123,,20.5,5.742499828338623,,21.170000076293945,5.807499885559082,,20.139999389648438,5.632500171661377,,20.219999313354492,5.75,,17600700,19232800
2011-10-04,,21.0,4.004452228546143,,21.0,5.947500228881836,,22.489999771118164,5.947500228881836,,19.290000915527344,5.539999961853027,,20.209999084472656,5.650000095367432,,43743900,15200000
2011-10-05,,23.600000381469727,4.017919063568115,,23.600000381469727,5.96750020980835,,24.3700008392334,5.994999885559082,,21.209999084472656,5.809999942779541,,21.700000762939453,5.962500095367432,,60140400,12040400
2011-10-06,,24.420000076293945,4.049901008605957,,24.420000076293945,6.014999866485596,,24.600000381469727,6.047500133514404,,23.229999542236328,5.932499885559082,,24.0,5.940000057220459,,25070700,15905200
2011-10-07,,23.360000610351562,4.095347881317139,,23.360000610351562,6.082499980926514,,24.5,6.159999847412109,,23.09000015258789,6.022500038146973,,24.3799991607666,6.082499980926514,,18257200,16062800
2011-10-10,,23.229999542236328,4.137429237365723,,23.229999542236328,6.144999980926514,,24.25,6.255000114440918,,22.729999542236328,6.072500228881836,,23.790000915527344,6.167500019073486,,15257400,13271600
2011-10-11,,24.40999984741211,4.1946587562561035,,24.40999984741211,6.230000019073486,,24.43000030517578,6.239999771118164,,23.6299991607666,6.070000171661377,,24.190000534057617,6.132500171661377,,18739000,11053600
2011-10-12,,23.8799991607666,4.317536354064941,,23.8799991607666,6.412499904632568,,24.739999771118164,6.517499923706055,,23.649999618530273,6.227499961853027,,24.110000610351562,6.25,,24947500,24020400
2011-10-13,,23.610000610351562,4.245157241821289,,23.610000610351562,6.304999828338623,,23.739999771118164,6.412499904632568,,22.8799991607666,6.272500038146973,,23.360000610351562,6.352499961853027,,18026400,10555600
2011-10-14,,23.969999313354492,4.235058784484863,,23.969999313354492,6.289999961853027,,24.25,6.369999885559082,,23.43000030517578,6.232500076293945,,23.920000076293945,6.352499961853027,,14802400,11832000
2011-10-17,,22.399999618530273,4.080198287963867,,22.399999618530273,6.059999942779541,,23.799999237060547,6.292500019073486,,22.309999465942383,5.957499980926514,,23.75,6.284999847412109,,15452800,23942800
2011-10-18,,23.209999084472656,4.204759120941162,,23.209999084472656,6.244999885559082,,23.350000381469727,6.295000076293945,,22.200000762939453,6.039999961853027,,22.600000381469727,6.054999828338623,,15758900,14472400
2011-10-19,,22.309999465942383,4.186244010925293,,22.309999465942383,6.21750020980835,,23.329999923706055,6.252500057220459,,22.18000030517578,6.159999847412109,,23.229999542236328,6.21999979019165,,11262700,11357600
2011-10-20,,22.309999465942383,4.218225002288818,,22.309999465942383,6.264999866485596,,22.6299991607666,6.28000020980835,,21.8799991607666,6.170000076293945,,22.420000076293945,6.21750020980835,,11840700,7989600
2011-10-21,,22.770000457763672,4.214859485626221,,22.770000457763672,6.260000228881836,,22.989999771118164,6.474999904632568,,22.3799991607666,6.260000228881836,,22.639999389648438,6.347499847412109,,8611200,18337600
2011-10-24,,23.489999771118164,4.305755138397217,,23.489999771118164,6.394999980926514,,23.899999618530273,6.394999980926514,,22.809999465942383,6.215000152587891,,22.920000076293945,6.28249979019165,,12136300,18266000
2011-10-25,,22.270000457763672,4.309119701385498,,22.270000457763672,6.400000095367432,,23.469999313354492,6.510000228881836,,22.040000915527344,6.307499885559082,,23.469999313354492,6.349999904632568,,14703500,14421600
2011-10-26,,20.719999313354492,4.214859485626221,,20.719999313354492,6.260000228881836,,22.489999771118164,6.447500228881836,,20.59000015258789,6.237500190734863,,22.43000030517578,6.422500133514404,,36841200,17634000
2011-10-27,,21.280000686645508,4.361301898956299,,21.280000686645508,6.477499961853027,,21.530000686645508,6.512499809265137,,20.209999084472656,6.315000057220459,,21.469999313354492,6.442500114440918,,26044600,10923200
2011-10-28,,21.299999237060547,4.410116195678711,,21.299999237060547,6.550000190734863,,21.479999542236328,6.664999961853027,,20.719999313354492,6.460000038146973,,21.0,6.472499847412109,,12246400,12758000
2011-10-31,,20.200000762939453,4.304069995880127,,20.200000762939453,6.392499923706055,,21.190000534057617,6.534999847412109,,20.200000762939453,6.387499809265137,,21.15999984741211,6.505000114440918,,12667100,15808400
2011-11-01,,19.299999237060547,4.214859485626221,,19.299999237060547,6.260000228881836,,19.84000015258789,6.324999809265137,,19.0,6.130000114440918,,19.510000228881836,6.224999904632568,,23557800,15141600
2011-11-02,,18.90999984741211,4.224958896636963,,18.90999984741211,6.275000095367432,,19.670000076293945,6.347499847412109,,18.549999237060547,6.252500057220459,,19.559999465942383,6.3125,,31486400,13692400
2011-11-03,,18.850000381469727,4.347835540771484,,18.850000381469727,6.457499980926514,,19.040000915527344,6.465000152587891,,18.1299991607666,6.222499847412109,,18.920000076293945,6.320000171661377,,27604600,10368400
2011-11-04,,18.969999313354492,4.324270725250244,,18.969999313354492,6.422500133514404,,19.65999984741211,6.472499847412109,,18.549999237060547,6.369999885559082,,18.68000030517578,6.429999828338623,,27101200,10893200
2011-11-07,,18.889999389648438,4.283871650695801,,18.889999389648438,6.362500190734863,,19.309999465942383,6.445000171661377,,18.56999969482422,6.327499866485596,,18.940000534057617,6.427499771118164,,15721500,7739200
2011-11-08,,18.829999923706055,4.315854549407959,,18.829999923706055,6.409999847412109,,19.079999923706055,6.427499771118164,,18.56999969482422,6.28000020980835,,18.770000457763672,6.377500057220459,,13167500,7874000
2011-11-09,,18.049999237060547,4.1946587562561035,,18.049999237060547,6.230000019073486,,18.729999542236328,6.375,,18.020000457763672,6.21750020980835,,18.389999389648438,6.275000095367432,,16695000,7390400
2011-11-10,,17.579999923706055,4.140796184539795,,17.579999923706055,6.150000095367432,,18.219999313354492,6.297500133514404,,17.170000076293945,6.105000019073486,,18.1200008392334,6.297500133514404,,34744100,13498800
2011-11-11,,18.489999771118164,4.236741065979004,,18.489999771118164,6.292500019073486,,18.799999237060547,6.362500190734863,,17.700000762939453,6.179999828338623,,17.719999313354492,6.215000152587891,,24239200,9797200
2011-11-14,,18.290000915527344,4.147529125213623,,18.290000915527344,6.159999847412109,,18.989999771118164,6.210000038146973,,18.139999389648438,6.005000114440918,,18.579999923706055,6.210000038146973,,15280800,12884400
2011-11-15,,19.1299991607666,3.9657375812530518,,19.1299991607666,5.889999866485596,,19.579999923706055,6.127500057220459,,18.299999237060547,5.880000114440918,,18.309999465942383,6.125,,24729200,28351600
2011-11-16,,19.209999084472656,3.790679693222046,,19.209999084472656,5.630000114440918,,19.950000762939453,5.815000057220459,,19.170000076293945,5.559999942779541,,19.809999465942383,5.802499771118164,,26418700,46004000
2011-11-17,,18.649999618530273,3.6913676261901855,,18.649999618530273,5.482500076293945,,19.5,5.710000038146973,,18.350000381469727,5.4375,,19.389999389648438,5.550000190734863,,16589300,28222800
2011-11-18,,18.190000534057617,3.7805800437927246,,18.190000534057617,5.614999771118164,,18.8799991607666,5.699999809265137,,18.190000534057617,5.482500076293945,,18.729999542236328,5.502500057220459,,13729000,24363600
2011-11-21,,17.360000610351562,3.8243441581726074,,17.360000610351562,5.679999828338623,,17.670000076293945,5.735000133514404,,16.93000030517578,5.472499847412109,,17.540000915527344,5.517499923706055,,22015100,22012800
2011-11-22,,16.8700008392334,3.7755300998687744,,16.8700008392334,5.607500076293945,,17.309999465942383,5.684999942779541,,16.760000228881836,5.597499847412109,,17.18000030517578,5.65500020980835,,14268700,15705200
2011-11-23,,16.200000762939453,3.7216672897338867,,16.200000762939453,5.527500152587891,,16.850000381469727,5.590000152587891,,16.200000762939453,5.465000152587891,,16.709999084472656,5.572500228881836,,15263700,15152000
2011-11-25,,16.0,3.620671033859253,,16.0,5.377500057220459,,16.489999771118164,5.507500171661377,,15.979999542236328,5.364999771118164,,16.25,5.485000133514404,,6020400,7029200
2011-11-28,,16.479999542236328,3.7637479305267334,,16.479999542236328,5.590000152587891,,16.690000534057617,5.622499942779541,,16.25,5.510000228881836,,16.440000534057617,5.510000228881836,,13061500,13752000
2011-11-29,,17.3700008392334,3.829394817352295,,17.3700008392334,5.6875,,17.920000076293945,5.809999942779541,,17.010000228881836,5.625,,17.040000915527344,5.632500171661377,,25738400,19185200
2011-11-30,,17.860000610351562,3.891674757003784,,17.860000610351562,5.78000020980835,,18.09000015258789,5.855000019073486,,17.65999984741211,5.675000190734863,,17.989999771118164,5.817500114440918,,13697100,13308800
2011-12-01,,18.579999923706055,3.9320735931396484,,18.579999923706055,5.840000152587891,,18.770000457763672,5.877500057220459,,17.559999465942383,5.727499961853027,,17.889999389648438,5.775000095367432,,24864500,9447600
2011-12-02,,16.770000457763672,3.9085071086883545,,16.770000457763672,5.804999828338623,,17.579999923706055,5.962500095367432,,16.68000030517578,5.78249979019165,,17.459999084472656,5.932499885559082,,60093300,8672400
2011-12-05,,17.020000457763672,3.9859378337860107,,17.020000457763672,5.920000076293945,,17.040000915527344,5.927499771118164,,16.149999618530273,5.795000076293945,,16.360000610351562,5.862500190734863,,24513100,10777600
2011-12-06,,17.030000686645508,3.928706407546997,,17.030000686645508,5.835000038146973,,17.479999542236328,5.90749979019165,,16.950000762939453,5.832499980926514,,17.209999084472656,5.882500171661377,,16371800,8608400
2011-12-07,,16.639999389648438,3.9876201152801514,,16.639999389648438,5.922500133514404,,16.989999771118164,5.992499828338623,,16.510000228881836,5.78249979019165,,16.920000076293945,5.809999942779541,,15609500,14136800
2011-12-08,,16.329999923706055,3.967421531677246,,16.329999923706055,5.892499923706055,,16.899999618530273,5.960000038146973,,16.270000457763672,5.852499961853027,,16.5,5.889999866485596,,11884900,12201600
2011-12-09,,16.459999084472656,4.0734663009643555,,16.459999084472656,6.050000190734863,,16.56999969482422,6.077499866485596,,16.299999237060547,5.897500038146973,,16.329999923706055,5.897500038146973,,8636800,13990400
2011-12-12,,16.209999084472656,4.159311771392822,,16.209999084472656,6.177499771118164,,16.40999984741211,6.1875,,15.930000305175781,5.957499980926514,,16.309999465942383,6.022500038146973,,11732700,16758800
2011-12-13,,15.479999542236328,4.051583290100098,,15.479999542236328,6.017499923706055,,16.280000686645508,6.159999847412109,,15.319999694824219,5.992499828338623,,16.190000534057617,6.147500038146973,,24477900,16990800
2011-12-14,,15.079999923706055,3.9539546966552734,,15.079999923706055,5.872499942779541,,15.449999809265137,6.007500171661377,,14.800000190734863,5.852499961853027,,15.40999984741211,5.989999771118164,,27117900,13432000
2011-12-15,,15.130000114440918,3.9893031120300293,,15.130000114440918,5.925000190734863,,15.34000015258789,6.002500057220459,,14.800000190734863,5.90749979019165,,15.140000343322754,5.917500019073486,,38291100,13529200
2011-12-16,,13.4399995803833,3.928706407546997,,13.4399995803833,5.835000038146973,,13.739999771118164,5.980000019073486,,13.119999885559082,5.795000076293945,,13.199999809265137,5.954999923706055,,66627300,10618800
2011-12-19,,12.890000343322754,3.815929412841797,,12.890000343322754,5.667500019073486,,13.529999732971191,5.872499942779541,,12.800000190734863,5.659999847412109,,13.369999885559082,5.864999771118164,,17076600,8103200
2011-12-20,,12.520000457763672,3.9505889415740967,,12.520000457763672,5.867499828338623,,13.130000114440918,5.880000114440918,,12.449999809265137,5.764999866485596,,13.100000381469727,5.767499923706055,,46535800,7109600
2011-12-21,,13.779999732971191,3.9623711109161377,,13.779999732971191,5.885000228881836,,14.140000343322754,5.920000076293945,,13.260000228881836,5.804999828338623,,14.0,5.869999885559082,,75425400,5641600
2011-12-22,,14.0,4.004452228546143,,14.0,5.947500228881836,,14.130000114440918,6.019999980926514,,13.449999809265137,5.887499809265137,,13.529999732971191,5.912499904632568,,22590000,7314800
2011-12-23,,13.920000076293945,4.0263352394104,,13.920000076293945,5.980000019073486,,14.149999618530273,6.005000114440918,,13.779999732971191,5.934999942779541,,13.930000305175781,5.972499847412109,,11860900,6116400
2011-12-27,,14.869999885559082,4.0263352394104,,14.869999885559082,5.980000019073486,,15.0,6.0,,13.899999618530273,5.894999980926514,,13.949999809265137,5.96750020980835,,28872100,4909200
2011-12-28,,14.25,4.051583290100098,,14.25,6.017499923706055,,14.84000015258789,6.039999961853027,,14.220000267028809,5.934999942779541,,14.779999732971191,6.005000114440918,,21103200,7046000
2011-12-29,,14.34000015258789,4.098714828491211,,14.34000015258789,6.087500095367432,,14.359999656677246,6.09250020980835,,14.180000305175781,5.982500076293945,,14.239999771118164,6.012499809265137,,12242600,5242800
2011-12-30,,14.5,4.061682224273682,,14.5,6.03249979019165,,14.710000038146973,6.087500095367432,,14.350000381469727,6.03249979019165,,14.40999984741211,6.070000171661377,,16092100,4189200
2012-01-03,,15.510000228881836,4.004452228546143,,15.510000228881836,5.947500228881836,,15.859999656677246,6.147500038146973,,14.779999732971191,5.9375,,14.84000015258789,6.107500076293945,,37162900,10252800
2012-01-04,,15.079999923706055,4.061682224273682,,15.079999923706055,6.03249979019165,,15.520000457763672,6.045000076293945,,14.880000114440918,5.922500133514404,,15.470000267028809,5.9375,,17220500,8317600
2012-01-05,,15.050000190734863,4.251890182495117,,15.050000190734863,6.315000057220459,,15.289999961853027,6.320000171661377,,14.9399995803833,5.965000152587891,,14.989999771118164,5.997499942779541,,14915200,14776000
2012-01-06,,15.34000015258789,4.186244010925293,,15.34000015258789,6.21750020980835,,15.489999771118164,6.307499885559082,,15.079999923706055,6.175000190734863,,15.079999923706055,6.302499771118164,,13645100,15113600
2012-01-09,,15.510000228881836,4.0381178855896,,15.510000228881836,5.997499942779541,,15.600000381469727,6.175000190734863,,15.210000038146973,5.84499979019165,,15.390000343322754,6.164999961853027,,12986300,27824000
2012-01-10,,15.510000228881836,4.078516006469727,,15.510000228881836,6.057499885559082,,15.84000015258789,6.077499866485596,,15.479999542236328,5.862500190734863,,15.84000015258789,6.014999866485596,,8922700,15462400
2012-01-11,,15.609999656677246,4.103764057159424,,15.609999656677246,6.09499979019165,,15.6899995803833,6.125,,15.260000228881836,6.045000076293945,,15.5,6.045000076293945,,9322700,14062000
2012-01-12,,16.440000534057617,4.070099353790283,,16.440000534057617,6.045000076293945,,16.56999969482422,6.125,,15.5,6.005000114440918,,15.710000038146973,6.117499828338623,,33433000,12018400
2012-01-13,,16.170000076293945,3.957322359085083,,16.170000076293945,5.877500057220459,,16.739999771118164,6.0,,16.020000457763672,5.804999828338623,,16.450000762939453,5.997499942779541,,16700100,16946400
2012-01-17,,17.469999313354492,3.910191297531128,,17.469999313354492,5.807499885559082,,17.959999084472656,5.952499866485596,,16.079999923706055,5.775000095367432,,16.25,5.9375,,59539100,11883600
2012-01-18,,17.280000686645508,4.0431671142578125,,17.280000686645508,6.005000114440918,,17.31999969482422,6.014999866485596,,16.559999465942383,5.775000095367432,,16.59000015258789,5.815000057220459,,29498200,9771600
2012-01-19,,17.56999969482422,4.1811933517456055,,17.56999969482422,6.210000038146973,,17.84000015258789,6.222499847412109,,17.329999923706055,5.977499961853027,,17.399999618530273,5.977499961853027,,22594300,13097200
2012-01-20,,17.0,4.132378578186035,,17.0,6.137499809265137,,17.670000076293945,6.25,,16.8700008392334,6.125,,17.639999389648438,6.237500190734863,,18123400,10272800
2012-01-23,,15.5600004196167,4.167726993560791,,15.5600004196167,6.190000057220459,,16.40999984741211,6.21750020980835,,15.510000228881836,6.137499809265137,,16.350000381469727,6.137499809265137,,52383800,6712000
2012-01-24,,15.010000228881836,4.16604471206665,,15.010000228881836,6.1875,,15.25,6.210000038146973,,14.569999694824219,6.132500171661377,,15.25,6.164999961853027,,36227100,6417600
2012-01-25,,16.299999237060547,4.208126068115234,,16.299999237060547,6.25,,16.43000030517578,6.25,,14.930000305175781,6.097499847412109,,15.130000114440918,6.182499885559082,,46092500,10460400
2012-01-26,,16.260000228881836,4.157629013061523,,16.260000228881836,6.175000190734863,,16.770000457763672,6.207499980926514,,16.09000015258789,5.662499904632568,,16.459999084472656,6.207499980926514,,34825900,24179200
2012-01-27,,16.799999237060547,4.093664169311523,,16.799999237060547,6.079999923706055,,16.959999084472656,6.152500152587891,,16.3700008392334,6.074999809265137,,16.399999618530273,6.150000095367432,,20414500,13709200
2012-01-30,,17.020000457763672,3.9960365295410156,,17.020000457763672,5.934999942779541,,17.31999969482422,6.045000076293945,,16.389999389648438,5.862500190734863,,16.719999313354492,6.037499904632568,,26290900,21557600
2012-01-31,,16.6299991607666,3.9320735931396484,,16.6299991607666,5.840000152587891,,17.290000915527344,5.957499980926514,,16.440000534057617,5.807499885559082,,17.239999771118164,5.945000171661377,,19510600,17175200
2012-02-01,,16.700000762939453,3.923656463623047,,16.700000762939453,5.827499866485596,,16.940000534057617,5.925000190734863,,16.649999618530273,5.792500019073486,,16.90999984741211,5.860000133514404,,11651900,13552000
2012-02-02,,17.209999084472656,3.916923999786377,,17.209999084472656,5.817500114440918,,17.34000015258789,5.882500171661377,,16.65999984741211,5.804999828338623,,16.889999389648438,5.860000133514404,,20918500,13637600
2012-02-03,,16.8799991607666,3.97920298576355,,16.8799991607666,5.909999847412109,,17.280000686645508,5.949999809265137,,16.770000457763672,5.869999885559082,,16.979999542236328,5.877500057220459,,21193200,10115200
2012-02-06,,16.579999923706055,3.9404890537261963,,16.579999923706055,5.852499961853027,,16.780000686645508,5.914999961853027,,16.350000381469727,5.804999828338623,,16.75,5.900000095367432,,12775000,14635600
2012-02-07,,16.709999084472656,3.9943535327911377,,16.709999084472656,5.932499885559082,,16.979999542236328,5.942500114440918,,16.600000381469727,5.832499980926514,,16.739999771118164,5.832499980926514,,10742300,11467200
2012-02-08,,16.489999771118164,4.122280120849609,,16.489999771118164,6.122499942779541,,17.079999923706055,6.465000152587891,,16.440000534057617,6.037499904632568,,16.709999084472656,6.065000057220459,,16312500,34136000
2012-02-09,,15.899999618530273,4.0532660484313965,,15.899999618530273,6.019999980926514,,16.600000381469727,6.144999980926514,,15.8100004196167,6.0,,16.510000228881836,6.144999980926514,,16186300,15364800
2012-02-10,,15.4399995803833,3.851276159286499,,15.4399995803833,5.71999979019165,,15.779999732971191,5.902500152587891,,15.369999885559082,5.664999961853027,,15.65999984741211,5.872499942779541,,14815000,32256400
2012-02-13,,14.899999618530273,3.8613767623901367,,14.899999618530273,5.735000133514404,,15.739999771118164,5.764999866485596,,14.800000190734863,5.635000228881836,,15.710000038146973,5.752500057220459,,20326900,22461200
2012-02-14,,14.569999694824219,3.8681087493896484,,14.569999694824219,5.744999885559082,,14.970000267028809,5.75,,14.460000038146973,5.659999847412109,,14.770000457763672,5.71999979019165,,19377900,15697200
2012-02-15,,14.800000190734863,3.839493989944458,,14.800000190734863,5.702499866485596,,15.170000076293945,5.762499809265137,,14.609999656677246,5.697500228881836,,14.890000343322754,5.75,,22836100,14384400
2012-02-16,,15.390000343322754,3.903881311416626,,15.390000343322754,5.760000228881836,,15.449999809265137,5.795000076293945,,14.699999809265137,5.684999942779541,,14.819999694824219,5.684999942779541,,19366200,11904800
2012-02-17,,15.069999694824219,3.927602767944336,,15.069999694824219,5.795000076293945,,15.399999618530273,5.827499866485596,,14.979999542236328,5.75,,15.380000114440918,5.797500133514404,,14805900,7900000
2012-02-21,,14.880000114440918,3.9479360580444336,,14.880000114440918,5.824999809265137,,15.329999923706055,5.9375,,14.859999656677246,5.792500019073486,,15.270000457763672,5.832499980926514,,12086400,8568000
2012-02-22,,14.65999984741211,3.8920199871063232,,14.65999984741211,5.742499828338623,,15.0600004196167,5.869999885559082,,14.539999961853027,5.715000152587891,,15.029999732971191,5.84499979019165,,14014300,9381600
2012-02-23,,14.670000076293945,3.9462411403656006,,14.670000076293945,5.822500228881836,,14.899999618530273,5.894999980926514,,14.470000267028809,5.724999904632568,,14.699999809265137,5.737500190734863,,10260000,7327600
2012-02-24,,14.720000267028809,3.8513548374176025,,14.720000267028809,5.682499885559082,,14.970000267028809,5.829999923706055,,14.670000076293945,5.677499771118164,,14.729999542236328,5.804999828338623,,9799700,10578400
2012-02-27,,14.420000076293945,3.897103786468506,,14.420000076293945,5.75,,14.680000305175781,5.815000057220459,,14.369999885559082,5.672500133514404,,14.670000076293945,5.679999828338623,,13261600,8053600
2012-02-28,,14.5,3.9530181884765625,,14.5,5.832499980926514,,14.539999961853027,5.849999904632568,,14.1899995803833,5.727499961853027,,14.510000228881836,5.744999885559082,,9938300,9181200
2012-02-29,,14.170000076293945,3.859827756881714,,14.170000076293945,5.695000171661377,,14.770000457763672,5.857500076293945,,14.15999984741211,5.690000057220459,,14.550000190734863,5.840000152587891,,15654200,12888400
2012-03-01,,13.579999923706055,4.039431571960449,,13.579999923706055,5.960000038146973,,13.899999618530273,5.965000152587891,,13.4399995803833,5.71750020980835,,13.779999732971191,5.722499847412109,,25913900,19594000
2012-03-02,,13.789999961853027,4.044515609741211,,13.789999961853027,5.96750020980835,,13.880000114440918,6.067500114440918,,13.40999984741211,5.897500038146973,,13.609999656677246,5.960000038146973,,18068800,15591200
2012-03-05,,13.319999694824219,4.093653678894043,,13.319999694824219,6.039999961853027,,13.800000190734863,6.137499809265137,,13.109999656677246,5.900000095367432,,13.789999961853027,5.96750020980835,,15726000,20442400
2012-03-06,,13.130000114440918,4.030961036682129,,13.130000114440918,5.947500228881836,,13.40999984741211,5.997499942779541,,13.0,5.925000190734863,,13.029999732971191,5.960000038146973,,16502300,6191200
2012-03-07,,12.899999618530273,4.04959774017334,,12.899999618530273,5.974999904632568,,13.220000267028809,5.989999771118164,,12.829999923706055,5.922500133514404,,13.149999618530273,5.96999979019165,,18067300,9006400
2012-03-08,,13.199999809265137,4.1021246910095215,,13.199999809265137,6.052499771118164,,13.289999961853027,6.09250020980835,,12.869999885559082,5.992499828338623,,13.0,6.002500057220459,,12138500,13078400
2012-03-09,,13.579999923706055,4.04959774017334,,13.579999923706055,5.974999904632568,,13.59000015258789,6.03000020980835,,13.199999809265137,5.889999866485596,,13.239999771118164,5.982500076293945,,14318600,20076800
2012-03-12,,13.109999656677246,4.027572154998779,,13.109999656677246,5.942500114440918,,13.760000228881836,6.012499809265137,,13.0600004196167,5.889999866485596,,13.579999923706055,5.974999904632568,,19456200,8457200
2012-03-13,,13.489999771118164,4.030961036682129,,13.489999771118164,5.947500228881836,,13.520000457763672,6.017499923706055,,13.0600004196167,5.882500171661377,,13.149999618530273,6.017499923706055,,17569600,13164000
2012-03-14,,13.149999618530273,3.981823444366455,,13.149999618530273,5.875,,13.489999771118164,5.985000133514404,,13.100000381469727,5.832499980926514,,13.470000267028809,5.940000057220459,,13412600,13883200
2012-03-15,,13.449999809265137,4.03434944152832,,13.449999809265137,5.952499866485596,,13.75,5.952499866485596,,13.119999885559082,5.824999809265137,,13.180000305175781,5.875,,14937900,11116400
2012-03-16,,14.380000114440918,3.9919888973236084,,14.380000114440918,5.889999866485596,,14.420000076293945,5.974999904632568,,13.600000381469727,5.880000114440918,,13.729999542236328,5.965000152587891,,33023400,15375600
2012-03-19,,14.470000267028809,4.058070182800293,,14.470000267028809,5.987500190734863,,14.75,6.037499904632568,,14.289999961853027,5.889999866485596,,14.34000015258789,5.909999847412109,,20983300,14823600
2012-03-20,,14.109999656677246,4.068236827850342,,14.109999656677246,6.002500057220459,,14.25,6.077499866485596,,13.869999885559082,5.902500152587891,,14.25,5.992499828338623,,14215700,14239600
2012-03-21,,14.039999961853027,4.1800665855407715,,14.039999961853027,6.167500019073486,,14.170000076293945,6.1875,,13.779999732971191,6.0,,14.039999961853027,6.007500171661377,,15161700,17963600
2012-03-22,,13.779999732971191,3.9242141246795654,,13.779999732971191,5.789999961853027,,14.390000343322754,6.442500114440918,,13.65999984741211,5.75,,13.859999656677246,6.309999942779541,,16601200,44606800
2012-03-23,,13.65999984741211,4.002157211303711,,13.65999984741211,5.90500020980835,,14.069999694824219,5.940000057220459,,13.550000190734863,5.737500190734863,,13.649999618530273,5.822500228881836,,18046400,15335600
2012-03-26,,14.039999961853027,4.032655239105225,,14.039999961853027,5.949999809265137,,14.220000267028809,6.019999980926514,,13.5600004196167,5.880000114440918,,13.8100004196167,5.962500095367432,,17564700,12685600
2012-03-27,,13.890000343322754,4.025877952575684,,13.890000343322754,5.940000057220459,,14.270000457763672,5.992499828338623,,13.800000190734863,5.900000095367432,,13.960000038146973,5.972499847412109,,14578500,8856400
2012-03-28,,13.670000076293945,3.9801290035247803,,13.670000076293945,5.872499942779541,,13.9399995803833,5.940000057220459,,13.5,5.800000190734863,,13.859999656677246,5.932499885559082,,14376400,12501600
2012-03-29,,13.729999542236328,3.8276333808898926,,13.729999542236328,5.647500038146973,,13.789999961853027,5.914999961853027,,13.5,5.514999866485596,,13.550000190734863,5.802499771118164,,32002600,35629600
2012-03-30,,14.699999809265137,3.700554132461548,,14.699999809265137,5.460000038146973,,14.920000076293945,5.704999923706055,,13.699999809265137,5.454999923706055,,13.800000190734863,5.704999923706055,,87252700,19977200
2012-04-02,,14.369999885559082,3.805605888366699,,14.369999885559082,5.614999771118164,,14.989999771118164,5.662499904632568,,14.229999542236328,5.40749979019165,,14.670000076293945,5.434999942779541,,27089800,20012000
2012-04-03,,13.010000228881836,3.7344422340393066,,13.010000228881836,5.510000228881836,,14.430000305175781,5.684999942779541,,12.960000038146973,5.482500076293945,,14.359999656677246,5.622499942779541,,54180000,15712400
2012-04-04,,12.760000228881836,3.719191789627075,,12.760000228881836,5.487500190734863,,13.229999542236328,5.565000057220459,,12.619999885559082,5.429999828338623,,12.800000190734863,5.494999885559082,,29480500,11406000
2012-04-05,,12.670000076293945,3.681914806365967,,12.670000076293945,5.432499885559082,,13.050000190734863,5.527500152587891,,12.619999885559082,5.412499904632568,,12.84000015258789,5.457499980926514,,23115300,11237600
2012-04-09,,13.020000457763672,3.7022485733032227,,13.020000457763672,5.462500095367432,,13.300000190734863,5.519999980926514,,12.640000343322754,5.357500076293945,,12.869999885559082,5.387499809265137,,28678500,10108000
2012-04-10,,12.930000305175781,3.6293892860412598,,12.930000305175781,5.355000019073486,,13.350000381469727,5.487500190734863,,12.609999656677246,5.324999809265137,,13.050000190734863,5.440000057220459,,24829100,11930400
2012-04-11,,13.050000190734863,3.603973388671875,,13.050000190734863,5.317500114440918,,13.229999542236328,5.380000114440918,,12.65999984741211,5.235000133514404,,12.9399995803833,5.329999923706055,,17696700,19562000
2012-04-12,,13.350000381469727,3.653111219406128,,13.350000381469727,5.389999866485596,,13.40999984741211,5.427499771118164,,13.020000457763672,5.3125,,13.100000381469727,5.324999809265137,,12886500,8414800
2012-04-13,,12.890000343322754,3.597195863723755,,12.890000343322754,5.307499885559082,,13.380000114440918,5.375,,12.829999923706055,5.28000020980835,,13.300000190734863,5.375,,15039600,8956000
2012-04-16,,13.420000076293945,3.6768336296081543,,13.420000076293945,5.425000190734863,,13.529999732971191,5.452499866485596,,12.550000190734863,5.242499828338623,,12.9399995803833,5.324999809265137,,23676100,13710000
2012-04-17,,13.40999984741211,3.753079891204834,,13.40999984741211,5.537499904632568,,13.550000190734863,5.550000190734863,,12.979999542236328,5.449999809265137,,13.460000038146973,5.454999923706055,,25066300,16022400
2012-04-18,,13.199999809265137,3.776801586151123,,13.199999809265137,5.572500228881836,,13.460000038146973,5.59250020980835,,13.100000381469727,5.474999904632568,,13.289999961853027,5.512499809265137,,11177600,15372800
2012-04-19,,13.470000267028809,3.776801586151123,,13.470000267028809,5.572500228881836,,13.779999732971191,5.635000228881836,,13.199999809265137,5.53249979019165,,13.289999961853027,5.5625,,18428100,14128400
2012-04-20,,13.34000015258789,3.792050361633301,,13.34000015258789,5.59499979019165,,13.649999618530273,5.677499771118164,,13.279999732971191,5.552499771118164,,13.59000015258789,5.607500076293945,,11949200,12587200
2012-04-23,,13.079999923706055,3.7903568744659424,,13.079999923706055,5.59250020980835,,13.300000190734863,5.602499961853027,,12.779999732971191,5.460000038146973,,13.210000038146973,5.542500019073486,,15205200,11351200
2012-04-24,,13.25,3.775106906890869,,13.25,5.570000171661377,,13.3100004196167,5.647500038146973,,12.949999809265137,5.539999961853027,,13.039999961853027,5.590000152587891,,11177900,14316400
2012-04-25,,13.649999618530273,3.825939178466797,,13.649999618530273,5.644999980926514,,13.680000305175781,5.652500152587891,,13.3100004196167,5.559999942779541,,13.34000015258789,5.632500171661377,,13487800,8114000
2012-04-26,,14.140000343322754,3.825939178466797,,14.140000343322754,5.644999980926514,,14.430000305175781,5.697500228881836,,13.550000190734863,5.617499828338623,,13.600000381469727,5.635000228881836,,23222200,6651600
2012-04-27,,14.029999732971191,3.8428826332092285,,14.029999732971191,5.670000076293945,,14.220000267028809,5.690000057220459,,13.859999656677246,5.565000057220459,,14.210000038146973,5.690000057220459,,10856900,10965200
2012-04-30,,14.300000190734863,3.856438398361206,,14.300000190734863,5.690000057220459,,14.670000076293945,5.695000171661377,,13.949999809265137,5.559999942779541,,13.960000038146973,5.664999961853027,,15755800,6708400
2012-05-01,,13.479999542236328,3.8733818531036377,,13.479999542236328,5.715000152587891,,14.420000076293945,5.769999980926514,,13.4399995803833,5.602499961853027,,14.380000114440918,5.690000057220459,,26434300,12510000
2012-05-02,,12.800000190734863,3.858133316040039,,12.800000190734863,5.692500114440918,,13.5,5.712500095367432,,12.729999542236328,5.627500057220459,,13.489999771118164,5.672500133514404,,38795200,6326800
2012-05-03,,12.039999961853027,3.808995246887207,,12.039999961853027,5.619999885559082,,12.880000114440918,5.695000171661377,,11.920000076293945,5.492499828338623,,12.819999694824219,5.679999828338623,,32950500,10063600
2012-05-04,,12.010000228881836,3.698859691619873,,12.010000228881836,5.457499980926514,,12.140000343322754,5.625,,11.710000038146973,5.457499980926514,,12.010000228881836,5.59250020980835,,21298800,7302000
2012-05-07,,11.819999694824219,3.573474407196045,,11.819999694824219,5.272500038146973,,12.050000190734863,5.5,,11.739999771118164,5.262499809265137,,11.949999809265137,5.425000190734863,,15987900,11707600
2012-05-08,,12.010000228881836,3.5768632888793945,,12.010000228881836,5.277500152587891,,12.199999809265137,5.392499923706055,,11.670000076293945,5.175000190734863,,11.699999809265137,5.227499961853027,,18933600,17536000
2012-05-09,,11.90999984741211,3.5429749488830566,,11.90999984741211,5.227499961853027,,12.020000457763672,5.287499904632568,,11.75,5.175000190734863,,11.84000015258789,5.210000038146973,,10631500,16157600
2012-05-10,,11.800000190734863,3.5700855255126953,,11.800000190734863,5.267499923706055,,12.039999961853027,5.304999828338623,,11.710000038146973,5.21999979019165,,12.029999732971191,5.257500171661377,,18274100,10103600
2012-05-11,,11.800000190734863,3.4447007179260254,,11.800000190734863,5.082499980926514,,11.970000267028809,5.309999942779541,,11.609999656677246,5.042500019073486,,11.789999961853027,5.212500095367432,,11771800,20427200
2012-05-14,,11.800000190734863,3.5378918647766113,,11.800000190734863,5.21999979019165,,11.9399995803833,5.302499771118164,,11.550000190734863,5.017499923706055,,11.640000343322754,5.037499904632568,,12046700,12568800
2012-05-15,,11.100000381469727,3.493837833404541,,11.100000381469727,5.15500020980835,,11.890000343322754,5.224999904632568,,11.069999694824219,5.090000152587891,,11.779999732971191,5.195000171661377,,20735100,12344400
2012-05-16,,11.020000457763672,3.531113862991333,,11.020000457763672,5.210000038146973,,11.489999771118164,5.275000095367432,,11.0,5.172500133514404,,11.279999732971191,5.182499885559082,,15785400,13711600
2012-05-17,,11.380000114440918,3.1380157470703125,,11.380000114440918,4.630000114440918,,11.539999961853027,5.050000190734863,,11.020000457763672,4.614999771118164,,11.039999961853027,4.985000133514404,,15448300,48078800
2012-05-18,,10.989999771118164,3.2312066555023193,,10.989999771118164,4.767499923706055,,11.470000267028809,4.835000038146973,,10.890000343322754,4.53249979019165,,11.40999984741211,4.617499828338623,,12778500,19713200
2012-05-21,,11.5,3.2159571647644043,,11.5,4.744999885559082,,11.550000190734863,4.8125,,10.869999885559082,4.732500076293945,,10.979999542236328,4.769999980926514,,11183000,19206400
2012-05-22,,11.0600004196167,3.226123094558716,,11.0600004196167,4.760000228881836,,11.479999542236328,4.820000171661377,,10.970000267028809,4.737500190734863,,11.359999656677246,4.784999847412109,,12433800,14009200
2012-05-23,,11.09000015258789,3.2329013347625732,,11.09000015258789,4.769999980926514,,11.109999656677246,4.820000171661377,,10.800000190734863,4.670000076293945,,10.949999809265137,4.735000133514404,,8543500,22000000
2012-05-24,,10.710000038146973,3.2738895416259766,,10.710000038146973,4.792500019073486,,11.079999923706055,4.800000190734863,,10.569999694824219,4.6875,,11.0600004196167,4.772500038146973,,17137600,19172800
2012-05-25,,11.0,3.333662986755371,,11.0,4.880000114440918,,11.100000381469727,4.934999942779541,,10.649999618530273,4.804999828338623,,10.649999618530273,4.807499885559082,,11211400,12567200
2012-05-29,,11.229999542236328,3.3661110401153564,,11.229999542236328,4.927499771118164,,11.420000076293945,4.945000171661377,,10.880000114440918,4.824999809265137,,11.029999732971191,4.900000095367432,,20897500,10799200
2012-05-30,,10.350000381469727,3.357572317123413,,10.350000381469727,4.914999961853027,,10.520000457763672,5.284999847412109,,10.010000228881836,4.775000095367432,,10.0600004196167,4.877500057220459,,41275700,26932000
2012-05-31,,10.329999923706055,3.275596857070923,,10.329999923706055,4.795000076293945,,10.460000038146973,4.934999942779541,,10.239999771118164,4.747499942779541,,10.3100004196167,4.867499828338623,,10570600,11325600
2012-06-01,,10.260000228881836,3.2790117263793945,,10.260000228881836,4.800000190734863,,10.420000076293945,4.862500190734863,,10.050000190734863,4.664999961853027,,10.170000076293945,4.692500114440918,,18299900,14711600
2012-06-04,,9.65999984741211,3.2790117263793945,,9.65999984741211,4.800000190734863,,10.420000076293945,4.817500114440918,,9.569999694824219,4.710000038146973,,10.3100004196167,4.795000076293945,,24488100,14632400
2012-06-05,,9.989999771118164,3.337078094482422,,9.989999771118164,4.885000228881836,,10.1899995803833,4.90749979019165,,9.649999618530273,4.762499809265137,,9.649999618530273,4.775000095367432,,16781400,8927200
2012-06-06,,10.34000015258789,3.3046298027038574,,10.34000015258789,4.837500095367432,,10.359999656677246,4.945000171661377,,9.9399995803833,4.797500133514404,,10.069999694824219,4.917500019073486,,13654900,11188400
2012-06-07,,10.720000267028809,3.2106993198394775,,10.720000267028809,4.699999809265137,,10.880000114440918,4.90749979019165,,10.25,4.670000076293945,,10.3100004196167,4.875,,21816800,18900000
2012-06-08,,10.880000114440918,3.249979257583618,,10.880000114440918,4.757500171661377,,10.9399995803833,4.760000228881836,,10.5600004196167,4.672500133514404,,10.579999923706055,4.690000057220459,,16750900,9390800
2012-06-11,,10.359999656677246,3.121893882751465,,10.359999656677246,4.570000171661377,,11.09000015258789,4.857500076293945,,10.289999961853027,4.565000057220459,,11.039999961853027,4.795000076293945,,14875200,12740000
2012-06-12,,10.609999656677246,3.171419382095337,,10.609999656677246,4.642499923706055,,10.649999618530273,4.662499904632568,,10.289999961853027,4.537499904632568,,10.399999618530273,4.579999923706055,,9271900,16974400
2012-06-13,,10.670000076293945,3.092860698699951,,10.670000076293945,4.527500152587891,,11.010000228881836,4.667500019073486,,10.430000305175781,4.517499923706055,,10.4399995803833,4.610000133514404,,13627800,11235600
2012-06-14,,10.399999618530273,3.0296711921691895,,10.399999618530273,4.434999942779541,,10.59000015258789,4.5625,,10.010000228881836,4.347499847412109,,10.5,4.550000190734863,,18303000,34551200
2012-06-15,,10.890000343322754,3.045041561126709,,10.890000343322754,4.457499980926514,,10.920000076293945,4.477499961853027,,10.279999732971191,4.277500152587891,,10.350000381469727,4.362500190734863,,15654000,33386400
2012-06-18,,10.600000381469727,3.111646890640259,,10.600000381469727,4.554999828338623,,11.020000457763672,4.5625,,10.569999694824219,4.409999847412109,,10.65999984741211,4.460000038146973,,12850500,13329200
2012-06-19,,10.75,3.137263298034668,,10.75,4.59250020980835,,10.869999885559082,4.664999961853027,,10.5,4.565000057220459,,10.520000457763672,4.585000038146973,,11598000,14520800
2012-06-20,,10.329999923706055,3.0979833602905273,,10.329999923706055,4.534999847412109,,10.770000457763672,4.610000133514404,,10.1899995803833,4.53000020980835,,10.65999984741211,4.599999904632568,,15690500,9554000
2012-06-21,,10.069999694824219,2.9989302158355713,,10.069999694824219,4.389999866485596,,10.319999694824219,4.547500133514404,,10.029999732971191,4.377500057220459,,10.25,4.547500133514404,,10347700,11077200
2012-06-22,,9.859999656677246,3.0211312770843506,,9.859999656677246,4.422500133514404,,10.25,4.445000171661377,,9.789999961853027,4.369999885559082,,10.09000015258789,4.434999942779541,,16754100,14879600
2012-06-25,,9.109999656677246,2.9357407093048096,,9.109999656677246,4.297500133514404,,9.960000038146973,4.400000095367432,,9.010000228881836,4.275000095367432,,9.899999618530273,4.385000228881836,,36034800,10786400
2012-06-26,,8.970000267028809,2.9852676391601562,,8.970000267028809,4.369999885559082,,9.279999732971191,4.412499904632568,,8.829999923706055,4.297500133514404,,8.970000267028809,4.352499961853027,,25909800,8789600
2012-06-27,,9.180000305175781,3.043333053588867,,9.180000305175781,4.454999923706055,,9.270000457763672,4.465000152587891,,8.859999656677246,4.369999885559082,,8.859999656677246,4.382500171661377,,18205300,8732000
2012-06-28,,9.130000114440918,3.041625499725342,,9.130000114440918,4.452499866485596,,9.34000015258789,4.480000019073486,,8.869999885559082,4.382500171661377,,9.09000015258789,4.440000057220459,,27843500,6937200
2012-06-29,,7.389999866485596,3.13555645942688,,7.389999866485596,4.590000152587891,,7.980000019073486,4.612500190734863,,7.340000152587891,4.462500095367432,,7.78000020980835,4.514999866485596,,78494100,14131200
2012-07-02,,7.489999771118164,3.0706586837768555,,7.489999771118164,4.494999885559082,,7.570000171661377,4.622499942779541,,7.139999866485596,4.465000152587891,,7.53000020980835,4.610000133514404,,39124800,8324800
2012-07-03,,7.349999904632568,3.137263298034668,,7.349999904632568,4.59250020980835,,7.489999771118164,4.672500133514404,,7.269999980926514,4.477499961853027,,7.429999828338623,4.514999866485596,,15102500,5462400
2012-07-05,,7.690000057220459,3.120185375213623,,7.690000057220459,4.567500114440918,,7.829999923706055,4.662499904632568,,7.360000133514404,4.552499771118164,,7.380000114440918,4.582499980926514,,39034100,6496000
2012-07-06,,8.100000381469727,3.096275806427002,,8.100000381469727,4.53249979019165,,8.140000343322754,4.572500228881836,,7.570000171661377,4.5,,7.639999866485596,4.527500152587891,,45075000,6242400
2012-07-09,,7.670000076293945,2.9920992851257324,,7.670000076293945,4.380000114440918,,8.319999694824219,4.625,,7.639999866485596,4.3125,,7.989999771118164,4.570000171661377,,33029700,11924000
2012-07-10,,7.289999961853027,2.997222900390625,,7.289999961853027,4.387499809265137,,7.829999923706055,4.460000038146973,,7.199999809265137,4.372499942779541,,7.820000171661377,4.400000095367432,,41977500,7181200
2012-07-11,,7.400000095367432,2.9391562938690186,,7.400000095367432,4.302499771118164,,7.599999904632568,4.432499885559082,,7.309999942779541,4.300000190734863,,7.340000152587891,4.372499942779541,,18030600,10302400
2012-07-12,,7.420000076293945,2.920370578765869,,7.420000076293945,4.275000095367432,,7.480000019073486,4.3125,,7.070000171661377,4.224999904632568,,7.400000095367432,4.284999847412109,,12061300,8160400
2012-07-13,,7.25,2.8742587566375732,,7.25,4.207499980926514,,7.489999771118164,4.349999904632568,,7.210000038146973,4.179999828338623,,7.440000057220459,4.304999828338623,,11481700,11265200
2012-07-16,,7.0,2.8298559188842773,,7.0,4.142499923706055,,7.25,4.199999809265137,,6.889999866485596,4.090000152587891,,7.21999979019165,4.182499885559082,,26547600,11256400
2012-07-17,,6.920000076293945,2.858888626098633,,6.920000076293945,4.184999942779541,,7.050000190734863,4.202499866485596,,6.800000190734863,4.130000114440918,,7.050000190734863,4.15749979019165,,16659800,6441600
2012-07-18,,6.949999809265137,2.886214017868042,,6.949999809265137,4.224999904632568,,7.050000190734863,4.284999847412109,,6.849999904632568,4.15500020980835,,6.920000076293945,4.170000076293945,,11806300,7468000
2012-07-19,,6.960000038146973,2.8691353797912598,,6.960000038146973,4.199999809265137,,7.099999904632568,4.287499904632568,,6.929999828338623,4.1875,,7.019999980926514,4.247499942779541,,8518800,10988800
2012-07-20,,6.78000020980835,2.7837445735931396,,6.78000020980835,4.074999809265137,,6.96999979019165,4.21999979019165,,6.570000171661377,4.0625,,6.96999979019165,4.175000190734863,,19990300,7732400
2012-07-23,,6.860000133514404,2.7564194202423096,,6.860000133514404,4.034999847412109,,6.949999809265137,4.057499885559082,,6.559999942779541,3.9700000286102295,,6.75,4.03249979019165,,23850200,8456400
2012-07-24,,6.929999828338623,2.686399459838867,,6.929999828338623,3.932499885559082,,7.139999866485596,4.09250020980835,,6.849999904632568,3.867500066757202,,6.929999828338623,4.03000020980835,,20344100,15271200
2012-07-25,,6.809999942779541,2.6932308673858643,,6.809999942779541,3.942500114440918,,7.139999866485596,3.997499942779541,,6.78000020980835,3.9100000858306885,,7.010000228881836,3.9549999237060547,,12264800,10493600
2012-07-26,,6.96999979019165,2.727386713027954,,6.96999979019165,3.992500066757202,,7.119999885559082,4.014999866485596,,6.739999771118164,3.942500114440918,,6.889999866485596,3.997499942779541,,13222200,9646400
2012-07-27,,7.380000114440918,2.7564194202423096,,7.380000114440918,4.034999847412109,,7.429999828338623,4.087500095367432,,7.0,3.987499952316284,,7.099999904632568,4.025000095367432,,22023300,7937200
2012-07-30,,7.230000019073486,2.7359261512756348,,7.230000019073486,4.005000114440918,,7.670000076293945,4.059999942779541,,7.110000133514404,3.9674999713897705,,7.489999771118164,4.050000190734863,,18906000,7613600
2012-07-31,,7.150000095367432,2.7359261512756348,,7.150000095367432,4.005000114440918,,7.25,4.022500038146973,,7.059999942779541,3.9600000381469727,,7.190000057220459,3.992500066757202,,10818600,6473600
2012-08-01,,7.119999885559082,2.7444651126861572,,7.119999885559082,4.017499923706055,,7.389999866485596,4.597499847412109,,7.099999904632568,3.9749999046325684,,7.210000038146973,4.010000228881836,,22816500,30748800
2012-08-02,,6.949999809265137,2.689814329147339,,6.949999809265137,3.9375,,7.139999866485596,4.027500152587891,,6.800000190734863,3.8299999237060547,,7.119999885559082,3.987499952316284,,15563800,15403600
2012-08-03,,6.989999771118164,2.7154321670532227,,6.989999771118164,3.9749999046325684,,7.25,4.03000020980835,,6.880000114440918,3.9649999141693115,,7.099999904632568,3.984999895095825,,13234600,9270800
2012-08-06,,7.260000228881836,2.7342183589935303,,7.260000228881836,4.002500057220459,,7.340000152587891,4.09250020980835,,6.989999771118164,3.9700000286102295,,6.989999771118164,4.022500038146973,,11252500,10794000
2012-08-07,,7.309999942779541,2.8708431720733643,,7.309999942779541,4.202499866485596,,7.380000114440918,4.25,,7.159999847412109,3.997499942779541,,7.210000038146973,4.002500057220459,,11811700,11186400
2012-08-08,,7.619999885559082,2.8571810722351074,,7.619999885559082,4.182499885559082,,8.25,4.21750020980835,,7.329999923706055,4.167500019073486,,7.380000114440918,4.184999942779541,,57476500,5980000
2012-08-09,,7.800000190734863,2.8742587566375732,,7.800000190734863,4.207499980926514,,8.029999732971191,4.21999979019165,,7.46999979019165,4.130000114440918,,7.619999885559082,4.175000190734863,,28547800,6773200
2012-08-10,,8.289999961853027,3.0296711921691895,,8.289999961853027,4.434999942779541,,8.489999771118164,4.434999942779541,,8.020000457763672,4.15500020980835,,8.220000267028809,4.204999923706055,,34288200,18812000
2012-08-13,,8.069999694824219,3.055288314819336,,8.069999694824219,4.472499847412109,,8.390000343322754,4.712500095367432,,8.039999961853027,4.400000095367432,,8.319999694824219,4.630000114440918,,18212300,21730400
2012-08-14,,7.559999942779541,2.9511115550994873,,7.559999942779541,4.320000171661377,,8.09000015258789,4.522500038146973,,7.510000228881836,4.300000190734863,,8.079999923706055,4.492499828338623,,16336600,20002400
2012-08-15,,7.519999980926514,2.9118309020996094,,7.519999980926514,4.262499809265137,,7.739999771118164,4.409999847412109,,7.300000190734863,4.260000228881836,,7.650000095367432,4.322500228881836,,15444800,18440000
2012-08-16,,7.5,3.0706586837768555,,7.5,4.494999885559082,,7.699999809265137,4.565000057220459,,7.409999847412109,4.150000095367432,,7.53000020980835,4.324999809265137,,9688800,44530800
2012-08-17,,7.46999979019165,3.171419382095337,,7.46999979019165,4.642499923706055,,7.599999904632568,4.684999942779541,,7.420000076293945,4.440000057220459,,7.53000020980835,4.5,,8954000,24764000
2012-08-20,,7.349999904632568,3.3285388946533203,,7.349999904632568,4.872499942779541,,7.550000190734863,4.897500038146973,,7.300000190734863,4.627500057220459,,7.5,4.692500114440918,,10078400,27220800
2012-08-21,,7.159999847412109,3.3285388946533203,,7.159999847412109,4.872499942779541,,7.539999961853027,4.889999866485596,,7.099999904632568,4.727499961853027,,7.349999904632568,4.869999885559082,,14944300,20158400
2012-08-22,,7.070000171661377,3.2089920043945312,,7.070000171661377,4.697500228881836,,7.21999979019165,4.887499809265137,,6.96999979019165,4.652500152587891,,7.159999847412109,4.872499942779541,,11718100,18076400
2012-08-23,,7.070000171661377,3.2277774810791016,,7.070000171661377,4.724999904632568,,7.139999866485596,4.762499809265137,,6.940000057220459,4.697500228881836,,7.079999923706055,4.715000152587891,,11420300,10826000
2012-08-24,,6.940000057220459,3.187971591949463,,6.940000057220459,4.605000019073486,,7.039999961853027,4.6875,,6.889999866485596,4.572500228881836,,7.010000228881836,4.664999961853027,,10958800,12168800
2012-08-27,,7.070000171661377,3.141242027282715,,7.070000171661377,4.537499904632568,,7.289999961853027,4.630000114440918,,7.039999961853027,4.53249979019165,,7.289999961853027,4.625,,24237500,8438000
2012-08-28,,7.019999980926514,3.1395115852355957,,7.019999980926514,4.534999847412109,,7.159999847412109,4.572500228881836,,6.989999771118164,4.517499923706055,,7.119999885559082,4.545000076293945,,8722300,8153200
2012-08-29,,6.909999847412109,3.2208549976348877,,6.909999847412109,4.652500152587891,,7.039999961853027,4.675000190734863,,6.889999866485596,4.485000133514404,,7.010000228881836,4.547500133514404,,9407600,14051600
2012-08-30,,6.710000038146973,3.316044330596924,,6.710000038146973,4.789999961853027,,6.889999866485596,4.837500095367432,,6.710000038146973,4.630000114440918,,6.869999885559082,4.65749979019165,,12422600,13877200
2012-08-31,,6.690000057220459,3.3021981716156006,,6.690000057220459,4.769999980926514,,6.789999961853027,4.807499885559082,,6.610000133514404,4.724999904632568,,6.78000020980835,4.797500133514404,,12387200,15605600
2012-09-04,,6.650000095367432,3.532383680343628,,6.650000095367432,5.102499961853027,,6.690000057220459,5.170000076293945,,6.570000171661377,4.957499980926514,,6.659999847412109,4.962500095367432,,9693500,28348800
2012-09-05,,6.519999980926514,3.556612968444824,,6.519999980926514,5.137499809265137,,6.75,5.182499885559082,,6.380000114440918,5.087500095367432,,6.610000133514404,5.110000133514404,,7858000,17060000
2012-09-06,,6.71999979019165,3.6448793411254883,,6.71999979019165,5.264999866485596,,6.800000190734863,5.28000020980835,,6.329999923706055,5.112500190734863,,6.590000152587891,5.1875,,22312100,13804400
2012-09-07,,7.190000057220459,3.748721122741699,,7.190000057220459,5.414999961853027,,7.21999979019165,5.454999923706055,,6.670000076293945,5.257500171661377,,6.730000019073486,5.28000020980835,,23231000,13737600
2012-09-10,,7.150000095367432,3.7366063594818115,,7.150000095367432,5.397500038146973,,7.25,5.457499980926514,,7.0,5.324999809265137,,7.139999866485596,5.387499809265137,,14868100,13571200
2012-09-11,,7.460000038146973,3.7677595615386963,,7.460000038146973,5.442500114440918,,7.550000190734863,5.514999866485596,,7.119999885559082,5.369999885559082,,7.179999828338623,5.380000114440918,,17342600,12690000
2012-09-12,,7.420000076293945,3.819681167602539,,7.420000076293945,5.517499923706055,,7.599999904632568,5.537499904632568,,7.239999771118164,5.46750020980835,,7.539999961853027,5.46750020980835,,14702500,8313200
2012-09-13,,7.429999828338623,3.8733327388763428,,7.429999828338623,5.59499979019165,,7.590000152587891,5.632500171661377,,7.300000190734863,5.454999923706055,,7.380000114440918,5.517499923706055,,14791300,11631600
2012-09-14,,7.559999942779541,4.006598949432373,,7.559999942779541,5.787499904632568,,7.860000133514404,5.947500228881836,,7.429999828338623,5.619999885559082,,7.440000057220459,5.619999885559082,,21556300,15521600
2012-09-17,,7.25,3.857757329940796,,7.25,5.572500228881836,,7.460000038146973,5.769999980926514,,7.179999828338623,5.570000171661377,,7.389999866485596,5.769999980926514,,14519100,13833600
2012-09-18,,7.420000076293945,3.881986141204834,,7.420000076293945,5.607500076293945,,7.809999942779541,5.702499866485596,,7.150000095367432,5.539999961853027,,7.170000076293945,5.627500057220459,,35720600,7451200
2012-09-19,,7.210000038146973,3.9512157440185547,,7.210000038146973,5.707499980926514,,7.480000019073486,5.742499828338623,,7.179999828338623,5.574999809265137,,7.480000019073486,5.617499828338623,,15151800,11372800
2012-09-20,,6.909999847412109,3.9356400966644287,,6.909999847412109,5.684999942779541,,7.21999979019165,5.702499866485596,,6.900000095367432,5.570000171661377,,7.110000133514404,5.675000190734863,,14097400,7367600
2012-09-21,,6.460000038146973,3.859487295150757,,6.460000038146973,5.574999809265137,,6.840000152587891,5.739999771118164,,6.429999828338623,5.5625,,6.800000190734863,5.712500095367432,,47179100,13615600
2012-09-24,,6.309999942779541,3.8300657272338867,,6.309999942779541,5.53249979019165,,6.449999809265137,5.597499847412109,,6.21999979019165,5.465000152587891,,6.369999885559082,5.59499979019165,,20380000,11012000
2012-09-25,,6.599999904632568,3.613726854324341,,6.599999904632568,5.21999979019165,,6.710000038146973,5.527500152587891,,6.25,5.212500095367432,,6.369999885559082,5.525000095367432,,45954900,18663200
2012-09-26,,7.0,3.6552629470825195,,7.0,5.28000020980835,,7.090000152587891,5.309999942779541,,6.630000114440918,5.125,,6.840000152587891,5.232500076293945,,43862900,15690800
2012-09-27,,7.139999866485596,3.620649576187134,,7.139999866485596,5.230000019073486,,7.230000019073486,5.3125,,6.75,5.199999809265137,,7.199999809265137,5.287499904632568,,71975800,7704400
2012-09-28,,7.5,3.634495496749878,,7.5,5.25,,8.199999809265137,5.257500171661377,,7.460000038146973,5.137499809265137,,8.199999809265137,5.21750020980835,,139438500,12090400
2012-10-01,,7.860000133514404,3.6760330200195312,,7.860000133514404,5.309999942779541,,7.880000114440918,5.400000095367432,,7.269999980926514,5.295000076293945,,7.619999885559082,5.355000019073486,,52534300,10143600
2012-10-02,,8.270000457763672,3.691608428955078,,8.270000457763672,5.332499980926514,,8.4399995803833,5.369999885559082,,7.829999923706055,5.262499809265137,,7.900000095367432,5.304999828338623,,55091100,11360000
2012-10-03,,8.0600004196167,3.686415672302246,,8.0600004196167,5.324999809265137,,8.350000381469727,5.377500057220459,,8.0,5.307499885559082,,8.350000381469727,5.332499980926514,,27573900,8414400
2012-10-04,,8.229999542236328,3.871603012084961,,8.229999542236328,5.59250020980835,,8.270000457763672,5.617499828338623,,8.039999961853027,5.360000133514404,,8.130000114440918,5.364999771118164,,19958600,14410400
2012-10-05,,8.220000267028809,3.99448299407959,,8.220000267028809,5.769999980926514,,8.4399995803833,5.869999885559082,,8.180000305175781,5.597499847412109,,8.350000381469727,5.622499942779541,,15775700,16248000
2012-10-08,,8.239999771118164,4.023905277252197,,8.239999771118164,5.8125,,8.449999809265137,5.832499980926514,,8.100000381469727,5.707499980926514,,8.220000267028809,5.75,,12219700,11357600
2012-10-09,,7.800000190734863,4.151978015899658,,7.800000190734863,5.997499942779541,,8.109999656677246,6.122499942779541,,7.769999980926514,5.787499904632568,,8.0600004196167,5.824999809265137,,23247400,19618400
2012-10-10,,7.760000228881836,3.97371506690979,,7.760000228881836,5.739999771118164,,7.860000133514404,5.994999885559082,,7.579999923706055,5.707499980926514,,7.760000228881836,5.994999885559082,,19016500,14328800
2012-10-11,,7.909999847412109,3.9564080238342285,,7.909999847412109,5.715000152587891,,8.0,5.980000019073486,,7.769999980926514,5.707499980926514,,7.820000171661377,5.797500133514404,,11652000,16682800
2012-10-12,,7.800000190734863,3.9408304691314697,,7.800000190734863,5.692500114440918,,8.029999732971191,5.772500038146973,,7.71999979019165,5.647500038146973,,7.880000114440918,5.722499847412109,,13505600,9075600
2012-10-15,,7.800000190734863,3.9425621032714844,,7.800000190734863,5.695000171661377,,7.900000095367432,5.817500114440918,,7.710000038146973,5.672500133514404,,7.829999923706055,5.727499961853027,,9162500,7262400
2012-10-16,,7.829999923706055,3.9719839096069336,,7.829999923706055,5.737500190734863,,7.880000114440918,5.764999866485596,,7.71999979019165,5.695000171661377,,7.820000171661377,5.722499847412109,,11589300,5444000
2012-10-17,,7.989999771118164,3.970252752304077,,7.989999771118164,5.735000133514404,,8.079999923706055,5.755000114440918,,7.78000020980835,5.670000076293945,,7.800000190734863,5.744999885559082,,14365900,6500000
2012-10-18,,7.840000152587891,4.056788921356201,,7.840000152587891,5.860000133514404,,8.069999694824219,5.892499923706055,,7.829999923706055,5.695000171661377,,7.989999771118164,5.730000019073486,,16355600,9088000
2012-10-19,,7.760000228881836,4.001405715942383,,7.760000228881836,5.78000020980835,,7.900000095367432,5.892499923706055,,7.639999866485596,5.724999904632568,,7.880000114440918,5.840000152587891,,19095100,9161200
2012-10-22,,7.690000057220459,4.015251636505127,,7.690000057220459,5.800000190734863,,7.840000152587891,5.8125,,7.559999942779541,5.722499847412109,,7.78000020980835,5.764999866485596,,11932900,6562000
2012-10-23,,7.619999885559082,3.997946262359619,,7.619999885559082,5.775000095367432,,7.900000095367432,5.867499828338623,,7.460000038146973,5.644999980926514,,7.590000152587891,5.737500190734863,,15294900,10731200
2012-10-24,,7.519999980926514,4.0290985107421875,,7.519999980926514,5.820000171661377,,7.690000057220459,5.840000152587891,,7.5,5.65500020980835,,7.679999828338623,5.75,,9163800,11906400
2012-10-25,,7.710000038146973,4.10524845123291,,7.710000038146973,5.929999828338623,,7.769999980926514,5.997499942779541,,7.53000020980835,5.840000152587891,,7.639999866485596,5.849999904632568,,10854300,8462800
2012-10-26,,7.570000171661377,3.9806385040283203,,7.570000171661377,5.75,,7.789999961853027,5.925000190734863,,7.510000228881836,5.699999809265137,,7.699999809265137,5.917500019073486,,11489100,9349200
2012-10-31,,7.929999828338623,3.9512157440185547,,7.929999828338623,5.707499980926514,,8.0,5.809999942779541,,7.53000020980835,5.6875,,7.590000152587891,5.762499809265137,,13113900,7060400
2012-11-01,,8.699999809265137,4.0844807624816895,,8.699999809265137,5.900000095367432,,8.850000381469727,5.914999961853027,,8.010000228881836,5.695000171661377,,8.0600004196167,5.710000038146973,,39524200,6469200
2012-11-02,,8.710000038146973,4.120824813842773,,8.710000038146973,5.952499866485596,,8.90999984741211,5.985000133514404,,8.6899995803833,5.897500038146973,,8.84000015258789,5.897500038146973,,24117600,9767600
2012-11-05,,8.899999618530273,4.10524845123291,,8.899999618530273,5.929999828338623,,9.170000076293945,6.072500228881836,,8.739999771118164,5.914999961853027,,8.800000190734863,5.960000038146973,,28343600,7708400
2012-11-06,,9.0600004196167,4.139862537384033,,9.0600004196167,5.980000019073486,,9.079999923706055,6.03249979019165,,8.869999885559082,5.942500114440918,,9.010000228881836,5.972499847412109,,18275700,5580400
2012-11-07,,8.239999771118164,4.049865245819092,,8.239999771118164,5.849999904632568,,9.149999618530273,5.974999904632568,,8.229999542236328,5.807499885559082,,9.119999885559082,5.947500228881836,,35905800,7892400
2012-11-08,,8.199999809265137,3.8975636959075928,,8.199999809265137,5.630000114440918,,8.520000457763672,5.855000019073486,,8.140000343322754,5.514999866485596,,8.460000038146973,5.835000038146973,,16511200,11655200
2012-11-09,,8.539999961853027,3.8266048431396484,,8.539999961853027,5.527500152587891,,8.699999809265137,5.672500133514404,,8.199999809265137,5.352499961853027,,8.199999809265137,5.554999828338623,,20708700,13927200
2012-11-12,,8.8100004196167,3.9962148666381836,,8.8100004196167,5.772500038146973,,9.069999694824219,5.8125,,8.670000076293945,5.53249979019165,,9.050000190734863,5.534999847412109,,20674900,11094400
2012-11-13,,8.399999618530273,4.025633811950684,,8.399999618530273,5.815000057220459,,8.850000381469727,5.817500114440918,,8.3100004196167,5.587500095367432,,8.800000190734863,5.742499828338623,,22877800,13159200
2012-11-14,,8.489999771118164,4.063712120056152,,8.489999771118164,5.869999885559082,,8.670000076293945,6.0625,,8.380000114440918,5.800000190734863,,8.520000457763672,5.84499979019165,,15260800,25697200
2012-11-15,,8.789999961853027,4.2402448654174805,,8.789999961853027,6.125,,8.84000015258789,6.21999979019165,,8.470000267028809,5.75,,8.470000267028809,6.005000114440918,,19957600,43767600
2012-11-16,,9.199999809265137,4.421969413757324,,9.199999809265137,6.387499809265137,,9.300000190734863,6.40500020980835,,8.529999732971191,6.162499904632568,,8.850000381469727,6.162499904632568,,35216100,29376000
2012-11-19,,9.59000015258789,4.486005783081055,,9.59000015258789,6.480000019073486,,9.800000190734863,6.554999828338623,,9.029999732971191,6.324999809265137,,9.149999618530273,6.46750020980835,,42524400,23256000
2012-11-20,,9.710000038146973,4.5811944007873535,,9.710000038146973,6.617499828338623,,10.039999961853027,6.619999885559082,,9.569999694824219,6.442500114440918,,10.020000457763672,6.487500190734863,,49958400,11994400
2012-11-21,,10.260000228881836,4.686769485473633,,10.260000228881836,6.769999980926514,,10.350000381469727,6.789999961853027,,9.619999885559082,6.565000057220459,,9.65999984741211,6.607500076293945,,39520700,22854400
2012-11-23,,11.65999984741211,4.685037612915039,,11.65999984741211,6.767499923706055,,11.859999656677246,7.0,,11.260000228881836,6.737500190734863,,11.600000381469727,6.832499980926514,,74491400,10151600
2012-11-26,,11.979999542236328,4.685037612915039,,11.979999542236328,6.704999923706055,,12.140000343322754,6.747499942779541,,11.4399995803833,6.602499961853027,,11.960000038146973,6.707499980926514,,87527400,9468400
2012-11-27,,10.720000267028809,4.660581588745117,,10.720000267028809,6.670000076293945,,12.0,6.880000114440918,,10.710000038146973,6.662499904632568,,11.979999542236328,6.712500095367432,,84235200,12588400
2012-11-28,,11.100000381469727,4.618657112121582,,11.100000381469727,6.610000133514404,,11.260000228881836,6.6875,,10.199999809265137,6.559999942779541,,10.3100004196167,6.662499904632568,,53958900,14475600
2012-11-29,,11.539999961853027,4.578479290008545,,11.539999961853027,6.552499771118164,,12.300000190734863,6.670000076293945,,11.369999885559082,6.462500095367432,,12.279999732971191,6.642499923706055,,85005500,10922800
2012-11-30,,11.600000381469727,4.585465908050537,,11.600000381469727,6.5625,,11.84000015258789,6.642499923706055,,11.380000114440918,6.517499923706055,,11.649999618530273,6.579999923706055,,35486800,10282000
2012-12-03,,11.600000381469727,4.512099266052246,,11.600000381469727,6.457499980926514,,11.819999694824219,6.614999771118164,,11.25,6.447500228881836,,11.390000343322754,6.612500190734863,,38289200,9694400
2012-12-04,,11.5600004196167,4.520834445953369,,11.5600004196167,6.46999979019165,,11.729999542236328,6.559999942779541,,11.4399995803833,6.394999980926514,,11.59000015258789,6.457499980926514,,21189500,14253200
2012-12-05,,11.9399995803833,4.536554336547852,,11.9399995803833,6.492499828338623,,12.119999885559082,6.579999923706055,,11.470000267028809,6.349999904632568,,11.619999885559082,6.452499866485596,,32036200,11141200
2012-12-06,,11.890000343322754,4.653594493865967,,11.890000343322754,6.659999847412109,,12.180000305175781,6.730000019073486,,11.619999885559082,6.497499942779541,,12.010000228881836,6.502500057220459,,33156700,9926800
2012-12-07,,12.010000228881836,4.768887519836426,,12.010000228881836,6.824999809265137,,12.130000114440918,6.855000019073486,,11.75,6.642499923706055,,11.850000381469727,6.672500133514404,,24527000,10037200
2012-12-10,,11.880000114440918,4.793342113494873,,11.880000114440918,6.860000133514404,,12.119999885559082,6.887499809265137,,11.65999984741211,6.747499942779541,,11.979999542236328,6.835000038146973,,24329200,10475600
2012-12-11,,12.600000381469727,4.8405070304870605,,12.600000381469727,6.927499771118164,,12.670000076293945,6.957499980926514,,11.880000114440918,6.84250020980835,,11.960000038146973,6.860000133514404,,43231600,9984800
2012-12-12,,13.3100004196167,4.861469268798828,,13.3100004196167,6.957499980926514,,13.34000015258789,7.047500133514404,,12.359999656677246,6.932499885559082,,12.609999656677246,6.952499866485596,,63731100,11078000
2012-12-13,,13.859999656677246,4.823038578033447,,13.859999656677246,6.902500152587891,,14.15999984741211,7.087500095367432,,13.420000076293945,6.864999771118164,,13.449999809265137,6.957499980926514,,82171300,17790000
2012-12-14,,14.039999961853027,4.805569171905518,,14.039999961853027,6.877500057220459,,14.210000038146973,6.96999979019165,,13.529999732971191,6.769999980926514,,13.859999656677246,6.769999980926514,,53970900,10138000
2012-12-17,,13.930000305175781,4.807316780090332,,13.930000305175781,6.880000114440918,,14.199999809265137,6.920000076293945,,13.65999984741211,6.829999923706055,,14.149999618530273,6.897500038146973,,44063800,9475200
2012-12-18,,13.720000267028809,4.8422532081604,,13.720000267028809,6.929999828338623,,13.880000114440918,6.960000038146973,,13.279999732971191,6.852499961853027,,13.75,6.957499980926514,,39727800,13050400
2012-12-19,,13.630000114440918,4.812557697296143,,13.630000114440918,6.887499809265137,,13.890000343322754,7.0,,13.520000457763672,6.769999980926514,,13.550000190734863,6.949999809265137,,26795900,17166000
2012-12-20,,14.119999885559082,4.564504623413086,,14.119999885559082,6.53249979019165,,14.130000114440918,6.864999771118164,,13.529999732971191,6.472499847412109,,13.640000343322754,6.84499979019165,,49596800,17246400
2012-12-21,,10.90999984741211,4.466682434082031,,10.90999984741211,6.392499923706055,,12.390000343322754,6.527500152587891,,10.90999984741211,6.327499866485596,,11.84000015258789,6.46750020980835,,149196000,14838000
2012-12-24,,10.609999656677246,4.468428134918213,,10.609999656677246,6.394999980926514,,10.979999542236328,6.457499980926514,,10.59000015258789,6.375,,10.720000267028809,6.397500038146973,,28912100,2161600
2012-12-26,,11.829999923706055,4.347895622253418,,11.829999923706055,6.222499847412109,,12.029999732971191,6.53249979019165,,10.65999984741211,6.15500020980835,,10.789999961853027,6.420000076293945,,70807700,8402400
2012-12-27,,11.760000228881836,4.3094658851623535,,11.760000228881836,6.167500019073486,,12.15999984741211,6.25,,11.5,5.980000019073486,,12.0600004196167,6.230000019073486,,51026900,9706800
2012-12-28,,11.789999961853027,4.285009860992432,,11.789999961853027,6.132500171661377,,12.100000381469727,6.182499885559082,,11.569999694824219,6.079999923706055,,11.699999809265137,6.125,,28917100,5726000
2012-12-31,,11.869999885559082,4.3828325271606445,,11.869999885559082,6.272500038146973,,11.970000267028809,6.289999961853027,,11.670000076293945,6.074999809265137,,11.829999923706055,6.097499847412109,,25606900,8393600
2013-01-02,,11.720000267028809,4.4824042320251465,,11.720000267028809,6.414999961853027,,12.369999885559082,6.46750020980835,,11.640000343322754,6.247499942779541,,12.319999694824219,6.394999980926514,,29400600,19592400
2013-01-03,,11.470000267028809,4.255314350128174,,11.470000267028809,6.090000152587891,,11.84000015258789,6.422500133514404,,11.399999618530273,5.980000019073486,,11.800000190734863,6.394999980926514,,25866100,42571200
2013-01-04,,11.949999809265137,4.332174777984619,,11.949999809265137,6.199999809265137,,12.029999732971191,6.292500019073486,,11.4399995803833,6.090000152587891,,11.640000343322754,6.105000019073486,,30667000,16160000
2013-01-07,,11.949999809265137,4.3234405517578125,,11.949999809265137,6.1875,,12.140000343322754,6.230000019073486,,11.720000267028809,5.96750020980835,,12.079999923706055,6.164999961853027,,21292900,15935600
2013-01-08,,11.90999984741211,4.05093240737915,,11.90999984741211,5.797500133514404,,12.239999771118164,5.989999771118164,,11.739999771118164,5.664999961853027,,11.989999771118164,5.732500076293945,,33655500,44524800
2013-01-09,,11.479999542236328,3.9496161937713623,,11.479999542236328,5.652500152587891,,12.020000457763672,5.829999923706055,,11.460000038146973,5.630000114440918,,11.9399995803833,5.78000020980835,,23609900,17327600
2013-01-10,,11.920000076293945,3.9810585975646973,,11.920000076293945,5.697500228881836,,11.979999542236328,5.71999979019165,,11.609999656677246,5.599999904632568,,11.850000381469727,5.702499866485596,,24542500,15601200
2013-01-11,,13.5600004196167,4.061413764953613,,13.5600004196167,5.8125,,13.600000381469727,5.8125,,11.680000305175781,5.574999809265137,,11.729999542236328,5.670000076293945,,111026800,21068400
2013-01-14,,14.949999809265137,4.019489765167236,,14.949999809265137,5.752500057220459,,15.09000015258789,5.840000152587891,,13.899999618530273,5.712500095367432,,13.949999809265137,5.797500133514404,,143607300,14018800
2013-01-15,,14.479999542236328,4.04569149017334,,14.479999542236328,5.789999961853027,,15.0600004196167,5.795000076293945,,14.239999771118164,5.6875,,14.899999618530273,5.724999904632568,,59086400,11430000
2013-01-16,,14.739999771118164,4.029969692230225,,14.739999771118164,5.767499923706055,,15.359999656677246,5.829999923706055,,14.649999618530273,5.744999885559082,,14.75,5.78249979019165,,67643400,10560000
2013-01-17,,14.90999984741211,4.103338241577148,,14.90999984741211,5.872499942779541,,14.920000076293945,5.942500114440918,,14.460000038146973,5.789999961853027,,14.890000343322754,5.807499885559082,,38902900,10398400
2013-01-18,,15.84000015258789,4.066655158996582,,15.84000015258789,5.820000171661377,,15.9399995803833,5.885000228881836,,15.34000015258789,5.797500133514404,,15.859999656677246,5.882500171661377,,71198300,8466000
2013-01-22,,17.899999618530273,4.073641300201416,,17.899999618530273,5.829999923706055,,17.899999618530273,5.860000133514404,,16.899999618530273,5.787499904632568,,17.06999969482422,5.837500095367432,,110834000,7628400
2013-01-23,,17.350000381469727,4.043946266174316,,17.350000381469727,5.787499904632568,,18.079999923706055,5.872499942779541,,17.15999984741211,5.747499942779541,,17.8700008392334,5.832499980926514,,75614300,7164800
2013-01-24,,17.739999771118164,4.099844932556152,,17.739999771118164,5.867499828338623,,18.31999969482422,5.885000228881836,,16.329999923706055,5.777500152587891,,16.579999923706055,5.797500133514404,,107804000,9199200
2013-01-25,,17.540000915527344,4.1417694091796875,,17.540000915527344,5.927499771118164,,18.239999771118164,5.945000171661377,,17.399999618530273,5.849999904632568,,18.09000015258789,5.897500038146973,,57585500,8050400
2013-01-28,,16.18000030517578,4.153996467590332,,16.18000030517578,5.945000171661377,,17.889999389648438,5.949999809265137,,16.030000686645508,5.882500171661377,,17.81999969482422,5.9375,,88895700,6575600
2013-01-29,,15.65999984741211,4.195920467376709,,15.65999984741211,6.005000114440918,,16.0,6.054999828338623,,14.680000305175781,5.862500190734863,,15.920000076293945,5.912499904632568,,106906200,9616400
2013-01-30,,13.779999732971191,4.12954044342041,,13.779999732971191,5.909999847412109,,16.6200008392334,6.047500133514404,,13.720000267028809,5.894999980926514,,16.079999923706055,5.997499942779541,,224097000,8915600
2013-01-31,,12.979999542236328,4.052679538726807,,12.979999542236328,5.800000190734863,,13.350000381469727,5.925000190734863,,12.149999618530273,5.642499923706055,,12.449999809265137,5.914999961853027,,111855800,20644000
2013-02-01,,13.029999732971191,4.312958717346191,,13.029999732971191,6.172500133514404,,13.550000190734863,6.202499866485596,,12.149999618530273,5.864999771118164,,13.449999809265137,6.072500228881836,,59354800,17624800
2013-02-04,,14.979999542236328,4.410783290863037,,14.979999542236328,6.3125,,15.010000228881836,6.425000190734863,,13.520000457763672,6.082499980926514,,13.710000038146973,6.150000095367432,,82670900,17586400
2013-02-05,,16.020000457763672,4.683290481567383,,16.020000457763672,6.702499866485596,,16.889999389648438,6.752500057220459,,15.529999732971191,6.304999828338623,,15.789999961853027,6.324999809265137,,127576800,23107200
2013-02-06,,16.049999237060547,4.402048110961914,,16.049999237060547,6.300000190734863,,16.540000915527344,6.307499885559082,,15.279999732971191,5.9375,,15.520000457763672,6.239999771118164,,100512100,39911200
2013-02-07,,16.959999084472656,4.438732624053955,,16.959999084472656,6.352499961853027,,16.979999542236328,6.362500190734863,,16.200000762939453,6.230000019073486,,16.68000030517578,6.284999847412109,,75845700,11059600
2013-02-08,,16.489999771118164,4.552276611328125,,16.489999771118164,6.514999866485596,,17.219999313354492,6.5625,,16.440000534057617,6.385000228881836,,17.149999618530273,6.389999866485596,,61324600,13020800
2013-02-11,,15.729999542236328,4.576733112335205,,15.729999542236328,6.550000190734863,,16.18000030517578,6.644999980926514,,15.289999961853027,6.497499942779541,,15.720000267028809,6.539999961853027,,60717500,11470400
2013-02-12,,15.199999809265137,4.515592575073242,,15.199999809265137,6.462500095367432,,16.06999969482422,6.574999809265137,,15.149999618530273,6.349999904632568,,15.470000267028809,6.572500228881836,,44203400,13946800
2013-02-13,,13.989999771118164,4.547036647796631,,13.989999771118164,6.507500171661377,,15.390000343322754,6.5625,,13.8100004196167,6.422500133514404,,15.100000381469727,6.489999771118164,,77515100,10458400
2013-02-14,,15.069999694824219,4.498124599456787,,15.069999694824219,6.4375,,15.15999984741211,6.534999847412109,,12.9399995803833,6.427499771118164,,13.199999809265137,6.477499961853027,,112596700,6522800
2013-02-15,,14.15999984741211,4.4317450523376465,,14.15999984741211,6.34250020980835,,15.489999771118164,6.502500057220459,,13.960000038146973,6.284999847412109,,15.300000190734863,6.502500057220459,,92805500,12339200
2013-02-19,,14.359999656677246,4.454453945159912,,14.359999656677246,6.375,,14.819999694824219,6.385000228881836,,14.170000076293945,6.139999866485596,,14.25,6.309999942779541,,46121000,13305200
2013-02-20,,13.710000038146973,4.424757957458496,,13.710000038146973,6.332499980926514,,14.380000114440918,6.497499942779541,,13.649999618530273,6.317500114440918,,13.989999771118164,6.40500020980835,,55153100,9223600
2013-02-21,,13.880000114440918,4.3199462890625,,13.880000114440918,6.182499885559082,,14.050000190734863,6.462500095367432,,13.350000381469727,6.025000095367432,,13.9399995803833,6.427499771118164,,49801500,16028800
2013-02-22,,13.180000305175781,4.335669040679932,,13.180000305175781,6.204999923706055,,13.979999542236328,6.287499904632568,,13.039999961853027,6.152500152587891,,13.8100004196167,6.227499961853027,,42572100,10165600
2013-02-25,,13.25,4.298984050750732,,13.25,6.152500152587891,,13.760000228881836,6.300000190734863,,13.050000190734863,6.152500152587891,,13.65999984741211,6.272500038146973,,35725200,6154800
2013-02-26,,13.0600004196167,4.330427169799805,,13.0600004196167,6.197500228881836,,13.449999809265137,6.304999828338623,,12.5600004196167,5.945000171661377,,13.34000015258789,6.192500114440918,,51689800,10722000
2013-02-27,,13.25,4.409036159515381,,13.25,6.309999942779541,,13.680000305175781,6.347499847412109,,12.75,6.15749979019165,,12.930000305175781,6.177499771118164,,38537000,13807200
2013-02-28,,13.359999656677246,4.377593040466309,,13.359999656677246,6.264999866485596,,13.789999961853027,6.414999961853027,,12.9399995803833,6.262499809265137,,13.149999618530273,6.329999923706055,,43004000,10794400
2013-03-01,,13.260000228881836,4.247774600982666,,13.260000228881836,6.012499809265137,,13.779999732971191,6.212500095367432,,13.029999732971191,5.987500190734863,,13.4399995803833,6.159999847412109,,39291800,14103600
2013-03-04,,12.8100004196167,4.1576972007751465,,12.8100004196167,5.885000228881836,,13.279999732971191,6.017499923706055,,12.760000228881836,5.840000152587891,,13.199999809265137,5.989999771118164,,26847900,13199200
2013-03-05,,12.579999923706055,4.291930198669434,,12.579999923706055,6.074999809265137,,12.920000076293945,6.090000152587891,,12.550000190734863,5.917500019073486,,12.859999656677246,5.945000171661377,,27086200,13888000
2013-03-06,,13.350000381469727,4.3113603591918945,,13.350000381469727,6.102499961853027,,13.5600004196167,6.190000057220459,,12.5600004196167,6.025000095367432,,12.65999984741211,6.142499923706055,,49755000,8697600
2013-03-07,,13.220000267028809,4.334320545196533,,13.220000267028809,6.135000228881836,,13.550000190734863,6.190000057220459,,12.979999542236328,6.045000076293945,,13.460000038146973,6.09250020980835,,27168300,5027600
2013-03-08,,13.0600004196167,4.357280731201172,,13.0600004196167,6.167500019073486,,13.529999732971191,6.244999885559082,,13.020000457763672,6.074999809265137,,13.529999732971191,6.167500019073486,,21945800,5762400
2013-03-11,,14.899999618530273,4.461489200592041,,14.899999618530273,6.315000057220459,,14.920000076293945,6.317500114440918,,13.0,6.090000152587891,,13.130000114440918,6.164999961853027,,92815900,8355600
2013-03-12,,14.470000267028809,4.5003461837768555,,14.470000267028809,6.369999885559082,,15.390000343322754,6.385000228881836,,14.039999961853027,6.25,,15.220000267028809,6.317500114440918,,84606100,6461200
2013-03-13,,15.649999618530273,4.530371189117432,,15.649999618530273,6.412499904632568,,15.699999809265137,6.465000152587891,,14.109999656677246,6.352499961853027,,14.170000076293945,6.357500076293945,,82044100,5648400
2013-03-14,,15.0600004196167,4.487981796264648,,15.0600004196167,6.352499961853027,,16.010000228881836,6.425000190734863,,15.039999961853027,6.28000020980835,,15.819999694824219,6.425000190734863,,96029000,6496000
2013-03-15,,14.979999542236328,4.495046138763428,,14.979999542236328,6.362500190734863,,15.270000457763672,6.369999885559082,,14.800000190734863,6.239999771118164,,15.140000343322754,6.332499980926514,,39219000,10422800
2013-03-18,,15.020000457763672,4.5427350997924805,,15.020000457763672,6.429999828338623,,15.59000015258789,6.449999809265137,,14.649999618530273,6.292500019073486,,14.789999961853027,6.292500019073486,,51108500,5818000
2013-03-19,,15.029999732971191,4.4579572677612305,,15.029999732971191,6.309999942779541,,15.300000190734863,6.445000171661377,,14.859999656677246,6.222499847412109,,15.119999885559082,6.445000171661377,,27680400,5177200
2013-03-20,,16.0,4.495046138763428,,16.0,6.362500190734863,,16.440000534057617,6.380000114440918,,15.670000076293945,6.260000228881836,,15.949999809265137,6.347499847412109,,84106500,7318400
2013-03-21,,16.15999984741211,4.4579572677612305,,16.15999984741211,6.309999942779541,,16.479999542236328,6.417500019073486,,15.949999809265137,6.252500057220459,,15.970000267028809,6.337500095367432,,46990300,7572000
2013-03-22,,14.90999984741211,4.532138347625732,,14.90999984741211,6.414999961853027,,16.81999969482422,6.447500228881836,,14.640000343322754,6.269999980926514,,16.43000030517578,6.335000038146973,,123949500,4812800
2013-03-25,,14.229999542236328,4.482684135437012,,14.229999542236328,6.34499979019165,,14.619999885559082,6.542500019073486,,13.640000343322754,6.302499771118164,,13.970000267028809,6.452499866485596,,78015800,8667600
2013-03-26,,14.460000038146973,4.655772686004639,,14.460000038146973,6.590000152587891,,14.729999542236328,6.599999904632568,,14.25,6.357500076293945,,14.569999694824219,6.40749979019165,,36076800,14184000
2013-03-27,,14.569999694824219,4.6716694831848145,,14.569999694824219,6.612500190734863,,14.920000076293945,6.667500019073486,,14.300000190734863,6.534999847412109,,14.569999694824219,6.570000171661377,,50966700,12135200
2013-03-28,,14.449999809265137,4.940135478973389,,14.449999809265137,6.992499828338623,,15.550000190734863,7.167500019073486,,14.140000343322754,6.3125,,15.180000305175781,6.3125,,107118000,39372800
2013-04-01,,15.109999656677246,5.256289958953857,,15.109999656677246,7.440000057220459,,15.359999656677246,7.517499923706055,,14.289999961853027,6.982500076293945,,14.65999984741211,7.0,,57405400,28086000
2013-04-02,,15.140000343322754,5.341069221496582,,15.140000343322754,7.559999942779541,,15.470000267028809,7.585000038146973,,15.039999961853027,7.264999866485596,,15.199999809265137,7.434999942779541,,31329600,16349200
2013-04-03,,15.029999732971191,5.342835426330566,,15.029999732971191,7.5625,,15.25,7.652500152587891,,14.609999656677246,7.5,,15.0,7.567500114440918,,39206200,18020400
2013-04-04,,14.989999771118164,5.279252052307129,,14.989999771118164,7.472499847412109,,15.3100004196167,7.775000095367432,,14.920000076293945,7.372499942779541,,15.09000015258789,7.552499771118164,,27401500,17995200
2013-04-05,,14.699999809265137,5.291615009307861,,14.699999809265137,7.489999771118164,,14.9399995803833,7.517499923706055,,14.5600004196167,7.327499866485596,,14.760000228881836,7.409999847412109,,20961200,11217200
2013-04-08,,14.670000076293945,5.344602108001709,,14.670000076293945,7.565000057220459,,15.0600004196167,7.635000228881836,,14.609999656677246,7.457499980926514,,14.890000343322754,7.510000228881836,,27616900,11594000
2013-04-09,,14.850000381469727,5.277485370635986,,14.850000381469727,7.46999979019165,,14.920000076293945,7.59499979019165,,14.609999656677246,7.460000038146973,,14.739999771118164,7.550000190734863,,19527700,9748000
2013-04-10,,14.6899995803833,5.2827839851379395,,14.6899995803833,7.477499961853027,,14.989999771118164,7.559999942779541,,14.470000267028809,7.375,,14.859999656677246,7.497499942779541,,36632400,11600000
2013-04-11,,13.550000190734863,5.595407485961914,,13.550000190734863,7.920000076293945,,14.199999809265137,7.9375,,13.279999732971191,7.480000019073486,,14.15999984741211,7.5,,79542900,25042000
2013-04-12,,13.640000343322754,5.655457973480225,,13.640000343322754,8.005000114440918,,14.039999961853027,8.082500457763672,,13.380000114440918,7.787499904632568,,13.670000076293945,7.887499809265137,,34977000,11446800
2013-04-15,,13.710000038146973,5.542418956756592,,13.710000038146973,7.84499979019165,,13.850000381469727,8.042499542236328,,13.420000076293945,7.832499980926514,,13.449999809265137,8.0,,21250400,11366800
2013-04-16,,13.920000076293945,5.704911708831787,,13.920000076293945,8.074999809265137,,14.149999618530273,8.082500457763672,,13.850000381469727,7.817500114440918,,13.970000267028809,7.882500171661377,,19340500,11226800
2013-04-17,,13.90999984741211,5.7879252433776855,,13.90999984741211,8.192500114440918,,14.199999809265137,8.204999923706055,,13.720000267028809,7.892499923706055,,13.880000114440918,7.987500190734863,,29646100,18656400
2013-04-18,,13.5,5.772030353546143,,13.5,8.170000076293945,,14.039999961853027,8.3149995803833,,13.380000114440918,8.125,,13.720000267028809,8.15999984741211,,26546600,18770400
2013-04-19,,13.84000015258789,5.78085994720459,,13.84000015258789,8.182499885559082,,13.90999984741211,8.270000457763672,,13.100000381469727,8.067500114440918,,13.5,8.157500267028809,,24013200,12038000
2013-04-22,,13.989999771118164,5.743769645690918,,13.989999771118164,8.130000114440918,,14.130000114440918,8.292499542236328,,13.609999656677246,7.960000038146973,,13.850000381469727,8.182499885559082,,19243400,12639600
2013-04-23,,14.329999923706055,5.862106800079346,,14.329999923706055,8.297499656677246,,14.539999961853027,8.305000305175781,,13.960000038146973,8.1274995803833,,14.079999923706055,8.1850004196167,,20400500,11824000
2013-04-24,,14.899999618530273,6.045794486999512,,14.899999618530273,8.557499885559082,,14.960000038146973,8.637499809265137,,14.380000114440918,8.2524995803833,,14.479999542236328,8.295000076293945,,24928000,12242400
2013-04-25,,14.8100004196167,6.047558784484863,,14.8100004196167,8.5600004196167,,15.390000343322754,8.642499923706055,,14.630000114440918,8.454999923706055,,15.079999923706055,8.5600004196167,,30676900,11951200
2013-04-26,,15.020000457763672,6.1146769523620605,,15.020000457763672,8.654999732971191,,15.09000015258789,8.742500305175781,,14.65999984741211,8.510000228881836,,14.84000015258789,8.53499984741211,,17746700,7236800
2013-04-29,,15.609999656677246,6.105846881866455,,15.609999656677246,8.642499923706055,,15.680000305175781,8.824999809265137,,15.270000457763672,8.587499618530273,,15.40999984741211,8.664999961853027,,26672000,9066000
2013-04-30,,16.290000915527344,6.1641316413879395,,16.290000915527344,8.725000381469727,,16.59000015258789,8.854999542236328,,15.75,8.612500190734863,,15.789999961853027,8.649999618530273,,42800400,12765600
2013-05-01,,15.800000190734863,6.135871410369873,,15.800000190734863,8.6850004196167,,16.489999771118164,8.789999961853027,,15.460000038146973,8.582500457763672,,16.3700008392334,8.737500190734863,,33440200,7445200
2013-05-02,,15.699999809265137,6.413167953491211,,15.699999809265137,9.077500343322754,,16.059999465942383,9.085000038146973,,15.300000190734863,8.65250015258789,,15.649999618530273,8.680000305175781,,26204800,8562800
2013-05-03,,15.630000114440918,6.561532020568848,,15.630000114440918,9.287500381469727,,16.110000610351562,9.307499885559082,,15.59000015258789,9.112500190734863,,16.079999923706055,9.142499923706055,,24469800,10840400
2013-05-06,,15.569999694824219,6.568596363067627,,15.569999694824219,9.297499656677246,,15.979999542236328,9.364999771118164,,15.449999809265137,9.162500381469727,,15.65999984741211,9.2475004196167,,23381500,8249600
2013-05-07,,14.819999694824219,6.586259365081787,,14.819999694824219,9.322500228881836,,15.510000228881836,9.425000190734863,,14.680000305175781,9.227499961853027,,15.390000343322754,9.425000190734863,,35314700,12170000
2013-05-08,,14.899999618530273,6.559765338897705,,14.899999618530273,9.28499984741211,,15.149999618530273,9.642499923706055,,14.800000190734863,9.270000457763672,,15.100000381469727,9.375,,17680100,12584800
2013-05-09,,15.390000343322754,6.550935745239258,,15.390000343322754,9.272500038146973,,15.680000305175781,9.3774995803833,,14.869999885559082,9.145000457763672,,15.149999618530273,9.27750015258789,,40657600,13998400
2013-05-10,,15.539999961853027,6.7787766456604,,15.539999961853027,9.595000267028809,,15.680000305175781,9.600000381469727,,15.3100004196167,9.27750015258789,,15.489999771118164,9.287500381469727,,17895600,9331200
2013-05-13,,15.880000114440918,6.7593488693237305,,15.880000114440918,9.567500114440918,,16.15999984741211,9.65250015258789,,15.699999809265137,9.545000076293945,,15.729999542236328,9.5649995803833,,29220200,11100800
2013-05-14,,15.25,6.824700355529785,,15.25,9.65999984741211,,16.139999389648438,9.75,,14.920000076293945,9.552499771118164,,16.010000228881836,9.552499771118164,,52632100,9750800
2013-05-15,,15.0,6.8865180015563965,,15.0,9.7475004196167,,15.420000076293945,9.8149995803833,,14.720000267028809,9.607500076293945,,14.899999618530273,9.649999618530273,,26858700,7657600
2013-05-16,,14.6899995803833,6.720491886138916,,14.6899995803833,9.512499809265137,,15.130000114440918,9.71500015258789,,14.600000381469727,9.454999923706055,,15.069999694824219,9.699999809265137,,20357600,9675600
2013-05-17,,14.619999885559082,7.02251672744751,,14.619999885559082,9.9399995803833,,14.859999656677246,9.967499732971191,,14.520000457763672,9.574999809265137,,14.710000038146973,9.600000381469727,,15557100,15209200
2013-05-20,,14.979999542236328,6.845893859863281,,14.979999542236328,9.6899995803833,,15.270000457763672,9.949999809265137,,14.529999732971191,9.6850004196167,,14.699999809265137,9.9399995803833,,18726400,10988400
2013-05-21,,14.770000457763672,6.496181488037109,,14.770000457763672,9.194999694824219,,15.039999961853027,9.817500114440918,,14.649999618530273,8.9375,,15.010000228881836,9.770000457763672,,14376000,34144800
2013-05-22,,14.460000038146973,6.402571678161621,,14.460000038146973,9.0625,,14.84000015258789,9.350000381469727,,14.34000015258789,8.927499771118164,,14.600000381469727,9.09749984741211,,20391200,25998400
2013-05-23,,14.430000305175781,6.360180854797363,,14.430000305175781,9.0024995803833,,14.670000076293945,9.199999809265137,,14.079999923706055,8.699999809265137,,14.119999885559082,8.994999885559082,,15343200,33572800
2013-05-24,,14.479999542236328,5.671355247497559,,14.479999542236328,8.02750015258789,,14.649999618530273,8.859999656677246,,14.359999656677246,7.735000133514404,,14.460000038146973,8.800000190734863,,13456300,55468800
2013-05-28,,14.359999656677246,5.602471351623535,,14.359999656677246,7.929999828338623,,14.609999656677246,8.392499923706055,,14.3100004196167,7.877500057220459,,14.529999732971191,8.202500343322754,,14657900,19694800
2013-05-29,,14.170000076293945,5.620133399963379,,14.170000076293945,7.954999923706055,,14.539999961853027,8.024999618530273,,14.15999984741211,7.867499828338623,,14.300000190734863,7.887499809265137,,17250300,8894400
2013-05-30,,14.420000076293945,5.916860103607178,,14.420000076293945,8.375,,14.5600004196167,8.427499771118164,,14.0600004196167,7.90749979019165,,14.260000228881836,7.90749979019165,,20257500,16263600
2013-05-31,,13.960000038146973,5.905283451080322,,13.960000038146973,8.289999961853027,,14.520000457763672,8.462499618530273,,13.829999923706055,8.154999732971191,,14.5,8.182499885559082,,30919100,13592000
2013-06-03,,13.609999656677246,6.126108169555664,,13.609999656677246,8.600000381469727,,14.050000190734863,8.65999984741211,,13.300000190734863,8.289999961853027,,14.029999732971191,8.295000076293945,,25458800,19293600
2013-06-04,,13.539999961853027,6.3202223777771,,13.539999961853027,8.8725004196167,,13.899999618530273,9.010000228881836,,13.479999542236328,8.567500114440918,,13.569999694824219,8.585000038146973,,15562300,26521200
2013-06-05,,13.630000114440918,6.208026885986328,,13.630000114440918,8.71500015258789,,13.920000076293945,8.942500114440918,,13.369999885559082,8.5600004196167,,13.489999771118164,8.832500457763672,,24596400,17047600
2013-06-06,,13.710000038146973,6.165287017822266,,13.710000038146973,8.654999732971191,,13.899999618530273,8.942500114440918,,13.529999732971191,8.494999885559082,,13.5600004196167,8.729999542236328,,15276600,16494400
2013-06-07,,13.859999656677246,6.5446062088012695,,13.859999656677246,9.1875,,14.130000114440918,9.367500305175781,,13.739999771118164,8.885000228881836,,13.819999694824219,8.899999618530273,,18496900,28413200
2013-06-10,,13.949999809265137,6.2311787605285645,,13.949999809265137,8.7475004196167,,14.09000015258789,9.25,,13.699999809265137,8.710000038146973,,13.869999885559082,9.1875,,16515300,17507200
2013-06-11,,13.65999984741211,6.717350482940674,,13.65999984741211,9.430000305175781,,13.949999809265137,9.670000076293945,,13.630000114440918,9.107500076293945,,13.819999694824219,9.15250015258789,,11907100,35602800
2013-06-12,,13.5600004196167,6.516113758087158,,13.5600004196167,9.147500038146973,,13.789999961853027,9.552499771118164,,13.5,9.114999771118164,,13.670000076293945,9.505000114440918,,9469200,14868800
2013-06-13,,14.420000076293945,6.683513164520264,,14.420000076293945,9.382499694824219,,14.489999771118164,9.550000190734863,,13.829999923706055,9.050000190734863,,13.949999809265137,9.164999961853027,,32443000,13186000
2013-06-14,,14.4399995803833,6.947077751159668,,14.4399995803833,9.7524995803833,,14.930000305175781,9.942500114440918,,14.350000381469727,9.647500038146973,,14.640000343322754,9.65999984741211,,24987700,24263600
2013-06-17,,14.300000190734863,6.856253623962402,,14.300000190734863,9.625,,14.649999618530273,9.842499732971191,,14.180000305175781,9.507499694824219,,14.600000381469727,9.755000114440918,,12316700,9991600
2013-06-18,,14.84000015258789,6.849132061004639,,14.84000015258789,9.614999771118164,,15.0,9.619999885559082,,14.260000228881836,9.482500076293945,,14.319999694824219,9.572500228881836,,31795000,6765600
2013-06-19,,14.180000305175781,6.861598491668701,,14.180000305175781,9.632499694824219,,14.609999656677246,9.762499809265137,,13.949999809265137,9.52750015258789,,14.4399995803833,9.569999694824219,,34716900,6960000
2013-06-20,,13.979999542236328,7.290781021118164,,13.979999542236328,10.234999656677246,,14.180000305175781,10.342499732971191,,13.819999694824219,9.90250015258789,,13.920000076293945,10.079999923706055,,16806700,34425600
2013-06-21,,13.779999732971191,7.2622880935668945,,13.779999732971191,10.194999694824219,,14.050000190734863,10.382499694824219,,13.680000305175781,10.109999656677246,,13.970000267028809,10.352499961853027,,14323900,24414800
2013-06-24,,14.100000381469727,7.105574607849121,,14.100000381469727,9.975000381469727,,14.289999961853027,10.180000305175781,,13.5,9.9350004196167,,13.5,10.074999809265137,,19076300,16722400
2013-06-25,,14.5600004196167,7.134066104888916,,14.5600004196167,10.015000343322754,,14.619999885559082,10.107500076293945,,14.220000267028809,9.864999771118164,,14.390000343322754,10.039999961853027,,17641400,12790000
2013-06-26,,14.90999984741211,7.19105339050293,,14.90999984741211,10.095000267028809,,15.0,10.154999732971191,,14.699999809265137,9.8725004196167,,14.699999809265137,10.022500038146973,,23230800,10692800
2013-06-27,,14.479999542236328,7.278314590454102,,14.479999542236328,10.217499732971191,,15.09000015258789,10.267499923706055,,14.279999732971191,10.09749984741211,,15.039999961853027,10.125,,37407900,8042400
2013-06-28,,10.460000038146973,7.484893798828125,,10.460000038146973,10.507499694824219,,10.979999542236328,10.710000038146973,,10.25,10.279999732971191,,10.710000038146973,10.279999732971191,,136025600,13968400
2013-07-01,,10.289999961853027,7.51694917678833,,10.289999961853027,10.552499771118164,,10.619999885559082,10.585000038146973,,9.960000038146973,10.414999961853027,,10.029999732971191,10.5,,41076400,7224400
2013-07-02,,9.699999809265137,7.509823799133301,,9.699999809265137,10.542499542236328,,10.270000457763672,10.6850004196167,,9.630000114440918,10.5024995803833,,10.199999809265137,10.572500228881836,,44561500,10888400
2013-07-03,,9.649999618530273,7.547224044799805,,9.649999618530273,10.595000267028809,,9.739999771118164,10.6899995803833,,9.420000076293945,10.522500038146973,,9.510000228881836,10.537500381469727,,22608200,2504000
2013-07-05,,9.550000190734863,7.655854225158691,,9.550000190734863,10.7475004196167,,9.880000114440918,10.7524995803833,,9.5,10.414999961853027,,9.649999618530273,10.65250015258789,,19190100,4302400
2013-07-08,,9.550000190734863,7.591743469238281,,9.550000190734863,10.657500267028809,,9.670000076293945,10.827500343322754,,9.479999542236328,10.592499732971191,,9.609999656677246,10.770000457763672,,16762300,9387200
2013-07-09,,9.640000343322754,7.602428913116455,,9.640000343322754,10.672499656677246,,9.930000305175781,10.8100004196167,,9.550000190734863,10.5625,,9.609999656677246,10.680000305175781,,29795600,6728800
2013-07-10,,9.279999732971191,7.554347515106201,,9.279999732971191,10.604999542236328,,9.739999771118164,10.734999656677246,,9.100000381469727,10.550000190734863,,9.739999771118164,10.667499542236328,,31079300,7175200
2013-07-11,,9.329999923706055,7.586401462554932,,9.329999923706055,10.649999618530273,,9.350000381469727,10.8100004196167,,9.15999984741211,10.5600004196167,,9.279999732971191,10.7475004196167,,17583600,8972000
2013-07-12,,9.239999771118164,7.687910556793213,,9.239999771118164,10.792499542236328,,9.329999923706055,10.795000076293945,,9.199999809265137,10.52750015258789,,9.289999961853027,10.654999732971191,,12874700,7475200
2013-07-15,,9.369999885559082,7.743117332458496,,9.369999885559082,10.869999885559082,,9.550000190734863,10.8774995803833,,9.180000305175781,10.742500305175781,,9.199999809265137,10.792499542236328,,17644700,7650800
2013-07-16,,9.130000114440918,7.807227611541748,,9.130000114440918,10.960000038146973,,9.369999885559082,10.979999542236328,,9.100000381469727,10.617500305175781,,9.359999656677246,10.842499732971191,,18645600,14174000
2013-07-17,,9.239999771118164,7.743117332458496,,9.239999771118164,10.869999885559082,,9.319999694824219,11.03499984741211,,9.069999694824219,10.835000038146973,,9.069999694824219,10.977499961853027,,15088100,7836800
2013-07-18,,9.119999885559082,7.7698283195495605,,9.119999885559082,10.907500267028809,,9.3100004196167,11.0,,9.069999694824219,10.8725004196167,,9.229999542236328,10.875,,12500000,3755200
2013-07-19,,8.970000267028809,7.739554405212402,,8.970000267028809,10.864999771118164,,9.279999732971191,11.112500190734863,,8.899999618530273,10.829999923706055,,9.239999771118164,10.967499732971191,,23398400,6703200
2013-07-22,,9.079999923706055,7.661196231842041,,9.079999923706055,10.755000114440918,,9.119999885559082,10.949999809265137,,8.899999618530273,10.744999885559082,,8.920000076293945,10.875,,15415300,4352000
2013-07-23,,9.020000457763672,7.554347515106201,,9.020000457763672,10.604999542236328,,9.180000305175781,10.850000381469727,,8.949999809265137,10.582500457763672,,9.140000343322754,10.779999732971191,,13123600,7554400
2013-07-24,,9.0,7.700376510620117,,9.0,10.8100004196167,,9.09000015258789,11.104999542236328,,8.930000305175781,10.680000305175781,,9.010000228881836,10.6899995803833,,13026500,10179600
2013-07-25,,8.979999542236328,7.90873384475708,,8.979999542236328,11.102499961853027,,9.079999923706055,11.109999656677246,,8.899999618530273,10.707500457763672,,8.949999809265137,10.779999732971191,,11807800,7434800
2013-07-26,,8.880000114440918,8.156271934509277,,8.880000114440918,11.449999809265137,,9.0,11.462499618530273,,8.770000457763672,10.967499732971191,,8.9399995803833,11.015000343322754,,13484200,10391600
2013-07-29,,8.670000076293945,8.083257675170898,,8.670000076293945,11.34749984741211,,8.899999618530273,11.4350004196167,,8.569999694824219,11.142499923706055,,8.800000190734863,11.417499542236328,,17088500,7770800
2013-07-30,,8.699999809265137,8.3539457321167,,8.699999809265137,11.727499961853027,,8.920000076293945,11.8125,,8.619999885559082,11.359999656677246,,8.640000343322754,11.362500190734863,,14920400,10822800
2013-07-31,,8.84000015258789,8.736828804016113,,8.84000015258789,12.265000343322754,,8.90999984741211,12.380000114440918,,8.649999618530273,11.78499984741211,,8.649999618530273,11.78499984741211,,13802700,18825200
2013-08-01,,8.760000228881836,8.900665283203125,,8.760000228881836,12.494999885559082,,8.90999984741211,12.84000015258789,,8.720000267028809,12.3149995803833,,8.890000343322754,12.380000114440918,,8673400,16776400
2013-08-02,,8.920000076293945,8.973681449890137,,8.920000076293945,12.59749984741211,,8.9399995803833,12.664999961853027,,8.720000267028809,11.994999885559082,,8.770000457763672,12.242500305175781,,8390200,15702000
2013-08-05,,9.579999923706055,8.955870628356934,,9.579999923706055,12.572500228881836,,9.770000457763672,12.78499984741211,,8.979999542236328,12.462499618530273,,9.0,12.579999923706055,,33620900,10920400
2013-08-06,,9.569999694824219,8.72436237335205,,9.569999694824219,12.2475004196167,,9.880000114440918,12.662500381469727,,9.40999984741211,12.1875,,9.640000343322754,12.550000190734863,,24104900,14586400
2013-08-07,,9.210000038146973,8.526689529418945,,9.210000038146973,11.970000267028809,,9.640000343322754,12.225000381469727,,9.109999656677246,11.795000076293945,,9.489999771118164,12.15250015258789,,17327300,14761600
2013-08-08,,9.229999542236328,8.635321617126465,,9.229999542236328,12.1225004196167,,9.399999618530273,12.177499771118164,,9.149999618530273,11.907500267028809,,9.229999542236328,11.970000267028809,,8858400,11133200
2013-08-09,,9.760000228881836,8.720800399780273,,9.760000228881836,12.242500305175781,,9.979999542236328,12.359999656677246,,9.539999961853027,12.02750015258789,,9.779999732971191,12.057499885559082,,51295700,6906000
2013-08-12,,10.779999732971191,8.811623573303223,,10.779999732971191,12.369999885559082,,10.930000305175781,12.399999618530273,,10.119999885559082,12.09749984741211,,10.649999618530273,12.137499809265137,,92858900,5619600
2013-08-13,,10.930000305175781,8.768882751464844,,10.930000305175781,12.3100004196167,,12.180000305175781,12.414999961853027,,10.739999771118164,12.1875,,10.989999771118164,12.399999618530273,,127211600,6287600
2013-08-14,,11.039999961853027,8.670937538146973,,11.039999961853027,12.172499656677246,,11.5600004196167,12.407500267028809,,10.770000457763672,12.132499694824219,,11.180000305175781,12.270000457763672,,44830500,5108000
2013-08-15,,10.960000038146973,8.492849349975586,,10.960000038146973,11.922499656677246,,11.0,12.114999771118164,,10.739999771118164,11.837499618530273,,10.899999618530273,12.052499771118164,,20780600,5038800
2013-08-16,,10.510000228881836,8.473264694213867,,10.510000228881836,11.895000457763672,,10.899999618530273,12.135000228881836,,10.399999618530273,11.760000228881836,,10.800000190734863,11.869999885559082,,29248600,6299200
2013-08-19,,10.319999694824219,8.494634628295898,,10.319999694824219,11.925000190734863,,10.5,12.055000305175781,,10.09000015258789,11.892499923706055,,10.289999961853027,11.930000305175781,,17854700,6885600
2013-08-20,,10.539999961853027,8.590800285339355,,10.539999961853027,12.0600004196167,,10.539999961853027,12.09000015258789,,10.050000190734863,11.932499885559082,,10.180000305175781,12.039999961853027,,16291600,7826000
2013-08-21,,10.25,8.480385780334473,,10.25,11.904999732971191,,10.5,12.162500381469727,,10.119999885559082,11.827500343322754,,10.390000343322754,12.0,,22112800,6636000
2013-08-22,,10.1899995803833,9.244370460510254,,10.1899995803833,12.977499961853027,,10.40999984741211,14.020000457763672,,10.119999885559082,12.892499923706055,,10.119999885559082,13.487500190734863,,8889500,40547600
2013-08-23,,10.34000015258789,9.192723274230957,,10.34000015258789,12.904999732971191,,10.430000305175781,13.204999923706055,,10.1899995803833,12.699999809265137,,10.239999771118164,13.149999618530273,,11328300,9461200
2013-08-26,,10.420000076293945,9.328068733215332,,10.420000076293945,13.095000267028809,,10.640000343322754,13.300000190734863,,10.3100004196167,12.892499923706055,,10.319999694824219,12.892499923706055,,14351000,9117600
2013-08-27,,10.029999732971191,8.792033195495605,,10.029999732971191,12.342499732971191,,10.390000343322754,13.020000457763672,,10.010000228881836,12.335000038146973,,10.34000015258789,13.015000343322754,,20685200,10185200
2013-08-28,,10.300000190734863,8.886420249938965,,10.300000190734863,12.475000381469727,,10.680000305175781,12.567500114440918,,9.470000267028809,12.324999809265137,,10.0,12.337499618530273,,31274900,8990400
2013-08-29,,10.260000228881836,9.071760177612305,,10.260000228881836,12.664999961853027,,10.449999809265137,12.867500305175781,,10.199999809265137,12.425000190734863,,10.350000381469727,12.46500015258789,,9943900,5702000
2013-08-30,,10.119999885559082,8.991175651550293,,10.119999885559082,12.552499771118164,,10.260000228881836,12.774999618530273,,10.0600004196167,12.417499542236328,,10.170000076293945,12.774999618530273,,12720300,8118800
2013-09-03,,10.210000038146973,8.948201179504395,,10.210000038146973,12.492500305175781,,10.479999542236328,12.800000190734863,,10.140000343322754,12.482500076293945,,10.319999694824219,12.692500114440918,,22668700,5745200
2013-09-04,,10.75,8.889104843139648,,10.75,12.40999984741211,,10.890000343322754,12.595000267028809,,10.210000038146973,12.34749984741211,,10.380000114440918,12.462499618530273,,30307900,7009600
2013-09-05,,10.989999771118164,9.16845703125,,10.989999771118164,12.800000190734863,,11.329999923706055,12.869999885559082,,10.770000457763672,12.414999961853027,,11.149999618530273,12.414999961853027,,40031400,6313200
2013-09-06,,10.84000015258789,8.883733749389648,,10.84000015258789,12.40250015258789,,11.149999618530273,12.882499694824219,,10.8100004196167,12.364999771118164,,11.140000343322754,12.807499885559082,,16919500,7304800
2013-09-09,,11.529999732971191,8.971476554870605,,11.529999732971191,12.524999618530273,,11.649999618530273,12.702500343322754,,11.029999732971191,12.430000305175781,,11.149999618530273,12.515000343322754,,36864900,7003600
2013-09-10,,10.9399995803833,9.014453887939453,,10.9399995803833,12.585000038146973,,11.199999809265137,12.670000076293945,,10.890000343322754,12.524999618530273,,11.15999984741211,12.5649995803833,,34307300,4505600
2013-09-11,,10.430000305175781,8.87478256225586,,10.430000305175781,12.390000343322754,,10.850000381469727,12.6225004196167,,10.369999885559082,12.307499885559082,,10.819999694824219,12.557499885559082,,27800700,5350000
2013-09-12,,10.430000305175781,8.855082511901855,,10.430000305175781,12.362500190734863,,10.6899995803833,12.462499618530273,,10.350000381469727,12.234999656677246,,10.520000457763672,12.412500381469727,,17939100,4783200
2013-09-13,,10.279999732971191,9.392297744750977,,10.279999732971191,13.112500190734863,,10.479999542236328,13.135000228881836,,10.239999771118164,12.390000343322754,,10.449999809265137,12.404999732971191,,17378600,11580000
2013-09-16,,10.3100004196167,9.333203315734863,,10.3100004196167,13.029999732971191,,10.4399995803833,13.319999694824219,,10.199999809265137,13.024999618530273,,10.329999923706055,13.220000267028809,,13960900,7050000
2013-09-17,,10.550000190734863,9.422737121582031,,10.550000190734863,13.154999732971191,,10.779999732971191,13.28499984741211,,10.3100004196167,12.96500015258789,,10.3100004196167,13.137499809265137,,19715000,8488400
2013-09-18,,10.399999618530273,9.200690269470215,,10.399999618530273,12.845000267028809,,10.789999961853027,13.15999984741211,,10.239999771118164,12.582500457763672,,10.6899995803833,13.114999771118164,,21034600,8842400
2013-09-19,,10.520000457763672,9.283062934875488,,10.520000457763672,12.960000038146973,,10.680000305175781,13.0625,,10.229999542236328,12.895000457763672,,10.479999542236328,13.017499923706055,,26923300,5529200
2013-09-20,,8.729999542236328,8.8514986038208,,8.729999542236328,12.357500076293945,,10.510000228881836,12.96500015258789,,8.010000228881836,12.289999961853027,,10.5,12.96500015258789,,72359800,14769200
2013-09-23,,8.819999694824219,8.919547080993652,,8.819999694824219,12.452500343322754,,9.199999809265137,12.507499694824219,,8.1899995803833,12.162500381469727,,8.260000228881836,12.375,,110684800,8452400
2013-09-24,,8.529999732971191,9.141596794128418,,8.529999732971191,12.762499809265137,,8.819999694824219,12.837499618530273,,8.510000228881836,12.47249984741211,,8.75,12.492500305175781,,43990500,7662000
2013-09-25,,8.010000228881836,9.096830368041992,,8.010000228881836,12.699999809265137,,8.420000076293945,12.925000190734863,,8.0,12.529999732971191,,8.420000076293945,12.817500114440918,,45717700,6532000
2013-09-26,,7.949999809265137,9.030570983886719,,7.949999809265137,12.607500076293945,,8.239999771118164,12.78499984741211,,7.75,12.397500038146973,,8.0,12.682499885559082,,39272800,5015200
2013-09-27,,8.029999732971191,8.890894889831543,,8.029999732971191,12.412500381469727,,8.149999618530273,12.630000114440918,,7.989999771118164,12.387499809265137,,8.029999732971191,12.520000457763672,,24621000,5275200
2013-09-30,,7.949999809265137,8.890894889831543,,7.949999809265137,12.412500381469727,,8.09000015258789,12.484999656677246,,7.849999904632568,12.262499809265137,,7.920000076293945,12.3125,,15946600,7489200
2013-10-01,,7.920000076293945,9.170248985290527,,7.920000076293945,12.802499771118164,,7.980000019073486,12.805000305175781,,7.849999904632568,12.390000343322754,,7.860000133514404,12.397500038146973,,14380400,10804400
2013-10-02,,7.960000038146973,9.010872840881348,,7.960000038146973,12.579999923706055,,8.140000343322754,12.744999885559082,,7.510000228881836,12.454999923706055,,7.78000020980835,12.720000267028809,,54863400,5959600
2013-10-03,,7.730000019073486,8.92133903503418,,7.730000019073486,12.454999923706055,,7.989999771118164,12.670000076293945,,7.670000076293945,11.932499885559082,,7.960000038146973,12.547499656677246,,23830700,5899200
2013-10-04,,7.690000057220459,9.078922271728516,,7.690000057220459,12.675000190734863,,7.769999980926514,12.725000381469727,,7.599999904632568,12.352499961853027,,7.71999979019165,12.4375,,15388600,5106800
2013-10-07,,7.96999979019165,8.878360748291016,,7.96999979019165,12.395000457763672,,8.069999694824219,12.702500343322754,,7.869999885559082,12.392499923706055,,7.96999979019165,12.555000305175781,,23088100,4756000
2013-10-08,,7.980000019073486,8.831802368164062,,7.980000019073486,12.329999923706055,,8.09000015258789,12.6875,,7.889999866485596,12.217499732971191,,8.0,12.425000190734863,,15595800,7138400
2013-10-09,,8.109999656677246,8.957151412963867,,8.109999656677246,12.505000114440918,,8.15999984741211,12.557499885559082,,7.849999904632568,12.1274995803833,,7.96999979019165,12.375,,16902400,6132800
2013-10-10,,8.199999809265137,9.292017936706543,,8.199999809265137,12.97249984741211,,8.279999732971191,13.207500457763672,,7.909999847412109,12.640000343322754,,8.0,12.664999961853027,,23693600,12719200
2013-10-11,,8.069999694824219,9.232924461364746,,8.069999694824219,12.890000343322754,,8.300000190734863,13.037500381469727,,8.039999961853027,12.8125,,8.25,12.885000228881836,,13406300,6244000
2013-10-14,,8.140000343322754,9.272319793701172,,8.140000343322754,12.944999694824219,,8.170000076293945,12.967499732971191,,7.96999979019165,12.702500343322754,,8.0,12.772500038146973,,5417100,4960000
2013-10-15,,8.149999618530273,9.186363220214844,,8.149999618530273,12.824999809265137,,8.319999694824219,13.020000457763672,,8.0,12.75,,8.09000015258789,12.947500228881836,,14667400,7324400
2013-10-16,,8.130000114440918,9.25082778930664,,8.130000114440918,12.914999961853027,,8.239999771118164,12.992500305175781,,8.109999656677246,12.757499694824219,,8.180000305175781,12.869999885559082,,6525300,7542800
2013-10-17,,8.199999809265137,9.431690216064453,,8.199999809265137,13.167499542236328,,8.449999809265137,13.175000190734863,,8.069999694824219,12.852499961853027,,8.15999984741211,12.914999961853027,,22402000,6847200
2013-10-18,,8.380000114440918,9.648368835449219,,8.380000114440918,13.470000267028809,,8.390000343322754,13.5,,8.229999542236328,13.007499694824219,,8.289999961853027,13.257499694824219,,15762000,6705600
2013-10-21,,8.25,9.786253929138184,,8.25,13.662500381469727,,8.380000114440918,13.707500457763672,,8.1899995803833,13.342499732971191,,8.329999923706055,13.569999694824219,,8550500,6783600
2013-10-22,,8.239999771118164,9.805953025817871,,8.239999771118164,13.6899995803833,,8.380000114440918,13.819999694824219,,8.199999809265137,13.550000190734863,,8.25,13.6850004196167,,9954000,7547600
2013-10-23,,8.149999618530273,9.754019737243652,,8.149999618530273,13.617500305175781,,8.3100004196167,13.710000038146973,,8.140000343322754,13.395000457763672,,8.1899995803833,13.642499923706055,,8643000,5396000
2013-10-24,,8.25,9.813115119934082,,8.25,13.699999809265137,,8.270000457763672,13.770000457763672,,8.140000343322754,13.6274995803833,,8.210000038146973,13.649999618530273,,9669200,4599200
2013-10-25,,8.229999542236328,9.82744026184082,,8.229999542236328,13.720000267028809,,8.359999656677246,13.842499732971191,,8.210000038146973,13.592499732971191,,8.25,13.732500076293945,,4380700,3676400
2013-10-28,,8.199999809265137,9.74327564239502,,8.199999809265137,13.602499961853027,,8.300000190734863,13.757499694824219,,8.15999984741211,13.547499656677246,,8.229999542236328,13.720000267028809,,6878800,4799600
2013-10-29,,8.319999694824219,9.929509162902832,,8.319999694824219,13.862500190734863,,8.4399995803833,13.922499656677246,,8.199999809265137,13.177499771118164,,8.199999809265137,13.725000381469727,,15280200,7617600
2013-10-30,,8.140000343322754,9.888323783874512,,8.140000343322754,13.805000305175781,,8.430000305175781,14.0,,8.130000114440918,13.725000381469727,,8.430000305175781,13.957500457763672,,12444500,5788000
2013-10-31,,7.929999828338623,9.816694259643555,,7.929999828338623,13.704999923706055,,8.229999542236328,13.84000015258789,,7.909999847412109,13.515000343322754,,8.170000076293945,13.800000190734863,,12495700,7030800
2013-11-01,,7.769999980926514,9.857882499694824,,7.769999980926514,13.762499809265137,,8.039999961853027,13.842499732971191,,7.369999885559082,13.682499885559082,,8.0,13.772500038146973,,32766500,9355600
2013-11-04,,6.5,9.902649879455566,,6.5,13.824999809265137,,7.079999923706055,13.932499885559082,,6.400000095367432,13.742500305175781,,6.519999980926514,13.862500190734863,,130268600,5709600
2013-11-05,,6.670000076293945,10.128280639648438,,6.670000076293945,14.140000343322754,,6.849999904632568,14.1875,,6.590000152587891,13.637499809265137,,6.639999866485596,13.84000015258789,,31912100,10962800
2013-11-06,,6.659999847412109,10.03695297241211,,6.659999847412109,14.012499809265137,,6.820000171661377,14.302499771118164,,6.53000020980835,13.960000038146973,,6.789999961853027,14.175000190734863,,24221300,6945600
2013-11-07,,6.510000228881836,9.63762378692627,,6.510000228881836,13.454999923706055,,6.690000057220459,14.079999923706055,,6.489999771118164,13.40999984741211,,6.679999828338623,13.987500190734863,,14171100,9811600
2013-11-08,,6.559999942779541,9.934885025024414,,6.559999942779541,13.869999885559082,,6.659999847412109,13.880000114440918,,6.46999979019165,13.447500228881836,,6.579999923706055,13.475000381469727,,14746700,5989600
2013-11-11,,6.489999771118164,9.916976928710938,,6.489999771118164,13.845000267028809,,6.630000114440918,13.944999694824219,,6.480000019073486,13.510000228881836,,6.519999980926514,13.797499656677246,,11030600,6014000
2013-11-12,,6.480000019073486,10.199907302856445,,6.480000019073486,14.239999771118164,,6.53000020980835,14.27750015258789,,6.389999866485596,13.75,,6.46999979019165,13.84000015258789,,14637800,9398800
2013-11-13,,6.519999980926514,10.312725067138672,,6.519999980926514,14.397500038146973,,6.570000171661377,14.40250015258789,,6.429999828338623,14.135000228881836,,6.5,14.135000228881836,,15620300,7041600
2013-11-14,,6.480000019073486,10.284071922302246,,6.480000019073486,14.357500076293945,,6.53000020980835,14.4350004196167,,6.460000038146973,14.229999542236328,,6.5,14.420000076293945,,10845500,6816000
2013-11-15,,6.429999828338623,10.122907638549805,,6.429999828338623,14.132499694824219,,6.53000020980835,14.387499809265137,,6.400000095367432,13.904999732971191,,6.400000095367432,14.375,,13542800,11509600
2013-11-18,,6.170000076293945,9.856090545654297,,6.170000076293945,13.760000228881836,,6.480000019073486,14.297499656677246,,6.139999866485596,13.6850004196167,,6.449999809265137,14.272500038146973,,19122700,10570400
2013-11-19,,6.079999923706055,9.52480697631836,,6.079999923706055,13.297499656677246,,6.150000095367432,13.832500457763672,,5.980000019073486,13.2475004196167,,6.110000133514404,13.819999694824219,,16108200,12419200
2013-11-20,,6.079999923706055,9.39050579071045,,6.079999923706055,13.109999656677246,,6.230000019073486,13.332500457763672,,6.0,12.952500343322754,,6.010000228881836,13.3149995803833,,12870800,16545600
2013-11-21,,6.039999961853027,8.73868465423584,,6.039999961853027,12.199999809265137,,6.090000152587891,12.5625,,6.0,11.664999961853027,,6.090000152587891,12.547499656677246,,9568400,58424000
2013-11-22,,6.239999771118164,8.928502082824707,,6.239999771118164,12.46500015258789,,6.239999771118164,12.5024995803833,,6.03000020980835,12.145000457763672,,6.050000190734863,12.484999656677246,,9845200,20955200
2013-11-25,,6.25,8.756593704223633,,6.25,12.225000381469727,,6.360000133514404,12.680000305175781,,6.179999828338623,12.1899995803833,,6.199999809265137,12.677499771118164,,6640900,22014000
2013-11-26,,6.360000133514404,8.641986846923828,,6.360000133514404,12.0649995803833,,6.420000076293945,12.34000015258789,,6.269999980926514,12.0,,6.28000020980835,12.242500305175781,,8907600,18137200
2013-11-27,,6.380000114440918,8.554242134094238,,6.380000114440918,11.942500114440918,,6.449999809265137,12.147500038146973,,6.329999923706055,11.920000076293945,,6.409999847412109,12.074999809265137,,5890700,14298800
2013-11-29,,6.329999923706055,8.640195846557617,,6.329999923706055,12.0625,,6.380000114440918,12.1875,,6.320000171661377,11.984999656677246,,6.349999904632568,12.052499771118164,,4389700,9180800
2013-12-02,,6.409999847412109,8.459197998046875,,6.409999847412109,11.742500305175781,,6.429999828338623,12.147500038146973,,6.329999923706055,11.694999694824219,,6.329999923706055,12.125,,6294900,16794000
2013-12-03,,6.300000190734863,8.275497436523438,,6.300000190734863,11.487500190734863,,6.409999847412109,11.725000381469727,,6.289999961853027,11.229999542236328,,6.400000095367432,11.6899995803833,,6926000,32862800
2013-12-04,,6.139999866485596,8.243081092834473,,6.139999866485596,11.442500114440918,,6.289999961853027,11.672499656677246,,6.079999923706055,11.412500381469727,,6.28000020980835,11.510000228881836,,8912800,18393600
2013-12-05,,5.900000095367432,8.127816200256348,,5.900000095367432,11.282500267028809,,6.179999828338623,11.53499984741211,,5.860000133514404,11.267499923706055,,6.179999828338623,11.412500381469727,,22235700,17945200
2013-12-06,,5.880000114440918,8.118814468383789,,5.880000114440918,11.270000457763672,,5.960000038146973,11.635000228881836,,5.800000190734863,11.217499732971191,,5.920000076293945,11.422499656677246,,11285800,15780800
2013-12-09,,5.75,8.208861351013184,,5.75,11.395000457763672,,5.900000095367432,11.52750015258789,,5.679999828338623,11.25,,5.840000152587891,11.272500038146973,,13220800,17645600
2013-12-10,,5.96999979019165,8.243081092834473,,5.96999979019165,11.442500114440918,,6.050000190734863,11.479999542236328,,5.440000057220459,11.295000076293945,,5.670000076293945,11.3725004196167,,40104600,13598000
2013-12-11,,5.96999979019165,8.142226219177246,,5.96999979019165,11.302499771118164,,6.150000095367432,11.609999656677246,,5.71999979019165,11.257499694824219,,5.949999809265137,11.442500114440918,,30388100,11872800
2013-12-12,,5.909999847412109,8.214266777038574,,5.909999847412109,11.40250015258789,,6.019999980926514,11.617500305175781,,5.809999942779541,11.272500038146973,,5.909999847412109,11.282500267028809,,12069200,11870000
2013-12-13,,6.079999923706055,8.516829490661621,,6.079999923706055,11.822500228881836,,6.139999866485596,11.949999809265137,,5.889999866485596,11.5,,5.889999866485596,11.5,,16504600,19215600
2013-12-16,,6.199999809265137,8.664509773254395,,6.199999809265137,12.02750015258789,,6.289999961853027,12.125,,6.130000114440918,11.845000267028809,,6.159999847412109,11.845000267028809,,16855100,14051600
2013-12-17,,6.110000133514404,8.821194648742676,,6.110000133514404,12.244999885559082,,6.239999771118164,12.28499984741211,,6.039999961853027,11.954999923706055,,6.230000019073486,12.012499809265137,,11965400,11594800
2013-12-18,135.93409729003906,6.059999942779541,8.992286682128906,189.0,6.059999942779541,12.482500076293945,197.89999389648438,6.150000095367432,12.537500381469727,189.0,6.010000228881836,12.135000228881836,191.8000030517578,6.059999942779541,12.2524995803833,545720.0,9356200,14142000
2013-12-19,140.1775665283203,6.25,8.981480598449707,194.89999389648438,6.25,12.467499732971191,194.89999389648438,6.260000228881836,12.6225004196167,188.10000610351562,6.050000190734863,12.305000305175781,189.0,6.079999923706055,12.420000076293945,160540.0,14916600,9278400
2013-12-20,141.54409790039062,7.21999979019165,8.869821548461914,196.8000030517578,7.21999979019165,12.3125,197.6999969482422,7.340000152587891,12.537500381469727,194.0,6.079999923706055,12.292499542236328,196.5,6.340000152587891,12.477499961853027,73710.0,139165300,11484000
2013-12-23,141.97561645507812,7.46999979019165,9.09854507446289,197.39999389648438,7.46999979019165,12.630000114440918,199.89999389648438,7.75,12.640000343322754,195.0,7.03000020980835,12.260000228881836,197.89999389648438,7.21999979019165,12.335000038146973,69810.0,58790400,7376000
2013-12-24,140.46524047851562,7.730000019073486,9.179588317871094,195.3000030517578,7.730000019073486,12.742500305175781,198.1999969482422,7.800000190734863,12.802499771118164,195.0,7.46999979019165,12.59000015258789,197.39999389648438,7.5,12.59000015258789,21370.0,19297400,4603200
2013-12-26,142.26333618164062,7.059999942779541,9.069730758666992,197.8000030517578,7.059999942779541,12.59000015258789,199.0,7.690000057220459,12.887499809265137,193.5,6.980000019073486,12.547499656677246,195.5,7.5,12.767499923706055,41650.0,34797700,6075200
2013-12-27,144.8525390625,7.300000190734863,8.832001686096191,201.39999389648438,7.300000190734863,12.260000228881836,205.89999389648438,7.429999828338623,12.65250015258789,195.3000030517578,6.980000019073486,12.227499961853027,199.3000030517578,6.989999771118164,12.582500457763672,75820.0,30991300,8428800
2013-12-30,143.70179748535156,7.260000228881836,8.873424530029297,199.8000030517578,7.260000228881836,12.317500114440918,201.39999389648438,7.449999809265137,12.345000267028809,198.1999969482422,7.25,12.042499542236328,201.0,7.380000114440918,12.2475004196167,24680.0,16699100,7888400
2013-12-31,147.80137634277344,7.440000057220459,8.871621131896973,205.5,7.440000057220459,12.3149995803833,207.1999969482422,7.449999809265137,12.447500228881836,199.60000610351562,7.25,12.279999732971191,199.60000610351562,7.300000190734863,12.359999656677246,31390.0,13113400,6984400
2014-01-02,145.14024353027344,7.650000095367432,8.941858291625977,201.8000030517578,7.650000095367432,12.412500381469727,209.39999389648438,7.769999980926514,12.4399995803833,199.60000610351562,7.329999923706055,12.02750015258789,206.1999969482422,7.449999809265137,12.287500381469727,42580.0,25840900,11337200
2014-01-03,143.98944091796875,7.610000133514404,8.868019104003906,200.1999969482422,7.610000133514404,12.3100004196167,202.8000030517578,7.769999980926514,12.5,197.8000030517578,7.429999828338623,12.267499923706055,201.0,7.710000038146973,12.427499771118164,29870.0,21647100,5271200
2014-01-06,143.91754150390625,8.010000228881836,8.675314903259277,200.10000610351562,8.010000228881836,12.042499542236328,201.0,8.029999732971191,12.324999809265137,198.10000610351562,7.610000133514404,11.994999885559082,200.5,7.610000133514404,12.3100004196167,50970.0,37202800,11595600
2014-01-07,144.20518493652344,8.5,7.949520111083984,200.5,8.5,11.03499984741211,201.6999969482422,8.579999923706055,12.270000457763672,199.3000030517578,8.100000381469727,10.899999618530273,200.39999389648438,8.100000381469727,12.112500190734863,85680.0,71568800,60224000
2014-01-08,143.55792236328125,8.539999961853027,8.167437553405762,199.60000610351562,8.539999961853027,11.337499618530273,201.0,9.119999885559082,11.407500267028809,198.89999389648438,8.359999656677246,10.904999732971191,201.0,8.84000015258789,10.979999542236328,49790.0,52052800,29900800
2014-01-09,144.06138610839844,8.720000267028809,8.099000930786133,200.3000030517578,8.720000267028809,11.242500305175781,200.5,8.739999771118164,11.352499961853027,198.10000610351562,8.420000076293945,11.074999809265137,199.60000610351562,8.649999618530273,11.34000015258789,29020.0,25118600,15887200
2014-01-10,144.13328552246094,8.760000228881836,8.198057174682617,200.39999389648438,8.760000228881836,11.380000114440918,201.5,9.010000228881836,11.397500038146973,199.89999389648438,8.710000038146973,11.125,200.5,8.920000076293945,11.125,66010.0,24845500,8870000
2014-01-13,143.70179748535156,8.399999618530273,8.162035942077637,199.8000030517578,8.399999618530273,11.329999923706055,200.10000610351562,8.760000228881836,11.460000038146973,197.5,8.220000267028809,11.272500038146973,199.0,8.609999656677246,11.367500305175781,39260.0,26267400,17146000
2014-01-14,144.7086639404297,8.329999923706055,6.539353847503662,201.1999969482422,8.329999923706055,9.077500343322754,203.39999389648438,8.5,9.774999618530273,197.5,8.220000267028809,9.0,198.60000610351562,8.399999618530273,9.600000381469727,21580.0,14586000,94026800
2014-01-15,143.773681640625,8.569999694824219,6.658218860626221,199.89999389648438,8.569999694824219,9.242500305175781,203.0,8.619999885559082,9.257499694824219,198.10000610351562,8.210000038146973,9.0625,201.8000030517578,8.239999771118164,9.1850004196167,31180.0,17859100,33702400
2014-01-16,146.00332641601562,8.5600004196167,6.798696041107178,203.0,8.5600004196167,9.4375,204.89999389648438,8.65999984741211,9.642499923706055,199.0,8.449999809265137,9.1274995803833,199.1999969482422,8.619999885559082,9.1850004196167,27930.0,9745500,34463600
2014-01-17,145.57176208496094,9.079999923706055,6.780684947967529,202.39999389648438,9.079999923706055,9.412500381469727,204.89999389648438,9.130000114440918,9.600000381469727,200.39999389648438,8.420000076293945,9.244999885559082,201.8000030517578,8.479999542236328,9.470000267028809,13140.0,42983300,25863200
2014-01-21,149.95909118652344,9.930000305175781,6.881538391113281,208.5,9.930000305175781,9.552499771118164,210.0,10.1899995803833,9.84749984741211,203.1999969482422,9.569999694824219,9.532500267028809,204.0,9.899999618530273,9.630000114440918,62030.0,71689900,24843200
2014-01-22,152.9078826904297,10.779999732971191,7.06884241104126,212.60000610351562,10.779999732971191,9.8125,214.89999389648438,10.850000381469727,9.84749984741211,209.1999969482422,10.119999885559082,9.5,209.39999389648438,10.210000038146973,9.529999732971191,32680.0,81815800,15303200
2014-01-23,152.97984313964844,10.449999809265137,6.888743877410889,212.6999969482422,10.449999809265137,9.5625,212.6999969482422,10.699999809265137,9.8774995803833,205.0,9.880000114440918,9.442500114440918,212.6999969482422,10.680000305175781,9.850000381469727,15430.0,67097000,19949200
2014-01-24,153.6990509033203,9.890000343322754,6.577175617218018,213.6999969482422,9.890000343322754,9.130000114440918,216.10000610351562,10.1899995803833,9.482500076293945,208.0,9.789999961853027,9.095000267028809,212.6999969482422,10.0,9.482500076293945,40900.0,45067500,21522400
2014-01-27,153.55520629882812,9.75,6.721252918243408,213.5,9.75,9.329999923706055,214.6999969482422,10.0,9.380000114440918,210.1999969482422,9.470000267028809,9.039999961853027,212.60000610351562,9.6899995803833,9.149999618530273,49720.0,27821100,15472400
2014-01-28,157.58291625976562,10.039999961853027,6.492528915405273,219.10000610351562,10.039999961853027,9.012499809265137,219.6999969482422,10.279999732971191,9.395000457763672,211.0,9.800000190734863,8.949999809265137,219.6999969482422,9.800000190734863,9.322500228881836,33260.0,23642600,18165200
2014-01-29,155.6409454345703,9.949999809265137,6.316030979156494,216.39999389648438,9.949999809265137,8.767499923706055,219.1999969482422,10.25,9.085000038146973,213.5,9.779999732971191,8.7524995803833,219.1999969482422,9.859999656677246,8.925000190734863,7720.0,23167200,19112000
2014-01-30,154.84983825683594,9.789999961853027,6.359255790710449,215.3000030517578,9.789999961853027,8.827500343322754,220.0,10.119999885559082,8.9399995803833,214.3000030517578,9.75,8.675000190734863,218.8000030517578,9.989999771118164,8.875,12270.0,14571300,16910800
2014-01-31,153.6990509033203,9.449999809265137,6.316030979156494,213.6999969482422,9.449999809265137,8.767499923706055,218.1999969482422,9.680000305175781,8.857500076293945,211.60000610351562,9.359999656677246,8.702500343322754,212.5,9.600000381469727,8.757499694824219,23080.0,14184300,17035200
2014-02-03,151.3975067138672,9.100000381469727,6.092711448669434,210.5,9.100000381469727,8.457500457763672,215.0,9.4399995803833,8.779999732971191,210.10000610351562,8.920000076293945,8.274999618530273,215.0,9.319999694824219,8.742500305175781,23220.0,21882000,26290000
2014-02-04,151.1817169189453,9.609999656677246,6.114324569702148,210.1999969482422,9.609999656677246,8.487500190734863,211.6999969482422,9.680000305175781,8.595000267028809,206.1999969482422,9.020000457763672,8.279999732971191,210.5,9.050000190734863,8.492500305175781,31150.0,19455200,22790000
2014-02-05,151.32557678222656,9.6899995803833,6.2602033615112305,210.39999389648438,9.6899995803833,8.6899995803833,211.3000030517578,9.979999542236328,8.75,203.0,9.430000305175781,8.387499809265137,208.39999389648438,9.470000267028809,8.417499542236328,36200.0,21065100,17794800
2014-02-06,152.1886749267578,9.960000038146973,6.36646032333374,211.60000610351562,9.960000038146973,8.837499618530273,211.60000610351562,10.029999732971191,8.904999732971191,207.10000610351562,9.649999618530273,8.640000343322754,209.89999389648438,9.729999542236328,8.647500038146973,21160.0,15465800,10514400
2014-02-07,153.3394317626953,9.829999923706055,6.393474578857422,213.1999969482422,9.829999923706055,8.875,213.3000030517578,10.050000190734863,8.942500114440918,209.10000610351562,9.699999809265137,8.75,212.10000610351562,10.029999732971191,8.852499961853027,12990.0,15751800,13534000
2014-02-10,153.6990509033203,9.869999885559082,6.559165954589844,213.6999969482422,9.869999885559082,9.104999542236328,213.6999969482422,10.100000381469727,9.172499656677246,210.6999969482422,9.59000015258789,8.84749984741211,212.5,9.899999618530273,8.875,11830.0,18249200,17729600
2014-02-11,156.575927734375,9.800000190734863,6.438499927520752,217.6999969482422,9.800000190734863,8.9375,217.8000030517578,9.949999809265137,9.149999618530273,213.0,9.579999923706055,8.927499771118164,214.60000610351562,9.789999961853027,9.109999656677246,15620.0,12263500,23831200
2014-02-12,158.51785278320312,9.680000305175781,6.575374126434326,220.39999389648438,9.680000305175781,9.1274995803833,220.89999389648438,9.9399995803833,9.194999694824219,214.60000610351562,9.670000076293945,8.917499542236328,217.10000610351562,9.880000114440918,8.96500015258789,14790.0,11427600,13958800
2014-02-13,158.9493865966797,9.319999694824219,6.458309173583984,221.0,9.319999694824219,8.96500015258789,224.5,9.699999809265137,9.069999694824219,217.1999969482422,9.210000038146973,8.842499732971191,217.39999389648438,9.699999809265137,9.055000305175781,18340.0,23255000,15523200
2014-02-14,158.23019409179688,8.979999542236328,6.4132866859436035,220.0,8.979999542236328,8.90250015258789,221.8000030517578,9.329999923706055,8.932499885559082,213.1999969482422,8.949999809265137,8.755000114440918,221.8000030517578,9.270000457763672,8.925000190734863,17260.0,20033000,13072400
2014-02-18,158.1582794189453,9.460000038146973,6.508737564086914,219.89999389648438,9.460000038146973,9.03499984741211,221.0,9.649999618530273,9.114999771118164,218.0,9.239999771118164,8.832500457763672,221.0,9.359999656677246,8.954999923706055,18380.0,30259700,10734000
2014-02-19,157.72671508789062,9.010000228881836,6.411485195159912,219.3000030517578,9.010000228881836,8.899999618530273,222.5,9.460000038146973,9.02750015258789,217.60000610351562,8.989999771118164,8.8125,219.1999969482422,9.40999984741211,9.02750015258789,21090.0,23300000,14306800
2014-02-20,157.8705596923828,9.350000381469727,6.418689727783203,219.5,9.350000381469727,8.90999984741211,220.60000610351562,9.569999694824219,8.947500228881836,216.3000030517578,9.270000457763672,8.84000015258789,218.0,9.449999809265137,8.90250015258789,17980.0,34176900,8972800
2014-02-21,160.4597930908203,9.140000343322754,6.4042816162109375,223.10000610351562,9.140000343322754,8.890000343322754,226.39999389648438,9.420000076293945,8.927499771118164,217.89999389648438,9.130000114440918,8.832500457763672,220.0,9.40999984741211,8.892499923706055,30380.0,12645700,10791600
2014-02-24,161.03515625,9.829999923706055,6.492528915405273,223.89999389648438,9.829999923706055,9.012499809265137,225.0,10.100000381469727,9.092499732971191,219.0,9.430000305175781,8.850000381469727,224.0,9.479999542236328,8.899999618530273,24540.0,55453000,11340800
2014-02-25,161.61053466796875,10.600000381469727,6.928365707397461,224.6999969482422,10.600000381469727,9.617500305175781,229.3000030517578,10.899999618530273,9.75,223.10000610351562,10.25,9.042499542236328,224.8000030517578,10.380000114440918,9.0649995803833,25280.0,55137400,27935600
2014-02-26,161.97018432617188,10.329999923706055,6.856327056884766,225.1999969482422,10.329999923706055,9.517499923706055,228.8000030517578,10.760000228881836,9.647500038146973,216.6999969482422,10.210000038146973,9.397500038146973,227.5,10.680000305175781,9.582500457763672,56750.0,28989100,13794400
2014-02-27,163.552490234375,10.489999771118164,6.708646297454834,227.39999389648438,10.489999771118164,9.3125,229.39999389648438,10.699999809265137,9.47249984741211,221.39999389648438,10.270000457763672,9.227499961853027,225.1999969482422,10.270000457763672,9.412500381469727,37430.0,14975600,11474800
2014-02-28,164.6312713623047,10.0,6.719451904296875,228.89999389648438,10.0,9.327500343322754,229.39999389648438,10.550000190734863,9.4350004196167,223.5,9.949999809265137,9.227499961853027,227.39999389648438,10.479999542236328,9.34749984741211,30620.0,20308600,8571200
2014-03-03,165.06283569335938,10.369999885559082,6.697839736938477,229.5,10.369999885559082,9.297499656677246,236.0,10.4399995803833,9.417499542236328,227.6999969482422,9.65999984741211,9.207500457763672,229.6999969482422,9.729999542236328,9.262499809265137,43290.0,26633900,6933200
2014-03-04,172.47085571289062,10.34000015258789,6.726655006408691,239.8000030517578,10.34000015258789,9.337499618530273,244.60000610351562,10.75,9.457500457763672,230.8000030517578,10.260000228881836,9.305000305175781,230.8000030517578,10.489999771118164,9.375,115720.0,32416200,6133200
2014-03-05,177.36163330078125,10.100000381469727,6.978793144226074,246.60000610351562,10.100000381469727,9.6875,248.0,10.260000228881836,9.7475004196167,240.39999389648438,10.050000190734863,9.375,240.39999389648438,10.199999809265137,9.432499885559082,35540.0,18571400,15731200
2014-03-06,181.3893280029297,10.039999961853027,6.967987060546875,252.1999969482422,10.039999961853027,9.672499656677246,252.89999389648438,10.270000457763672,9.835000038146973,245.89999389648438,10.020000457763672,9.602499961853027,247.8000030517578,10.15999984741211,9.694999694824219,35130.0,9130400,11832800
2014-03-07,183.1873779296875,9.90999984741211,6.937370777130127,254.6999969482422,9.90999984741211,9.630000114440918,258.1000061035156,10.180000305175781,9.795000076293945,247.60000610351562,9.899999618530273,9.604999542236328,254.3000030517578,10.149999618530273,9.7475004196167,48770.0,10987900,8106400
2014-03-10,178.44052124023438,9.670000076293945,6.9355692863464355,248.10000610351562,9.670000076293945,9.6274995803833,264.0,10.0600004196167,9.744999885559082,247.39999389648438,9.609999656677246,9.517499923706055,253.0,9.989999771118164,9.630000114440918,39850.0,15237100,9502000
2014-03-11,172.47085571289062,9.3100004196167,6.9319682121276855,239.8000030517578,9.3100004196167,9.6225004196167,266.79998779296875,9.739999771118164,9.699999809265137,239.8000030517578,9.289999961853027,9.567500114440918,249.39999389648438,9.649999618530273,9.614999771118164,122670.0,16219900,8839200
2014-03-12,167.50823974609375,9.220000267028809,6.933768272399902,232.89999389648438,9.220000267028809,9.625,245.8000030517578,9.34000015258789,9.640000343322754,230.1999969482422,9.149999618530273,9.494999885559082,239.89999389648438,9.229999542236328,9.494999885559082,50810.0,18379700,8959200
2014-03-13,171.67970275878906,9.050000190734863,6.743030071258545,238.6999969482422,9.050000190734863,9.279999732971191,245.60000610351562,9.5600004196167,9.614999771118164,233.39999389648438,9.0,9.257499694824219,233.39999389648438,9.25,9.572500228881836,82760.0,20108400,12641200
2014-03-14,173.4058837890625,9.3100004196167,7.08090877532959,241.10000610351562,9.3100004196167,9.744999885559082,248.0,9.319999694824219,9.787500381469727,237.3000030517578,9.0,9.1899995803833,238.5,9.050000190734863,9.220000267028809,56700.0,19268600,16728400
2014-03-17,180.23858642578125,9.170000076293945,7.220783710479736,250.60000610351562,9.170000076293945,9.9375,254.3000030517578,9.420000076293945,9.962499618530273,241.6999969482422,9.050000190734863,9.720000267028809,241.6999969482422,9.359999656677246,9.755000114440918,86800.0,12948700,11348800
2014-03-18,175.49166870117188,9.199999809265137,6.9737348556518555,244.0,9.199999809265137,9.59749984741211,252.5,9.279999732971191,9.667499542236328,243.39999389648438,9.109999656677246,9.337499618530273,251.6999969482422,9.119999885559082,9.470000267028809,54750.0,6487900,30610000
2014-03-19,169.59396362304688,9.550000190734863,6.832042694091797,235.8000030517578,9.550000190734863,9.40250015258789,239.0,9.640000343322754,9.645000457763672,231.89999389648438,9.220000267028809,9.319999694824219,239.0,9.279999732971191,9.607500076293945,56920.0,17137400,11680800
2014-03-20,169.09056091308594,9.420000076293945,6.982814311981201,235.10000610351562,9.420000076293945,9.609999656677246,236.5,9.710000038146973,9.664999961853027,229.8000030517578,9.359999656677246,9.357500076293945,234.6999969482422,9.5,9.357500076293945,42920.0,15810500,8980000
2014-03-21,165.85401916503906,9.180000305175781,6.870190143585205,230.60000610351562,9.180000305175781,9.454999923706055,236.89999389648438,9.670000076293945,9.717499732971191,228.1999969482422,9.130000114440918,9.4399995803833,232.8000030517578,9.65999984741211,9.667499542236328,164590.0,17042800,11760000
2014-03-24,166.71705627441406,9.380000114440918,6.922871112823486,231.8000030517578,9.380000114440918,9.52750015258789,232.3000030517578,9.399999618530273,9.640000343322754,223.0,9.119999885559082,9.404999732971191,230.0,9.149999618530273,9.4975004196167,38550.0,15814300,12948000
2014-03-25,172.6866912841797,9.359999656677246,6.864739418029785,240.10000610351562,9.359999656677246,9.447500228881836,242.10000610351562,9.609999656677246,9.637499809265137,233.0,9.229999542236328,9.442500114440918,233.10000610351562,9.420000076293945,9.607500076293945,39840.0,13856700,12698400
2014-03-26,171.6078338623047,9.15999984741211,7.066375732421875,238.60000610351562,9.15999984741211,9.725000381469727,240.6999969482422,9.430000305175781,9.75,237.0,9.140000343322754,9.507499694824219,240.6999969482422,9.359999656677246,9.524999618530273,23820.0,19747500,22553600
2014-03-27,168.44322204589844,9.050000190734863,6.781179428100586,234.1999969482422,9.050000190734863,9.332500457763672,240.6999969482422,9.210000038146973,9.4375,232.60000610351562,8.770000457763672,8.817500114440918,237.6999969482422,9.140000343322754,9.279999732971191,28430.0,36352100,42473200
2014-03-28,171.89549255371094,8.40999984741211,7.378820896148682,239.0,8.40999984741211,10.154999732971191,239.89999389648438,9.640000343322754,10.162500381469727,233.8000030517578,8.210000038146973,9.342499732971191,234.1999969482422,9.199999809265137,9.342499732971191,28360.0,74726600,29237200
2014-03-31,174.41282653808594,8.079999923706055,7.466017246246338,242.5,8.079999923706055,10.274999618530273,242.5,8.350000381469727,10.392499923706055,233.8000030517578,7.869999885559082,10.057499885559082,239.89999389648438,8.300000190734863,10.180000305175781,233730.0,41331900,16544000
2014-04-01,177.79319763183594,8.100000381469727,7.734867095947266,247.1999969482422,8.100000381469727,10.645000457763672,247.1999969482422,8.210000038146973,10.677499771118164,238.6999969482422,7.889999866485596,10.234999656677246,242.0,8.15999984741211,10.262499809265137,37460.0,19894000,17088400
2014-04-02,178.36854553222656,8.210000038146973,7.8783745765686035,248.0,8.210000038146973,10.842499732971191,251.39999389648438,8.279999732971191,10.859999656677246,245.1999969482422,8.050000190734863,10.607500076293945,247.3000030517578,8.050000190734863,10.649999618530273,32150.0,12966000,18085600
2014-04-03,168.87477111816406,8.220000267028809,8.063661575317383,234.8000030517578,8.220000267028809,11.09749984741211,250.0,8.4399995803833,11.114999771118164,234.39999389648438,8.100000381469727,10.850000381469727,248.60000610351562,8.260000228881836,10.8774995803833,37470.0,13197400,21476000
2014-04-04,165.56626892089844,8.0,7.782097339630127,230.1999969482422,8.0,10.710000038146973,237.0,8.289999961853027,11.369999885559082,225.89999389648438,7.989999771118164,10.592499732971191,236.0,8.25,11.359999656677246,32290.0,12904900,27134000
2014-04-07,165.56626892089844,7.860000133514404,7.905620574951172,230.1999969482422,7.860000133514404,10.880000114440918,231.60000610351562,8.100000381469727,10.930000305175781,225.39999389648438,7.75,10.522500038146973,230.10000610351562,7.989999771118164,10.670000076293945,23850.0,14462600,16592400
2014-04-08,172.39898681640625,7.960000038146973,7.945587158203125,239.6999969482422,7.960000038146973,10.9350004196167,241.8000030517578,8.15999984741211,11.024999618530273,228.10000610351562,7.889999866485596,10.852499961853027,230.39999389648438,7.909999847412109,10.892499923706055,52200.0,14589600,15609600
2014-04-09,170.02549743652344,7.960000038146973,7.843860149383545,236.39999389648438,7.960000038146973,10.795000076293945,241.1999969482422,8.100000381469727,10.947500228881836,235.6999969482422,7.900000095367432,10.699999809265137,240.60000610351562,8.039999961853027,10.947500228881836,28200.0,8827600,13522800
2014-04-10,164.55938720703125,7.670000076293945,7.485998630523682,228.8000030517578,7.670000076293945,10.302499771118164,236.39999389648438,8.020000457763672,10.875,228.8000030517578,7.630000114440918,10.28499984741211,235.89999389648438,8.0,10.795000076293945,11800.0,16034000,23130400
2014-04-11,169.73785400390625,7.28000020980835,7.360656261444092,236.0,7.28000020980835,10.130000114440918,237.10000610351562,7.679999828338623,10.302499771118164,219.10000610351562,7.230000019073486,10.0625,227.3000030517578,7.579999923706055,10.182499885559082,58150.0,17199200,13264400
2014-04-14,169.6658935546875,7.139999866485596,7.478734016418457,235.89999389648438,7.139999866485596,10.292499542236328,240.10000610351562,7.400000095367432,10.404999732971191,235.10000610351562,7.010000228881836,10.177499771118164,238.8000030517578,7.400000095367432,10.21500015258789,30520.0,17798800,13408800
2014-04-15,161.17898559570312,7.210000038146973,7.529595851898193,224.10000610351562,7.210000038146973,10.362500190734863,239.39999389648438,7.28000020980835,10.46500015258789,221.6999969482422,7.050000190734863,10.1899995803833,236.60000610351562,7.099999904632568,10.324999809265137,26470.0,10674000,14148800
2014-04-16,161.8982696533203,7.150000095367432,7.4006218910217285,225.10000610351562,7.150000095367432,10.1850004196167,226.3000030517578,7.369999885559082,10.505000114440918,220.1999969482422,7.099999904632568,10.157500267028809,224.5,7.349999904632568,10.460000038146973,19100.0,8326700,8252000
2014-04-17,160.3878631591797,7.150000095367432,7.533231258392334,223.0,7.150000095367432,10.367500305175781,226.5,7.269999980926514,10.397500038146973,216.8000030517578,7.119999885559082,10.032500267028809,224.39999389648438,7.179999828338623,10.149999618530273,36710.0,7246400,9644000
2014-04-21,168.2274627685547,7.179999828338623,7.44240140914917,233.89999389648438,7.179999828338623,10.242500305175781,236.39999389648438,7.199999809265137,10.477499961853027,223.0,7.099999904632568,10.192500114440918,223.0,7.159999847412109,10.354999542236328,31240.0,6183200,7421200
2014-04-22,163.91207885742188,7.289999961853027,7.678555965423584,227.89999389648438,7.289999961853027,10.567500114440918,234.8000030517578,7.340000152587891,10.704999923706055,226.5,7.170000076293945,10.21500015258789,233.6999969482422,7.239999771118164,10.21500015258789,20250.0,5955700,11579600
2014-04-23,164.48744201660156,7.360000133514404,7.249847888946533,228.6999969482422,7.360000133514404,9.977499961853027,234.60000610351562,7.440000057220459,10.670000076293945,227.39999389648438,7.179999828338623,9.970000267028809,228.1999969482422,7.269999980926514,10.595000267028809,30210.0,7885300,14692800
2014-04-24,168.155517578125,7.340000152587891,7.304344654083252,233.8000030517578,7.340000152587891,10.052499771118164,238.60000610351562,7.440000057220459,10.147500038146973,228.39999389648438,7.269999980926514,9.867500305175781,229.8000030517578,7.389999866485596,10.057499885559082,13470.0,6379500,8976800
2014-04-25,158.87744140625,7.28000020980835,7.151753902435303,220.89999389648438,7.28000020980835,9.842499732971191,232.39999389648438,7.360000133514404,9.992500305175781,219.5,7.179999828338623,9.742500305175781,232.1999969482422,7.329999923706055,9.925000190734863,32830.0,5838400,6581200
2014-04-28,162.4736328125,7.53000020980835,7.327958106994629,225.89999389648438,7.53000020980835,10.085000038146973,227.0,7.590000152587891,10.119999885559082,218.6999969482422,7.199999809265137,9.802499771118164,221.6999969482422,7.400000095367432,9.90250015258789,28960.0,15381000,7139200
2014-04-29,161.6824951171875,7.670000076293945,7.329775810241699,224.8000030517578,7.670000076293945,10.087499618530273,228.3000030517578,7.699999809265137,10.1225004196167,221.39999389648438,7.360000133514404,9.907500267028809,227.3000030517578,7.510000228881836,10.077500343322754,15100.0,11498800,7624000
2014-04-30,166.4293975830078,7.659999847412109,7.208066463470459,231.39999389648438,7.659999847412109,9.920000076293945,231.8000030517578,7.679999828338623,10.069999694824219,212.3000030517578,7.53000020980835,9.767499923706055,225.10000610351562,7.590000152587891,10.037500381469727,59900.0,11603400,8044800
2014-05-01,172.61471557617188,7.96999979019165,7.131772994995117,240.0,7.96999979019165,9.8149995803833,240.60000610351562,7.989999771118164,10.045000076293945,229.5,7.570000171661377,9.807499885559082,230.89999389648438,7.679999828338623,9.970000267028809,63230.0,14205800,8942000
2014-05-02,170.7447509765625,8.149999618530273,7.251664638519287,237.39999389648438,8.149999618530273,9.979999542236328,245.8000030517578,8.220000267028809,10.1225004196167,236.3000030517578,7.900000095367432,9.8149995803833,239.8000030517578,7.949999809265137,9.835000038146973,34600.0,12933900,7522800
2014-05-05,164.6312713623047,7.929999828338623,6.930136203765869,228.89999389648438,7.929999828338623,9.537500381469727,236.8000030517578,8.130000114440918,9.869999885559082,228.0,7.809999942779541,9.529999732971191,235.6999969482422,8.010000228881836,9.842499732971191,19110.0,11520800,11861600
2014-05-06,159.66864013671875,7.670000076293945,6.841125965118408,222.0,7.670000076293945,9.414999961853027,228.89999389648438,7.920000076293945,9.59000015258789,221.1999969482422,7.650000095367432,9.404999732971191,227.6999969482422,7.920000076293945,9.582500457763672,23840.0,7441000,9692000
2014-05-07,158.3740234375,7.289999961853027,6.510512351989746,220.1999969482422,7.289999961853027,8.960000038146973,225.0,7.71999979019165,9.5,217.0,7.210000038146973,8.917499542236328,222.39999389648438,7.710000038146973,9.47249984741211,20400.0,14004400,22162400
2014-05-08,153.2675323486328,7.340000152587891,6.543210029602051,213.10000610351562,7.340000152587891,9.005000114440918,222.39999389648438,7.510000228881836,9.197500228881836,211.1999969482422,7.25,8.922499656677246,219.3000030517578,7.300000190734863,8.944999694824219,19710.0,5916000,11555200
2014-05-09,152.04481506347656,7.289999961853027,6.6413044929504395,211.39999389648438,7.289999961853027,9.140000343322754,213.10000610351562,7.389999866485596,9.194999694824219,209.89999389648438,7.199999809265137,8.9399995803833,212.39999389648438,7.289999961853027,9.0024995803833,20250.0,6299200,7016400
2014-05-12,155.42518615722656,7.440000057220459,6.688532829284668,216.10000610351562,7.440000057220459,9.204999923706055,217.10000610351562,7.480000019073486,9.324999809265137,210.0,7.320000171661377,9.137499809265137,211.8000030517578,7.349999904632568,9.147500038146973,18970.0,5253900,7760800
2014-05-13,155.78480529785156,7.449999809265137,6.875638484954834,216.60000610351562,7.449999809265137,9.462499618530273,217.8000030517578,7.570000171661377,9.5,212.39999389648438,7.409999847412109,9.21500015258789,215.60000610351562,7.460000038146973,9.234999656677246,13620.0,5241300,10346400
2014-05-14,154.13058471679688,7.329999923706055,6.623139381408691,214.3000030517578,7.329999923706055,9.114999771118164,216.5,7.489999771118164,9.422499656677246,213.0,7.309999942779541,9.095000267028809,215.1999969482422,7.480000019073486,9.412500381469727,13500.0,4371200,8714400
2014-05-15,154.34634399414062,7.380000114440918,6.51596212387085,214.60000610351562,7.380000114440918,8.967499732971191,216.3000030517578,7.440000057220459,9.055000305175781,212.5,7.170000076293945,8.774999618530273,213.0,7.329999923706055,9.03499984741211,19530.0,9328600,9629600
2014-05-16,152.97984313964844,7.260000228881836,6.57954216003418,212.6999969482422,7.260000228881836,9.055000305175781,214.5,7.309999942779541,9.057499885559082,211.3000030517578,7.179999828338623,8.854999542236328,214.10000610351562,7.25,8.859999656677246,26240.0,5652000,7777600
2014-05-19,157.9424591064453,7.239999771118164,6.717597961425781,219.60000610351562,7.239999771118164,9.244999885559082,220.5,7.309999942779541,9.292499542236328,211.89999389648438,7.179999828338623,8.942500114440918,212.5,7.269999980926514,9.077500343322754,15640.0,4373300,14664400
2014-05-20,157.9424591064453,7.239999771118164,6.617687702178955,219.60000610351562,7.239999771118164,9.107500076293945,220.8000030517578,7.329999923706055,9.292499542236328,217.6999969482422,7.190000057220459,9.067500114440918,219.89999389648438,7.21999979019165,9.220000267028809,16080.0,6422900,13653200
2014-05-21,158.80557250976562,7.309999942779541,6.71033239364624,220.8000030517578,7.309999942779541,9.234999656677246,224.10000610351562,7.320000171661377,9.327500343322754,220.0,7.179999828338623,9.112500190734863,220.0,7.230000019073486,9.112500190734863,15150.0,5715100,10674800
2014-05-22,161.03515625,7.28000020980835,6.699434757232666,223.89999389648438,7.28000020980835,9.220000267028809,225.1999969482422,7.380000114440918,9.359999656677246,220.1999969482422,7.25,9.012499809265137,220.5,7.28000020980835,9.199999809265137,11380.0,4096700,16339200
2014-05-23,162.3297576904297,7.230000019073486,6.980998992919922,225.6999969482422,7.230000019073486,9.607500076293945,227.60000610351562,7.320000171661377,9.882499694824219,222.8000030517578,7.199999809265137,9.505000114440918,224.60000610351562,7.28000020980835,9.635000228881836,9320.0,6886800,24071600
2014-05-27,166.86093139648438,7.28000020980835,6.77391242980957,232.0,7.28000020980835,9.322500228881836,234.6999969482422,7.320000171661377,9.762499809265137,230.60000610351562,7.230000019073486,9.289999961853027,231.10000610351562,7.309999942779541,9.675000190734863,17430.0,4177200,12504400
2014-05-28,165.42245483398438,7.289999961853027,6.941033363342285,230.0,7.289999961853027,9.552499771118164,232.39999389648438,7.300000190734863,9.567500114440918,223.89999389648438,7.159999847412109,9.194999694824219,231.8000030517578,7.25,9.322500228881836,19210.0,6143500,11018400
2014-05-29,162.83323669433594,7.739999771118164,6.933767795562744,226.39999389648438,7.739999771118164,9.542499542236328,230.89999389648438,7.869999885559082,9.649999618530273,225.60000610351562,7.5,9.432499885559082,230.0,7.550000190734863,9.574999809265137,30770.0,21453100,9859200
2014-05-30,163.0489959716797,7.599999904632568,6.875638484954834,226.6999969482422,7.599999904632568,9.462499618530273,230.60000610351562,7.809999942779541,9.577500343322754,226.3000030517578,7.590000152587891,9.4375,227.0,7.75,9.542499542236328,24150.0,10200900,9635600
2014-06-02,162.61746215820312,7.400000095367432,6.699716091156006,226.10000610351562,7.400000095367432,9.140000343322754,228.89999389648438,7.710000038146973,9.462499618530273,220.1999969482422,7.340000152587891,9.135000228881836,223.3000030517578,7.599999904632568,9.420000076293945,25940.0,7989600,8949200
2014-06-03,162.2578887939453,7.480000019073486,6.7015485763549805,225.60000610351562,7.480000019073486,9.142499923706055,226.8000030517578,7.5,9.1850004196167,221.60000610351562,7.300000190734863,8.97249984741211,225.5,7.389999866485596,9.112500190734863,87910.0,6123500,11521600
2014-06-04,163.63658142089844,7.650000095367432,6.827991008758545,225.5,7.650000095367432,9.3149995803833,230.0,7.869999885559082,9.46500015258789,222.8000030517578,7.320000171661377,9.072500228881836,223.89999389648438,7.420000076293945,9.119999885559082,18370.0,15549400,7606400
2014-06-05,166.5392303466797,7.690000057220459,6.723540306091309,229.5,7.690000057220459,9.172499656677246,230.0,7.809999942779541,9.329999923706055,222.1999969482422,7.590000152587891,9.102499961853027,226.3000030517578,7.71999979019165,9.3125,13470.0,7513400,6580400
2014-06-06,174.15869140625,7.659999847412109,6.831659317016602,240.0,7.659999847412109,9.319999694824219,242.8000030517578,7.809999942779541,9.364999771118164,230.10000610351562,7.659999847412109,9.172499656677246,231.10000610351562,7.789999961853027,9.177499771118164,41510.0,6359500,7308000
2014-06-09,175.4649200439453,7.900000095367432,6.692386627197266,241.8000030517578,7.900000095367432,9.130000114440918,243.89999389648438,7.980000019073486,9.404999732971191,236.39999389648438,7.659999847412109,9.119999885559082,238.8000030517578,7.679999828338623,9.324999809265137,11350.0,9742000,7674000
2014-06-10,175.53746032714844,7.860000133514404,6.833490371704102,241.89999389648438,7.860000133514404,9.322500228881836,242.1999969482422,7.96999979019165,9.342499732971191,238.60000610351562,7.829999923706055,9.077500343322754,242.0,7.949999809265137,9.135000228881836,10380.0,5660100,8293200
2014-06-11,175.0294952392578,7.78000020980835,6.915953159332275,241.1999969482422,7.78000020980835,9.4350004196167,246.3000030517578,7.880000114440918,9.767499923706055,239.60000610351562,7.769999980926514,9.322500228881836,241.89999389648438,7.820000171661377,9.335000038146973,10300.0,4729400,13596800
2014-06-12,174.52154541015625,8.119999885559082,6.652070045471191,240.5,8.119999885559082,9.074999809265137,242.3000030517578,8.119999885559082,9.399999618530273,236.8000030517578,7.769999980926514,9.045000076293945,241.1999969482422,7.849999904632568,9.387499809265137,11930.0,11932400,10489600
2014-06-13,175.755126953125,7.889999866485596,6.778515338897705,242.1999969482422,7.889999866485596,9.2475004196167,245.3000030517578,8.229999542236328,9.274999618530273,238.89999389648438,7.829999923706055,9.020000457763672,241.0,8.09000015258789,9.082500457763672,19490.0,11778400,7460400
2014-06-16,176.19056701660156,7.929999828338623,6.912290096282959,242.8000030517578,7.929999828338623,9.430000305175781,245.0,7.940000057220459,9.4350004196167,241.5,7.800000190734863,9.197500228881836,242.39999389648438,7.880000114440918,9.212499618530273,21210.0,5115300,7273600
2014-06-17,173.505615234375,8.050000190734863,7.3832502365112305,239.10000610351562,8.050000190734863,10.072500228881836,244.6999969482422,8.079999923706055,10.085000038146973,238.60000610351562,7.840000152587891,9.59000015258789,242.1999969482422,7.949999809265137,9.739999771118164,28590.0,6951800,20228400
2014-06-18,177.06134033203125,8.289999961853027,7.330105781555176,244.0,8.289999961853027,10.0,244.0,8.460000038146973,10.079999923706055,236.8000030517578,8.170000076293945,9.859999656677246,239.10000610351562,8.300000190734863,10.079999923706055,12180.0,25685400,11353600
2014-06-19,178.8755340576172,9.09000015258789,7.322775840759277,246.5,9.09000015258789,9.989999771118164,247.6999969482422,9.520000457763672,10.104999542236328,242.89999389648438,9.010000228881836,9.922499656677246,244.0,9.270000457763672,10.02750015258789,14300.0,72615400,9364800
2014-06-20,178.58523559570312,9.8100004196167,7.350264549255371,246.10000610351562,9.8100004196167,10.02750015258789,247.89999389648438,9.890000343322754,10.104999542236328,243.5,8.979999542236328,9.97249984741211,247.1999969482422,9.199999809265137,10.0,19300.0,67104500,11714800
2014-06-23,175.39234924316406,10.119999885559082,7.403405666351318,241.6999969482422,10.119999885559082,10.100000381469727,246.5,10.140000343322754,10.140000343322754,241.3000030517578,9.859999656677246,9.954999923706055,246.5,9.930000305175781,10.022500038146973,18650.0,37528000,6448000
2014-06-24,175.90029907226562,9.84000015258789,7.374086380004883,242.39999389648438,9.84000015258789,10.0600004196167,246.39999389648438,10.119999885559082,10.1850004196167,240.5,9.800000190734863,10.0,241.60000610351562,10.09000015258789,10.085000038146973,8600.0,23982700,7699200
2014-06-25,177.35162353515625,9.979999542236328,7.368588447570801,244.39999389648438,9.979999542236328,10.052499771118164,244.5,10.100000381469727,10.119999885559082,240.0,9.65999984741211,9.954999923706055,241.1999969482422,9.720000267028809,10.037500381469727,9190.0,19043600,8234800
2014-06-26,178.07728576660156,9.920000076293945,7.434559345245361,245.39999389648438,9.920000076293945,10.142499923706055,246.0,10.050000190734863,10.15250015258789,241.6999969482422,9.800000190734863,9.927499771118164,244.10000610351562,10.010000228881836,10.0600004196167,4230.0,12351200,7635600
2014-06-27,178.58523559570312,9.779999732971191,7.3942437171936035,246.10000610351562,9.779999732971191,10.087499618530273,247.1999969482422,9.899999618530273,10.2475004196167,242.5,9.739999771118164,10.0625,243.89999389648438,9.84000015258789,10.107500076293945,35840.0,14028000,11698400
2014-06-30,180.4719696044922,10.239999771118164,7.416234970092773,248.6999969482422,10.239999771118164,10.117500305175781,249.5,10.260000228881836,10.197500228881836,244.3000030517578,9.779999732971191,10.069999694824219,245.60000610351562,9.819999694824219,10.107500076293945,12310.0,24742700,6017600
2014-07-01,177.56930541992188,10.520000457763672,7.421731948852539,244.6999969482422,10.520000457763672,10.125,250.0,10.770000457763672,10.220000267028809,244.1999969482422,10.300000190734863,10.069999694824219,249.39999389648438,10.34000015258789,10.1274995803833,24860.0,23705100,6431600
2014-07-02,179.60118103027344,10.65999984741211,7.489534378051758,247.5,10.65999984741211,10.217499732971191,248.0,10.880000114440918,10.302499771118164,244.0,10.609999656677246,10.1274995803833,244.39999389648438,10.699999809265137,10.149999618530273,7530.0,15452100,6895200
2014-07-03,178.73036193847656,10.609999656677246,7.65263032913208,246.3000030517578,10.609999656677246,10.4399995803833,249.0,10.699999809265137,10.454999923706055,245.89999389648438,10.579999923706055,10.21500015258789,247.89999389648438,10.59000015258789,10.237500190734863,5440.0,6017200,4632400
2014-07-07,174.66664123535156,11.210000038146973,7.6214776039123535,240.6999969482422,11.210000038146973,10.397500038146973,247.5,11.34000015258789,10.454999923706055,240.39999389648438,10.569999694824219,10.362500190734863,247.5,10.619999885559082,10.387499809265137,14720.0,38105200,5614000
2014-07-08,171.18345642089844,10.9399995803833,7.630639553070068,235.89999389648438,10.9399995803833,10.40999984741211,240.8000030517578,11.199999809265137,10.422499656677246,232.1999969482422,10.5600004196167,10.25,240.10000610351562,11.140000343322754,10.364999771118164,12330.0,28538800,10330000
2014-07-09,171.618896484375,11.399999618530273,7.65812873840332,236.5,11.399999618530273,10.447500228881836,238.1999969482422,11.489999771118164,10.71500015258789,234.6999969482422,11.0,10.357500076293945,235.89999389648438,11.020000457763672,10.420000076293945,10460.0,28192000,10606400
2014-07-10,169.3693389892578,11.420000076293945,7.656294345855713,233.39999389648438,11.420000076293945,10.444999694824219,234.1999969482422,11.649999618530273,10.512499809265137,230.1999969482422,11.020000457763672,10.1899995803833,232.39999389648438,11.09000015258789,10.262499809265137,17320.0,24941800,8253200
2014-07-11,168.93397521972656,11.510000228881836,7.557338237762451,232.8000030517578,11.510000228881836,10.3100004196167,234.6999969482422,11.630000114440918,10.444999694824219,231.0,11.380000114440918,10.210000038146973,232.8000030517578,11.449999809265137,10.40250015258789,8960.0,15236700,7210400
2014-07-14,167.3374786376953,11.220000267028809,7.656294345855713,230.60000610351562,11.220000267028809,10.444999694824219,236.1999969482422,11.619999885559082,10.517499923706055,229.89999389648438,11.199999809265137,10.364999771118164,234.60000610351562,11.579999923706055,10.460000038146973,10120.0,15842100,5525600
2014-07-15,162.33042907714844,11.300000190734863,7.517023086547852,223.6999969482422,11.300000190734863,10.255000114440918,231.60000610351562,11.390000343322754,10.484999656677246,222.6999969482422,11.100000381469727,10.217499732971191,230.0,11.180000305175781,10.422499656677246,12970.0,12015600,7142000
2014-07-16,161.74986267089844,9.970000267028809,7.6123151779174805,222.89999389648438,9.970000267028809,10.385000228881836,226.5,10.979999542236328,10.430000305175781,221.0,9.90999984741211,10.262499809265137,224.10000610351562,10.65999984741211,10.317500114440918,32630.0,47397700,5677600
2014-07-17,162.9835205078125,9.710000038146973,7.5591721534729,224.60000610351562,9.710000038146973,10.3125,225.8000030517578,10.199999809265137,10.505000114440918,221.1999969482422,9.6899995803833,10.279999732971191,221.89999389648438,9.779999732971191,10.40999984741211,23170.0,28339800,9124000
2014-07-18,163.4915008544922,10.039999961853027,7.848710536956787,225.3000030517578,10.039999961853027,10.707500457763672,227.6999969482422,10.130000114440918,10.842499732971191,221.5,9.890000343322754,10.375,224.3000030517578,9.890000343322754,10.430000305175781,27900.0,15126900,15965200
2014-07-21,164.36227416992188,10.0,7.852375507354736,226.5,10.0,10.712499618530273,227.39999389648438,10.289999961853027,10.8100004196167,222.10000610351562,9.90999984741211,10.600000381469727,224.6999969482422,10.130000114440918,10.642499923706055,15080.0,10912200,10919200
2014-07-22,165.74102783203125,9.920000076293945,8.079609870910645,228.39999389648438,9.920000076293945,11.022500038146973,229.0,10.100000381469727,11.082500457763672,224.0,9.890000343322754,10.6274995803833,227.1999969482422,10.079999923706055,10.729999542236328,13130.0,7789800,10909600
2014-07-23,163.99945068359375,9.829999923706055,8.195058822631836,226.0,9.829999923706055,11.180000305175781,229.0,10.029999732971191,11.422499656677246,225.60000610351562,9.75,11.022500038146973,228.8000030517578,9.949999809265137,11.130000114440918,4260.0,10581600,16192400
2014-07-24,163.99945068359375,10.380000114440918,8.447946548461914,226.0,10.380000114440918,11.524999618530273,227.6999969482422,10.4399995803833,11.550000190734863,224.89999389648438,9.699999809265137,11.192500114440918,226.8000030517578,9.779999732971191,11.192500114440918,7990.0,31239400,17061600
2014-07-25,166.97463989257812,10.270000457763672,8.370978355407715,230.10000610351562,10.270000457763672,11.420000076293945,230.60000610351562,10.4399995803833,11.520000457763672,224.39999389648438,10.09000015258789,11.395000457763672,224.39999389648438,10.3100004196167,11.46500015258789,17470.0,11026000,5972800
2014-07-28,167.48260498046875,9.949999809265137,8.444281578063965,230.8000030517578,9.949999809265137,11.520000457763672,231.5,10.399999618530273,11.637499809265137,225.8000030517578,9.90999984741211,11.46500015258789,229.8000030517578,10.359999656677246,11.46500015258789,10880.0,15162800,6551600
2014-07-29,163.85427856445312,9.510000228881836,7.958662033081055,225.8000030517578,9.510000228881836,10.857500076293945,232.8000030517578,10.109999656677246,11.647500038146973,225.10000610351562,9.5,10.470000267028809,230.6999969482422,10.0,11.515000343322754,9630.0,24589500,50204800
2014-07-30,163.34634399414062,9.710000038146973,7.905519962310791,225.10000610351562,9.710000038146973,10.78499984741211,227.60000610351562,9.75,11.125,223.0,9.520000457763672,10.772500038146973,226.5,9.630000114440918,10.970000267028809,15360.0,9898700,21596000
2014-07-31,164.2897186279297,9.329999923706055,7.691115856170654,226.39999389648438,9.329999923706055,10.492500305175781,232.5,9.789999961853027,10.760000228881836,220.89999389648438,8.710000038146973,10.484999656677246,232.5,9.600000381469727,10.737500190734863,30890.0,24858700,9102800
2014-08-01,166.902099609375,9.300000190734863,7.553673267364502,230.0,9.300000190734863,10.305000305175781,230.8000030517578,9.399999618530273,10.640000343322754,225.8000030517578,9.119999885559082,10.265000343322754,226.8000030517578,9.399999618530273,10.4975004196167,18570.0,10075600,9872000
2014-08-04,169.51446533203125,9.149999618530273,7.639802932739258,233.60000610351562,9.149999618530273,10.422499656677246,233.8000030517578,9.430000305175781,10.529999732971191,226.89999389648438,9.140000343322754,10.329999923706055,231.10000610351562,9.329999923706055,10.337499618530273,21400.0,8544700,10934000
2014-08-05,168.06317138671875,9.350000381469727,7.573832988739014,231.60000610351562,9.350000381469727,10.332500457763672,235.0,9.600000381469727,10.505000114440918,230.1999969482422,9.260000228881836,10.287500381469727,232.10000610351562,9.380000114440918,10.375,15940.0,13104100,6903200
2014-08-06,171.5463104248047,9.390000343322754,7.604985237121582,236.39999389648438,9.390000343322754,10.375,239.6999969482422,9.479999542236328,10.454999923706055,231.1999969482422,9.3100004196167,10.217499732971191,231.1999969482422,9.399999618530273,10.257499694824219,15910.0,7845300,6443600
2014-08-07,170.8932342529297,9.25,7.489534378051758,235.5,9.25,10.217499732971191,239.0,9.489999771118164,10.487500190734863,233.3000030517578,9.199999809265137,10.212499618530273,236.5,9.380000114440918,10.4350004196167,9450.0,7388100,4842000
2014-08-08,169.51446533203125,9.4399995803833,7.458381652832031,233.60000610351562,9.4399995803833,10.175000190734863,235.5,9.449999809265137,10.234999656677246,230.89999389648438,9.170000076293945,10.067500114440918,235.1999969482422,9.220000267028809,10.234999656677246,7360.0,5145100,7065200
2014-08-11,170.09498596191406,9.520000457763672,7.630639553070068,234.39999389648438,9.520000457763672,10.40999984741211,236.39999389648438,9.5600004196167,10.427499771118164,233.39999389648438,9.359999656677246,10.175000190734863,233.60000610351562,9.4399995803833,10.2475004196167,10000.0,6021400,5984000
2014-08-12,168.6436767578125,9.40999984741211,7.500530242919922,232.39999389648438,9.40999984741211,10.232500076293945,234.10000610351562,9.539999961853027,10.407500267028809,230.1999969482422,9.300000190734863,10.15250015258789,233.10000610351562,9.5,10.404999732971191,5830.0,7461100,6754400
2014-08-13,167.55516052246094,9.369999885559082,7.57566499710083,230.89999389648438,9.369999885559082,10.335000038146973,234.10000610351562,9.489999771118164,10.342499732971191,230.10000610351562,9.3100004196167,10.104999542236328,233.6999969482422,9.399999618530273,10.302499771118164,8320.0,6797100,5554000
2014-08-14,165.015380859375,9.5,7.665458679199219,227.39999389648438,9.5,10.457500457763672,231.6999969482422,9.539999961853027,10.475000381469727,226.8000030517578,9.399999618530273,10.197500228881836,231.6999969482422,9.40999984741211,10.3725004196167,8900.0,4547200,8917600
2014-08-15,167.6277313232422,9.59000015258789,7.26413631439209,231.0,9.59000015258789,9.90999984741211,232.39999389648438,9.680000305175781,10.47249984741211,223.8000030517578,9.479999542236328,9.850000381469727,229.5,9.569999694824219,10.467499732971191,11880.0,8303300,17036400
2014-08-18,170.02243041992188,9.760000228881836,7.449220657348633,234.3000030517578,9.760000228881836,10.162500381469727,237.3000030517578,9.829999923706055,10.1850004196167,231.8000030517578,9.59000015258789,9.987500190734863,233.0,9.680000305175781,10.015000343322754,14390.0,6567300,10640800
2014-08-19,170.96580505371094,9.850000381469727,7.491369724273682,235.60000610351562,9.850000381469727,10.220000267028809,239.3000030517578,9.869999885559082,10.322500228881836,233.39999389648438,9.739999771118164,10.1850004196167,234.1999969482422,9.779999732971191,10.199999809265137,12110.0,5624400,8368000
2014-08-20,171.0383758544922,10.15999984741211,7.573832988739014,235.6999969482422,10.15999984741211,10.332500457763672,236.1999969482422,10.270000457763672,10.345000267028809,232.1999969482422,9.859999656677246,10.015000343322754,235.10000610351562,9.90999984741211,10.21500015258789,6150.0,11773800,9188000
2014-08-21,169.44189453125,9.850000381469727,7.419900417327881,233.5,9.850000381469727,10.1225004196167,235.89999389648438,10.25,10.432499885559082,230.39999389648438,9.800000190734863,10.077500343322754,235.10000610351562,10.220000267028809,10.417499542236328,11890.0,11657400,19876000
2014-08-22,170.45785522460938,9.9399995803833,7.861538410186768,234.89999389648438,9.9399995803833,10.725000381469727,238.3000030517578,9.989999771118164,11.125,232.89999389648438,9.850000381469727,10.595000267028809,233.1999969482422,9.859999656677246,10.920000076293945,8050.0,5782900,34313200
2014-08-25,171.0383758544922,10.0,7.7717437744140625,235.6999969482422,10.0,10.602499961853027,238.10000610351562,10.119999885559082,10.895000457763672,234.39999389648438,9.880000114440918,10.470000267028809,236.60000610351562,9.979999542236328,10.895000457763672,3430.0,6273600,13844400
2014-08-26,171.3286590576172,10.0600004196167,7.837714195251465,236.10000610351562,10.0600004196167,10.692500114440918,238.0,10.140000343322754,10.737500190734863,234.60000610351562,9.899999618530273,10.475000381469727,235.1999969482422,10.0,10.609999656677246,8590.0,5585000,9614800
2014-08-27,171.7640380859375,10.3100004196167,7.878031253814697,236.6999969482422,10.3100004196167,10.7475004196167,236.89999389648438,10.350000381469727,10.77750015258789,234.3000030517578,10.0,10.642499923706055,235.6999969482422,10.0600004196167,10.742500305175781,9410.0,6922000,4411200
2014-08-28,171.5463104248047,10.260000228881836,7.911015510559082,236.39999389648438,10.260000228881836,10.792499542236328,237.0,10.34000015258789,10.800000190734863,233.39999389648438,10.109999656677246,10.5625,235.39999389648438,10.319999694824219,10.6875,6970.0,5525400,7231600
2014-08-29,171.7640380859375,10.180000305175781,7.792831897735596,236.6999969482422,10.180000305175781,10.550000190734863,237.3000030517578,10.380000114440918,10.744999885559082,234.10000610351562,10.170000076293945,10.52750015258789,236.1999969482422,10.270000457763672,10.734999656677246,5900.0,5544700,7246400
2014-09-02,173.7232666015625,10.449999809265137,8.079060554504395,239.39999389648438,10.449999809265137,10.9375,239.89999389648438,10.520000457763672,10.987500190734863,234.89999389648438,10.15999984741211,10.557499885559082,236.5,10.15999984741211,10.572500228881836,15160.0,12044000,12292800
2014-09-03,175.6990966796875,10.739999771118164,8.038433074951172,240.10000610351562,10.739999771118164,10.882499694824219,245.5,10.9399995803833,11.020000457763672,236.0,10.479999542236328,10.854999542236328,239.5,10.5,11.0,17700.0,15687400,6695600
2014-09-04,177.23580932617188,10.510000228881836,8.2064790725708,242.1999969482422,10.510000228881836,11.109999656677246,243.8000030517578,10.920000076293945,11.1225004196167,237.6999969482422,10.420000076293945,10.885000228881836,239.89999389648438,10.899999618530273,10.899999618530273,11460.0,11225900,9081200
2014-09-05,178.91888427734375,10.399999618530273,8.35421085357666,244.5,10.399999618530273,11.3100004196167,246.1999969482422,10.8100004196167,11.3125,240.3000030517578,10.350000381469727,10.942500114440918,241.5,10.479999542236328,11.077500343322754,13750.0,10356600,11084800
2014-09-08,181.48011779785156,10.1899995803833,8.176933288574219,248.0,10.1899995803833,11.069999694824219,250.3000030517578,10.479999542236328,11.352499961853027,243.8000030517578,10.109999656677246,11.047499656677246,244.8000030517578,10.449999809265137,11.274999618530273,29510.0,8571700,7970000
2014-09-09,179.9434051513672,10.279999732971191,7.9701080322265625,245.89999389648438,10.279999732971191,10.789999961853027,249.10000610351562,10.289999961853027,11.069999694824219,243.8000030517578,10.130000114440918,10.765000343322754,249.10000610351562,10.180000305175781,11.037500381469727,25610.0,6635700,10428400
2014-09-10,179.5043487548828,10.270000457763672,7.9664154052734375,245.3000030517578,10.270000457763672,10.78499984741211,245.89999389648438,10.300000190734863,10.890000343322754,242.6999969482422,10.170000076293945,10.6875,245.89999389648438,10.270000457763672,10.857500076293945,18190.0,6056900,8990400
2014-09-11,180.08975219726562,10.779999732971191,8.117841720581055,246.10000610351562,10.779999732971191,10.989999771118164,247.10000610351562,10.800000190734863,10.9975004196167,242.89999389648438,10.229999542236328,10.744999885559082,244.0,10.229999542236328,10.765000343322754,6600.0,12607100,7767600
2014-09-12,180.08975219726562,10.789999961853027,8.053208351135254,246.10000610351562,10.789999961853027,10.90250015258789,247.0,10.819999694824219,11.100000381469727,240.1999969482422,10.609999656677246,10.867500305175781,245.5,10.720000267028809,11.007499694824219,40200.0,9200500,6821600
2014-09-15,180.01661682128906,11.020000457763672,8.034740447998047,246.0,11.020000457763672,10.8774995803833,253.39999389648438,11.170000076293945,10.944999694824219,245.6999969482422,10.770000457763672,10.797499656677246,248.39999389648438,10.819999694824219,10.895000457763672,19100.0,14517000,4722400
2014-09-16,180.7483367919922,11.0600004196167,8.28219223022461,247.0,11.0600004196167,11.212499618530273,248.1999969482422,11.109999656677246,11.362500190734863,242.8000030517578,10.800000190734863,10.822500228881836,246.0,11.039999961853027,10.862500190734863,9530.0,10797400,10979200
2014-09-17,181.4069366455078,11.010000228881836,8.128921508789062,247.89999389648438,11.010000228881836,11.005000114440918,248.0,11.140000343322754,11.239999771118164,245.89999389648438,10.989999771118164,10.987500190734863,246.39999389648438,11.0600004196167,11.212499618530273,8360.0,6790900,8987600
2014-09-18,180.67515563964844,10.75,8.167699813842773,246.89999389648438,10.75,11.057499885559082,249.89999389648438,11.149999618530273,11.09749984741211,246.5,10.699999809265137,10.880000114440918,248.10000610351562,11.130000114440918,11.0,10310.0,9840200,7438400
2014-09-19,180.01661682128906,10.890000343322754,8.010734558105469,246.0,10.890000343322754,10.845000267028809,247.60000610351562,11.050000190734863,11.107500076293945,244.0,10.760000228881836,10.817500114440918,246.8000030517578,10.829999923706055,11.082500457763672,20130.0,13121000,9978400
2014-09-22,179.9434051513672,10.930000305175781,8.010734558105469,245.89999389648438,10.930000305175781,10.845000267028809,249.0,11.0600004196167,10.864999771118164,245.1999969482422,10.8100004196167,10.755000114440918,245.89999389648438,10.890000343322754,10.832500457763672,20700.0,12899700,5281200
2014-09-23,173.94287109375,10.5600004196167,7.826070785522461,237.6999969482422,10.5600004196167,10.595000267028809,248.89999389648438,10.869999885559082,10.837499618530273,236.3000030517578,10.399999618530273,10.595000267028809,248.89999389648438,10.829999923706055,10.837499618530273,16190.0,21269900,5280000
2014-09-24,172.69882202148438,10.510000228881836,7.971958160400391,236.0,10.510000228881836,10.792499542236328,238.60000610351562,10.989999771118164,10.819999694824219,233.5,10.40999984741211,10.52750015258789,237.3000030517578,10.640000343322754,10.587499618530273,11250.0,27996300,8474800
2014-09-25,170.13760375976562,9.800000190734863,7.766979694366455,232.5,9.800000190734863,10.515000343322754,236.1999969482422,10.579999923706055,10.920000076293945,230.89999389648438,9.779999732971191,10.515000343322754,236.1999969482422,10.520000457763672,10.832500457763672,7240.0,30461800,8304000
2014-09-26,171.8938751220703,10.260000228881836,7.7632856369018555,234.89999389648438,10.260000228881836,10.510000228881836,235.8000030517578,10.649999618530273,10.654999732971191,230.1999969482422,9.65999984741211,10.417499542236328,232.39999389648438,9.6899995803833,10.515000343322754,5580.0,65292900,6391200
2014-09-29,171.45480346679688,10.229999542236328,7.766979694366455,234.3000030517578,10.229999542236328,10.515000343322754,235.1999969482422,10.34000015258789,10.592499732971191,231.39999389648438,10.029999732971191,10.354999542236328,233.3000030517578,10.100000381469727,10.4350004196167,11760.0,12385600,5400000
2014-09-30,168.23500061035156,9.9399995803833,7.608165264129639,229.89999389648438,9.9399995803833,10.300000190734863,235.60000610351562,10.3100004196167,10.53499984741211,227.10000610351562,9.850000381469727,10.297499656677246,233.8000030517578,10.220000267028809,10.5,19930.0,15904500,8336000
2014-10-01,167.64959716796875,9.949999809265137,7.4567437171936035,229.10000610351562,9.949999809265137,10.095000267028809,230.6999969482422,10.199999809265137,10.28499984741211,227.60000610351562,9.859999656677246,10.069999694824219,230.0,9.960000038146973,10.279999732971191,27330.0,16453100,9305600
2014-10-02,169.7717742919922,9.470000267028809,7.549074649810791,232.0,9.470000267028809,10.220000267028809,232.60000610351562,9.949999809265137,10.279999732971191,224.5,9.300000190734863,9.90250015258789,228.60000610351562,9.90999984741211,10.079999923706055,24310.0,23080300,10038000
2014-10-03,171.30845642089844,9.489999771118164,7.4715142250061035,234.10000610351562,9.489999771118164,10.114999771118164,235.60000610351562,9.670000076293945,10.3725004196167,231.0,9.40999984741211,10.109999656677246,233.60000610351562,9.600000381469727,10.282500267028809,5770.0,10143000,7416400
2014-10-06,169.91807556152344,9.529999732971191,7.305319309234619,232.1999969482422,9.529999732971191,9.890000343322754,236.0,9.680000305175781,10.147500038146973,232.10000610351562,9.369999885559082,9.887499809265137,234.1999969482422,9.600000381469727,10.125,5770.0,10733600,9934400
2014-10-07,164.42974853515625,9.229999542236328,7.203752040863037,224.6999969482422,9.229999542236328,9.7524995803833,233.10000610351562,9.520000457763672,10.007499694824219,224.5,9.220000267028809,9.75,231.8000030517578,9.420000076293945,9.859999656677246,11330.0,10103800,10106400
2014-10-08,165.5274200439453,9.220000267028809,7.3200907707214355,226.1999969482422,9.220000267028809,9.90999984741211,226.89999389648438,9.279999732971191,9.932499885559082,217.60000610351562,8.789999961853027,9.649999618530273,223.89999389648438,9.229999542236328,9.787500381469727,10020.0,15581000,10581600
2014-10-09,163.18577575683594,9.100000381469727,7.072639465332031,223.0,9.100000381469727,9.574999809265137,226.1999969482422,9.229999542236328,9.96500015258789,221.8000030517578,8.979999542236328,9.524999618530273,225.60000610351562,9.180000305175781,9.890000343322754,8910.0,13182500,9502400
2014-10-10,159.2341766357422,9.119999885559082,7.074488162994385,217.60000610351562,9.119999885559082,9.577500343322754,223.6999969482422,9.279999732971191,9.867500305175781,216.1999969482422,8.930000305175781,9.547499656677246,221.8000030517578,9.020000457763672,9.552499771118164,13260.0,12189300,12431200
2014-10-13,156.3802490234375,9.0600004196167,6.869511127471924,213.6999969482422,9.0600004196167,9.300000190734863,222.89999389648438,9.300000190734863,9.59749984741211,211.89999389648438,9.010000228881836,9.274999618530273,217.5,9.130000114440918,9.532500267028809,19350.0,8101600,9831200
2014-10-14,158.57557678222656,8.899999618530273,6.869511127471924,216.6999969482422,8.899999618530273,9.300000190734863,220.6999969482422,9.239999771118164,9.387499809265137,212.89999389648438,8.890000343322754,9.217499732971191,215.6999969482422,9.039999961853027,9.322500228881836,25460.0,11223100,12075200
2014-10-15,161.28311157226562,9.109999656677246,7.10218620300293,220.39999389648438,9.109999656677246,9.614999771118164,221.0,9.149999618530273,9.702500343322754,211.0,8.649999618530273,8.954999923706055,214.6999969482422,8.819999694824219,9.114999771118164,16830.0,12309900,14822800
2014-10-16,166.7714385986328,9.300000190734863,7.24437952041626,227.89999389648438,9.300000190734863,9.807499885559082,230.39999389648438,9.319999694824219,10.039999961853027,214.0,8.829999923706055,9.385000228881836,217.8000030517578,8.859999656677246,9.444999694824219,32530.0,9740500,15447600
2014-10-17,162.45396423339844,9.489999771118164,7.360716819763184,222.0,9.489999771118164,9.96500015258789,233.0,9.680000305175781,10.09000015258789,220.89999389648438,9.319999694824219,9.850000381469727,230.5,9.380000114440918,9.912500381469727,29790.0,10481900,16314400
2014-10-20,162.89306640625,10.300000190734863,7.508447647094727,222.60000610351562,10.300000190734863,10.164999961853027,223.5,10.359999656677246,10.2524995803833,217.0,9.649999618530273,9.880000114440918,221.0,9.819999694824219,9.925000190734863,19280.0,29279900,12018000
2014-10-21,170.86941528320312,10.149999618530273,7.51768159866333,233.5,10.149999618530273,10.177499771118164,233.6999969482422,10.270000457763672,10.295000076293945,222.89999389648438,9.850000381469727,10.130000114440918,224.1999969482422,10.149999618530273,10.210000038146973,14490.0,13885600,9868400
2014-10-22,164.21023559570312,9.890000343322754,7.4973673820495605,224.39999389648438,9.890000343322754,10.149999618530273,235.39999389648438,10.329999923706055,10.292499542236328,223.0,9.880000114440918,10.140000343322754,233.3000030517578,10.25,10.202500343322754,14500.0,8874300,6621200
2014-10-23,168.4545135498047,10.3100004196167,7.619244575500488,230.1999969482422,10.3100004196167,10.3149995803833,231.39999389648438,10.34000015258789,10.412500381469727,224.10000610351562,10.010000228881836,10.1850004196167,228.89999389648438,10.029999732971191,10.212499618530273,12780.0,9729000,5678800
2014-10-24,171.38162231445312,10.260000228881836,7.761436939239502,234.1999969482422,10.260000228881836,10.507499694824219,234.89999389648438,10.449999809265137,10.59749984741211,226.3000030517578,10.199999809265137,10.265000343322754,230.89999389648438,10.350000381469727,10.329999923706055,8310.0,5207200,7592800
2014-10-27,172.62562561035156,10.399999618530273,7.7208123207092285,235.89999389648438,10.399999618530273,10.452500343322754,239.5,10.5,10.612500190734863,231.6999969482422,10.079999923706055,10.392499923706055,233.89999389648438,10.210000038146973,10.5,9840.0,6831100,8297200
2014-10-28,178.5530242919922,10.649999618530273,7.576775074005127,244.0,10.649999618530273,10.257499694824219,244.89999389648438,10.739999771118164,10.322500228881836,235.5,10.3100004196167,9.827500343322754,237.3000030517578,10.420000076293945,10.297499656677246,29370.0,7030500,16464800
2014-10-29,184.11451721191406,10.510000228881836,7.669105529785156,251.60000610351562,10.510000228881836,10.382499694824219,254.89999389648438,10.880000114440918,10.457500457763672,238.5,10.460000038146973,10.204999923706055,244.8000030517578,10.65999984741211,10.257499694824219,68060.0,8754600,6072400
2014-10-30,186.01712036132812,10.479999542236328,7.770672798156738,254.1999969482422,10.479999542236328,10.520000457763672,254.6999969482422,10.699999809265137,10.587499618530273,246.6999969482422,10.420000076293945,10.345000267028809,251.6999969482422,10.430000305175781,10.345000267028809,15030.0,7734500,5934800
2014-10-31,185.8707733154297,10.5,7.896242618560791,254.0,10.5,10.6899995803833,256.5,10.619999885559082,10.97249984741211,252.6999969482422,10.390000343322754,10.632499694824219,255.0,10.579999923706055,10.635000228881836,14810.0,7193400,11985200
2014-11-03,182.57778930664062,10.25,7.887009620666504,249.5,10.25,10.677499771118164,257.0,10.529999732971191,10.78499984741211,245.0,10.170000076293945,10.595000267028809,254.6999969482422,10.489999771118164,10.6899995803833,22320.0,7334700,6033600
2014-11-04,179.43116760253906,10.260000228881836,7.8907036781311035,245.1999969482422,10.260000228881836,10.682499885559082,252.39999389648438,10.260000228881836,10.702500343322754,243.6999969482422,10.039999961853027,10.529999732971191,249.60000610351562,10.140000343322754,10.632499694824219,29710.0,6248600,5909600
2014-11-05,178.69937133789062,10.140000343322754,7.947948455810547,244.1999969482422,10.140000343322754,10.760000228881836,247.0,10.329999923706055,10.962499618530273,239.1999969482422,10.0600004196167,10.677499771118164,246.10000610351562,10.329999923706055,10.880000114440918,18450.0,6536500,5540000
2014-11-06,183.60226440429688,10.270000457763672,8.260029792785645,250.89999389648438,10.270000457763672,11.182499885559082,251.8000030517578,10.350000381469727,11.210000038146973,240.60000610351562,10.079999923706055,10.762499809265137,244.60000610351562,10.130000114440918,10.762499809265137,28400.0,7775100,12739600
2014-11-07,188.2124786376953,10.529999732971191,8.067978858947754,257.20001220703125,10.529999732971191,10.922499656677246,258.0,10.5600004196167,11.194999694824219,248.8000030517578,10.25,10.90999984741211,250.1999969482422,10.279999732971191,11.167499542236328,17030.0,6313600,9416400
2014-11-10,187.33432006835938,11.09000015258789,7.892549514770508,256.0,11.09000015258789,10.6850004196167,257.8999938964844,11.199999809265137,11.0024995803833,250.0,10.649999618530273,10.595000267028809,257.0,10.699999809265137,10.920000076293945,10100.0,15824800,15391600
2014-11-11,189.1637420654297,11.0,7.848231792449951,258.5,11.0,10.625,259.0,11.329999923706055,10.802499771118164,253.8000030517578,10.960000038146973,10.59000015258789,257.0,11.010000228881836,10.717499732971191,10620.0,12013900,7190000
2014-11-12,188.94424438476562,11.270000457763672,8.01627254486084,258.20001220703125,11.270000457763672,10.852499961853027,262.0,11.579999923706055,10.922499656677246,255.8000030517578,10.979999542236328,10.6274995803833,257.1000061035156,11.029999732971191,10.6274995803833,12220.0,17946300,9143200
2014-11-13,187.5538787841797,12.0600004196167,8.210172653198242,256.29998779296875,12.0600004196167,11.114999771118164,261.29998779296875,12.539999961853027,11.175000190734863,253.60000610351562,11.350000381469727,10.975000381469727,258.0,11.489999771118164,11.037500381469727,8350.0,50370500,12180400
2014-11-14,186.7489013671875,11.199999809265137,8.199091911315918,255.1999969482422,11.199999809265137,11.100000381469727,259.1000061035156,12.199999809265137,11.1225004196167,253.1999969482422,11.109999656677246,10.725000381469727,256.1000061035156,11.880000114440918,10.887499809265137,16610.0,37771900,11161200
2014-11-17,185.72442626953125,10.9399995803833,8.143693923950195,253.8000030517578,10.9399995803833,11.024999618530273,256.8999938964844,11.199999809265137,11.175000190734863,250.0,10.800000190734863,10.949999809265137,254.0,11.130000114440918,11.09000015258789,16600.0,18876100,8082800
2014-11-18,188.1392822265625,10.760000228881836,8.128921508789062,257.1000061035156,10.760000228881836,11.005000114440918,259.70001220703125,11.09000015258789,11.100000381469727,253.39999389648438,10.720000267028809,10.885000228881836,254.89999389648438,10.899999618530273,11.024999618530273,21400.0,11533600,8024400
2014-11-19,187.7733612060547,10.1899995803833,8.053208351135254,256.6000061035156,10.1899995803833,10.90250015258789,258.1000061035156,10.390000343322754,11.114999771118164,252.1999969482422,10.0600004196167,10.832500457763672,256.5,10.270000457763672,11.095000267028809,10000.0,31054800,15128400
2014-11-20,187.62704467773438,10.050000190734863,8.101221084594727,256.3999938964844,10.050000190734863,10.967499732971191,258.0,10.390000343322754,11.175000190734863,254.39999389648438,10.029999732971191,10.817500114440918,255.89999389648438,10.100000381469727,11.042499542236328,13640.0,12334500,23846000
2014-11-21,183.16322326660156,10.239999771118164,7.044378280639648,250.3000030517578,10.239999771118164,9.46500015258789,259.29998779296875,10.479999542236328,9.987500190734863,249.6999969482422,10.069999694824219,9.27750015258789,259.29998779296875,10.1899995803833,9.852499961853027,34920.0,12462100,75044400
2014-11-24,189.89553833007812,10.40999984741211,7.02577018737793,259.5,10.40999984741211,9.4399995803833,261.29998779296875,10.539999961853027,9.557499885559082,252.89999389648438,10.239999771118164,9.220000267028809,255.89999389648438,10.350000381469727,9.432499885559082,34740.0,7666400,31472800
2014-11-25,192.74942016601562,10.359999656677246,6.958786964416504,263.3999938964844,10.359999656677246,9.350000381469727,268.29998779296875,10.59000015258789,9.567500114440918,258.79998779296875,10.329999923706055,9.262499809265137,261.29998779296875,10.529999732971191,9.52750015258789,56050.0,7520100,20687200
2014-11-26,193.33489990234375,10.479999542236328,6.921576499938965,264.20001220703125,10.479999542236328,9.300000190734863,266.5,10.489999771118164,9.427499771118164,261.70001220703125,10.329999923706055,9.267499923706055,263.5,10.350000381469727,9.3774995803833,7720.0,4571200,10280000
2014-11-28,191.871337890625,10.390000343322754,7.0350728034973145,262.20001220703125,10.390000343322754,9.452500343322754,266.70001220703125,10.569999694824219,9.494999885559082,262.0,10.34000015258789,9.302499771118164,265.5,10.520000457763672,9.302499771118164,5860.0,3790900,7681600
2014-12-01,193.40805053710938,10.279999732971191,6.666667461395264,264.29998779296875,10.279999732971191,8.957500457763672,267.8999938964844,10.40999984741211,9.417499542236328,253.1999969482422,10.109999656677246,8.907500267028809,262.8999938964844,10.380000114440918,9.404999732971191,38190.0,6582100,27137200
2014-12-02,190.9199981689453,10.630000114440918,6.612709999084473,260.8999938964844,10.630000114440918,8.885000228881836,267.20001220703125,10.8100004196167,9.1875,260.1000061035156,10.220000267028809,8.824999809265137,265.29998779296875,10.25,9.0,16630.0,8537500,14692400
2014-12-03,187.6753387451172,10.920000076293945,6.811798095703125,254.5,10.920000076293945,9.15250015258789,262.70001220703125,10.9399995803833,9.177499771118164,254.10000610351562,10.5,8.787500381469727,258.8999938964844,10.600000381469727,8.864999771118164,18370.0,6241300,18127200
2014-12-04,189.5926513671875,10.470000267028809,6.897388458251953,257.1000061035156,10.470000267028809,9.267499923706055,260.29998779296875,10.90999984741211,9.28499984741211,254.8000030517578,10.420000076293945,9.03499984741211,255.10000610351562,10.890000343322754,9.154999732971191,19880.0,11506400,12595600
2014-12-05,186.20050048828125,10.680000305175781,6.96251106262207,252.5,10.680000305175781,9.354999542236328,254.8000030517578,10.75,9.369999885559082,247.10000610351562,10.420000076293945,9.145000457763672,252.0,10.479999542236328,9.257499694824219,29620.0,6681100,11269200
2014-12-08,186.12673950195312,10.539999961853027,6.547586441040039,252.39999389648438,10.539999961853027,8.797499656677246,253.5,11.069999694824219,9.274999618530273,247.8000030517578,10.5,8.692500114440918,252.5,10.84000015258789,9.274999618530273,21430.0,11864100,18082800
2014-12-09,184.57815551757812,10.470000267028809,6.618291854858398,250.3000030517578,10.470000267028809,8.892499923706055,254.1999969482422,10.59000015258789,8.912500381469727,248.5,10.149999618530273,8.5,249.5,10.350000381469727,8.654999732971191,12430.0,12943200,20448400
2014-12-10,182.21835327148438,10.09000015258789,6.201509475708008,247.10000610351562,10.09000015258789,8.332500457763672,249.6999969482422,10.420000076293945,8.729999542236328,244.5,10.050000190734863,8.329999923706055,249.6999969482422,10.390000343322754,8.6850004196167,12110.0,9442200,21374000
2014-12-11,183.3245086669922,10.15999984741211,6.309425354003906,248.60000610351562,10.15999984741211,8.477499961853027,253.60000610351562,10.289999961853027,8.7475004196167,247.5,10.069999694824219,8.382499694824219,247.5,10.15999984741211,8.412500381469727,15020.0,6835000,20112000
2014-12-12,183.69320678710938,9.84000015258789,6.009863376617432,249.10000610351562,9.84000015258789,8.074999809265137,255.0,10.229999542236328,8.5,244.6999969482422,9.819999694824219,8.0649995803833,244.6999969482422,10.09000015258789,8.427499771118164,15070.0,10648500,23647600
2014-12-15,183.8406982421875,9.430000305175781,6.127082347869873,249.3000030517578,9.430000305175781,8.232500076293945,254.10000610351562,10.010000228881836,8.380000114440918,248.5,9.399999618530273,8.0024995803833,250.3000030517578,9.90999984741211,8.15250015258789,15510.0,15983000,17962400
2014-12-16,178.45750427246094,9.510000228881836,5.939158916473389,242.0,9.510000228881836,7.980000019073486,250.0,9.680000305175781,8.387499809265137,241.89999389648438,9.210000038146973,7.952499866485596,249.8000030517578,9.430000305175781,8.147500038146973,20580.0,12586200,17685600
2014-12-17,187.30662536621094,9.979999542236328,6.082427501678467,254.0,9.979999542236328,8.172499656677246,256.29998779296875,10.079999923706055,8.182499885559082,242.10000610351562,9.5600004196167,7.974999904632568,246.39999389648438,9.680000305175781,8.02750015258789,48110.0,12265900,14442400
2014-12-18,191.06747436523438,10.069999694824219,6.158714294433594,259.1000061035156,10.069999694824219,8.274999618530273,261.70001220703125,10.270000457763672,8.412500381469727,254.5,9.9399995803833,8.100000381469727,257.3999938964844,10.119999885559082,8.3125,31520.0,14299400,13588800
2014-12-19,192.98483276367188,9.989999771118164,6.41920280456543,261.70001220703125,9.989999771118164,8.625,265.70001220703125,10.0600004196167,8.625,258.79998779296875,9.100000381469727,8.232500076293945,259.20001220703125,9.1899995803833,8.367500305175781,52440.0,50668100,18333200
2014-12-22,195.2708282470703,10.680000305175781,6.348498344421387,264.79998779296875,10.680000305175781,8.529999732971191,267.20001220703125,10.850000381469727,9.149999618530273,260.6000061035156,10.0600004196167,8.460000038146973,260.6000061035156,10.100000381469727,9.119999885559082,24720.0,23719400,20784800
2014-12-23,197.77809143066406,10.800000190734863,6.4433913230896,268.20001220703125,10.800000190734863,8.657500267028809,270.79998779296875,10.890000343322754,8.779999732971191,264.3999938964844,10.529999732971191,8.529999732971191,267.1000061035156,10.8100004196167,8.572500228881836,30620.0,11030200,15212400
2014-12-24,196.30322265625,10.670000076293945,6.212671279907227,266.20001220703125,10.670000076293945,8.34749984741211,270.0,10.930000305175781,8.71500015258789,265.29998779296875,10.600000381469727,8.305000305175781,268.0,10.8100004196167,8.71500015258789,17860.0,4347500,10998400
2014-12-26,194.607177734375,10.90999984741211,6.261050224304199,263.8999938964844,10.90999984741211,8.412500381469727,269.70001220703125,11.039999961853027,8.512499809265137,262.3999938964844,10.670000076293945,8.297499656677246,267.5,10.779999732971191,8.395000457763672,9940.0,7796000,15397600
2014-12-29,194.23843383789062,10.899999618530273,6.261050224304199,263.3999938964844,10.899999618530273,8.412500381469727,267.20001220703125,11.029999732971191,8.454999923706055,260.29998779296875,10.75,8.225000381469727,264.0,10.770000457763672,8.382499694824219,23730.0,7809100,9599600
2014-12-30,192.46861267089844,11.010000228881836,6.2945404052734375,261.0,11.010000228881836,8.457500457763672,267.20001220703125,11.069999694824219,8.587499618530273,260.79998779296875,10.850000381469727,8.300000190734863,263.1000061035156,10.899999618530273,8.362500190734863,22930.0,8386200,8536400
2014-12-31,193.0585479736328,10.979999542236328,6.288957118988037,261.79998779296875,10.979999542236328,8.449999809265137,263.79998779296875,11.09000015258789,8.602499961853027,261.3999938964844,10.869999885559082,8.427499771118164,262.0,11.010000228881836,8.557499885559082,38080.0,7222000,6459200
2015-01-02,189.002685546875,10.819999694824219,6.288957118988037,256.29998779296875,10.819999694824219,8.449999809265137,263.0,11.109999656677246,8.539999961853027,249.3000030517578,10.789999961853027,8.3125,262.6000061035156,11.010000228881836,8.515000343322754,42090.0,9733200,6450800
2015-01-05,184.1356658935547,10.760000228881836,6.460136413574219,249.6999969482422,10.760000228881836,8.680000305175781,255.60000610351562,10.770000457763672,8.720000267028809,249.3000030517578,10.369999885559082,8.332500457763672,254.89999389648438,10.600000381469727,8.380000114440918,24650.0,12318100,19739600
2015-01-06,185.6105499267578,10.619999885559082,6.268490791320801,251.6999969482422,10.619999885559082,8.422499656677246,256.0,10.850000381469727,9.007499694824219,242.6999969482422,10.4399995803833,8.380000114440918,249.89999389648438,10.800000190734863,8.792499542236328,27150.0,10176400,19540400
2015-01-07,188.6339874267578,10.670000076293945,6.195926666259766,255.8000030517578,10.670000076293945,8.324999809265137,256.70001220703125,10.800000190734863,8.670000076293945,250.10000610351562,10.479999542236328,8.244999885559082,253.10000610351562,10.649999618530273,8.572500228881836,17540.0,10277400,10233200
2015-01-08,190.4775390625,10.630000114440918,6.268490791320801,258.29998779296875,10.630000114440918,8.422499656677246,261.20001220703125,10.779999732971191,8.542499542236328,253.10000610351562,10.569999694824219,8.329999923706055,257.6000061035156,10.75,8.399999618530273,19280.0,6868300,18189600
2015-01-09,198.1468048095703,10.380000114440918,6.004281044006348,268.70001220703125,10.380000114440918,8.067500114440918,269.1000061035156,10.649999618530273,8.427499771118164,257.8999938964844,10.279999732971191,8.022500038146973,258.29998779296875,10.59000015258789,8.397500038146973,30600.0,7745600,16299600
2015-01-12,202.7188262939453,10.119999885559082,6.283376216888428,274.8999938964844,10.119999885559082,8.442500114440918,275.20001220703125,10.369999885559082,8.460000038146973,264.5,10.020000457763672,7.922500133514404,268.6000061035156,10.359999656677246,8.137499809265137,39880.0,7739600,14482000
2015-01-13,201.7602081298828,9.710000038146973,6.097311973571777,273.6000061035156,9.710000038146973,8.192500114440918,280.79998779296875,10.229999542236328,8.774999618530273,272.29998779296875,9.680000305175781,8.175000190734863,275.5,10.050000190734863,8.550000190734863,38240.0,15292900,11729200
2015-01-14,202.35011291503906,12.600000381469727,6.737373352050781,274.3999938964844,12.600000381469727,9.052499771118164,277.79998779296875,12.630000114440918,9.337499618530273,268.3999938964844,9.319999694824219,8.960000038146973,274.29998779296875,9.609999656677246,9.300000190734863,23710.0,83543900,29746400
2015-01-15,201.24398803710938,10.109999656677246,6.4117608070373535,272.8999938964844,10.109999656677246,8.614999771118164,275.5,10.710000038146973,9.1875,269.20001220703125,10.010000228881836,8.555000305175781,274.29998779296875,10.359999656677246,9.007499694824219,18700.0,52574600,20556800
2015-01-16,199.54794311523438,10.239999771118164,6.763420581817627,270.6000061035156,10.239999771118164,9.087499618530273,274.70001220703125,10.390000343322754,9.102499961853027,269.6000061035156,10.109999656677246,8.729999542236328,271.5,10.119999885559082,8.922499656677246,13250.0,16068900,17027200
2015-01-20,199.03173828125,10.029999732971191,6.7113237380981445,269.8999938964844,10.029999732971191,9.017499923706055,273.0,10.369999885559082,9.1875,269.79998779296875,9.819999694824219,8.802499771118164,272.0,10.279999732971191,9.082500457763672,29430.0,15185900,18146400
2015-01-21,200.13783264160156,9.930000305175781,6.854593276977539,271.3999938964844,9.930000305175781,9.210000038146973,273.6000061035156,10.380000114440918,9.274999618530273,269.0,9.8100004196167,8.867500305175781,269.29998779296875,10.029999732971191,8.917499542236328,28450.0,19614500,11862400
2015-01-22,204.7836456298828,10.510000228881836,6.9066901206970215,277.70001220703125,10.510000228881836,9.279999732971191,279.70001220703125,11.109999656677246,9.3100004196167,271.6000061035156,10.239999771118164,9.037500381469727,271.8999938964844,10.4399995803833,9.3100004196167,53690.0,44594300,8621200
2015-01-23,208.69203186035156,10.710000038146973,6.958786964416504,283.0,10.710000038146973,9.350000381469727,288.29998779296875,11.029999732971191,9.375,275.70001220703125,10.609999656677246,9.107500076293945,276.8999938964844,10.779999732971191,9.237500190734863,25850.0,21079800,7202000
2015-01-26,209.94561767578125,10.520000457763672,7.100196361541748,284.70001220703125,10.520000457763672,9.539999961853027,287.1000061035156,10.710000038146973,9.614999771118164,280.6000061035156,10.399999618530273,9.317500114440918,283.5,10.670000076293945,9.34749984741211,14770.0,6982000,9706000
2015-01-27,210.01939392089844,10.5600004196167,7.1225266456604,284.79998779296875,10.5600004196167,9.569999694824219,285.5,10.630000114440918,9.75,279.29998779296875,10.319999694824219,9.397500038146973,282.0,10.380000114440918,9.53499984741211,21070.0,7057200,8028000
2015-01-28,203.45628356933594,10.119999885559082,6.997861862182617,275.8999938964844,10.119999885559082,9.40250015258789,286.3999938964844,10.670000076293945,9.824999809265137,274.70001220703125,10.100000381469727,9.359999656677246,285.0,10.649999618530273,9.625,14800.0,9705000,11009200
2015-01-29,208.32333374023438,10.25,6.748535633087158,282.5,10.25,9.067500114440918,282.6000061035156,10.270000457763672,9.454999923706055,272.0,9.850000381469727,8.867500305175781,275.79998779296875,10.050000190734863,9.454999923706055,15510.0,12304700,13562400
2015-01-30,207.36468505859375,10.149999618530273,6.558750629425049,281.20001220703125,10.149999618530273,8.8125,284.70001220703125,10.260000228881836,9.024999618530273,277.3999938964844,10.0,8.765000343322754,280.70001220703125,10.149999618530273,8.960000038146973,12610.0,9203400,12139200
2015-02-02,208.5445556640625,10.069999694824219,6.8527326583862305,282.79998779296875,10.069999694824219,9.207500457763672,284.79998779296875,10.220000267028809,9.232500076293945,272.5,9.859999656677246,8.630000114440918,282.79998779296875,10.140000343322754,8.77750015258789,32860.0,10192900,9705200
2015-02-03,213.9277801513672,9.930000305175781,6.9773945808410645,290.1000061035156,9.930000305175781,9.375,296.0,10.15999984741211,9.479999542236328,280.29998779296875,9.899999618530273,9.09749984741211,284.1000061035156,10.079999923706055,9.197500228881836,76890.0,9226000,5846400
2015-02-04,216.14002990722656,9.880000114440918,6.815518856048584,293.1000061035156,9.880000114440918,9.157500267028809,295.5,9.989999771118164,9.354999542236328,289.5,9.8100004196167,8.914999961853027,289.5,9.850000381469727,9.292499542236328,64230.0,9256000,8152400
2015-02-05,217.0249481201172,10.09000015258789,6.828543186187744,294.29998779296875,10.09000015258789,9.175000190734863,294.8999938964844,10.100000381469727,9.319999694824219,291.29998779296875,9.890000343322754,9.0649995803833,294.5,9.920000076293945,9.1850004196167,13670.0,7937600,5452400
2015-02-06,216.9512176513672,9.979999542236328,6.839707851409912,294.20001220703125,9.979999542236328,9.1899995803833,294.79998779296875,10.15999984741211,9.34749984741211,291.29998779296875,9.899999618530273,9.109999656677246,294.5,10.050000190734863,9.239999771118164,10620.0,6810100,5929200
2015-02-09,221.08078002929688,9.869999885559082,6.9178547859191895,299.79998779296875,9.869999885559082,9.295000076293945,301.3999938964844,10.069999694824219,9.395000457763672,293.6000061035156,9.859999656677246,9.130000114440918,297.5,9.930000305175781,9.135000228881836,43460.0,6017400,6226000
2015-02-10,222.5556182861328,9.90999984741211,7.077868461608887,301.79998779296875,9.90999984741211,9.510000228881836,304.5,9.979999542236328,9.532500267028809,297.70001220703125,9.829999923706055,9.2524995803833,300.1000061035156,9.949999809265137,9.297499656677246,20680.0,4746800,9737600
2015-02-11,223.36685180664062,9.869999885559082,6.981116771697998,302.8999938964844,9.869999885559082,9.380000114440918,303.6000061035156,9.920000076293945,9.547499656677246,301.0,9.760000228881836,9.3149995803833,302.20001220703125,9.90999984741211,9.520000457763672,9490.0,5935600,5919200
2015-02-12,224.10426330566406,9.859999656677246,6.930878639221191,303.8999938964844,9.859999656677246,9.3125,305.3999938964844,10.050000190734863,9.442500114440918,302.6000061035156,9.829999923706055,9.25,305.0,9.869999885559082,9.399999618530273,20830.0,5773100,4923600
2015-02-13,225.80035400390625,10.09000015258789,6.949484348297119,306.20001220703125,10.09000015258789,9.337499618530273,310.29998779296875,10.09000015258789,9.475000381469727,303.29998779296875,9.850000381469727,9.217499732971191,303.29998779296875,9.890000343322754,9.260000228881836,42130.0,11287400,6658800
2015-02-17,227.86512756347656,10.359999656677246,6.9513468742370605,309.0,10.359999656677246,9.34000015258789,312.0,10.470000267028809,9.552499771118164,305.29998779296875,10.100000381469727,9.199999809265137,308.8999938964844,10.119999885559082,9.337499618530273,86110.0,8488600,5420400
2015-02-18,232.4371795654297,10.369999885559082,6.9773945808410645,315.20001220703125,10.369999885559082,9.375,316.1000061035156,10.479999542236328,9.387499809265137,301.29998779296875,10.260000228881836,9.149999618530273,313.5,10.380000114440918,9.2475004196167,174030.0,5422000,4199600
2015-02-19,239.5164794921875,10.359999656677246,6.982976913452148,324.79998779296875,10.359999656677246,9.382499694824219,329.70001220703125,10.4399995803833,9.422499656677246,315.6000061035156,10.260000228881836,9.262499809265137,315.8999938964844,10.289999961853027,9.422499656677246,59490.0,3287300,3096000
2015-02-20,240.4751739501953,10.270000457763672,6.9755330085754395,326.1000061035156,10.270000457763672,9.3725004196167,326.6000061035156,10.380000114440918,9.510000228881836,320.3999938964844,10.109999656677246,9.352499961853027,325.79998779296875,10.380000114440918,9.414999961853027,31470.0,5244500,5183600
2015-02-23,241.06507873535156,10.109999656677246,6.949484348297119,326.8999938964844,10.109999656677246,9.337499618530273,328.29998779296875,10.239999771118164,9.4975004196167,324.29998779296875,10.0600004196167,9.2524995803833,327.20001220703125,10.199999809265137,9.484999656677246,22000.0,3909500,4601600
2015-02-24,242.90863037109375,10.270000457763672,6.910411834716797,329.3999938964844,10.270000457763672,9.28499984741211,329.5,10.34000015258789,9.447500228881836,326.20001220703125,10.069999694824219,9.227499961853027,328.3999938964844,10.069999694824219,9.414999961853027,16490.0,5449300,3007200
2015-02-25,243.20358276367188,10.510000228881836,6.936460494995117,329.79998779296875,10.510000228881836,9.319999694824219,333.29998779296875,10.800000190734863,9.454999923706055,327.79998779296875,10.210000038146973,9.229999542236328,329.79998779296875,10.239999771118164,9.337499618530273,27740.0,17745800,4074000
2015-02-26,247.9969024658203,10.760000228881836,6.889943599700928,336.29998779296875,10.760000228881836,9.257499694824219,338.1000061035156,10.949999809265137,9.369999885559082,329.6000061035156,10.579999923706055,9.207500457763672,330.1000061035156,10.59000015258789,9.3125,29370.0,14161500,4559200
2015-02-27,253.52760314941406,10.8100004196167,6.878781795501709,343.79998779296875,10.8100004196167,9.242500305175781,347.0,10.850000381469727,9.430000305175781,338.0,10.600000381469727,9.172499656677246,341.6000061035156,10.75,9.27750015258789,51240.0,7786500,5850800
2015-03-02,259.86956787109375,11.050000190734863,7.195090293884277,352.3999938964844,11.050000190734863,9.667499542236328,354.5,11.180000305175781,9.725000381469727,344.29998779296875,10.890000343322754,9.242500305175781,345.70001220703125,10.949999809265137,9.242500305175781,41770.0,14534200,9590000
2015-03-03,257.06732177734375,10.970000267028809,7.196950912475586,348.6000061035156,10.970000267028809,9.670000076293945,353.79998779296875,11.449999809265137,9.8125,342.8999938964844,10.890000343322754,9.635000228881836,352.0,11.15999984741211,9.739999771118164,59920.0,14159300,4709600
2015-03-04,258.4683837890625,10.84000015258789,7.448136806488037,350.5,10.84000015258789,10.007499694824219,356.5,10.930000305175781,10.112500190734863,347.6000061035156,10.710000038146973,9.680000305175781,349.20001220703125,10.869999885559082,9.795000076293945,28880.0,7960300,8379200
2015-03-05,258.6166687011719,10.890000343322754,7.442553520202637,348.70001220703125,10.890000343322754,10.0,352.0,11.029999732971191,10.140000343322754,347.0,10.75,9.882499694824219,350.5,10.869999885559082,9.994999885559082,34800.0,6351600,4857200
2015-03-06,251.8675994873047,10.670000076293945,7.472324371337891,339.6000061035156,10.670000076293945,10.039999961853027,348.8999938964844,10.899999618530273,10.145000457763672,339.0,10.65999984741211,9.954999923706055,346.20001220703125,10.800000190734863,9.954999923706055,28180.0,6447700,4742000
2015-03-09,258.6908264160156,9.859999656677246,7.596989631652832,348.79998779296875,9.859999656677246,10.207500457763672,350.5,10.369999885559082,10.367500305175781,339.29998779296875,9.829999923706055,9.952500343322754,340.29998779296875,10.239999771118164,10.029999732971191,18320.0,23046100,6152400
2015-03-10,250.6809844970703,9.770000457763672,7.5634942054748535,338.0,9.770000457763672,10.162500381469727,346.3999938964844,9.859999656677246,10.289999961853027,337.70001220703125,9.5,10.02750015258789,345.70001220703125,9.850000381469727,10.132499694824219,27770.0,14911600,5972400
2015-03-11,255.87257385253906,9.899999618530273,7.345802307128906,345.0,9.899999618530273,9.869999885559082,345.79998779296875,10.0,10.667499542236328,339.1000061035156,9.640000343322754,9.779999732971191,339.1000061035156,9.739999771118164,10.324999809265137,24460.0,9791200,7636400
2015-03-12,254.53762817382812,9.930000305175781,7.38301420211792,343.20001220703125,9.930000305175781,9.920000076293945,350.6000061035156,10.050000190734863,10.052499771118164,338.29998779296875,9.899999618530273,9.765000343322754,347.29998779296875,9.949999809265137,9.987500190734863,35050.0,7405900,4531600
2015-03-13,258.839111328125,9.8100004196167,7.642133712768555,349.0,9.8100004196167,10.175000190734863,353.3999938964844,9.90999984741211,10.22249984741211,340.8999938964844,9.670000076293945,9.989999771118164,342.3999938964844,9.899999618530273,10.0600004196167,33620.0,6880000,7166400
2015-03-16,260.76751708984375,9.720000267028809,7.715362548828125,351.6000061035156,9.720000267028809,10.272500038146973,354.6000061035156,9.890000343322754,10.319999694824219,349.8999938964844,9.630000114440918,10.162500381469727,352.29998779296875,9.699999809265137,10.182499885559082,20380.0,13938700,4221200
2015-03-17,260.6192321777344,9.720000267028809,7.681564807891846,351.3999938964844,9.720000267028809,10.227499961853027,353.70001220703125,9.779999732971191,10.324999809265137,348.8999938964844,9.640000343322754,10.1274995803833,349.79998779296875,9.6899995803833,10.289999961853027,14760.0,4794700,3508000
2015-03-18,261.95416259765625,9.770000457763672,7.72099494934082,353.20001220703125,9.770000457763672,10.279999732971191,355.70001220703125,9.84000015258789,10.337499618530273,348.6000061035156,9.600000381469727,10.039999961853027,350.29998779296875,9.680000305175781,10.1899995803833,11400.0,5946000,4463200
2015-03-19,262.9183349609375,9.699999809265137,7.659033298492432,354.5,9.699999809265137,10.197500228881836,356.5,9.789999961853027,10.292499542236328,352.5,9.649999618530273,10.15250015258789,354.1000061035156,9.65999984741211,10.270000457763672,22640.0,4125200,3588400
2015-03-20,264.6241455078125,9.510000228881836,7.683441638946533,356.79998779296875,9.510000228881836,10.229999542236328,358.6000061035156,9.779999732971191,10.297499656677246,354.0,9.5,10.132499694824219,354.8999938964844,9.720000267028809,10.212499618530273,28740.0,7976500,9629200
2015-03-23,265.9591064453125,9.520000457763672,7.762303352355957,358.6000061035156,9.520000457763672,10.335000038146973,361.29998779296875,9.579999923706055,10.432499885559082,356.20001220703125,9.40999984741211,10.1875,357.0,9.5,10.267499923706055,12670.0,7697500,7013600
2015-03-24,259.2100524902344,9.520000457763672,7.681564807891846,349.5,9.520000457763672,10.227499961853027,359.1000061035156,9.609999656677246,10.382499694824219,348.8999938964844,9.449999809265137,10.225000381469727,358.29998779296875,9.520000457763672,10.319999694824219,17820.0,7066600,10312000
2015-03-25,255.94671630859375,9.279999732971191,7.475019454956055,345.1000061035156,9.279999732971191,9.952500343322754,351.0,9.5600004196167,10.302499771118164,343.5,9.279999732971191,9.949999809265137,350.70001220703125,9.520000457763672,10.227499961853027,17680.0,7753400,8285200
2015-03-26,256.83673095703125,9.300000190734863,7.283498287200928,346.29998779296875,9.300000190734863,9.697500228881836,349.1000061035156,9.470000267028809,9.949999809265137,342.1000061035156,9.020000457763672,9.645000457763672,345.8999938964844,9.260000228881836,9.8725004196167,9420.0,18740600,19414000
2015-03-27,259.2100524902344,9.460000038146973,7.202756881713867,349.5,9.460000038146973,9.59000015258789,353.0,9.770000457763672,9.697500228881836,344.29998779296875,9.40999984741211,9.28499984741211,345.79998779296875,9.739999771118164,9.417499542236328,12570.0,28291200,21983200
2015-03-30,263.4375305175781,8.800000190734863,7.076954364776611,355.20001220703125,8.800000190734863,9.422499656677246,356.8999938964844,9.449999809265137,9.625,350.6000061035156,8.75,9.3774995803833,352.1000061035156,9.40999984741211,9.600000381469727,23730.0,32856100,11960400
2015-03-31,263.2150573730469,8.930000305175781,7.127649784088135,354.8999938964844,8.930000305175781,9.489999771118164,359.1000061035156,9.0,9.637499809265137,351.6000061035156,8.59000015258789,9.305000305175781,354.5,8.710000038146973,9.345000267028809,20280.0,17866200,8458800
2015-04-01,257.80096435546875,8.899999618530273,7.093850612640381,347.6000061035156,8.899999618530273,9.444999694824219,356.20001220703125,9.100000381469727,9.625,341.79998779296875,8.869999885559082,9.332500457763672,353.70001220703125,8.9399995803833,9.46500015258789,32680.0,10977000,9859600
2015-04-02,260.91583251953125,9.039999961853027,7.172714710235596,351.79998779296875,9.039999961853027,9.550000190734863,353.1000061035156,9.050000190734863,9.702500343322754,346.6000061035156,8.850000381469727,9.470000267028809,347.5,8.850000381469727,9.515000343322754,11930.0,5431100,4690400
2015-04-06,262.399169921875,9.34000015258789,7.204636096954346,353.79998779296875,9.34000015258789,9.592499732971191,356.5,9.4399995803833,9.59749984741211,350.79998779296875,9.020000457763672,9.420000076293945,351.8999938964844,9.020000457763672,9.5,15600.0,7956700,5935600
2015-04-07,257.4300231933594,9.319999694824219,7.131405353546143,347.1000061035156,9.319999694824219,9.494999885559082,355.79998779296875,9.479999542236328,9.625,346.70001220703125,9.3100004196167,9.479999542236328,354.20001220703125,9.359999656677246,9.592499732971191,17070.0,4810800,5328400
2015-04-08,261.06414794921875,9.300000190734863,7.268476486206055,352.0,9.300000190734863,9.677499771118164,353.29998779296875,9.390000343322754,9.694999694824219,345.5,9.180000305175781,9.4350004196167,347.79998779296875,9.34000015258789,9.449999809265137,22620.0,4863400,6596800
2015-04-09,254.0183563232422,9.529999732971191,7.50881814956665,342.5,9.529999732971191,9.9975004196167,350.5,9.579999923706055,10.0,341.0,9.229999542236328,9.587499618530273,347.5,9.270000457763672,9.6899995803833,24010.0,6805000,7646400
2015-04-10,252.9058837890625,9.539999961853027,7.5858025550842285,341.0,9.539999961853027,10.100000381469727,343.1000061035156,9.609999656677246,10.102499961853027,340.29998779296875,9.449999809265137,9.890000343322754,342.70001220703125,9.479999542236328,10.045000076293945,11710.0,6185400,5076000
2015-04-13,248.01101684570312,9.609999656677246,7.58955717086792,334.3999938964844,9.609999656677246,10.104999542236328,336.79998779296875,9.649999618530273,10.199999809265137,326.5,9.520000457763672,9.864999771118164,334.20001220703125,9.520000457763672,10.100000381469727,44660.0,3788400,7375600
2015-04-14,249.8651580810547,9.739999771118164,7.5858025550842285,336.8999938964844,9.739999771118164,10.100000381469727,339.70001220703125,9.800000190734863,10.130000114440918,332.8999938964844,9.520000457763672,9.920000076293945,337.70001220703125,9.670000076293945,10.0625,23630.0,4874100,5990400
2015-04-15,251.49679565429688,9.970000267028809,7.67780876159668,339.1000061035156,9.970000267028809,10.22249984741211,345.1000061035156,10.0,10.239999771118164,338.6000061035156,9.630000114440918,9.989999771118164,340.0,9.729999542236328,10.145000457763672,7800.0,8622200,9188400
2015-04-16,247.4176788330078,9.930000305175781,7.687196731567383,333.6000061035156,9.930000305175781,10.234999656677246,340.0,10.140000343322754,10.324999809265137,333.1000061035156,9.920000076293945,10.170000076293945,338.6000061035156,9.960000038146973,10.234999656677246,9020.0,9156500,5828800
2015-04-17,243.2643585205078,9.890000343322754,7.446854114532471,328.0,9.890000343322754,9.914999961853027,331.6000061035156,9.979999542236328,10.1875,320.6000061035156,9.829999923706055,9.864999771118164,329.79998779296875,9.890000343322754,10.177499771118164,35430.0,6223200,6248400
2015-04-20,249.8651580810547,10.010000228881836,7.570782661437988,336.8999938964844,10.010000228881836,10.079999923706055,337.0,10.029999732971191,10.109999656677246,327.70001220703125,9.75,9.9399995803833,328.79998779296875,9.930000305175781,9.947500228881836,16350.0,7283200,5238400
2015-04-21,247.4918670654297,10.029999732971191,7.525717258453369,333.70001220703125,10.029999732971191,10.020000457763672,339.1000061035156,10.149999618530273,10.1225004196167,331.1000061035156,9.970000267028809,9.932499885559082,338.0,10.050000190734863,10.109999656677246,10340.0,5720400,5508000
2015-04-22,244.00604248046875,9.920000076293945,7.555761337280273,329.0,9.920000076293945,10.0600004196167,332.6000061035156,10.050000190734863,10.09000015258789,327.3999938964844,9.760000228881836,9.899999618530273,332.6000061035156,10.039999961853027,10.0,9500.0,5971300,3904400
2015-04-23,244.52517700195312,10.270000457763672,7.570782661437988,329.70001220703125,10.270000457763672,10.079999923706055,331.1000061035156,10.460000038146973,10.135000228881836,325.20001220703125,9.670000076293945,10.012499809265137,330.0,9.850000381469727,10.0625,17830.0,16205900,3466400
2015-04-24,243.78355407714844,10.380000114440918,7.644011974334717,328.70001220703125,10.380000114440918,10.177499771118164,332.0,10.40999984741211,10.192500114440918,326.3999938964844,10.170000076293945,10.03499984741211,329.79998779296875,10.270000457763672,10.074999809265137,13890.0,9156800,3487200
2015-04-27,237.62771606445312,10.239999771118164,7.563270092010498,320.3999938964844,10.239999771118164,10.069999694824219,332.5,10.380000114440918,10.2524995803833,315.8999938964844,10.140000343322754,10.0625,328.70001220703125,10.319999694824219,10.182499885559082,38230.0,7714400,4195200
2015-04-28,240.14939880371094,10.390000343322754,7.583925247192383,323.79998779296875,10.390000343322754,10.09749984741211,327.79998779296875,10.4399995803833,10.117500305175781,318.8999938964844,10.1899995803833,9.890000343322754,320.5,10.1899995803833,10.045000076293945,43420.0,6031300,3791200
2015-04-29,241.0393524169922,10.369999885559082,7.384891033172607,325.0,10.369999885559082,9.832500457763672,328.8999938964844,10.449999809265137,10.135000228881836,321.3999938964844,10.260000228881836,9.789999961853027,322.20001220703125,10.319999694824219,10.017499923706055,24350.0,6320600,4985200
2015-04-30,222.94288635253906,10.15999984741211,7.236556053161621,300.6000061035156,10.15999984741211,9.635000228881836,321.20001220703125,10.380000114440918,9.832500457763672,292.79998779296875,10.149999618530273,9.604999542236328,321.0,10.34000015258789,9.807499885559082,100610.0,5557500,4542800
2015-05-01,228.06033325195312,10.270000457763672,7.354847431182861,307.5,10.270000457763672,9.792499542236328,308.6000061035156,10.289999961853027,9.797499656677246,301.1000061035156,10.0600004196167,9.614999771118164,302.5,10.15999984741211,9.657500267028809,42650.0,5024800,3079200
2015-05-04,226.13201904296875,10.15999984741211,7.533227443695068,304.8999938964844,10.15999984741211,10.029999732971191,308.70001220703125,10.319999694824219,10.039999961853027,297.3999938964844,10.140000343322754,9.774999618530273,308.70001220703125,10.239999771118164,9.827500343322754,40910.0,6065200,3512000
2015-05-05,222.27540588378906,9.9399995803833,7.51445198059082,299.70001220703125,9.9399995803833,10.005000114440918,305.8999938964844,10.199999809265137,10.072500228881836,297.5,9.859999656677246,9.9350004196167,305.8999938964844,10.170000076293945,9.982500076293945,29670.0,6008800,4387600
2015-05-06,219.08628845214844,9.800000190734863,7.347339153289795,295.3999938964844,9.800000190734863,9.782500267028809,300.0,10.029999732971191,9.975000381469727,292.20001220703125,9.770000457763672,9.6875,299.79998779296875,10.0,9.975000381469727,19710.0,5463400,5807600
2015-05-07,221.23709106445312,9.720000267028809,7.4186882972717285,298.29998779296875,9.720000267028809,9.8774995803833,299.20001220703125,9.9399995803833,9.904999732971191,292.8999938964844,9.710000038146973,9.617500305175781,292.8999938964844,9.75,9.78499984741211,29160.0,4383900,6820400
2015-05-08,219.97625732421875,9.880000114440918,7.5463714599609375,296.6000061035156,9.880000114440918,10.047499656677246,302.3999938964844,9.920000076293945,10.125,296.5,9.770000457763672,9.930000305175781,300.3999938964844,9.84000015258789,9.960000038146973,15420.0,3352000,4222000
2015-05-11,222.27540588378906,10.460000038146973,7.465631008148193,299.70001220703125,10.460000038146973,9.9399995803833,303.20001220703125,10.550000190734863,10.1225004196167,296.6000061035156,9.779999732971191,9.9350004196167,296.6000061035156,9.880000114440918,10.022500038146973,17580.0,25863200,4075600
2015-05-12,215.15550231933594,10.199999809265137,7.332315444946289,290.1000061035156,10.199999809265137,9.762499809265137,298.5,10.510000228881836,9.954999923706055,285.70001220703125,10.149999618530273,9.755000114440918,298.5,10.449999809265137,9.875,24620.0,9195900,5334400
2015-05-13,217.9737548828125,10.260000228881836,7.360483169555664,293.8999938964844,10.260000228881836,9.800000190734863,294.20001220703125,10.390000343322754,9.845000267028809,290.3999938964844,10.0600004196167,9.630000114440918,292.3999938964844,10.220000267028809,9.767499923706055,17340.0,9289700,6279200
2015-05-14,218.49293518066406,10.329999923706055,7.354847431182861,294.6000061035156,10.329999923706055,9.792499542236328,297.29998779296875,10.449999809265137,9.850000381469727,289.1000061035156,10.25,9.6875,293.8999938964844,10.270000457763672,9.845000267028809,39220.0,6508300,2988800
2015-05-15,215.8970947265625,10.329999923706055,7.521961688995361,291.1000061035156,10.329999923706055,10.015000343322754,293.70001220703125,11.09000015258789,10.022500038146973,289.29998779296875,10.229999542236328,9.774999618530273,293.3999938964844,10.329999923706055,9.792499542236328,20140.0,19445100,5546800
2015-05-18,221.75621032714844,10.229999542236328,7.555761337280273,299.0,10.229999542236328,10.0600004196167,300.70001220703125,10.460000038146973,10.077500343322754,290.3999938964844,10.220000267028809,9.925000190734863,290.3999938964844,10.380000114440918,10.024999618530273,22640.0,5437200,4638800
2015-05-19,218.04794311523438,10.119999885559082,7.56890344619751,294.0,10.119999885559082,10.077500343322754,300.6000061035156,10.239999771118164,10.107500076293945,292.70001220703125,10.0600004196167,10.007499694824219,297.5,10.199999809265137,10.095000267028809,17490.0,7100500,4007600
2015-05-20,218.49293518066406,10.109999656677246,7.536983013153076,294.6000061035156,10.109999656677246,10.03499984741211,295.3999938964844,10.329999923706055,10.082500457763672,290.0,10.0600004196167,9.920000076293945,294.70001220703125,10.130000114440918,10.050000190734863,12200.0,5694100,4026000
2015-05-21,217.82546997070312,10.270000457763672,7.655277729034424,293.70001220703125,10.270000457763672,10.192500114440918,296.8999938964844,10.329999923706055,10.229999542236328,291.8999938964844,10.100000381469727,10.0625,294.5,10.119999885559082,10.107500076293945,14280.0,4021500,5148000
2015-05-22,219.53126525878906,10.479999542236328,7.660909652709961,296.0,10.479999542236328,10.199999809265137,296.5,10.550000190734863,10.244999885559082,290.1000061035156,10.380000114440918,10.095000267028809,293.70001220703125,10.449999809265137,10.1899995803833,16990.0,9552500,4556400
2015-05-26,218.9379425048828,10.300000190734863,7.544494152069092,295.20001220703125,10.300000190734863,10.045000076293945,297.0,10.550000190734863,10.244999885559082,291.3999938964844,10.25,9.962499618530273,295.8999938964844,10.420000076293945,10.172499656677246,17020.0,7709500,4948400
2015-05-27,217.00958251953125,10.109999656677246,7.411179065704346,292.6000061035156,10.109999656677246,9.867500305175781,297.5,10.319999694824219,10.154999732971191,292.29998779296875,10.079999923706055,9.850000381469727,295.8999938964844,10.25,10.137499809265137,20770.0,6677100,7198800
2015-05-28,216.9354248046875,10.029999732971191,7.683441638946533,292.5,10.029999732971191,10.229999542236328,293.6000061035156,10.109999656677246,10.329999923706055,287.0,10.010000228881836,9.8774995803833,291.3999938964844,10.069999694824219,9.892499923706055,13600.0,4557200,15432800
2015-05-29,214.41375732421875,9.800000190734863,8.150979995727539,289.1000061035156,9.800000190734863,10.852499961853027,291.79998779296875,10.039999961853027,11.1225004196167,285.79998779296875,9.800000190734863,10.779999732971191,291.79998779296875,9.989999771118164,10.994999885559082,26290.0,7904900,34731200
2015-06-01,207.66470336914062,9.510000228881836,8.162249565124512,280.0,9.510000228881836,10.867500305175781,286.8999938964844,9.84000015258789,11.024999618530273,270.8999938964844,9.470000267028809,10.602499961853027,286.79998779296875,9.819999694824219,10.9350004196167,74240.0,12306700,13171200
2015-06-02,206.70053100585938,9.619999885559082,8.256132125854492,278.70001220703125,9.619999885559082,10.992500305175781,281.3999938964844,9.720000267028809,11.104999542236328,275.8999938964844,9.520000457763672,10.692500114440918,275.8999938964844,9.520000457763672,10.84749984741211,49960.0,7941300,9230000
2015-06-03,210.9280242919922,9.710000038146973,8.20919132232666,284.3999938964844,9.710000038146973,10.930000305175781,285.5,9.890000343322754,11.077500343322754,279.8999938964844,9.600000381469727,10.899999618530273,279.8999938964844,9.649999618530273,10.9975004196167,24930.0,7300000,7961200
2015-06-04,210.92800903320312,9.739999771118164,8.265522956848145,282.3999938964844,9.739999771118164,11.005000114440918,283.0,9.9399995803833,11.114999771118164,279.79998779296875,9.630000114440918,10.967499732971191,282.3999938964844,9.670000076293945,11.037500381469727,15640.0,8177800,7472000
2015-06-05,215.3347930908203,9.75,8.288052558898926,288.29998779296875,9.75,11.03499984741211,289.20001220703125,9.800000190734863,11.0625,278.3999938964844,9.65999984741211,10.897500038146973,283.8999938964844,9.729999542236328,11.024999618530273,23780.0,2263500,5970000
2015-06-08,212.04840087890625,9.520000457763672,8.149855613708496,283.8999938964844,9.520000457763672,10.762499809265137,288.6000061035156,9.75,11.069999694824219,280.3999938964844,9.449999809265137,10.755000114440918,287.5,9.75,11.005000114440918,19980.0,4506000,5908000
2015-06-09,212.94461059570312,9.539999961853027,8.1214599609375,285.1000061035156,9.539999961853027,10.725000381469727,286.29998779296875,9.619999885559082,10.862500190734863,279.5,9.329999923706055,10.72249984741211,284.20001220703125,9.449999809265137,10.779999732971191,24800.0,4537700,5136800
2015-06-10,210.77862548828125,9.319999694824219,8.111992835998535,282.20001220703125,9.319999694824219,10.712499618530273,285.8999938964844,9.630000114440918,10.869999885559082,280.79998779296875,9.260000228881836,10.675000190734863,285.8999938964844,9.579999923706055,10.787500381469727,23260.0,9031300,7138800
2015-06-11,213.392822265625,9.210000038146973,8.140388488769531,285.70001220703125,9.210000038146973,10.75,288.1000061035156,9.520000457763672,10.932499885559082,280.20001220703125,9.1899995803833,10.6875,280.70001220703125,9.380000114440918,10.802499771118164,15830.0,6974300,7231600
2015-06-12,212.6459197998047,9.229999542236328,8.132817268371582,284.70001220703125,9.229999542236328,10.739999771118164,285.5,9.350000381469727,10.817500114440918,281.5,9.130000114440918,10.672499656677246,284.20001220703125,9.270000457763672,10.729999542236328,16080.0,6539700,5338800
2015-06-15,215.63357543945312,9.390000343322754,8.049521446228027,288.70001220703125,9.390000343322754,10.630000114440918,289.29998779296875,9.430000305175781,10.817500114440918,279.0,9.170000076293945,10.579999923706055,282.20001220703125,9.199999809265137,10.717499732971191,44590.0,3975000,7436800
2015-06-16,212.6459197998047,9.260000228881836,8.047626495361328,284.70001220703125,9.260000228881836,10.6274995803833,288.79998779296875,9.460000038146973,10.662500381469727,284.20001220703125,9.260000228881836,10.492500305175781,288.5,9.350000381469727,10.604999542236328,23020.0,3816300,5532000
2015-06-17,209.21009826660156,9.3100004196167,8.14607048034668,280.1000061035156,9.3100004196167,10.757499694824219,288.0,9.359999656677246,10.807499885559082,280.1000061035156,9.260000228881836,10.545000076293945,285.3999938964844,9.279999732971191,10.630000114440918,21050.0,2368500,8661200
2015-06-18,220.93658447265625,9.119999885559082,8.17635726928711,295.79998779296875,9.119999885559082,10.797499656677246,302.8999938964844,9.350000381469727,10.84749984741211,286.3999938964844,9.100000381469727,10.71500015258789,288.70001220703125,9.289999961853027,10.800000190734863,67360.0,7720800,8083200
2015-06-19,224.82052612304688,8.90999984741211,8.157428741455078,301.0,8.90999984741211,10.772500038146973,302.3999938964844,9.170000076293945,10.954999923706055,295.6000061035156,8.899999618530273,10.75,296.79998779296875,9.0600004196167,10.850000381469727,28210.0,9650200,9357200
2015-06-22,228.18165588378906,9.199999809265137,8.308876991271973,305.5,9.199999809265137,10.97249984741211,308.79998779296875,9.220000267028809,11.029999732971191,299.3999938964844,8.819999694824219,10.7524995803833,302.29998779296875,8.869999885559082,10.8125,22420.0,13284800,10163600
2015-06-23,227.21070861816406,8.8100004196167,8.397851943969727,304.20001220703125,8.8100004196167,11.09000015258789,305.5,9.210000038146973,11.137499809265137,301.8999938964844,8.779999732971191,10.960000038146973,305.5,9.079999923706055,11.007499694824219,15770.0,44747400,7034000
2015-06-24,225.0446319580078,8.829999923706055,8.433820724487305,301.29998779296875,8.829999923706055,11.137499809265137,304.79998779296875,8.899999618530273,11.375,298.20001220703125,8.670000076293945,11.039999961853027,303.6000061035156,8.699999809265137,11.047499656677246,12080.0,12663200,9687600
2015-06-25,226.16500854492188,8.630000114440918,8.265334129333496,302.79998779296875,8.630000114440918,10.914999961853027,303.29998779296875,8.930000305175781,11.182499885559082,295.6000061035156,8.5600004196167,10.912500381469727,301.6000061035156,8.899999618530273,11.145000457763672,19000.0,14233000,6468400
2015-06-26,236.3229522705078,8.569999694824219,8.337274551391602,316.3999938964844,8.569999694824219,11.010000228881836,317.8999938964844,8.649999618530273,11.03499984741211,302.20001220703125,8.510000228881836,10.842499732971191,303.70001220703125,8.5600004196167,10.944999694824219,59430.0,8212200,7603600
2015-06-29,227.3600616455078,8.289999961853027,8.096848487854004,304.3999938964844,8.289999961853027,10.692500114440918,318.20001220703125,8.529999732971191,10.982500076293945,301.8999938964844,8.279999732971191,10.6899995803833,318.1000061035156,8.420000076293945,10.932499885559082,36580.0,12754200,4458800
2015-06-30,229.1526336669922,8.180000305175781,8.132817268371582,306.79998779296875,8.180000305175781,10.739999771118164,308.29998779296875,8.319999694824219,10.800000190734863,302.3999938964844,8.039999961853027,10.692500114440918,307.70001220703125,8.319999694824219,10.770000457763672,29540.0,14520500,4470800
2015-07-01,226.91192626953125,8.020000457763672,8.352417945861816,303.79998779296875,8.020000457763672,11.029999732971191,311.0,8.279999732971191,11.102499961853027,302.5,7.940000057220459,10.789999961853027,309.3999938964844,8.260000228881836,10.8125,28080.0,9074400,6925600
2015-07-02,229.89952087402344,7.960000038146973,8.246402740478516,307.79998779296875,7.960000038146973,10.890000343322754,312.79998779296875,8.0600004196167,11.125,302.0,7.840000152587891,10.875,310.0,8.050000190734863,10.952500343322754,17350.0,12031100,4818400
2015-07-06,228.62979125976562,7.96999979019165,8.390280723571777,306.1000061035156,7.96999979019165,11.079999923706055,310.5,8.050000190734863,11.087499618530273,303.20001220703125,7.849999904632568,10.742500305175781,304.8999938964844,7.909999847412109,10.779999732971191,14220.0,9782700,6026800
2015-07-07,230.42242431640625,7.989999771118164,8.714003562927246,308.5,7.989999771118164,11.507499694824219,310.0,8.010000228881836,11.512499809265137,300.5,7.679999828338623,11.007499694824219,308.0,7.960000038146973,11.072500228881836,20600.0,10121400,9638800
2015-07-08,227.58412170410156,7.690000057220459,8.659104347229004,304.70001220703125,7.690000057220459,11.4350004196167,308.29998779296875,7.960000038146973,11.557499885559082,302.0,7.630000114440918,11.3725004196167,305.20001220703125,7.920000076293945,11.442500114440918,13090.0,12183400,9792000
2015-07-09,228.7792205810547,7.769999980926514,8.878705024719238,306.29998779296875,7.769999980926514,11.725000381469727,310.0,7.980000019073486,11.772500038146973,304.79998779296875,7.760000228881836,11.470000267028809,307.8999938964844,7.800000190734863,11.600000381469727,12670.0,10363100,10862400
2015-07-10,234.156982421875,7.690000057220459,8.890061378479004,313.5,7.690000057220459,11.739999771118164,314.1000061035156,7.920000076293945,11.835000038146973,308.6000061035156,7.610000133514404,11.600000381469727,309.0,7.860000133514404,11.822500228881836,23440.0,8247300,5966000
2015-07-13,237.8168487548828,7.730000019073486,8.963892936706543,318.3999938964844,7.730000019073486,11.837499618530273,318.6000061035156,7.860000133514404,11.914999961853027,315.1000061035156,7.659999847412109,11.710000038146973,315.1000061035156,7.710000038146973,11.802499771118164,18580.0,8656600,6607200
2015-07-14,243.79208374023438,7.960000038146973,8.846522331237793,326.3999938964844,7.960000038146973,11.682499885559082,328.29998779296875,7.980000019073486,11.862500190734863,318.3999938964844,7.690000057220459,11.5625,320.0,7.739999771118164,11.805000305175781,30630.0,7632800,10610800
2015-07-15,242.74642944335938,7.829999923706055,8.787835121154785,325.0,7.829999923706055,11.604999542236328,327.79998779296875,8.0,11.75,318.20001220703125,7.739999771118164,11.587499618530273,326.0,7.940000057220459,11.712499618530273,21930.0,8445900,5383200
2015-07-16,243.5680389404297,7.78000020980835,8.941177368164062,326.1000061035156,7.78000020980835,11.807499885559082,328.29998779296875,7.900000095367432,11.9399995803833,322.70001220703125,7.739999771118164,11.545000076293945,327.6000061035156,7.840000152587891,11.619999885559082,16930.0,4006800,10452000
2015-07-17,245.13661193847656,7.769999980926514,8.835164070129395,328.20001220703125,7.769999980926514,11.667499542236328,328.70001220703125,7.869999885559082,11.887499809265137,323.8999938964844,7.730000019073486,11.595000267028809,326.3999938964844,7.820000171661377,11.807499885559082,14420.0,4502400,5317200
2015-07-20,245.734130859375,7.679999828338623,8.865452766418457,329.0,7.679999828338623,11.707500457763672,329.8999938964844,7.809999942779541,11.737500190734863,323.3999938964844,7.670000076293945,11.537500381469727,328.1000061035156,7.769999980926514,11.625,20340.0,4106100,5273200
2015-07-21,238.1902618408203,7.840000152587891,8.886276245117188,318.8999938964844,7.840000152587891,11.734999656677246,327.70001220703125,7.940000057220459,11.739999771118164,317.79998779296875,7.670000076293945,11.557499885559082,327.5,7.710000038146973,11.680000305175781,29970.0,5291300,5106000
2015-07-22,241.4767303466797,7.699999809265137,8.935497283935547,323.29998779296875,7.699999809265137,11.800000190734863,326.6000061035156,7.789999961853027,11.880000114440918,318.29998779296875,7.659999847412109,11.600000381469727,319.0,7.75,11.692500114440918,25100.0,4393200,6506800
2015-07-23,240.5803680419922,7.610000133514404,8.886276245117188,322.1000061035156,7.610000133514404,11.734999656677246,328.6000061035156,7.760000228881836,11.904999732971191,321.20001220703125,7.590000152587891,11.647500038146973,323.3999938964844,7.71999979019165,11.807499885559082,25950.0,5192700,3849200
2015-07-24,231.9162139892578,7.329999923706055,8.611776351928711,310.5,7.329999923706055,11.3725004196167,324.3999938964844,7.599999904632568,11.770000457763672,308.0,7.199999809265137,11.332500457763672,321.6000061035156,7.590000152587891,11.75,26870.0,13015200,8122800
2015-07-27,229.6754913330078,7.28000020980835,8.579591751098633,307.5,7.28000020980835,11.329999923706055,310.70001220703125,7.340000152587891,11.454999923706055,303.20001220703125,7.150000095367432,11.225000381469727,305.5,7.199999809265137,11.350000381469727,14620.0,8485900,6295200
2015-07-28,223.55079650878906,7.800000190734863,8.57201862335205,299.29998779296875,7.800000190734863,11.319999694824219,310.20001220703125,7.820000171661377,11.4350004196167,291.6000061035156,7.550000190734863,11.182499885559082,310.20001220703125,7.579999923706055,11.375,104420.0,12666400,4929600
2015-07-29,227.28536987304688,8.0,8.683713912963867,304.29998779296875,8.0,11.467499732971191,305.5,8.15999984741211,11.47249984741211,297.5,7.75,11.297499656677246,300.29998779296875,7.75,11.359999656677246,37720.0,9735000,4004800
2015-07-30,236.69644165039062,7.920000076293945,8.738614082336426,316.8999938964844,7.920000076293945,11.539999961853027,322.8999938964844,8.109999656677246,11.612500190734863,305.0,7.920000076293945,11.357500076293945,307.3999938964844,7.989999771118164,11.4375,57690.0,8111200,3734400
2015-07-31,240.87916564941406,7.739999771118164,8.679927825927734,322.5,7.739999771118164,11.462499618530273,323.5,8.0,11.617500305175781,316.6000061035156,7.699999809265137,11.407500267028809,318.8999938964844,7.960000038146973,11.5649995803833,30420.0,4542100,4383200
2015-08-03,240.28164672851562,7.550000190734863,8.509546279907227,321.70001220703125,7.550000190734863,11.237500190734863,324.5,7.699999809265137,11.545000076293945,318.20001220703125,7.460000038146973,11.210000038146973,324.20001220703125,7.699999809265137,11.494999885559082,18920.0,5310800,4821200
2015-08-04,235.94952392578125,7.599999904632568,8.626921653747559,315.8999938964844,7.599999904632568,11.392499923706055,322.5,7.670000076293945,11.412500381469727,314.5,7.489999771118164,11.1274995803833,322.0,7.550000190734863,11.177499771118164,14230.0,5700300,7212400
2015-08-05,228.25637817382812,7.610000133514404,8.782155990600586,305.6000061035156,7.610000133514404,11.59749984741211,320.20001220703125,7.809999942779541,11.657500267028809,302.29998779296875,7.590000152587891,11.40999984741211,317.0,7.610000133514404,11.420000076293945,26470.0,4017300,4967600
2015-08-06,220.11500549316406,7.659999847412109,8.585271835327148,294.70001220703125,7.659999847412109,11.337499618530273,311.0,7.71999979019165,11.579999923706055,288.70001220703125,7.510000228881836,11.229999542236328,307.5,7.650000095367432,11.555000305175781,49900.0,4909700,4446800
2015-08-07,221.01132202148438,7.570000171661377,8.551196098327637,295.8999938964844,7.570000171661377,11.292499542236328,301.79998779296875,7.78000020980835,11.352499961853027,293.6000061035156,7.550000190734863,11.162500381469727,293.70001220703125,7.659999847412109,11.335000038146973,35740.0,4016400,3788400
2015-08-10,221.83290100097656,7.699999809265137,8.672354698181152,297.0,7.699999809265137,11.452500343322754,298.8999938964844,7.739999771118164,11.510000228881836,292.70001220703125,7.559999942779541,11.335000038146973,297.8999938964844,7.610000133514404,11.470000267028809,29450.0,3666200,4864800
2015-08-11,211.22679138183594,7.559999942779541,8.655317306518555,282.79998779296875,7.559999942779541,11.430000305175781,297.6000061035156,7.679999828338623,11.449999809265137,280.79998779296875,7.480000019073486,11.25,295.20001220703125,7.599999904632568,11.357500076293945,35750.0,5296800,4988800
2015-08-12,211.8242645263672,7.739999771118164,8.63638687133789,283.6000061035156,7.739999771118164,11.404999732971191,287.3999938964844,7.760000228881836,11.47249984741211,280.79998779296875,7.449999809265137,11.157500267028809,281.70001220703125,7.5,11.332500457763672,40500.0,7023300,5104400
2015-08-13,217.12734985351562,7.599999904632568,8.727253913879395,290.70001220703125,7.599999904632568,11.524999618530273,294.1000061035156,7.800000190734863,11.717499732971191,277.20001220703125,7.570000171661377,11.397500038146973,280.1000061035156,7.710000038146973,11.412500381469727,44660.0,4377700,4406400
2015-08-14,220.0403289794922,7.659999847412109,8.980932235717773,294.6000061035156,7.659999847412109,11.859999656677246,295.0,7.769999980926514,11.957500457763672,288.70001220703125,7.579999923706055,11.637499809265137,289.70001220703125,7.610000133514404,11.637499809265137,20400.0,3678800,9747600
2015-08-17,229.75015258789062,7.639999866485596,8.888171195983887,307.6000061035156,7.639999866485596,11.737500190734863,307.8999938964844,7.690000057220459,11.867500305175781,291.5,7.550000190734863,11.614999771118164,292.79998779296875,7.619999885559082,11.859999656677246,38880.0,3228800,4342400
2015-08-18,228.48049926757812,7.570000171661377,8.895744323730469,305.8999938964844,7.570000171661377,11.7475004196167,307.6000061035156,7.630000114440918,11.927499771118164,304.5,7.53000020980835,11.725000381469727,307.6000061035156,7.570000171661377,11.760000228881836,25610.0,3399500,6476000
2015-08-19,231.54278564453125,7.5,8.793516159057617,310.0,7.5,11.612500190734863,312.0,7.610000133514404,11.792499542236328,301.8999938964844,7.329999923706055,11.4350004196167,303.79998779296875,7.53000020980835,11.707500457763672,32560.0,8186000,7016000
2015-08-20,222.57986450195312,7.389999866485596,8.562554359436035,298.0,7.389999866485596,11.307499885559082,307.29998779296875,7.489999771118164,11.5,297.70001220703125,7.260000228881836,11.297499656677246,306.1000061035156,7.420000076293945,11.414999961853027,75080.0,7551600,6032000
2015-08-21,218.62120056152344,7.150000095367432,8.48682975769043,292.70001220703125,7.150000095367432,11.207500457763672,299.1000061035156,7.340000152587891,11.52750015258789,287.0,7.119999885559082,11.15999984741211,293.1000061035156,7.340000152587891,11.192500114440918,57090.0,9882600,8100800
2015-08-24,209.13540649414062,6.96999979019165,8.132817268371582,280.0,6.96999979019165,10.739999771118164,281.29998779296875,7.380000114440918,11.037500381469727,272.3999938964844,6.409999847412109,9.664999961853027,276.0,6.5,10.46500015258789,65200.0,13902600,9250800
2015-08-25,212.57122802734375,6.739999771118164,8.308876991271973,284.6000061035156,6.739999771118164,10.97249984741211,288.79998779296875,7.199999809265137,11.170000076293945,280.8999938964844,6.739999771118164,10.817500114440918,288.6000061035156,7.150000095367432,11.020000457763672,41300.0,8793000,18920400
2015-08-26,214.88662719726562,6.789999961853027,8.587163925170898,287.70001220703125,6.789999961853027,11.34000015258789,289.70001220703125,6.909999847412109,11.382499694824219,281.1000061035156,6.619999885559082,11.007499694824219,289.70001220703125,6.880000114440918,11.170000076293945,20230.0,6308300,15134400
2015-08-27,215.55882263183594,7.190000057220459,8.746185302734375,288.6000061035156,7.190000057220459,11.550000190734863,293.70001220703125,7.230000019073486,11.75,285.6000061035156,6.849999904632568,11.359999656677246,290.1000061035156,6.869999885559082,11.552499771118164,16260.0,7358900,11679600
2015-08-28,216.67926025390625,7.369999885559082,8.043842315673828,290.1000061035156,7.369999885559082,10.6225004196167,293.3999938964844,7.460000038146973,11.234999656677246,286.6000061035156,7.099999904632568,10.385000228881836,288.20001220703125,7.150000095367432,11.164999961853027,14120.0,6439800,33722000
2015-08-31,216.45518493652344,7.590000152587891,8.041947364807129,289.79998779296875,7.590000152587891,10.619999885559082,292.8999938964844,7.599999904632568,10.65250015258789,288.29998779296875,7.260000228881836,10.387499809265137,289.6000061035156,7.360000133514404,10.567500114440918,17370.0,5113500,9861200
2015-09-01,206.9693603515625,7.340000152587891,7.795844554901123,277.1000061035156,7.340000152587891,10.295000076293945,287.5,7.53000020980835,10.537500381469727,276.5,7.269999980926514,10.180000305175781,285.6000061035156,7.460000038146973,10.382499694824219,24290.0,5081200,9354400
2015-09-02,208.38848876953125,7.46999979019165,7.915109157562256,279.0,7.46999979019165,10.452500343322754,279.79998779296875,7.480000019073486,10.520000457763672,275.0,7.269999980926514,10.279999732971191,279.79998779296875,7.440000057220459,10.420000076293945,22390.0,3177900,10147600
2015-09-03,206.3572540283203,7.460000038146973,7.896178245544434,274.29998779296875,7.460000038146973,10.427499771118164,281.6000061035156,7.579999923706055,10.694999694824219,270.6000061035156,7.380000114440918,10.385000228881836,278.20001220703125,7.5,10.5,29720.0,3315900,8372800
2015-09-04,208.46376037597656,7.28000020980835,7.8770833015441895,277.1000061035156,7.28000020980835,10.3125,279.5,7.820000171661377,10.390000343322754,269.8999938964844,7.239999771118164,10.177499771118164,271.3999938964844,7.599999904632568,10.300000190734863,16800.0,13587100,6127600
2015-09-08,209.96835327148438,7.400000095367432,7.980201244354248,279.1000061035156,7.400000095367432,10.447500228881836,285.5,7.550000190734863,10.492500305175781,277.20001220703125,7.289999961853027,10.1899995803833,284.1000061035156,7.429999828338623,10.492500305175781,14550.0,4632900,8708000
2015-09-09,204.3260498046875,7.239999771118164,7.980201244354248,271.6000061035156,7.239999771118164,10.447500228881836,283.3999938964844,7.53000020980835,10.5600004196167,271.6000061035156,7.21999979019165,10.412500381469727,282.8999938964844,7.429999828338623,10.507499694824219,16130.0,10985800,5874800
2015-09-10,204.100341796875,7.380000114440918,8.087139129638672,271.29998779296875,7.380000114440918,10.587499618530273,272.8999938964844,7.460000038146973,10.72249984741211,265.20001220703125,7.170000076293945,10.375,272.20001220703125,7.179999828338623,10.414999961853027,18020.0,5301900,5733200
2015-09-11,202.5957489013672,7.369999885559082,8.16925048828125,269.29998779296875,7.369999885559082,10.694999694824219,270.0,7.420000076293945,10.717499732971191,264.29998779296875,7.190000057220459,10.420000076293945,269.1000061035156,7.360000133514404,10.557499885559082,16290.0,11349000,6061600
2015-09-14,202.67098999023438,7.380000114440918,8.243725776672363,269.3999938964844,7.380000114440918,10.792499542236328,272.20001220703125,7.429999828338623,10.800000190734863,266.70001220703125,7.25,10.5649995803833,269.29998779296875,7.360000133514404,10.710000038146973,9700.0,3761000,5638800
2015-09-15,204.02511596679688,7.489999771118164,8.211261749267578,271.20001220703125,7.489999771118164,10.75,272.1000061035156,7.550000190734863,10.829999923706055,267.0,7.320000171661377,10.6899995803833,269.3999938964844,7.369999885559082,10.8149995803833,10090.0,4996900,4498400
2015-09-16,204.47650146484375,7.659999847412109,8.39840316772461,271.79998779296875,7.659999847412109,10.994999885559082,275.20001220703125,7.679999828338623,11.037500381469727,269.29998779296875,7.46999979019165,10.725000381469727,271.5,7.489999771118164,10.737500190734863,8460.0,5940200,6159200
2015-09-17,207.71142578125,7.570000171661377,8.327746391296387,276.1000061035156,7.570000171661377,10.90250015258789,279.20001220703125,7.730000019073486,11.107500076293945,273.29998779296875,7.539999961853027,10.717499732971191,279.0,7.630000114440918,10.9975004196167,8840.0,6388600,6796400
2015-09-18,210.57020568847656,7.5,8.07186222076416,279.8999938964844,7.5,10.567500114440918,280.3999938964844,7.630000114440918,10.895000457763672,271.1000061035156,7.460000038146973,10.557499885559082,273.3999938964844,7.53000020980835,10.787500381469727,30770.0,4174800,8250400
2015-09-21,204.5517578125,7.420000076293945,7.966834545135498,271.8999938964844,7.420000076293945,10.430000305175781,282.8999938964844,7.579999923706055,10.707500457763672,270.20001220703125,7.389999866485596,10.359999656677246,281.3999938964844,7.53000020980835,10.680000305175781,20390.0,3986200,6620000
2015-09-22,194.62130737304688,7.25,7.896178245544434,258.70001220703125,7.25,10.337499618530273,270.0,7.369999885559082,10.4399995803833,257.0,7.150000095367432,10.2524995803833,268.5,7.309999942779541,10.3149995803833,12950.0,5329900,4002800
2015-09-23,189.50563049316406,7.170000076293945,7.8446197509765625,251.89999389648438,7.170000076293945,10.270000457763672,264.1000061035156,7.340000152587891,10.395000457763672,250.1999969482422,7.170000076293945,10.162500381469727,259.20001220703125,7.28000020980835,10.305000305175781,18570.0,4176500,3140800
2015-09-24,192.7405548095703,7.03000020980835,7.867534637451172,256.20001220703125,7.03000020980835,10.300000190734863,258.3999938964844,7.170000076293945,10.3725004196167,251.0,6.960000038146973,10.15250015258789,251.1999969482422,7.130000114440918,10.1850004196167,29080.0,5712900,5456800
2015-09-25,191.76255798339844,6.489999771118164,7.829342842102051,254.89999389648438,6.489999771118164,10.25,258.20001220703125,7.099999904632568,10.46500015258789,253.1999969482422,6.429999828338623,10.112500190734863,258.1000061035156,6.829999923706055,10.327500343322754,21760.0,26595100,6662800
2015-09-28,184.0138397216797,6.300000190734863,7.695671081542969,244.60000610351562,6.300000190734863,10.074999809265137,254.60000610351562,6.460000038146973,10.267499923706055,244.0,6.139999866485596,9.984999656677246,254.60000610351562,6.429999828338623,10.210000038146973,19910.0,13962200,6852800
2015-09-29,182.5844268798828,6.019999980926514,7.720495700836182,242.6999969482422,6.019999980926514,10.107500076293945,248.0,6.340000152587891,10.227499961853027,239.60000610351562,5.960000038146973,9.914999961853027,244.60000610351562,6.28000020980835,10.050000190734863,17490.0,9456000,8432000
2015-09-30,189.50563049316406,6.130000114440918,7.869442939758301,251.89999389648438,6.130000114440918,10.302499771118164,252.5,6.199999809265137,10.329999923706055,245.5,5.989999771118164,10.15250015258789,245.5,6.070000171661377,10.2524995803833,18210.0,9307600,6866400
2015-10-01,187.2487030029297,6.079999923706055,7.737681865692139,248.89999389648438,6.079999923706055,10.130000114440918,253.39999389648438,6.230000019073486,10.407500267028809,244.6999969482422,6.03000020980835,9.952500343322754,252.39999389648438,6.190000057220459,10.324999809265137,15820.0,5984700,7833600
2015-10-02,189.65609741210938,6.340000152587891,7.924822807312012,252.10000610351562,6.340000152587891,10.375,252.89999389648438,6.340000152587891,10.387499809265137,243.3000030517578,6.039999961853027,10.0024995803833,243.8000030517578,6.039999961853027,10.069999694824219,22860.0,8312500,5966400
2015-10-05,193.34242248535156,6.610000133514404,8.11196231842041,257.0,6.610000133514404,10.619999885559082,260.8999938964844,6.610000133514404,10.65999984741211,250.89999389648438,6.400000095367432,10.382499694824219,252.89999389648438,6.400000095367432,10.399999618530273,15160.0,8682900,7671600
2015-10-06,196.95346069335938,6.789999961853027,8.276187896728516,261.79998779296875,6.789999961853027,10.835000038146973,264.29998779296875,6.809999942779541,10.869999885559082,257.1000061035156,6.610000133514404,10.602499961853027,257.1000061035156,6.619999885559082,10.609999656677246,21570.0,6464800,7518000
2015-10-07,201.2416229248047,7.159999847412109,8.295282363891602,267.5,7.159999847412109,10.859999656677246,267.6000061035156,7.170000076293945,10.952500343322754,261.3999938964844,6.809999942779541,10.654999732971191,263.1000061035156,6.849999904632568,10.857500076293945,13330.0,12438500,4901600
2015-10-08,205.60491943359375,7.289999961853027,8.39840316772461,273.29998779296875,7.289999961853027,10.994999885559082,273.8999938964844,7.320000171661377,11.085000038146973,264.20001220703125,7.119999885559082,10.760000228881836,266.1000061035156,7.139999866485596,10.760000228881836,33740.0,5793400,4536400
2015-10-09,204.7021942138672,7.420000076293945,8.480514526367188,272.1000061035156,7.420000076293945,11.102499961853027,277.29998779296875,7.429999828338623,11.114999771118164,268.70001220703125,7.230000019073486,10.864999771118164,272.3999938964844,7.289999961853027,10.930000305175781,29480.0,5498700,3824800
2015-10-12,205.68017578125,7.159999847412109,8.390763282775879,273.3999938964844,7.159999847412109,10.984999656677246,274.79998779296875,7.449999809265137,11.15999984741211,268.5,7.139999866485596,10.960000038146973,272.70001220703125,7.400000095367432,11.069999694824219,18240.0,4887600,2991600
2015-10-13,204.4012908935547,7.170000076293945,8.310562133789062,271.70001220703125,7.170000076293945,10.880000114440918,281.70001220703125,7.340000152587891,11.039999961853027,271.0,7.03000020980835,10.850000381469727,271.3999938964844,7.159999847412109,10.927499771118164,16500.0,4463000,3242000
2015-10-14,202.97190856933594,7.28000020980835,8.220808982849121,269.79998779296875,7.28000020980835,10.762499809265137,274.0,7.329999923706055,10.930000305175781,266.5,7.130000114440918,10.682499885559082,271.70001220703125,7.159999847412109,10.864999771118164,16770.0,3369900,3027600
2015-10-15,204.3260498046875,7.28000020980835,8.388854026794434,271.6000061035156,7.28000020980835,10.982500076293945,273.29998779296875,7.380000114440918,10.992500305175781,261.1000061035156,7.239999771118164,10.712499618530273,269.70001220703125,7.340000152587891,10.8149995803833,45020.0,3724300,3522000
2015-10-16,201.76821899414062,7.110000133514404,8.490062713623047,268.20001220703125,7.110000133514404,11.114999771118164,272.20001220703125,7.269999980926514,11.1225004196167,266.3999938964844,7.03000020980835,10.897500038146973,272.20001220703125,7.260000228881836,11.069999694824219,10790.0,4449900,3594000
2015-10-19,204.6269989013672,7.179999828338623,8.539711952209473,272.0,7.179999828338623,11.180000305175781,273.20001220703125,7.239999771118164,11.234999656677246,266.20001220703125,6.980000019073486,11.0024995803833,266.6000061035156,7.110000133514404,11.114999771118164,15500.0,3285200,3046400
2015-10-20,198.90948486328125,7.199999809265137,8.612277030944824,264.3999938964844,7.199999809265137,11.274999618530273,270.70001220703125,7.369999885559082,11.404999732971191,260.1000061035156,7.130000114440918,11.182499885559082,270.70001220703125,7.190000057220459,11.194999694824219,22550.0,3526400,6144800
2015-10-21,191.76255798339844,7.079999923706055,8.791777610778809,254.89999389648438,7.079999923706055,11.510000228881836,266.0,7.25,11.552499771118164,252.8000030517578,7.059999942779541,11.282500267028809,265.29998779296875,7.21999979019165,11.319999694824219,19210.0,3114200,4631600
2015-10-22,195.59930419921875,7.150000095367432,8.971280097961426,260.0,7.150000095367432,11.744999885559082,264.1000061035156,7.289999961853027,11.817500114440918,252.0,7.079999923706055,11.397500038146973,255.8000030517578,7.099999904632568,11.545000076293945,14820.0,4369700,6262000
2015-10-23,200.71495056152344,7.320000171661377,8.660016059875488,266.79998779296875,7.320000171661377,11.337499618530273,268.5,7.360000133514404,11.904999732971191,258.70001220703125,7.110000133514404,11.272500038146973,262.79998779296875,7.179999828338623,11.904999732971191,13710.0,7404300,9208400
2015-10-26,200.0378875732422,7.269999980926514,8.53016471862793,265.8999938964844,7.269999980926514,11.167499542236328,268.5,7.559999942779541,11.382499694824219,263.5,7.230000019073486,11.087499618530273,267.6000061035156,7.28000020980835,11.342499732971191,10930.0,6307200,5856400
2015-10-27,197.17916870117188,7.0,8.449960708618164,262.1000061035156,7.0,11.0625,264.0,7.28000020980835,11.227499961853027,256.5,6.989999771118164,10.887499809265137,264.0,7.260000228881836,11.180000305175781,24110.0,4832400,4584000
2015-10-28,206.05636596679688,7.190000057220459,8.69820785522461,273.8999938964844,7.190000057220459,11.387499809265137,278.0,7.28000020980835,11.422499656677246,262.29998779296875,6.960000038146973,11.072500228881836,263.3999938964844,7.050000190734863,11.114999771118164,26710.0,4240200,3632000
2015-10-29,205.5297393798828,7.119999885559082,8.728761672973633,273.20001220703125,7.119999885559082,11.427499771118164,275.5,7.269999980926514,11.545000076293945,268.6000061035156,7.099999904632568,11.342499732971191,273.8999938964844,7.170000076293945,11.40999984741211,13640.0,3042600,2984400
2015-10-30,205.9059295654297,7.289999961853027,8.797508239746094,273.70001220703125,7.289999961853027,11.517499923706055,275.70001220703125,7.309999942779541,11.637499809265137,271.0,7.090000152587891,11.392499923706055,273.29998779296875,7.139999866485596,11.479999542236328,22320.0,4354000,4879200
2015-11-02,206.8838653564453,7.5,8.818512916564941,275.0,7.5,11.545000076293945,277.1000061035156,7.510000228881836,11.6225004196167,272.1000061035156,7.260000228881836,11.392499923706055,274.3999938964844,7.289999961853027,11.507499694824219,40370.0,4240800,3821200
2015-11-03,199.51129150390625,7.730000019073486,8.927359580993652,265.20001220703125,7.730000019073486,11.6875,275.6000061035156,7.769999980926514,11.699999809265137,246.89999389648438,7.46999979019165,11.517499923706055,272.29998779296875,7.5,11.574999809265137,71880.0,5955800,5713200
2015-11-04,194.39561462402344,7.659999847412109,8.946455955505371,258.3999938964844,7.659999847412109,11.712499618530273,265.29998779296875,7.800000190734863,11.77750015258789,251.8000030517578,7.630000114440918,11.654999732971191,265.0,7.75,11.682499885559082,47490.0,4431800,5235600
2015-11-05,198.4580841064453,7.599999904632568,8.963640213012695,263.79998779296875,7.599999904632568,11.734999656677246,271.79998779296875,7.75,11.789999961853027,258.8999938964844,7.550000190734863,11.574999809265137,271.79998779296875,7.730000019073486,11.737500190734863,34670.0,3951900,3947600
2015-11-06,203.72421264648438,8.020000457763672,8.940728187561035,270.79998779296875,8.020000457763672,11.704999923706055,275.0,8.140000343322754,11.869999885559082,261.20001220703125,7.610000133514404,11.587499618530273,263.0,7.659999847412109,11.6875,31930.0,15525400,7676800
2015-11-09,201.31686401367188,8.079999923706055,8.688661575317383,267.6000061035156,8.079999923706055,11.375,271.79998779296875,8.25,11.704999923706055,265.20001220703125,8.0,11.357500076293945,270.0,8.069999694824219,11.692500114440918,25600.0,9075700,6093200
2015-11-10,205.37930297851562,7.690000057220459,8.772683143615723,273.0,7.690000057220459,11.484999656677246,274.6000061035156,8.140000343322754,11.552499771118164,266.20001220703125,7.630000114440918,11.3125,267.20001220703125,8.079999923706055,11.359999656677246,20490.0,10738000,6072800
2015-11-11,203.72421264648438,7.409999847412109,8.512979507446289,270.79998779296875,7.409999847412109,11.145000457763672,275.29998779296875,7.75,11.574999809265137,270.20001220703125,7.409999847412109,11.107500076293945,273.8999938964844,7.739999771118164,11.520000457763672,12150.0,6812000,7525200
2015-11-12,200.56454467773438,7.420000076293945,8.503429412841797,266.6000061035156,7.420000076293945,11.132499694824219,272.20001220703125,7.650000095367432,11.199999809265137,261.79998779296875,7.309999942779541,10.967499732971191,268.79998779296875,7.320000171661377,11.114999771118164,11790.0,10461000,7546000
2015-11-13,197.55531311035156,7.21999979019165,7.099876880645752,262.6000061035156,7.21999979019165,9.295000076293945,266.70001220703125,7.460000038146973,10.024999618530273,260.8999938964844,7.150000095367432,9.267499923706055,265.20001220703125,7.400000095367432,9.984999656677246,11300.0,10899300,38060800
2015-11-16,196.6525115966797,7.53000020980835,7.273649215698242,261.3999938964844,7.53000020980835,9.522500038146973,262.29998779296875,7.539999961853027,9.547499656677246,258.0,7.190000057220459,9.237500190734863,261.8999938964844,7.199999809265137,9.25,12320.0,5976000,10280000
2015-11-17,194.84703063964844,7.420000076293945,7.096056938171387,259.0,7.420000076293945,9.289999961853027,262.3999938964844,7.699999809265137,9.574999809265137,257.70001220703125,7.360000133514404,9.225000381469727,261.1000061035156,7.690000057220459,9.574999809265137,16970.0,6503900,10395200
2015-11-18,196.727783203125,7.630000114440918,7.220180511474609,261.5,7.630000114440918,9.452500343322754,264.8999938964844,7.650000095367432,9.515000343322754,255.8000030517578,7.409999847412109,9.307499885559082,259.0,7.440000057220459,9.392499923706055,30760.0,5579000,9136800
2015-11-19,193.0414581298828,7.730000019073486,7.344303607940674,256.6000061035156,7.730000019073486,9.614999771118164,262.1000061035156,7.789999961853027,9.739999771118164,253.60000610351562,7.599999904632568,9.375,260.8999938964844,7.639999866485596,9.412500381469727,14500.0,5258000,8218800
2015-11-20,192.2139434814453,7.769999980926514,7.497072696685791,255.5,7.769999980926514,9.8149995803833,259.6000061035156,7.900000095367432,9.942500114440918,254.39999389648438,7.739999771118164,9.642499923706055,257.79998779296875,7.75,9.774999618530273,10570.0,4042800,11176800
2015-11-23,188.97903442382812,7.820000171661377,7.181991100311279,251.1999969482422,7.820000171661377,9.40250015258789,257.1000061035156,8.0,9.422499656677246,249.5,7.75,8.25,256.6000061035156,7.789999961853027,8.28499984741211,24800.0,4745300,67735200
2015-11-24,187.17344665527344,7.949999809265137,7.239277362823486,248.8000030517578,7.949999809265137,9.477499961853027,250.5,7.980000019073486,9.557499885559082,246.3000030517578,7.789999961853027,8.982500076293945,249.60000610351562,7.789999961853027,8.9975004196167,18910.0,5120700,21452000
2015-11-25,190.0322265625,7.909999847412109,6.996758460998535,252.60000610351562,7.909999847412109,9.15999984741211,254.8000030517578,8.029999732971191,9.507499694824219,247.39999389648438,7.860000133514404,9.149999618530273,249.1999969482422,7.929999828338623,9.447500228881836,21370.0,3439200,8231600
2015-11-27,188.452392578125,7.820000171661377,6.876453876495361,250.5,7.820000171661377,9.0024995803833,254.8000030517578,7.949999809265137,9.237500190734863,249.39999389648438,7.78000020980835,8.949999809265137,253.10000610351562,7.929999828338623,9.220000267028809,6520.0,2246500,4770000
2015-11-30,191.1606903076172,7.940000057220459,6.689313888549805,254.10000610351562,7.940000057220459,8.757499694824219,255.1999969482422,8.029999732971191,8.957500457763672,248.10000610351562,7.78000020980835,8.725000381469727,249.39999389648438,7.809999942779541,8.890000343322754,29270.0,5005600,12892400
2015-12-01,191.3863983154297,7.860000133514404,6.695102214813232,254.39999389648438,7.860000133514404,8.675000190734863,258.1000061035156,8.140000343322754,8.792499542236328,251.3000030517578,7.849999904632568,8.5625,254.89999389648438,7.960000038146973,8.762499809265137,12850.0,6200900,8725200
2015-12-02,186.94778442382812,7.71999979019165,6.5349602699279785,248.5,7.71999979019165,8.467499732971191,254.8000030517578,7.900000095367432,8.710000038146973,247.10000610351562,7.710000038146973,8.46500015258789,254.39999389648438,7.829999923706055,8.675000190734863,16780.0,5495200,11470800
2015-12-03,186.568603515625,7.710000038146973,6.324652671813965,246.0,7.710000038146973,8.194999694824219,248.0,7.849999904632568,8.462499618530273,241.1999969482422,7.650000095367432,8.047499656677246,247.0,7.730000019073486,8.462499618530273,18520.0,3395900,14872000
2015-12-04,180.04629516601562,7.760000228881836,6.42498254776001,237.39999389648438,7.760000228881836,8.324999809265137,247.3000030517578,7.820000171661377,8.337499618530273,236.89999389648438,7.659999847412109,8.0600004196167,245.5,7.710000038146973,8.192500114440918,18830.0,3005500,14113200
2015-12-07,177.391845703125,7.579999923706055,6.380605697631836,233.89999389648438,7.579999923706055,8.267499923706055,235.60000610351562,7.78000020980835,8.34749984741211,223.8000030517578,7.510000228881836,8.125,234.1999969482422,7.71999979019165,8.300000190734863,41450.0,4290300,11792400
2015-12-08,178.75697326660156,7.639999866485596,6.509878635406494,235.6999969482422,7.639999866485596,8.4350004196167,239.0,7.699999809265137,8.47249984741211,227.5,7.369999885559082,8.067500114440918,231.60000610351562,7.460000038146973,8.149999618530273,21150.0,6508500,11211200
2015-12-09,175.1166229248047,7.369999885559082,6.25905179977417,230.89999389648438,7.369999885559082,8.109999656677246,236.89999389648438,7.670000076293945,8.507499694824219,226.8000030517578,7.300000190734863,8.100000381469727,235.5,7.619999885559082,8.27750015258789,20490.0,4671100,10329200
2015-12-10,178.83282470703125,7.889999866485596,6.176087379455566,235.8000030517578,7.889999866485596,8.0024995803833,237.10000610351562,8.199999809265137,8.225000381469727,228.39999389648438,7.28000020980835,7.867499828338623,231.0,7.300000190734863,8.137499809265137,15780.0,16399200,16325600
2015-12-11,175.04075622558594,7.679999828338623,5.788273334503174,230.8000030517578,7.679999828338623,7.5,236.5,8.050000190734863,7.837500095367432,229.1999969482422,7.5,7.485000133514404,232.89999389648438,7.920000076293945,7.554999828338623,37460.0,11559900,26372000
2015-12-14,173.75144958496094,7.570000171661377,5.840367794036865,229.10000610351562,7.570000171661377,7.567500114440918,234.10000610351562,7.699999809265137,7.664999961853027,224.10000610351562,7.409999847412109,7.429999828338623,230.89999389648438,7.690000057220459,7.5,17300.0,9453300,11758000
2015-12-15,183.00408935546875,7.849999904632568,5.892462253570557,241.3000030517578,7.849999904632568,7.635000228881836,243.10000610351562,7.96999979019165,7.787499904632568,232.3000030517578,7.579999923706055,7.599999904632568,232.3000030517578,7.630000114440918,7.684999942779541,24260.0,6636000,10153200
2015-12-16,192.6358642578125,8.180000305175781,5.896320819854736,254.0,8.180000305175781,7.639999866485596,255.1999969482422,8.220000267028809,7.75,243.6999969482422,7.889999866485596,7.53000020980835,245.0,7.940000057220459,7.704999923706055,37200.0,8220800,8740400
2015-12-17,190.6639862060547,7.800000190734863,5.604978561401367,251.39999389648438,7.800000190734863,7.262499809265137,258.70001220703125,8.329999923706055,7.677499771118164,248.0,7.769999980926514,7.262499809265137,256.79998779296875,8.140000343322754,7.639999866485596,48160.0,11458000,9117600
2015-12-18,187.9337158203125,8.609999656677246,5.5490241050720215,247.8000030517578,8.609999656677246,7.190000057220459,255.3000030517578,9.09000015258789,7.235000133514404,243.8000030517578,7.880000114440918,6.974999904632568,250.0,8.1899995803833,7.230000019073486,47620.0,45324000,22410000
2015-12-21,183.0799102783203,8.720000267028809,5.547094345092773,241.39999389648438,8.720000267028809,7.1875,249.8000030517578,8.970000267028809,7.275000095367432,239.3000030517578,8.460000038146973,7.012499809265137,249.3000030517578,8.899999618530273,7.132500171661377,21170.0,19941600,13672800
2015-12-22,186.34107971191406,8.960000038146973,5.518153667449951,245.6999969482422,8.960000038146973,7.150000095367432,247.39999389648438,8.989999771118164,7.224999904632568,236.6999969482422,8.630000114440918,7.039999961853027,242.5,8.739999771118164,7.224999904632568,22310.0,8683300,12263600
2015-12-23,178.07440185546875,9.130000114440918,5.547094345092773,234.8000030517578,9.130000114440918,7.1875,246.10000610351562,9.289999961853027,7.232500076293945,234.5,8.989999771118164,7.065000057220459,246.10000610351562,9.020000457763672,7.199999809265137,33550.0,9919200,11113200
2015-12-24,176.33006286621094,9.100000381469727,5.473776340484619,232.5,9.100000381469727,7.09250020980835,235.1999969482422,9.210000038146973,7.199999809265137,231.5,9.050000190734863,7.070000171661377,235.0,9.109999656677246,7.15500020980835,22810.0,3828000,3476000
2015-12-28,174.66156005859375,9.420000076293945,5.493070602416992,230.3000030517578,9.420000076293945,7.117499828338623,232.60000610351562,9.460000038146973,7.235000133514404,227.60000610351562,9.0600004196167,7.034999847412109,230.0,9.109999656677246,7.09250020980835,42080.0,6832600,9301600
2015-12-29,177.7710418701172,9.350000381469727,5.485352516174316,234.39999389648438,9.350000381469727,7.107500076293945,235.5,9.420000076293945,7.199999809265137,229.8000030517578,9.140000343322754,7.082499980926514,231.8000030517578,9.3100004196167,7.15500020980835,29010.0,7795400,8161600
2015-12-30,179.43955993652344,9.350000381469727,5.495000839233398,236.60000610351562,9.350000381469727,7.119999885559082,238.6999969482422,9.4399995803833,7.235000133514404,233.1999969482422,9.260000228881836,7.059999942779541,233.8000030517578,9.270000457763672,7.09250020980835,24720.0,4416300,5753200
2015-12-31,182.01815795898438,9.279999732971191,5.4101057052612305,240.0,9.279999732971191,7.010000228881836,242.0,9.430000305175781,7.215000152587891,235.0,9.25,7.007500171661377,236.1999969482422,9.350000381469727,7.107500076293945,22850.0,4742000,6784000
2016-01-04,175.72332763671875,9.140000343322754,5.462201118469238,231.6999969482422,9.140000343322754,7.077499866485596,237.60000610351562,9.220000267028809,7.114999771118164,226.8000030517578,8.899999618530273,6.752500057220459,236.6999969482422,9.170000076293945,6.760000228881836,45790.0,10952500,17321600
2016-01-05,177.7710418701172,8.859999656677246,5.5509538650512695,234.39999389648438,8.859999656677246,7.192500114440918,238.1999969482422,9.170000076293945,7.252500057220459,230.10000610351562,8.829999923706055,7.014999866485596,232.5,9.09000015258789,7.147500038146973,55050.0,7446800,13666400
2016-01-06,175.95086669921875,8.739999771118164,5.473776340484619,232.0,8.739999771118164,7.09250020980835,238.60000610351562,8.930000305175781,7.184999942779541,230.3000030517578,8.649999618530273,6.860000133514404,230.3000030517578,8.699999809265137,7.057499885559082,31300.0,7696500,15025600
2016-01-07,171.55209350585938,8.0,5.489212989807129,226.1999969482422,8.0,7.112500190734863,230.6999969482422,8.630000114440918,7.192500114440918,224.5,7.849999904632568,6.934999942779541,227.10000610351562,8.59000015258789,7.03000020980835,49690.0,13901200,10651200
2016-01-08,169.73191833496094,7.710000038146973,5.473776340484619,223.8000030517578,7.710000038146973,7.09250020980835,229.8000030517578,8.229999542236328,7.197500228881836,223.0,7.699999809265137,7.010000228881836,227.5,8.170000076293945,7.175000190734863,29370.0,10399300,10796800
2016-01-11,169.04934692382812,7.519999980926514,5.668648719787598,222.89999389648438,7.519999980926514,7.34499979019165,228.39999389648438,7.849999904632568,7.387499809265137,222.39999389648438,7.320000171661377,6.997499942779541,224.5,7.769999980926514,7.082499980926514,52710.0,10784200,13026800
2016-01-12,169.58023071289062,7.380000114440918,5.379234313964844,223.60000610351562,7.380000114440918,6.96999979019165,227.10000610351562,7.809999942779541,7.304999828338623,221.1999969482422,7.260000228881836,6.577499866485596,225.0,7.679999828338623,7.237500190734863,37800.0,9130700,32357600
2016-01-13,165.48480224609375,7.079999923706055,5.197869777679443,218.1999969482422,7.079999923706055,6.735000133514404,226.39999389648438,7.510000228881836,6.954999923706055,216.5,7.050000190734863,6.619999885559082,223.60000610351562,7.400000095367432,6.927499771118164,27730.0,9927800,11686400
2016-01-14,163.5887908935547,7.320000171661377,4.93546724319458,215.6999969482422,7.320000171661377,6.394999980926514,220.39999389648438,7.369999885559082,6.855000019073486,212.8000030517578,6.96999979019165,6.295000076293945,219.1999969482422,7.139999866485596,6.855000019073486,25540.0,13094200,18357600
2016-01-15,158.88668823242188,6.989999771118164,4.9470438957214355,209.5,6.989999771118164,6.409999847412109,213.60000610351562,7.159999847412109,6.485000133514404,204.8000030517578,6.730000019073486,6.212500095367432,210.6999969482422,7.010000228881836,6.264999866485596,50040.0,13887900,12750800
2016-01-19,158.5832977294922,6.75,4.921961784362793,209.10000610351562,6.75,6.377500057220459,214.6999969482422,7.070000171661377,6.494999885559082,207.10000610351562,6.619999885559082,6.262499809265137,211.3000030517578,7.019999980926514,6.489999771118164,21330.0,8219900,11138000
2016-01-20,153.65365600585938,6.900000095367432,4.860220909118652,202.60000610351562,6.900000095367432,6.297500133514404,205.5,6.929999828338623,6.362500190734863,196.60000610351562,6.329999923706055,6.082499980926514,205.39999389648438,6.5,6.302499771118164,20550.0,14276400,8945200
2016-01-21,152.7435760498047,6.880000114440918,4.879513740539551,201.39999389648438,6.880000114440918,6.322500228881836,205.6999969482422,7.110000133514404,6.485000133514404,200.10000610351562,6.71999979019165,6.287499904632568,203.3000030517578,6.889999866485596,6.297500133514404,15470.0,11963300,8473200
2016-01-22,153.19857788085938,7.010000228881836,4.952831745147705,202.0,7.010000228881836,6.417500019073486,206.8000030517578,7.139999866485596,6.507500171661377,200.10000610351562,6.880000114440918,6.357500076293945,205.0,7.059999942779541,6.432499885559082,20330.0,7438000,7054400
2016-01-25,152.36434936523438,6.820000171661377,4.835136890411377,200.89999389648438,6.820000171661377,6.264999866485596,202.89999389648438,7.090000152587891,6.492499828338623,198.60000610351562,6.820000171661377,6.227499961853027,202.0,6.989999771118164,6.400000095367432,12880.0,5960800,5780800
2016-01-26,165.63650512695312,7.019999980926514,5.028079509735107,218.39999389648438,7.019999980926514,6.514999866485596,218.5,7.130000114440918,6.619999885559082,206.10000610351562,6.78000020980835,6.284999847412109,208.3000030517578,6.949999809265137,6.337500095367432,21000.0,5357200,11076000
2016-01-27,158.6591339111328,6.880000114440918,5.045444011688232,209.1999969482422,6.880000114440918,6.537499904632568,217.1999969482422,7.159999847412109,6.695000171661377,208.6999969482422,6.880000114440918,6.454999923706055,217.1999969482422,6.949999809265137,6.559999942779541,35180.0,4781700,8011600
2016-01-28,157.29400634765625,6.869999885559082,4.960550308227539,207.39999389648438,6.869999885559082,6.427499771118164,210.39999389648438,7.039999961853027,6.652500152587891,205.0,6.809999942779541,6.417500019073486,209.1999969482422,6.96999979019165,6.622499942779541,13130.0,4222100,5595600
2016-01-29,165.3331756591797,7.119999885559082,5.057021141052246,218.0,7.119999885559082,6.552499771118164,218.0,7.130000114440918,6.5625,206.89999389648438,6.96999979019165,6.402500152587891,207.0,7.050000190734863,6.440000057220459,22360.0,4408400,9271200
2016-02-01,161.69276428222656,7.070000171661377,5.172786235809326,213.1999969482422,7.070000171661377,6.702499866485596,216.60000610351562,7.119999885559082,6.715000152587891,209.89999389648438,6.949999809265137,6.462500095367432,216.60000610351562,7.099999904632568,6.550000190734863,15320.0,4433400,11149200
2016-02-02,158.12826538085938,6.909999847412109,5.001067638397217,208.5,6.909999847412109,6.480000019073486,211.89999389648438,7.039999961853027,6.677499771118164,204.39999389648438,6.869999885559082,6.397500038146973,210.6999969482422,6.96999979019165,6.65749979019165,22470.0,5354600,7362400
2016-02-03,159.493408203125,7.179999828338623,5.049304008483887,210.3000030517578,7.179999828338623,6.542500019073486,211.5,7.179999828338623,6.570000171661377,205.3000030517578,6.840000152587891,6.1875,210.10000610351562,6.980000019073486,6.527500152587891,14720.0,6081200,8893600
2016-02-04,163.8921661376953,7.400000095367432,5.2113752365112305,216.10000610351562,7.400000095367432,6.752500057220459,217.8000030517578,7.519999980926514,6.797500133514404,210.60000610351562,7.159999847412109,6.34499979019165,210.60000610351562,7.179999828338623,6.514999866485596,25350.0,5725300,8000800
2016-02-05,153.72950744628906,7.090000152587891,5.176645278930664,202.6999969482422,7.090000152587891,6.707499980926514,219.8000030517578,7.380000114440918,6.795000076293945,200.39999389648438,7.070000171661377,6.607500076293945,218.89999389648438,7.349999904632568,6.752500057220459,41210.0,5044400,6183200
2016-02-08,153.5778350830078,6.800000190734863,5.38116455078125,202.5,6.800000190734863,6.972499847412109,207.8000030517578,6.989999771118164,6.989999771118164,192.8000030517578,6.670000076293945,6.625,200.60000610351562,6.920000076293945,6.637499809265137,33310.0,5160700,11779200
2016-02-09,152.13681030273438,6.71999979019165,5.232599258422852,200.60000610351562,6.71999979019165,6.78000020980835,205.0,6.909999847412109,6.96999979019165,196.8000030517578,6.650000095367432,6.677499771118164,199.10000610351562,6.739999771118164,6.912499904632568,17020.0,4712800,13147200
2016-02-10,152.36434936523438,6.639999866485596,5.141915798187256,200.89999389648438,6.639999866485596,6.662499904632568,209.39999389648438,6.880000114440918,6.822500228881836,199.89999389648438,6.630000114440918,6.65500020980835,201.60000610351562,6.75,6.800000190734863,16610.0,4746900,5480400
2016-02-11,157.44570922851562,6.619999885559082,5.145774841308594,207.60000610351562,6.619999885559082,6.667500019073486,208.0,6.630000114440918,6.737500190734863,195.10000610351562,6.389999866485596,6.534999847412109,197.3000030517578,6.510000228881836,6.612500190734863,15320.0,5724700,5918800
2016-02-12,155.1704559326172,6.679999828338623,5.205586910247803,204.60000610351562,6.679999828338623,6.744999885559082,208.89999389648438,6.809999942779541,6.84499979019165,196.89999389648438,6.639999866485596,6.574999809265137,208.89999389648438,6.699999809265137,6.692500114440918,43460.0,3819500,10327200
2016-02-16,170.1111602783203,6.949999809265137,5.402389049530029,224.3000030517578,6.949999809265137,7.0,226.0,6.960000038146973,7.012499809265137,206.5,6.71999979019165,6.722499847412109,206.5,6.809999942779541,6.832499980926514,33150.0,3131200,5744000
2016-02-17,164.72640991210938,7.190000057220459,5.545165538787842,217.1999969482422,7.190000057220459,7.184999942779541,230.10000610351562,7.199999809265137,7.25,217.0,6.980000019073486,6.989999771118164,226.0,7.039999961853027,7.054999828338623,27310.0,5601800,6689600
2016-02-18,164.49891662597656,7.190000057220459,5.641635894775391,216.89999389648438,7.190000057220459,7.309999942779541,219.39999389648438,7.239999771118164,7.449999809265137,210.10000610351562,6.96999979019165,7.167500019073486,218.1999969482422,7.230000019073486,7.199999809265137,18720.0,5625200,11048000
2016-02-19,165.86402893066406,7.130000114440918,5.439046859741211,218.6999969482422,7.130000114440918,7.047500133514404,219.10000610351562,7.139999866485596,7.304999828338623,210.89999389648438,6.920000076293945,6.945000171661377,215.60000610351562,7.03000020980835,7.304999828338623,12740.0,4014100,8530000
2016-02-22,168.9735107421875,7.289999961853027,5.635848522186279,222.8000030517578,7.289999961853027,7.302499771118164,224.8000030517578,7.349999904632568,7.40749979019165,219.10000610351562,7.150000095367432,7.107500076293945,220.1999969482422,7.199999809265137,7.132500171661377,16210.0,3749600,6722400
2016-02-23,167.15333557128906,7.260000228881836,5.680225849151611,220.39999389648438,7.260000228881836,7.360000133514404,224.60000610351562,7.369999885559082,7.465000152587891,219.0,7.159999847412109,7.244999885559082,222.5,7.260000228881836,7.400000095367432,22260.0,2950600,5059600
2016-02-24,171.0211944580078,7.340000152587891,5.767049789428711,225.5,7.340000152587891,7.472499847412109,226.6999969482422,7.369999885559082,7.474999904632568,215.0,7.019999980926514,7.065000057220459,219.0,7.179999828338623,7.355000019073486,13760.0,4170400,6416800
2016-02-25,170.4145050048828,7.260000228881836,5.78055477142334,224.6999969482422,7.260000228881836,7.489999771118164,226.60000610351562,7.420000076293945,7.514999866485596,218.0,7.150000095367432,7.327499866485596,226.10000610351562,7.369999885559082,7.400000095367432,19150.0,3926300,6115600
2016-02-26,176.70928955078125,7.460000038146973,5.892462253570557,233.0,7.460000038146973,7.635000228881836,234.60000610351562,7.590000152587891,7.652500152587891,225.89999389648438,7.289999961853027,7.482500076293945,225.89999389648438,7.300000190734863,7.527500152587891,27560.0,4052800,6775600
2016-02-29,182.24566650390625,7.809999942779541,5.94648551940918,240.3000030517578,7.809999942779541,7.704999923706055,252.39999389648438,7.889999866485596,7.772500038146973,222.0,7.480000019073486,7.505000114440918,246.8000030517578,7.510000228881836,7.610000133514404,70150.0,8295300,9401600
2016-03-01,188.69212341308594,7.690000057220459,5.969638824462891,248.8000030517578,7.690000057220459,7.735000133514404,254.10000610351562,7.949999809265137,7.809999942779541,239.8000030517578,7.659999847412109,7.622499942779541,240.3000030517578,7.900000095367432,7.762499809265137,38390.0,6165500,8520400
2016-03-02,192.25665283203125,7.800000190734863,6.037168979644775,253.5,7.800000190734863,7.822500228881836,253.89999389648438,7.800000190734863,7.920000076293945,246.1999969482422,7.610000133514404,7.289999961853027,249.39999389648438,7.659999847412109,7.71999979019165,17730.0,3812200,16452400
2016-03-03,196.46112060546875,7.840000152587891,6.311147212982178,257.0,7.840000152587891,8.177499771118164,257.79998779296875,7.900000095367432,8.237500190734863,251.3000030517578,7.760000228881836,7.820000171661377,252.39999389648438,7.809999942779541,7.840000152587891,26450.0,4444100,14196000
2016-03-04,206.55169677734375,7.929999828338623,6.094531059265137,270.20001220703125,7.929999828338623,7.807499885559082,272.3999938964844,8.140000343322754,8.140000343322754,254.0,7.800000190734863,7.797500133514404,264.0,7.809999942779541,8.067500114440918,126410.0,6673400,10121600
2016-03-07,219.241455078125,8.260000228881836,5.99890661239624,286.79998779296875,8.260000228881836,7.684999942779541,287.3999938964844,8.359999656677246,7.925000190734863,268.3999938964844,7.909999847412109,7.59499979019165,269.8999938964844,7.909999847412109,7.757500171661377,43350.0,6520300,11321200
2016-03-08,217.02450561523438,8.140000343322754,5.877914905548096,283.8999938964844,8.140000343322754,7.53000020980835,288.3999938964844,8.239999771118164,7.747499942779541,283.0,8.079999923706055,7.452499866485596,284.6000061035156,8.15999984741211,7.722499847412109,48600.0,5251200,9314000
2016-03-09,217.40673828125,8.239999771118164,6.1062397956848145,284.3999938964844,8.239999771118164,7.822500228881836,288.79998779296875,8.270000457763672,7.892499923706055,282.1000061035156,8.029999732971191,7.539999961853027,285.29998779296875,8.149999618530273,7.59499979019165,30840.0,4791000,10378000
2016-03-10,221.30538940429688,7.960000038146973,5.940362453460693,289.5,7.960000038146973,7.610000133514404,290.5,8.260000228881836,7.832499980926514,280.1000061035156,7.809999942779541,7.485000133514404,285.1000061035156,8.229999542236328,7.832499980926514,24200.0,5196100,8197200
2016-03-11,225.8155975341797,8.050000190734863,6.000858783721924,295.3999938964844,8.050000190734863,7.6875,297.20001220703125,8.149999618530273,7.772500038146973,287.5,7.96999979019165,7.610000133514404,292.1000061035156,8.0600004196167,7.635000228881836,29930.0,4087100,6477200
2016-03-14,224.6689910888672,8.0,6.1784443855285645,293.8999938964844,8.0,7.914999961853027,299.20001220703125,8.100000381469727,8.007499694824219,293.79998779296875,7.980000019073486,7.679999828338623,294.29998779296875,8.0,7.690000057220459,18730.0,3650500,6921600
2016-03-15,220.77024841308594,7.880000114440918,6.006712913513184,288.79998779296875,7.880000114440918,7.695000171661377,294.5,7.949999809265137,7.932499885559082,287.20001220703125,7.75,7.492499828338623,293.0,7.920000076293945,7.877500057220459,25920.0,4925600,8111600
2016-03-16,221.6876220703125,7.940000057220459,6.227231979370117,290.0,7.940000057220459,7.977499961853027,292.8999938964844,7.980000019073486,8.0024995803833,287.6000061035156,7.769999980926514,7.704999923706055,287.6000061035156,7.820000171661377,7.787499904632568,38370.0,4735100,6249600
2016-03-17,221.53472900390625,8.100000381469727,6.119900226593018,289.79998779296875,8.100000381469727,7.840000152587891,292.79998779296875,8.170000076293945,8.055000305175781,288.0,7.860000133514404,7.752500057220459,289.5,7.980000019073486,8.045000076293945,37770.0,5784000,12200800
2016-03-18,224.82183837890625,8.050000190734863,6.016469955444336,294.1000061035156,8.050000190734863,7.707499980926514,294.79998779296875,8.199999809265137,8.072500228881836,288.70001220703125,8.029999732971191,7.697500228881836,291.0,8.100000381469727,7.894999980926514,65960.0,3369000,22170800
2016-03-21,220.54092407226562,8.039999961853027,6.020373821258545,288.5,8.039999961853027,7.712500095367432,295.0,8.15999984741211,7.914999961853027,287.70001220703125,7.960000038146973,7.512499809265137,293.20001220703125,8.029999732971191,7.730000019073486,20770.0,3551800,13434800
2016-03-22,216.71878051757812,7.940000057220459,5.889622688293457,283.5,7.940000057220459,7.545000076293945,289.5,8.0,7.697500228881836,279.5,7.900000095367432,7.502500057220459,288.1000061035156,8.0,7.6875,34660.0,2736500,8700000
2016-03-23,213.8138885498047,7.690000057220459,5.92670202255249,279.70001220703125,7.690000057220459,7.59250020980835,290.0,7.949999809265137,7.702499866485596,279.29998779296875,7.639999866485596,7.512499809265137,286.3999938964844,7.909999847412109,7.545000076293945,22910.0,6080500,7876800
2016-03-24,214.50189208984375,7.590000152587891,5.907186508178711,280.6000061035156,7.590000152587891,7.567500114440918,281.0,7.619999885559082,7.625,272.79998779296875,7.429999828338623,7.402500152587891,278.70001220703125,7.619999885559082,7.585000038146973,20020.0,4550300,17952400
2016-03-28,219.62364196777344,7.610000133514404,5.8720598220825195,287.29998779296875,7.610000133514404,7.522500038146973,290.0,7.670000076293945,7.737500190734863,281.79998779296875,7.480000019073486,7.099999904632568,283.20001220703125,7.599999904632568,7.237500190734863,22470.0,2897100,32988800
2016-03-29,221.30538940429688,7.869999885559082,6.149172306060791,289.5,7.869999885559082,7.877500057220459,290.5,7.949999809265137,7.982500076293945,281.70001220703125,7.5,7.5,286.8999938964844,7.599999904632568,7.545000076293945,21590.0,5344500,15210000
2016-03-30,216.7952117919922,8.010000228881836,6.197960376739502,283.6000061035156,8.010000228881836,7.940000057220459,286.1000061035156,8.199999809265137,7.992499828338623,278.5,7.940000057220459,7.75,282.0,7.960000038146973,7.892499923706055,25870.0,5780500,10088400
2016-03-31,213.96678161621094,8.09000015258789,6.192105770111084,279.8999938964844,8.09000015258789,7.932499885559082,286.29998779296875,8.210000038146973,8.107500076293945,279.20001220703125,8.020000457763672,7.917500019073486,283.29998779296875,8.039999961853027,7.96750020980835,20980.0,8186100,8376000
2016-04-01,218.93557739257812,7.480000019073486,6.115997791290283,286.3999938964844,7.480000019073486,7.835000038146973,287.3999938964844,7.730000019073486,7.940000057220459,275.70001220703125,7.360000133514404,7.677499771118164,278.6000061035156,7.409999847412109,7.932499885559082,27350.0,24356600,8540400
2016-04-04,212.74366760253906,7.28000020980835,6.035986423492432,278.29998779296875,7.28000020980835,7.732500076293945,287.1000061035156,7.420000076293945,7.855000019073486,276.79998779296875,7.139999866485596,7.677499771118164,286.79998779296875,7.380000114440918,7.847499847412109,21940.0,13102900,5967200
2016-04-05,210.3739013671875,7.119999885559082,5.911089897155762,275.20001220703125,7.119999885559082,7.572500228881836,279.0,7.260000228881836,7.769999980926514,272.70001220703125,7.079999923706055,7.554999828338623,275.70001220703125,7.159999847412109,7.699999809265137,12320.0,6051600,7004000
2016-04-06,214.96051025390625,7.099999904632568,5.8720598220825195,281.20001220703125,7.099999904632568,7.522500038146973,281.70001220703125,7.179999828338623,7.775000095367432,275.29998779296875,6.989999771118164,7.447500228881836,276.3999938964844,7.139999866485596,7.5625,15410.0,7157600,9206000
2016-04-07,208.692138671875,6.980000019073486,5.682764530181885,273.0,6.980000019073486,7.28000020980835,282.1000061035156,7.119999885559082,7.552499771118164,270.0,6.929999828338623,7.25,280.29998779296875,7.0,7.527500152587891,17180.0,4925000,14695600
2016-04-08,209.1508331298828,7.059999942779541,5.754970073699951,273.6000061035156,7.059999942779541,7.372499942779541,276.20001220703125,7.139999866485596,7.46750020980835,270.20001220703125,7.0,7.28000020980835,274.79998779296875,7.070000171661377,7.317500114440918,10100.0,4322700,8490400
2016-04-11,206.01657104492188,7.050000190734863,5.831078052520752,269.5,7.050000190734863,7.46999979019165,276.70001220703125,7.199999809265137,7.65500020980835,268.79998779296875,7.039999961853027,7.429999828338623,276.1000061035156,7.130000114440918,7.434999942779541,19280.0,4367600,8181200
2016-04-12,209.38011169433594,7.099999904632568,5.8720598220825195,273.8999938964844,7.099999904632568,7.522500038146973,276.6000061035156,7.150000095367432,7.617499828338623,268.70001220703125,7.010000228881836,7.427499771118164,269.5,7.050000190734863,7.5,15710.0,4309100,7840400
2016-04-13,215.26634216308594,7.199999809265137,6.141366481781006,281.6000061035156,7.199999809265137,7.867499828338623,283.29998779296875,7.230000019073486,7.900000095367432,275.70001220703125,7.090000152587891,7.547500133514404,276.6000061035156,7.139999866485596,7.5625,18870.0,4759600,8691600
2016-04-14,212.97305297851562,7.079999923706055,6.1764936447143555,278.6000061035156,7.079999923706055,7.912499904632568,281.1000061035156,7.21999979019165,7.932499885559082,276.20001220703125,7.059999942779541,7.652500152587891,280.6000061035156,7.170000076293945,7.840000152587891,19470.0,3498800,10259600
2016-04-15,210.75613403320312,7.059999942779541,6.20381498336792,275.70001220703125,7.059999942779541,7.947500228881836,281.29998779296875,7.150000095367432,8.03499984741211,275.3999938964844,7.03000020980835,7.877500057220459,279.0,7.110000133514404,7.9375,8850.0,4273100,10342000
2016-04-18,215.72499084472656,7.099999904632568,6.2857770919799805,282.20001220703125,7.099999904632568,8.052499771118164,282.29998779296875,7.139999866485596,8.09749984741211,274.0,6.989999771118164,7.90749979019165,274.0,7.050000190734863,7.965000152587891,14450.0,4143100,7128800
2016-04-19,212.1321258544922,7.050000190734863,6.332613468170166,277.5,7.050000190734863,8.112500190734863,286.1000061035156,7.170000076293945,8.137499809265137,276.79998779296875,7.010000228881836,8.029999732971191,283.70001220703125,7.170000076293945,8.085000038146973,11810.0,4052200,6650800
2016-04-20,212.2849884033203,7.21999979019165,6.4184794425964355,277.70001220703125,7.21999979019165,8.22249984741211,281.70001220703125,7.269999980926514,8.322500228881836,275.1000061035156,7.019999980926514,8.082500457763672,279.6000061035156,7.019999980926514,8.1225004196167,14270.0,6436300,11016000
2016-04-21,209.91526794433594,7.099999904632568,6.305293083190918,274.6000061035156,7.099999904632568,8.077500343322754,282.5,7.25,8.272500038146973,272.3999938964844,7.070000171661377,8.052499771118164,278.70001220703125,7.210000038146973,8.22249984741211,17270.0,3103400,10325600
2016-04-22,209.91526794433594,7.260000228881836,6.400916576385498,274.6000061035156,7.260000228881836,8.199999809265137,277.5,7.320000171661377,8.225000381469727,271.0,7.099999904632568,8.047499656677246,275.79998779296875,7.110000133514404,8.067500114440918,20270.0,6121900,88882000
2016-04-25,206.32237243652344,7.269999980926514,6.400916576385498,269.8999938964844,7.269999980926514,8.199999809265137,272.20001220703125,7.269999980926514,8.25,267.3999938964844,7.119999885559082,8.107500076293945,270.6000061035156,7.21999979019165,8.170000076293945,38830.0,6613800,8251200
2016-04-26,209.60946655273438,7.199999809265137,6.5023932456970215,274.20001220703125,7.199999809265137,8.329999923706055,275.5,7.289999961853027,8.335000038146973,266.5,7.170000076293945,8.149999618530273,271.20001220703125,7.289999961853027,8.1875,26870.0,2859500,7961200
2016-04-27,214.1196746826172,7.28000020980835,6.514103412628174,280.1000061035156,7.28000020980835,8.345000267028809,282.70001220703125,7.289999961853027,8.430000305175781,273.29998779296875,7.119999885559082,8.274999618530273,276.6000061035156,7.199999809265137,8.300000190734863,21440.0,4474000,11343200
2016-04-28,215.80137634277344,7.170000076293945,6.420431137084961,282.29998779296875,7.170000076293945,8.225000381469727,284.6000061035156,7.329999923706055,8.329999923706055,280.20001220703125,7.159999847412109,8.194999694824219,282.5,7.260000228881836,8.292499542236328,40760.0,3131500,8579200
2016-04-29,215.41920471191406,7.059999942779541,6.400916576385498,281.79998779296875,7.059999942779541,8.199999809265137,295.0,7.239999771118164,8.255000114440918,260.79998779296875,7.0,8.092499732971191,295.0,7.190000057220459,8.225000381469727,62890.0,4642400,8473600
2016-05-02,220.84677124023438,7.059999942779541,6.3150506019592285,288.8999938964844,7.059999942779541,8.09000015258789,291.79998779296875,7.110000133514404,8.21500015258789,276.6000061035156,6.860000133514404,7.987500190734863,281.8999938964844,7.070000171661377,8.202500343322754,32390.0,5669300,10590000
2016-05-03,218.09471130371094,6.860000133514404,6.108191013336182,285.29998779296875,6.860000133514404,7.824999809265137,289.0,6.989999771118164,8.092499732971191,284.5,6.809999942779541,7.824999809265137,286.0,6.96999979019165,8.052499771118164,27500.0,4959600,10560800
2016-05-04,219.8529815673828,6.760000228881836,5.99890661239624,287.6000061035156,6.760000228881836,7.684999942779541,288.8999938964844,6.889999866485596,7.835000038146973,282.29998779296875,6.650000095367432,7.582499980926514,282.5,6.849999904632568,7.800000190734863,24810.0,4194800,11483200
2016-05-05,220.69383239746094,6.679999828338623,5.87596321105957,288.70001220703125,6.679999828338623,7.527500152587891,291.29998779296875,6.889999866485596,7.690000057220459,287.0,6.659999847412109,7.492499828338623,289.3999938964844,6.840000152587891,7.672500133514404,17510.0,2929100,8590800
2016-05-06,222.8342742919922,6.690000057220459,5.8720598220825195,291.5,6.690000057220459,7.522500038146973,296.79998779296875,6.730000019073486,7.557499885559082,285.0,6.590000152587891,7.34250020980835,288.5,6.71999979019165,7.552499771118164,15990.0,3435700,7822800
2016-05-09,222.8342742919922,6.579999923706055,5.891574859619141,291.5,6.579999923706055,7.547500133514404,292.8999938964844,6.690000057220459,7.622499942779541,287.0,6.53000020980835,7.510000228881836,291.5,6.670000076293945,7.525000095367432,23220.0,2938700,7538400
2016-05-10,228.79690551757812,6.730000019073486,5.955974102020264,299.29998779296875,6.730000019073486,7.630000114440918,299.5,6.730000019073486,7.664999961853027,291.5,6.53000020980835,7.502500057220459,292.20001220703125,6.599999904632568,7.565000057220459,18950.0,3416900,5274800
2016-05-11,226.65647888183594,6.679999828338623,5.698376655578613,296.5,6.679999828338623,7.300000190734863,303.1000061035156,6.78000020980835,7.537499904632568,295.1000061035156,6.630000114440918,7.230000019073486,298.3999938964844,6.699999809265137,7.537499904632568,23560.0,1932000,11997200
2016-05-12,223.4458465576172,6.610000133514404,5.678861618041992,292.29998779296875,6.610000133514404,7.275000095367432,298.20001220703125,6.800000190734863,7.347499847412109,289.70001220703125,6.5,7.212500095367432,297.5,6.75,7.324999809265137,10630.0,3290200,8598800
2016-05-13,224.0574188232422,6.53000020980835,5.606656074523926,293.1000061035156,6.53000020980835,7.182499885559082,293.6000061035156,6.699999809265137,7.329999923706055,289.70001220703125,6.510000228881836,7.102499961853027,292.0,6.639999866485596,7.275000095367432,15020.0,2978600,11854400
2016-05-16,224.21029663085938,6.699999809265137,5.6632490158081055,293.29998779296875,6.699999809265137,7.255000114440918,294.8999938964844,6.71999979019165,7.28000020980835,288.5,6.53000020980835,7.139999866485596,293.1000061035156,6.550000190734863,7.190000057220459,15540.0,2501600,12104400
2016-05-17,224.0574188232422,6.679999828338623,5.553965091705322,293.1000061035156,6.679999828338623,7.114999771118164,295.3999938964844,6.789999961853027,7.349999904632568,292.29998779296875,6.590000152587891,7.102499961853027,294.0,6.659999847412109,7.272500038146973,22860.0,2493700,12189200
2016-05-18,220.9231719970703,6.650000095367432,5.470050811767578,289.0,6.650000095367432,7.007500171661377,294.1000061035156,6.739999771118164,7.09250020980835,287.29998779296875,6.599999904632568,6.945000171661377,292.3999938964844,6.619999885559082,7.082499980926514,16010.0,3492900,15548800
2016-05-19,214.2725372314453,6.690000057220459,5.571529388427734,280.29998779296875,6.690000057220459,7.137499809265137,288.6000061035156,6.71999979019165,7.144999980926514,279.0,6.53000020980835,6.880000114440918,287.8999938964844,6.590000152587891,7.010000228881836,19130.0,4417100,12570000
2016-05-20,215.80137634277344,6.809999942779541,5.557868957519531,282.29998779296875,6.809999942779541,7.119999885559082,283.20001220703125,6.840000152587891,7.184999942779541,278.3999938964844,6.699999809265137,7.050000190734863,280.29998779296875,6.699999809265137,7.170000076293945,28520.0,3974500,9317200
2016-05-23,215.18983459472656,6.920000076293945,5.555917263031006,281.5,6.920000076293945,7.117499828338623,286.1000061035156,6.980000019073486,7.21750020980835,280.0,6.820000171661377,7.077499866485596,281.8999938964844,6.849999904632568,7.152500152587891,13800.0,3060200,8022800
2016-05-24,219.08851623535156,6.940000057220459,5.600802421569824,286.6000061035156,6.940000057220459,7.175000190734863,288.20001220703125,6.96999979019165,7.239999771118164,281.5,6.840000152587891,7.037499904632568,282.70001220703125,6.860000133514404,7.097499847412109,17380.0,3067200,14090400
2016-05-25,217.71250915527344,7.159999847412109,5.801806449890137,284.79998779296875,7.159999847412109,7.432499885559082,287.5,7.170000076293945,7.460000038146973,282.5,6.949999809265137,7.167500019073486,286.3999938964844,6.960000038146973,7.192500114440918,19890.0,4175600,18447200
2016-05-26,218.09471130371094,7.170000076293945,5.850593090057373,285.29998779296875,7.170000076293945,7.494999885559082,288.8999938964844,7.210000038146973,7.605000019073486,284.5,7.099999904632568,7.472499847412109,284.8999938964844,7.139999866485596,7.497499942779541,13710.0,3137900,13702000
2016-05-27,222.60494995117188,7.230000019073486,5.620316028594971,291.20001220703125,7.230000019073486,7.199999809265137,291.6000061035156,7.289999961853027,7.232500076293945,285.0,7.119999885559082,6.912499904632568,285.0,7.119999885559082,7.010000228881836,14310.0,3009400,30238400
2016-05-31,219.70005798339844,7.269999980926514,5.678861618041992,287.3999938964844,7.269999980926514,7.275000095367432,292.79998779296875,7.320000171661377,7.337500095367432,286.0,7.139999866485596,7.15749979019165,292.1000061035156,7.190000057220459,7.222499847412109,14680.0,4592600,39743200
2016-06-01,221.1524658203125,7.25,5.6495890617370605,289.29998779296875,7.25,7.237500190734863,289.79998779296875,7.300000190734863,7.300000190734863,281.3999938964844,7.199999809265137,7.112500190734863,286.0,7.21999979019165,7.255000114440918,24360.0,3125600,14889200
2016-06-02,223.15386962890625,7.309999942779541,5.637880325317383,289.8999938964844,7.309999942779541,7.222499847412109,289.8999938964844,7.329999923706055,7.329999923706055,285.1000061035156,7.210000038146973,7.1875,286.8999938964844,7.210000038146973,7.244999885559082,23050.0,2450800,7872400
2016-06-03,219.9978485107422,7.260000228881836,5.587140083312988,285.79998779296875,7.260000228881836,7.15749979019165,289.79998779296875,7.340000152587891,7.262499809265137,283.5,7.159999847412109,7.077499866485596,289.79998779296875,7.300000190734863,7.239999771118164,13850.0,3379900,8838800
2016-06-06,216.99583435058594,7.400000095367432,5.628658771514893,281.8999938964844,7.400000095367432,7.117499828338623,287.0,7.429999828338623,7.150000095367432,281.29998779296875,7.260000228881836,7.010000228881836,286.8999938964844,7.269999980926514,7.067500114440918,15820.0,2778000,7820800
2016-06-07,214.8404541015625,7.429999828338623,5.626681804656982,279.1000061035156,7.429999828338623,7.114999771118164,281.0,7.46999979019165,7.197500228881836,278.8999938964844,7.369999885559082,7.099999904632568,280.70001220703125,7.369999885559082,7.122499942779541,18200.0,3000900,7284000
2016-06-08,214.7634735107422,7.420000076293945,5.581210136413574,279.0,7.420000076293945,7.057499885559082,281.0,7.489999771118164,7.15500020980835,277.79998779296875,7.380000114440918,7.045000076293945,280.5,7.429999828338623,7.117499828338623,15210.0,2775700,7681600
2016-06-09,214.14767456054688,7.349999904632568,5.391412258148193,278.20001220703125,7.349999904632568,6.817500114440918,278.5,7.380000114440918,7.067500114440918,274.8999938964844,7.260000228881836,6.787499904632568,277.3999938964844,7.380000114440918,7.017499923706055,10060.0,3525200,13588000
2016-06-10,207.373779296875,7.0,5.245111465454102,269.3999938964844,7.0,6.632500171661377,275.0,7.329999923706055,6.737500190734863,268.20001220703125,6.960000038146973,6.539999961853027,274.3999938964844,7.260000228881836,6.737500190734863,20040.0,5719200,18088400
2016-06-13,204.21768188476562,6.909999847412109,5.146259307861328,265.29998779296875,6.909999847412109,6.507500171661377,272.6000061035156,7.039999961853027,6.667500019073486,263.29998779296875,6.889999866485596,6.505000114440918,271.6000061035156,6.96999979019165,6.612500190734863,18210.0,2555900,9326800
2016-06-14,204.6026153564453,6.860000133514404,5.086946964263916,265.79998779296875,6.860000133514404,6.432499885559082,270.20001220703125,6.989999771118164,6.510000228881836,264.29998779296875,6.800000190734863,6.337500095367432,265.1000061035156,6.880000114440918,6.492499828338623,22280.0,2350300,12596000
2016-06-15,206.7579803466797,6.840000152587891,5.1660284996032715,268.6000061035156,6.840000152587891,6.53249979019165,270.0,6.96999979019165,6.605000019073486,264.3999938964844,6.829999923706055,6.402500152587891,266.20001220703125,6.869999885559082,6.425000190734863,12490.0,2496100,14506400
2016-06-16,209.60606384277344,6.909999847412109,5.12648868560791,272.29998779296875,6.909999847412109,6.482500076293945,274.70001220703125,6.920000076293945,6.545000076293945,266.6000061035156,6.670000076293945,6.432499885559082,274.6000061035156,6.730000019073486,6.514999866485596,18680.0,3027400,8923200
2016-06-17,208.2205047607422,7.010000228881836,5.16998291015625,270.5,7.010000228881836,6.537499904632568,277.79998779296875,7.070000171661377,6.650000095367432,269.70001220703125,6.900000095367432,6.445000171661377,273.1000061035156,6.900000095367432,6.494999885559082,21580.0,4110800,10379200
2016-06-20,210.9146728515625,7.059999942779541,5.219409942626953,274.0,7.059999942779541,6.599999904632568,277.20001220703125,7.190000057220459,6.704999923706055,274.0,7.039999961853027,6.587500095367432,274.79998779296875,7.110000133514404,6.612500190734863,10910.0,4664600,9122400
2016-06-21,208.60537719726562,7.050000190734863,5.108694553375244,271.0,7.050000190734863,6.460000038146973,276.0,7.130000114440918,6.612500190734863,266.79998779296875,7.03000020980835,6.427499771118164,273.70001220703125,7.079999923706055,6.59250020980835,8470.0,3859000,6278400
2016-06-22,207.2967987060547,6.739999771118164,5.1403279304504395,269.29998779296875,6.739999771118164,6.5,274.8999938964844,7.130000114440918,6.570000171661377,268.79998779296875,6.71999979019165,6.452499866485596,270.3999938964844,7.039999961853027,6.489999771118164,8700.0,8202600,7146800
2016-06-23,209.6830291748047,7.0,5.205570697784424,272.3999938964844,7.0,6.582499980926514,275.70001220703125,7.050000190734863,6.637499809265137,271.3999938964844,6.78000020980835,6.542500019073486,272.6000061035156,6.989999771118164,6.607500076293945,9380.0,10006000,6074000
2016-06-24,207.373779296875,6.670000076293945,5.009842395782471,269.3999938964844,6.670000076293945,6.335000038146973,269.70001220703125,6.820000171661377,6.432499885559082,262.5,6.619999885559082,6.315000057220459,263.5,6.650000095367432,6.320000171661377,30620.0,6313500,7372000
2016-06-27,200.29197692871094,6.289999961853027,5.041475772857666,260.20001220703125,6.289999961853027,6.375,265.8999938964844,6.599999904632568,6.492499828338623,257.5,6.230000019073486,6.295000076293945,265.8999938964844,6.559999942779541,6.327499866485596,24650.0,6200400,12242800
2016-06-28,204.0637969970703,6.480000019073486,5.15021276473999,265.1000061035156,6.480000019073486,6.512499809265137,266.79998779296875,6.519999980926514,6.545000076293945,262.29998779296875,6.360000133514404,6.40500020980835,263.8999938964844,6.400000095367432,6.457499980926514,28350.0,4464500,11523200
2016-06-29,211.06863403320312,6.639999866485596,5.221386909484863,274.20001220703125,6.639999866485596,6.602499961853027,275.29998779296875,6.670000076293945,6.742499828338623,267.0,6.5,6.59250020980835,267.0,6.5,6.617499828338623,15220.0,3547300,9941200
2016-06-30,212.53115844726562,6.710000038146973,5.2549967765808105,276.1000061035156,6.710000038146973,6.644999980926514,278.3999938964844,6.730000019073486,6.672500133514404,272.1000061035156,6.570000171661377,6.505000114440918,274.29998779296875,6.690000057220459,6.627500057220459,19650.0,2880100,7436800
2016-07-01,216.99583435058594,6.760000228881836,5.349895000457764,281.8999938964844,6.760000228881836,6.764999866485596,282.6000061035156,6.840000152587891,6.84499979019165,273.5,6.71999979019165,6.682499885559082,276.79998779296875,6.739999771118164,6.71999979019165,21210.0,2252400,10530400
2016-07-05,210.9916229248047,6.539999961853027,5.199638843536377,274.1000061035156,6.539999961853027,6.574999809265137,280.0,6.820000171661377,6.764999866485596,271.0,6.519999980926514,6.489999771118164,280.0,6.75,6.757500171661377,10810.0,3416900,8564400
2016-07-06,208.68238830566406,6.519999980926514,5.233248710632324,271.1000061035156,6.519999980926514,6.617499828338623,274.29998779296875,6.550000190734863,6.619999885559082,269.70001220703125,6.349999904632568,6.432499885559082,271.3999938964844,6.5,6.557499885559082,7500.0,3137800,9961200
2016-07-07,212.377197265625,6.5,5.205570697784424,275.8999938964844,6.5,6.582499980926514,276.70001220703125,6.630000114440918,6.757500171661377,272.1000061035156,6.460000038146973,6.547500133514404,272.1000061035156,6.53000020980835,6.630000114440918,7610.0,2980100,9082800
2016-07-08,212.377197265625,6.659999847412109,5.411183834075928,275.8999938964844,6.659999847412109,6.84250020980835,280.0,6.690000057220459,6.847499847412109,275.0,6.510000228881836,6.664999961853027,278.1000061035156,6.550000190734863,6.667500019073486,14330.0,3373500,8416400
2016-07-11,213.7627716064453,6.690000057220459,5.6247053146362305,277.70001220703125,6.690000057220459,7.112500190734863,278.29998779296875,6.769999980926514,7.197500228881836,275.29998779296875,6.650000095367432,7.012499809265137,275.70001220703125,6.659999847412109,7.027500152587891,21400.0,2946500,14266800
2016-07-12,229.3889617919922,6.760000228881836,5.682039260864258,298.0,6.760000228881836,7.184999942779541,302.70001220703125,6.809999942779541,7.242499828338623,280.0,6.699999809265137,7.125,284.79998779296875,6.730000019073486,7.179999828338623,39760.0,2744400,12093200
2016-07-13,235.7779998779297,6.690000057220459,5.703786373138428,306.29998779296875,6.690000057220459,7.212500095367432,309.1000061035156,6.800000190734863,7.300000190734863,296.79998779296875,6.639999866485596,7.170000076293945,298.8999938964844,6.769999980926514,7.210000038146973,38670.0,2724400,11811200
2016-07-14,235.5470428466797,6.690000057220459,5.658315181732178,306.0,6.690000057220459,7.15500020980835,314.20001220703125,6.78000020980835,7.275000095367432,302.79998779296875,6.630000114440918,7.114999771118164,308.5,6.75,7.237500190734863,32530.0,2560300,7988400
2016-07-15,235.7779998779297,6.650000095367432,5.5337605476379395,306.29998779296875,6.650000095367432,6.997499942779541,308.3999938964844,6.710000038146973,7.199999809265137,300.0,6.570000171661377,6.994999885559082,307.5,6.690000057220459,7.199999809265137,19800.0,3923800,9874000
2016-07-18,235.23916625976562,6.730000019073486,5.968711853027344,305.6000061035156,6.730000019073486,7.547500133514404,306.6000061035156,6.760000228881836,7.599999904632568,300.79998779296875,6.599999904632568,6.96750020980835,306.0,6.670000076293945,7.0,21500.0,2522700,31168800
2016-07-19,234.70030212402344,6.670000076293945,5.968711853027344,304.8999938964844,6.670000076293945,7.547500133514404,306.5,6.71999979019165,7.824999809265137,301.0,6.590000152587891,7.502500057220459,303.6000061035156,6.71999979019165,7.71750020980835,24020.0,3752800,17436800
2016-07-20,231.3903350830078,6.760000228881836,6.152576923370361,300.6000061035156,6.760000228881836,7.78000020980835,305.20001220703125,6.769999980926514,7.829999923706055,300.3999938964844,6.639999866485596,7.510000228881836,304.29998779296875,6.699999809265137,7.527500152587891,15940.0,6245600,15084400
2016-07-21,231.5442657470703,6.840000152587891,6.130828857421875,300.79998779296875,6.840000152587891,7.752500057220459,304.20001220703125,6.900000095367432,7.962500095367432,298.20001220703125,6.739999771118164,7.737500190734863,298.8999938964844,6.739999771118164,7.787499904632568,17610.0,5269500,17460400
2016-07-22,235.5470428466797,6.880000114440918,6.091288089752197,306.0,6.880000114440918,7.702499866485596,306.79998779296875,6.909999847412109,7.797500133514404,298.8999938964844,6.829999923706055,7.662499904632568,300.79998779296875,6.829999923706055,7.75,27360.0,2355300,10361600
2016-07-25,230.3126983642578,7.079999923706055,6.105127811431885,299.20001220703125,7.079999923706055,7.71999979019165,305.1000061035156,7.079999923706055,7.739999771118164,294.8999938964844,6.880000114440918,7.512499809265137,305.1000061035156,6.889999866485596,7.630000114440918,92290.0,5322900,9008800
2016-07-26,230.46661376953125,7.230000019073486,6.178278923034668,299.3999938964844,7.230000019073486,7.8125,301.0,7.300000190734863,7.824999809265137,297.5,7.050000190734863,7.610000133514404,300.0,7.050000190734863,7.704999923706055,32220.0,6293900,10084400
2016-07-27,225.2322540283203,7.579999923706055,6.192117691040039,292.6000061035156,7.579999923706055,7.829999923706055,300.1000061035156,7.579999923706055,7.894999980926514,285.8999938964844,7.269999980926514,7.775000095367432,298.70001220703125,7.269999980926514,7.855000019073486,39700.0,7812700,8732800
2016-07-28,227.31057739257812,7.619999885559082,6.16246223449707,295.29998779296875,7.619999885559082,7.792500019073486,295.5,7.739999771118164,7.832499980926514,289.20001220703125,7.5,7.697500228881836,291.0,7.53000020980835,7.800000190734863,33930.0,6759700,5687600
2016-07-29,226.46389770507812,7.599999904632568,6.118967533111572,294.20001220703125,7.599999904632568,7.737500190734863,299.1000061035156,7.699999809265137,7.8125,291.29998779296875,7.5,7.639999866485596,294.6000061035156,7.639999866485596,7.8125,39630.0,4968000,6389200
2016-08-01,219.07412719726562,7.909999847412109,6.000344276428223,284.6000061035156,7.909999847412109,7.587500095367432,290.5,7.920000076293945,7.747499942779541,273.6000061035156,7.570000171661377,7.545000076293945,275.0,7.579999923706055,7.742499828338623,73300.0,6286000,11550400
2016-08-02,214.22462463378906,7.710000038146973,5.7808918952941895,278.29998779296875,7.710000038146973,7.309999942779541,285.1000061035156,7.920000076293945,7.65500020980835,278.1000061035156,7.659999847412109,7.304999828338623,285.1000061035156,7.860000133514404,7.639999866485596,31430.0,6801900,13682800
2016-08-03,217.30364990234375,7.78000020980835,5.859972953796387,282.29998779296875,7.78000020980835,7.409999847412109,282.6000061035156,7.789999961853027,7.457499980926514,274.3999938964844,7.639999866485596,7.142499923706055,278.29998779296875,7.670000076293945,7.260000228881836,38610.0,6087800,9440400
2016-08-04,220.61366271972656,7.760000228881836,5.863927364349365,286.6000061035156,7.760000228881836,7.414999961853027,292.70001220703125,7.860000133514404,7.5,281.6000061035156,7.730000019073486,7.357500076293945,282.1000061035156,7.75,7.385000228881836,69690.0,2813200,4826400
2016-08-05,223.46182250976562,7.75,5.939055919647217,290.29998779296875,7.75,7.510000228881836,290.6000061035156,7.820000171661377,7.647500038146973,286.8999938964844,7.619999885559082,7.452499866485596,289.6000061035156,7.659999847412109,7.472499847412109,48200.0,2906700,10449200
2016-08-08,222.6150360107422,7.809999942779541,5.8896307945251465,289.20001220703125,7.809999942779541,7.447500228881836,292.1000061035156,7.829999923706055,7.597499847412109,285.1000061035156,7.699999809265137,7.409999847412109,290.0,7.75,7.534999847412109,35970.0,3420100,8176400
2016-08-09,222.2301483154297,7.760000228881836,5.857996463775635,288.70001220703125,7.760000228881836,7.40749979019165,290.3999938964844,7.849999904632568,7.554999828338623,286.20001220703125,7.75,7.375,290.3999938964844,7.829999923706055,7.440000057220459,37150.0,3157900,8990400
2016-08-10,226.3099365234375,7.829999923706055,5.960803031921387,294.0,7.829999923706055,7.537499904632568,294.5,7.849999904632568,7.557499885559082,286.8999938964844,7.75,7.400000095367432,289.20001220703125,7.789999961853027,7.400000095367432,49050.0,4351800,7001200
2016-08-11,228.23431396484375,7.880000114440918,6.150600433349609,296.5,7.880000114440918,7.777500152587891,296.6000061035156,7.960000038146973,7.792500019073486,290.70001220703125,7.820000171661377,7.607500076293945,294.0,7.829999923706055,7.632500171661377,27620.0,2778200,9911200
2016-08-12,229.3889617919922,8.079999923706055,6.198049068450928,298.0,8.079999923706055,7.837500095367432,298.1000061035156,8.220000267028809,7.932499885559082,294.29998779296875,8.0,7.704999923706055,296.20001220703125,8.0600004196167,7.75,26540.0,10475600,8584000
2016-08-15,228.69618225097656,8.170000076293945,6.273176670074463,297.1000061035156,8.170000076293945,7.932499885559082,299.29998779296875,8.260000228881836,8.020000457763672,295.0,8.130000114440918,7.827499866485596,298.79998779296875,8.149999618530273,7.827499866485596,53110.0,5322200,5720400
2016-08-16,229.00405883789062,8.229999542236328,6.16246223449707,297.5,8.229999542236328,7.792500019073486,298.5,8.300000190734863,7.987500190734863,295.0,8.130000114440918,7.789999961853027,295.29998779296875,8.170000076293945,7.914999961853027,24130.0,3243400,6347600
2016-08-17,228.311279296875,8.229999542236328,6.093264579772949,296.6000061035156,8.229999542236328,7.704999923706055,298.20001220703125,8.289999961853027,7.735000133514404,294.79998779296875,8.180000305175781,7.625,297.29998779296875,8.199999809265137,7.71750020980835,15040.0,3294900,7049600
2016-08-18,231.62127685546875,8.15999984741211,6.16246223449707,300.8999938964844,8.15999984741211,7.792500019073486,301.20001220703125,8.270000457763672,7.797500133514404,295.70001220703125,8.130000114440918,7.642499923706055,295.79998779296875,8.270000457763672,7.732500076293945,25800.0,5724400,6320400
2016-08-19,230.23570251464844,8.029999732971191,6.271200180053711,299.1000061035156,8.029999732971191,7.929999828338623,302.79998779296875,8.15999984741211,7.980000019073486,297.20001220703125,7.989999771118164,7.722499847412109,300.5,8.15999984741211,7.764999866485596,16680.0,2542700,8659200
2016-08-22,228.311279296875,8.020000457763672,6.219796657562256,296.6000061035156,8.020000457763672,7.864999771118164,296.70001220703125,8.039999961853027,8.024999618530273,290.5,7.920000076293945,7.815000057220459,290.5,7.980000019073486,8.0,26080.0,2990700,6687600
2016-08-23,229.00405883789062,8.0,6.344350814819336,297.5,8.0,8.022500038146973,301.6000061035156,8.119999885559082,8.167499542236328,295.8999938964844,7.940000057220459,7.957499980926514,296.70001220703125,7.940000057220459,8.007499694824219,19340.0,1928800,11361200
2016-08-24,231.69827270507812,7.940000057220459,6.269222736358643,301.0,7.940000057220459,7.927499771118164,301.1000061035156,8.029999732971191,8.102499961853027,297.70001220703125,7.849999904632568,7.90500020980835,300.20001220703125,8.029999732971191,8.032500267028809,28530.0,3688800,10861600
2016-08-25,232.16009521484375,7.980000019073486,6.358190536499023,301.6000061035156,7.980000019073486,8.039999961853027,302.0,8.020000457763672,8.0625,299.5,7.840000152587891,7.820000171661377,300.1000061035156,7.849999904632568,7.917500019073486,14840.0,2776700,24669200
2016-08-26,228.08030700683594,7.96999979019165,5.682039260864258,296.29998779296875,7.96999979019165,7.184999942779541,303.79998779296875,8.09000015258789,7.627500057220459,295.6000061035156,7.900000095367432,7.172500133514404,301.8999938964844,7.929999828338623,7.554999828338623,10040.0,2429200,57973600
2016-08-29,229.31195068359375,7.920000076293945,5.727511405944824,297.8999938964844,7.920000076293945,7.242499828338623,299.3999938964844,8.039999961853027,7.242499828338623,295.0,7.900000095367432,7.085000038146973,297.1000061035156,7.960000038146973,7.1875,14750.0,2091000,17622400
2016-08-30,229.54295349121094,7.869999885559082,5.632612705230713,298.20001220703125,7.869999885559082,7.122499942779541,298.8999938964844,8.0,7.239999771118164,297.1000061035156,7.829999923706055,7.067500114440918,297.3999938964844,7.889999866485596,7.222499847412109,10920.0,3011700,11436400
2016-08-31,234.08453369140625,7.590000152587891,5.612842559814453,304.1000061035156,7.590000152587891,7.097499847412109,304.3999938964844,7.840000152587891,7.237500190734863,297.0,7.579999923706055,7.077499866485596,297.0,7.840000152587891,7.119999885559082,28470.0,4109100,11312000
2016-09-01,236.40907287597656,7.610000133514404,5.541668891906738,305.1000061035156,7.610000133514404,7.007500171661377,305.1000061035156,7.659999847412109,7.144999980926514,300.3999938964844,7.550000190734863,6.992499828338623,302.8999938964844,7.590000152587891,7.117499828338623,22960.0,2032100,8379200
2016-09-02,236.33155822753906,7.699999809265137,5.612842559814453,305.0,7.699999809265137,7.097499847412109,307.0,7.769999980926514,7.119999885559082,303.6000061035156,7.619999885559082,7.010000228881836,306.20001220703125,7.659999847412109,7.052499771118164,11730.0,1894100,6760400
2016-09-06,236.5640411376953,7.690000057220459,5.608888149261475,305.29998779296875,7.690000057220459,7.09250020980835,305.5,7.769999980926514,7.167500019073486,301.79998779296875,7.639999866485596,7.0625,304.8999938964844,7.730000019073486,7.09499979019165,21920.0,1548200,7776400
2016-09-07,240.12835693359375,7.679999828338623,5.634929656982422,309.8999938964844,7.679999828338623,7.03249979019165,310.1000061035156,7.75,7.057499885559082,303.20001220703125,7.619999885559082,6.972499847412109,304.0,7.710000038146973,7.007500171661377,25280.0,2138000,6064400
2016-09-08,238.88861083984375,7.630000114440918,5.564818859100342,308.29998779296875,7.630000114440918,6.945000171661377,312.6000061035156,7.75,7.027500152587891,307.0,7.579999923706055,6.9375,310.6000061035156,7.619999885559082,6.992499828338623,18060.0,2895500,6915200
2016-09-09,234.78182983398438,7.570000171661377,5.4446282386779785,303.0,7.570000171661377,6.795000076293945,306.79998779296875,7.639999866485596,7.007500171661377,302.29998779296875,7.440000057220459,6.792500019073486,305.1000061035156,7.590000152587891,6.985000133514404,24070.0,5149700,9941600
2016-09-12,240.2058563232422,7.599999904632568,5.416584014892578,310.0,7.599999904632568,6.760000228881836,310.5,7.630000114440918,6.84499979019165,300.6000061035156,7.449999809265137,6.712500095367432,301.29998779296875,7.550000190734863,6.84499979019165,23500.0,3003200,14428000
2016-09-13,239.81842041015625,7.260000228881836,5.406567573547363,309.5,7.260000228881836,6.747499942779541,310.5,7.630000114440918,6.847499847412109,303.5,7.239999771118164,6.702499866485596,308.70001220703125,7.590000152587891,6.737500190734863,23030.0,4814600,11301600
2016-09-14,240.2058563232422,7.21999979019165,5.414581298828125,310.0,7.21999979019165,6.757500171661377,312.0,7.329999923706055,6.90749979019165,306.1000061035156,7.170000076293945,6.735000133514404,309.8999938964844,7.230000019073486,6.90749979019165,23000.0,2764600,7417200
2016-09-15,244.9324951171875,7.239999771118164,5.4586501121521,316.1000061035156,7.239999771118164,6.8125,316.70001220703125,7.28000020980835,6.817500114440918,309.29998779296875,7.150000095367432,6.672500133514404,310.79998779296875,7.199999809265137,6.71999979019165,14610.0,2714100,8842000
2016-09-16,247.25709533691406,7.210000038146973,5.426599979400635,319.1000061035156,7.210000038146973,6.772500038146973,319.6000061035156,7.289999961853027,6.815000057220459,313.5,7.159999847412109,6.724999904632568,316.20001220703125,7.179999828338623,6.802499771118164,39130.0,2843300,7688000
2016-09-19,246.7146759033203,7.349999904632568,5.588857173919678,318.3999938964844,7.349999904632568,6.974999904632568,320.0,7.46999979019165,7.045000076293945,316.79998779296875,7.28000020980835,6.847499847412109,320.0,7.289999961853027,6.847499847412109,27800.0,2872600,13399200
2016-09-20,246.17230224609375,7.550000190734863,5.552799224853516,317.70001220703125,7.550000190734863,6.929999828338623,322.79998779296875,7.579999923706055,7.045000076293945,316.0,7.329999923706055,6.90749979019165,320.0,7.389999866485596,7.019999980926514,23850.0,3708500,7460400
2016-09-21,244.08013916015625,7.769999980926514,5.634929656982422,315.0,7.769999980926514,7.03249979019165,319.8999938964844,7.789999961853027,7.039999961853027,312.5,7.579999923706055,6.927499771118164,318.1000061035156,7.579999923706055,6.947500228881836,21780.0,3714900,6654800
2016-09-22,245.31996154785156,7.889999866485596,5.6629743576049805,316.6000061035156,7.889999866485596,7.067500114440918,319.5,7.920000076293945,7.112500190734863,315.0,7.78000020980835,6.972499847412109,317.8999938964844,7.860000133514404,7.072500228881836,15890.0,3533100,7161200
2016-09-23,242.76287841796875,7.909999847412109,5.646949291229248,313.29998779296875,7.909999847412109,7.047500133514404,317.8999938964844,8.020000457763672,7.144999980926514,313.29998779296875,7.860000133514404,7.047500133514404,314.79998779296875,7.860000133514404,7.059999942779541,18640.0,2522800,5480800
2016-09-26,237.33892822265625,7.820000171661377,5.536774635314941,306.29998779296875,7.820000171661377,6.909999847412109,314.6000061035156,7.96999979019165,7.050000190734863,305.8999938964844,7.769999980926514,6.909999847412109,310.70001220703125,7.869999885559082,7.027500152587891,23380.0,4531100,4299600
2016-09-27,242.68540954589844,7.880000114440918,5.494707107543945,313.20001220703125,7.880000114440918,6.857500076293945,313.6000061035156,7.940000057220459,6.940000057220459,305.70001220703125,7.800000190734863,6.817500114440918,307.20001220703125,7.829999923706055,6.912499904632568,36540.0,4510200,5772000
2016-09-28,242.60797119140625,8.329999923706055,5.506726264953613,313.1000061035156,8.329999923706055,6.872499942779541,315.0,8.460000038146973,6.965000152587891,310.1000061035156,8.0600004196167,6.800000190734863,314.5,8.15999984741211,6.862500190734863,15340.0,23407300,4665600
2016-09-29,238.65618896484375,7.940000057220459,5.436614990234375,308.0,7.940000057220459,6.784999847412109,315.3999938964844,8.359999656677246,6.914999961853027,307.79998779296875,7.880000114440918,6.78249979019165,313.79998779296875,8.270000457763672,6.875,14490.0,11351200,7032400
2016-09-30,240.9032440185547,7.980000019073486,5.526758670806885,310.8999938964844,7.980000019073486,6.897500038146973,313.0,8.050000190734863,6.925000190734863,306.8999938964844,7.880000114440918,6.8125,308.3999938964844,7.96999979019165,6.84499979019165,18140.0,5706100,7155200
2016-10-03,249.65916442871094,7.849999904632568,5.564818859100342,322.20001220703125,7.849999904632568,6.945000171661377,322.20001220703125,8.020000457763672,6.965000152587891,313.20001220703125,7.840000152587891,6.862500190734863,318.5,7.940000057220459,6.897500038146973,25560.0,3971200,6501600
2016-10-04,245.0874481201172,7.659999847412109,5.434612274169922,316.29998779296875,7.659999847412109,6.78249979019165,323.79998779296875,7.880000114440918,6.960000038146973,311.1000061035156,7.630000114440918,6.757500171661377,323.79998779296875,7.760000228881836,6.945000171661377,33010.0,4476300,9382800
2016-10-05,247.489501953125,7.659999847412109,5.448634624481201,319.3999938964844,7.659999847412109,6.800000190734863,321.0,7.730000019073486,6.869999885559082,316.29998779296875,7.630000114440918,6.737500190734863,318.1000061035156,7.699999809265137,6.817500114440918,18050.0,3120000,7764400
2016-10-06,251.51882934570312,7.940000057220459,5.3444695472717285,324.6000061035156,7.940000057220459,6.670000076293945,326.5,8.010000228881836,6.775000095367432,318.70001220703125,7.650000095367432,6.574999809265137,320.0,7.710000038146973,6.769999980926514,21400.0,6948100,14990000
2016-10-07,249.81411743164062,7.860000133514404,5.3444695472717285,322.3999938964844,7.860000133514404,6.670000076293945,328.29998779296875,7.980000019073486,6.732500076293945,321.3999938964844,7.800000190734863,6.617499828338623,326.1000061035156,7.920000076293945,6.699999809265137,21990.0,2594800,8581600
2016-10-10,250.2790069580078,7.889999866485596,5.37451696395874,323.0,7.889999866485596,6.707499980926514,327.0,7.920000076293945,6.784999847412109,320.5,7.760000228881836,6.662499904632568,321.0,7.909999847412109,6.710000038146973,20660.0,2323400,6398400
2016-10-11,244.08013916015625,7.670000076293945,5.218268871307373,315.0,7.670000076293945,6.512499809265137,325.0,7.889999866485596,6.715000152587891,314.5,7.650000095367432,6.502500057220459,323.5,7.869999885559082,6.704999923706055,20520.0,3714100,8568800
2016-10-12,247.1796112060547,7.599999904632568,5.232292175292969,319.0,7.599999904632568,6.53000020980835,321.0,7.730000019073486,6.614999771118164,315.5,7.579999923706055,6.5,316.0,7.639999866485596,6.534999847412109,19270.0,11443200,9787200
2016-10-13,242.91790771484375,7.46999979019165,5.102085113525391,313.5,7.46999979019165,6.367499828338623,317.0,7.559999942779541,6.534999847412109,313.0,7.409999847412109,6.337500095367432,315.5,7.5,6.5,19700.0,2911600,10721200
2016-10-14,246.01731872558594,7.489999771118164,5.084057331085205,317.5,7.489999771118164,6.34499979019165,319.5,7.670000076293945,6.422500133514404,314.5,7.440000057220459,6.277500152587891,315.5,7.670000076293945,6.394999980926514,17110.0,2597000,12544400
2016-10-17,244.46759033203125,7.369999885559082,4.947841644287109,315.5,7.369999885559082,6.175000190734863,317.5,7.550000190734863,6.392499923706055,314.5,7.340000152587891,6.162499904632568,316.0,7.510000228881836,6.329999923706055,11470.0,2670600,21926000
2016-10-18,244.85498046875,7.420000076293945,4.971879482269287,316.0,7.420000076293945,6.204999923706055,320.0,7.489999771118164,6.277500152587891,315.5,7.369999885559082,6.195000171661377,319.0,7.440000057220459,6.242499828338623,9380.0,1746300,8277600
2016-10-19,244.46759033203125,7.460000038146973,5.007936000823975,315.5,7.460000038146973,6.25,318.0,7.550000190734863,6.252500057220459,313.5,7.389999866485596,6.112500190734863,318.0,7.429999828338623,6.21999979019165,14630.0,2124600,9329600
2016-10-20,244.85498046875,7.480000019073486,5.029971122741699,316.0,7.480000019073486,6.277500152587891,317.5,7.480000019073486,6.300000190734863,314.0,7.369999885559082,6.227499961853027,317.0,7.400000095367432,6.237500190734863,18440.0,1766900,9061600
2016-10-21,246.40475463867188,7.369999885559082,5.009939193725586,318.0,7.369999885559082,6.252500057220459,319.29998779296875,7.480000019073486,6.272500038146973,313.0,7.369999885559082,6.179999828338623,315.0,7.429999828338623,6.272500038146973,20840.0,2214900,7012800
2016-10-24,248.7292938232422,7.349999904632568,5.035980224609375,321.0,7.349999904632568,6.284999847412109,322.5,7.480000019073486,6.34250020980835,316.79998779296875,7.320000171661377,6.212500095367432,322.0,7.380000114440918,6.34250020980835,22060.0,2080300,7494000
2016-10-25,244.85498046875,7.269999980926514,4.95785665512085,316.0,7.269999980926514,6.1875,322.0,7.409999847412109,6.287499904632568,314.5,7.260000228881836,6.162499904632568,321.5,7.409999847412109,6.255000114440918,21820.0,2635800,7639600
2016-10-26,245.6298828125,7.260000228881836,4.961863040924072,317.0,7.260000228881836,6.192500114440918,321.5,7.369999885559082,6.297500133514404,313.5,7.210000038146973,6.087500095367432,313.5,7.28000020980835,6.182499885559082,26460.0,3072400,13295600
2016-10-27,243.69277954101562,7.139999866485596,4.805614948272705,314.5,7.139999866485596,5.997499942779541,319.0,7.28000020980835,6.227499961853027,310.5,7.139999866485596,5.972499847412109,319.0,7.269999980926514,6.210000038146973,17570.0,2977000,10813600
2016-10-28,242.91790771484375,7.090000152587891,4.787586688995361,313.5,7.090000152587891,5.974999904632568,317.79998779296875,7.269999980926514,6.054999828338623,311.0,7.079999923706055,5.922500133514404,314.0,7.110000133514404,5.997499942779541,21090.0,3730400,7484400
2016-10-31,243.69277954101562,7.050000190734863,4.8176350593566895,314.5,7.050000190734863,6.012499809265137,315.5,7.110000133514404,6.045000076293945,311.5,7.0,5.940000057220459,312.5,7.079999923706055,5.987500190734863,21030.0,2355100,8604800
2016-11-01,237.8813018798828,7.070000171661377,4.719478130340576,307.0,7.070000171661377,5.889999866485596,316.0,7.25,6.002500057220459,305.0,6.980000019073486,5.829999923706055,316.0,7.199999809265137,6.002500057220459,22320.0,4206800,9996800
2016-11-02,237.10646057128906,7.019999980926514,4.192643642425537,306.0,7.019999980926514,5.232500076293945,308.5,7.150000095367432,5.385000228881836,304.0,7.0,5.025000095367432,307.0,7.039999961853027,5.147500038146973,23650.0,2870900,54613200
2016-11-03,238.65618896484375,7.0,4.17261266708374,308.0,7.0,5.207499980926514,309.5,7.070000171661377,5.230000019073486,304.5,6.949999809265137,5.130000114440918,304.5,7.050000190734863,5.192500114440918,22310.0,2235300,22239600
2016-11-04,242.5304412841797,6.96999979019165,4.152581691741943,313.0,6.96999979019165,5.182499885559082,318.0,7.070000171661377,5.304999828338623,309.5,6.949999809265137,5.152500152587891,309.5,6.989999771118164,5.197500228881836,25000.0,2120800,12305600
2016-11-07,248.7292938232422,7.059999942779541,4.25474214553833,321.0,7.059999942779541,5.309999942779541,322.5,7.150000095367432,5.382500171661377,313.0,7.019999980926514,5.1875,315.5,7.059999942779541,5.25,20260.0,2212300,11527200
2016-11-08,249.89158630371094,7.110000133514404,4.188637733459473,322.5,7.110000133514404,5.227499961853027,329.0,7.119999885559082,5.3125,316.0,6.980000019073486,5.215000152587891,323.5,7.070000171661377,5.284999847412109,40000.0,2113800,7536000
2016-11-09,258.80242919921875,7.150000095367432,4.312834739685059,334.0,7.150000095367432,5.382500171661377,339.5,7.170000076293945,5.402500152587891,316.5,6.929999828338623,5.125,316.5,6.929999828338623,5.147500038146973,45150.0,4343300,6962000
2016-11-10,258.80242919921875,7.170000076293945,4.380943298339844,334.0,7.170000076293945,5.46750020980835,341.5,7.21999979019165,5.630000114440918,331.0,6.989999771118164,5.427499771118164,338.5,7.090000152587891,5.440000057220459,30880.0,4420400,10095200
2016-11-11,267.3258972167969,7.269999980926514,4.471085071563721,345.0,7.269999980926514,5.579999923706055,347.0,7.28000020980835,5.59250020980835,334.79998779296875,7.070000171661377,5.375,336.5,7.139999866485596,5.452499866485596,63560.0,3203700,8789600
2016-11-14,267.3258972167969,7.300000190734863,4.6052985191345215,345.0,7.300000190734863,5.747499942779541,349.5,7.429999828338623,5.822500228881836,343.5,7.230000019073486,5.599999904632568,348.5,7.309999942779541,5.610000133514404,31290.0,6452500,8301600
2016-11-15,267.7132873535156,7.519999980926514,4.537190914154053,345.5,7.519999980926514,5.662499904632568,347.29998779296875,7.53000020980835,5.747499942779541,342.5,7.289999961853027,5.547500133514404,343.5,7.340000152587891,5.732500076293945,40950.0,4000300,8867200
2016-11-16,267.3258972167969,7.559999942779541,4.619320392608643,345.0,7.559999942779541,5.764999866485596,347.0,7.829999923706055,5.795000076293945,341.5,7.46999979019165,5.610000133514404,343.0,7.480000019073486,5.632500171661377,50410.0,8154100,6833200
2016-11-17,275.074462890625,7.489999771118164,4.6994476318359375,355.0,7.489999771118164,5.864999771118164,356.5,7.590000152587891,5.875,343.5,7.420000076293945,5.752500057220459,347.0,7.570000171661377,5.827499866485596,41110.0,3036900,4574000
2016-11-18,271.58758544921875,7.570000171661377,4.6994476318359375,350.5,7.570000171661377,5.864999771118164,353.0,7.590000152587891,5.885000228881836,347.5,7.449999809265137,5.757500171661377,352.0,7.449999809265137,5.84250020980835,27810.0,3391400,6716000
2016-11-21,269.2630310058594,7.590000152587891,4.6994476318359375,347.5,7.590000152587891,5.864999771118164,353.5,7.679999828338623,5.892499923706055,345.5,7.519999980926514,5.789999961853027,352.0,7.579999923706055,5.882500171661377,31590.0,6259300,8942000
2016-11-22,268.8756408691406,7.599999904632568,4.829653739929199,347.0,7.599999904632568,6.027500152587891,350.5,7.619999885559082,6.052499771118164,346.5,7.5,5.900000095367432,350.0,7.570000171661377,5.922500133514404,28450.0,7049700,14966800
2016-11-23,270.42535400390625,7.46999979019165,5.220272541046143,349.0,7.46999979019165,6.514999866485596,350.5,7.599999904632568,6.602499961853027,346.0,7.46999979019165,6.159999847412109,348.0,7.53000020980835,6.195000171661377,23110.0,3371600,37507200
2016-11-25,270.8127746582031,7.489999771118164,5.172196865081787,349.5,7.489999771118164,6.454999923706055,350.5,7.559999942779541,6.622499942779541,348.0,7.440000057220459,6.445000171661377,350.5,7.449999809265137,6.534999847412109,18810.0,2293500,9253200
2016-11-28,262.6767578125,7.460000038146973,5.037983417510986,339.0,7.460000038146973,6.287499904632568,350.79998779296875,7.519999980926514,6.5,338.5,7.420000076293945,6.190000057220459,350.0,7.5,6.5,19270.0,3190200,11262800
2016-11-29,267.7132873535156,7.440000057220459,4.979024410247803,345.5,7.440000057220459,6.122499942779541,346.29998779296875,7.510000228881836,6.257500171661377,339.5,7.360000133514404,6.087500095367432,339.5,7.429999828338623,6.212500095367432,46380.0,4125800,9284400
2016-11-30,263.06414794921875,7.710000038146973,5.019685745239258,339.5,7.710000038146973,6.172500133514404,348.0,7.739999771118164,6.210000038146973,338.5,7.440000057220459,6.0625,348.0,7.5,6.114999771118164,27710.0,6558900,12769200
2016-12-01,261.1155700683594,7.519999980926514,5.009520530700684,335.0,7.519999980926514,6.159999847412109,342.5,7.769999980926514,6.255000114440918,332.5,7.480000019073486,6.112500190734863,340.0,7.75,6.164999961853027,52330.0,6980800,5762800
2016-12-02,251.37242126464844,7.590000152587891,4.934296607971191,322.5,7.590000152587891,6.067500114440918,336.0,7.610000133514404,6.207499980926514,319.5,7.489999771118164,6.03249979019165,335.5,7.550000190734863,6.152500152587891,52860.0,4588400,6291200
2016-12-05,257.9977722167969,7.619999885559082,4.985124588012695,331.0,7.619999885559082,6.130000114440918,333.5,7.679999828338623,6.21999979019165,323.5,7.550000190734863,6.067500114440918,325.0,7.599999904632568,6.110000133514404,23550.0,3343100,9341200
2016-12-06,263.4538879394531,7.570000171661377,5.060347080230713,338.0,7.570000171661377,6.222499847412109,341.0,7.639999866485596,6.232500076293945,327.5,7.519999980926514,6.147500038146973,328.0,7.630000114440918,6.162499904632568,37650.0,2068400,6032000
2016-12-07,254.49020385742188,7.630000114440918,5.27382230758667,326.5,7.630000114440918,6.485000133514404,338.5,7.650000095367432,6.527500152587891,326.0,7.53000020980835,6.289999961853027,338.5,7.559999942779541,6.292500019073486,78760.0,1974500,11197200
2016-12-08,250.20326232910156,7.829999923706055,5.279921054840088,321.0,7.829999923706055,6.492499828338623,331.5,7.929999828338623,6.545000076293945,319.0,7.639999866485596,6.385000228881836,328.5,7.679999828338623,6.5,95610.0,5326200,12400800
2016-12-09,254.10052490234375,7.809999942779541,5.290085792541504,326.0,7.809999942779541,6.505000114440918,326.5,7.929999828338623,6.582499980926514,319.5,7.760000228881836,6.442500114440918,321.5,7.889999866485596,6.474999904632568,54520.0,3247200,9806800
2016-12-12,252.15187072753906,7.760000228881836,5.3714094161987305,323.5,7.760000228881836,6.605000019073486,327.0,7.869999885559082,6.617499828338623,320.0,7.739999771118164,6.442500114440918,324.0,7.789999961853027,6.514999866485596,53640.0,2806100,8584800
2016-12-13,249.42379760742188,7.829999923706055,5.365310192108154,320.0,7.829999923706055,6.597499847412109,325.0,7.929999828338623,6.712500095367432,319.0,7.789999961853027,6.582499980926514,322.5,7.789999961853027,6.627500057220459,40820.0,4457100,9597200
2016-12-14,247.47520446777344,7.699999809265137,5.139638423919678,317.5,7.699999809265137,6.320000171661377,321.5,7.889999866485596,6.605000019073486,315.0,7.679999828338623,6.297500133514404,318.5,7.809999942779541,6.585000038146973,39100.0,4406000,9493200
2016-12-15,249.42379760742188,7.630000114440918,5.151836395263672,320.0,7.630000114440918,6.335000038146973,323.0,7.739999771118164,6.427499771118164,316.0,7.559999942779541,6.275000095367432,317.5,7.639999866485596,6.317500114440918,43210.0,6048000,7859200
2016-12-16,248.6443634033203,7.579999923706055,5.1681013107299805,319.0,7.579999923706055,6.355000019073486,323.5,7.679999828338623,6.420000076293945,317.0,7.539999961853027,6.322500228881836,319.5,7.679999828338623,6.337500095367432,51160.0,4646000,13533200
2016-12-19,258.7771911621094,7.710000038146973,5.265689373016357,332.0,7.710000038146973,6.474999904632568,333.0,7.840000152587891,6.477499961853027,319.0,7.559999942779541,6.352499961853027,322.0,7.559999942779541,6.352499961853027,47700.0,8570700,5266800
2016-12-20,260.725830078125,7.5,5.310417652130127,334.5,7.5,6.53000020980835,337.0,8.050000190734863,6.539999961853027,330.5,7.480000019073486,6.460000038146973,333.0,7.840000152587891,6.465000152587891,71380.0,17447800,4126800
2016-12-21,270.46893310546875,7.300000190734863,5.365310192108154,347.0,7.300000190734863,6.597499847412109,350.0,7.550000190734863,6.635000228881836,333.5,7.269999980926514,6.462500095367432,337.0,7.519999980926514,6.517499923706055,81660.0,7350800,7517600
2016-12-22,273.5867004394531,7.170000076293945,5.094910144805908,351.0,7.170000076293945,6.264999866485596,351.29998779296875,7.300000190734863,6.59250020980835,345.5,6.96999979019165,6.260000228881836,346.0,7.269999980926514,6.59250020980835,88110.0,14925000,9186000
2016-12-23,275.1456298828125,7.019999980926514,5.166067600250244,353.0,7.019999980926514,6.352499961853027,353.0,7.190000057220459,6.502500057220459,346.0,7.010000228881836,6.329999923706055,350.0,7.099999904632568,6.389999866485596,48970.0,8968400,7910400
2016-12-27,276.3148193359375,7.079999923706055,5.27585506439209,354.5,7.079999923706055,6.487500190734863,355.0,7.190000057220459,6.5,352.0,7.039999961853027,6.349999904632568,354.5,7.079999923706055,6.352499961853027,34830.0,9803900,6384400
2016-12-28,269.2997741699219,7.0,5.137604713439941,345.5,7.0,6.317500114440918,355.0,7.119999885559082,6.487500190734863,345.0,6.96999979019165,6.269999980926514,354.5,7.070000171661377,6.447500228881836,51140.0,8734300,6864400
2016-12-29,266.5716857910156,6.949999809265137,5.151836395263672,342.0,6.949999809265137,6.335000038146973,347.0,7.070000171661377,6.440000057220459,336.5,6.920000076293945,6.309999942779541,346.0,7.010000228881836,6.309999942779541,56190.0,8765900,6859200
2016-12-30,262.2846984863281,6.889999866485596,5.1355719566345215,336.5,6.889999866485596,6.315000057220459,343.0,7.0,6.4375,336.0,6.860000133514404,6.304999828338623,342.0,6.949999809265137,6.355000019073486,37800.0,12521800,6991200
2017-01-03,270.858642578125,6.960000038146973,5.157936096191406,347.5,6.960000038146973,6.34250020980835,347.5,7.010000228881836,6.367499828338623,339.0,6.860000133514404,6.255000114440918,340.5,6.929999828338623,6.360000133514404,76610.0,4903000,7765600
2017-01-04,266.5716857910156,7.110000133514404,5.269756317138672,342.0,7.110000133514404,6.480000019073486,348.0,7.150000095367432,6.512499809265137,340.0,7.0,6.394999980926514,340.0,7.039999961853027,6.394999980926514,54790.0,4255700,8977200
2017-01-05,265.0128173828125,7.119999885559082,5.082712173461914,340.0,7.119999885559082,6.25,344.5,7.239999771118164,6.389999866485596,335.0,7.090000152587891,6.224999904632568,342.5,7.130000114440918,6.389999866485596,44320.0,3259300,12150800
2017-01-06,263.4538879394531,7.159999847412109,4.985124588012695,338.0,7.159999847412109,6.130000114440918,343.5,7.159999847412109,6.292500019073486,337.0,7.039999961853027,6.125,340.5,7.110000133514404,6.287499904632568,33670.0,3898000,9334400
2017-01-09,259.556640625,7.119999885559082,4.979024410247803,333.0,7.119999885559082,6.122499942779541,340.5,7.190000057220459,6.164999961853027,332.5,7.070000171661377,6.082499980926514,336.5,7.150000095367432,6.150000095367432,41510.0,2898500,6586800
2017-01-10,266.18194580078125,7.119999885559082,5.009520530700684,341.5,7.119999885559082,6.159999847412109,345.0,7.199999809265137,6.275000095367432,333.0,7.110000133514404,6.110000133514404,334.0,7.159999847412109,6.130000114440918,70510.0,2137000,8972400
2017-01-11,267.3511047363281,7.21999979019165,5.003421306610107,343.0,7.21999979019165,6.152500152587891,345.0,7.239999771118164,6.28249979019165,340.0,7.090000152587891,6.125,342.0,7.150000095367432,6.184999942779541,20940.0,2999800,10173600
2017-01-12,265.0128173828125,7.230000019073486,5.025784492492676,340.0,7.230000019073486,6.179999828338623,344.0,7.25,6.235000133514404,335.5,7.099999904632568,6.144999980926514,342.0,7.210000038146973,6.152500152587891,19130.0,3030200,10572800
2017-01-13,266.96142578125,7.269999980926514,4.621201515197754,342.5,7.269999980926514,5.682499885559082,344.0,7.349999904632568,5.797500133514404,339.0,7.210000038146973,5.567500114440918,342.0,7.21999979019165,5.572500228881836,18020.0,2803700,59295600
2017-01-17,264.23333740234375,7.159999847412109,4.7452192306518555,339.0,7.159999847412109,5.835000038146973,343.0,7.300000190734863,5.9375,338.5,7.130000114440918,5.670000076293945,341.5,7.300000190734863,5.684999942779541,18140.0,3401100,19933600
2017-01-18,263.4538879394531,7.210000038146973,4.775715351104736,338.0,7.210000038146973,5.872499942779541,339.0,7.21999979019165,5.90500020980835,333.0,7.110000133514404,5.724999904632568,338.5,7.110000133514404,5.824999809265137,25230.0,3149400,8723600
2017-01-19,264.23333740234375,7.099999904632568,4.7391204833984375,339.0,7.099999904632568,5.827499866485596,339.0,7.28000020980835,5.922500133514404,335.5,7.090000152587891,5.795000076293945,338.0,7.130000114440918,5.882500171661377,21370.0,4403900,8009600
2017-01-20,267.3511047363281,7.130000114440918,4.794013977050781,343.0,7.130000114440918,5.894999980926514,344.0,7.21999979019165,5.90749979019165,339.0,7.099999904632568,5.832499980926514,339.5,7.110000133514404,5.864999771118164,32030.0,2073800,10264400
2017-01-23,265.792236328125,7.130000114440918,4.865171909332275,341.0,7.130000114440918,5.982500076293945,349.0,7.139999866485596,6.0,337.0,7.019999980926514,5.862500190734863,343.5,7.099999904632568,5.917500019073486,50220.0,2094100,8745200
2017-01-24,267.3511047363281,7.210000038146973,4.852972984313965,343.0,7.210000038146973,5.96750020980835,346.0,7.239999771118164,6.037499904632568,341.5,7.119999885559082,5.929999828338623,343.5,7.130000114440918,5.985000133514404,33070.0,2790400,11402400
2017-01-25,266.18194580078125,7.320000171661377,4.913966178894043,341.5,7.320000171661377,6.042500019073486,346.0,7.329999923706055,6.054999828338623,340.5,7.239999771118164,5.982500076293945,346.0,7.239999771118164,6.0,30340.0,3774700,7550800
2017-01-26,266.96142578125,7.309999942779541,4.924129962921143,342.5,7.309999942779541,6.054999828338623,346.0,7.349999904632568,6.172500133514404,341.5,7.239999771118164,6.03000020980835,342.5,7.300000190734863,6.0625,33860.0,2328000,12641200
2017-01-27,265.0128173828125,7.190000057220459,4.942429065704346,340.0,7.190000057220459,6.077499866485596,343.0,7.349999904632568,6.125,339.0,7.190000057220459,5.989999771118164,342.5,7.309999942779541,6.070000171661377,29990.0,2121400,10677600
2017-01-30,266.18194580078125,7.050000190734863,4.915998935699463,341.5,7.050000190734863,6.045000076293945,346.5,7.21999979019165,6.057499885559082,337.79998779296875,6.989999771118164,5.962500095367432,346.5,7.190000057220459,6.03000020980835,39140.0,4134300,6925200
2017-01-31,263.0641174316406,7.059999942779541,4.979024410247803,337.5,7.059999942779541,6.122499942779541,341.29998779296875,7.110000133514404,6.135000228881836,337.5,6.980000019073486,5.965000152587891,340.0,7.050000190734863,5.994999885559082,45280.0,3452300,6387600
2017-02-01,257.2182922363281,7.0,4.940395832061768,330.0,7.0,6.074999809265137,338.5,7.079999923706055,6.159999847412109,327.0,7.0,6.019999980926514,335.0,7.079999923706055,6.122499942779541,88620.0,3431100,7011600
2017-02-02,257.6080627441406,7.0,4.956661224365234,330.5,7.0,6.09499979019165,334.0,7.079999923706055,6.144999980926514,328.29998779296875,6.96999979019165,6.067500114440918,331.0,6.980000019073486,6.097499847412109,43760.0,3013200,6607200
2017-02-03,256.4388732910156,7.0,5.02985143661499,329.0,7.0,6.184999942779541,333.0,7.059999942779541,6.224999904632568,328.5,6.960000038146973,6.070000171661377,331.5,6.980000019073486,6.087500095367432,23850.0,2654000,8970800
2017-02-06,254.49020385742188,7.010000228881836,5.017652988433838,326.5,7.010000228881836,6.170000076293945,329.5,7.039999961853027,6.237500190734863,326.0,6.96999979019165,6.130000114440918,327.0,6.980000019073486,6.184999942779541,24630.0,2392700,6818400
2017-02-07,253.32107543945312,7.139999866485596,5.007486820220947,325.0,7.139999866485596,6.15749979019165,329.0,7.150000095367432,6.25,323.5,7.010000228881836,6.127500057220459,328.5,7.010000228881836,6.175000190734863,28060.0,3217000,8718400
2017-02-08,242.01898193359375,7.230000019073486,5.040017604827881,310.5,7.230000019073486,6.197500228881836,317.29998779296875,7.309999942779541,6.215000152587891,308.0,7.119999885559082,6.135000228881836,310.5,7.179999828338623,6.147500038146973,1242050.0,4354600,5553600
2017-02-09,241.62928771972656,7.300000190734863,5.162002086639404,310.0,7.300000190734863,6.347499847412109,312.5,7.340000152587891,6.349999904632568,309.5,7.25,6.1875,310.0,7.320000171661377,6.197500228881836,268440.0,2817900,5953200
2017-02-10,244.357421875,7.380000114440918,5.216895580291748,313.5,7.380000114440918,6.414999961853027,315.0,7.389999866485596,6.4375,310.0,7.28000020980835,6.322500228881836,311.5,7.300000190734863,6.380000114440918,313170.0,2346000,6084000
2017-02-13,244.357421875,7.389999866485596,5.157936096191406,313.5,7.389999866485596,6.34250020980835,315.0,7.46999979019165,6.462500095367432,311.0,7.349999904632568,6.324999809265137,314.0,7.389999866485596,6.4375,142010.0,2194600,5883200
2017-02-14,244.74708557128906,7.349999904632568,5.233160018920898,314.0,7.349999904632568,6.434999942779541,315.0,7.389999866485596,6.46750020980835,312.0,7.309999942779541,6.3125,314.5,7.389999866485596,6.317500114440918,119610.0,1454300,6170800
2017-02-15,245.5265655517578,7.400000095367432,5.241292476654053,315.0,7.400000095367432,6.445000171661377,315.5,7.440000057220459,6.519999980926514,311.5,7.309999942779541,6.385000228881836,313.0,7.309999942779541,6.4375,95120.0,2411100,8586800
2017-02-16,243.57794189453125,7.349999904632568,5.1681013107299805,312.5,7.349999904632568,6.355000019073486,314.5,7.429999828338623,6.46999979019165,311.0,7.349999904632568,6.324999809265137,313.5,7.400000095367432,6.425000190734863,69120.0,2784300,7183200
2017-02-17,243.18821716308594,7.489999771118164,5.198597431182861,312.0,7.489999771118164,6.392499923706055,313.29998779296875,7.5,6.402500152587891,310.0,7.260000228881836,6.322500228881836,312.5,7.289999961853027,6.34250020980835,166030.0,4072200,4966800
2017-02-21,240.46014404296875,7.320000171661377,5.330748081207275,308.5,7.320000171661377,6.554999828338623,312.5,7.519999980926514,6.5625,304.5,7.289999961853027,6.4375,312.5,7.460000038146973,6.460000038146973,119990.0,4387500,10881200
2017-02-22,244.357421875,7.239999771118164,5.3388800621032715,313.5,7.239999771118164,6.565000057220459,314.0,7.340000152587891,6.574999809265137,306.5,7.199999809265137,6.505000114440918,308.0,7.28000020980835,6.550000190734863,154050.0,2230400,5510800
2017-02-23,244.357421875,7.159999847412109,5.196564197540283,313.5,7.159999847412109,6.389999866485596,314.5,7.289999961853027,6.585000038146973,310.5,7.150000095367432,6.380000114440918,312.5,7.269999980926514,6.579999923706055,127680.0,1648500,9848800
2017-02-24,244.74708557128906,7.079999923706055,5.342946529388428,314.0,7.079999923706055,6.570000171661377,314.5,7.159999847412109,6.625,309.5,7.039999961853027,6.362500190734863,311.0,7.150000095367432,6.387499809265137,113650.0,2544500,7966800
2017-02-27,245.13687133789062,7.099999904632568,5.391740322113037,314.5,7.099999904632568,6.630000114440918,315.0,7.119999885559082,6.670000076293945,310.29998779296875,6.989999771118164,6.420000076293945,312.5,7.099999904632568,6.552499771118164,177310.0,6759400,9205200
2017-02-28,244.357421875,6.960000038146973,4.968859672546387,313.5,6.960000038146973,6.110000133514404,315.0,7.110000133514404,6.582499980926514,309.5,6.929999828338623,5.892499923706055,311.5,7.099999904632568,6.582499980926514,396350.0,8271800,31031600
2017-03-01,236.95257568359375,6.889999866485596,4.976991653442383,304.0,6.889999866485596,6.119999885559082,315.5,7.010000228881836,6.232500076293945,293.0,6.889999866485596,6.070000171661377,315.0,7.0,6.142499923706055,387250.0,7049000,13366000
2017-03-02,231.88619995117188,6.889999866485596,5.0786452293396,297.5,6.889999866485596,6.244999885559082,306.0,7.010000228881836,6.275000095367432,297.5,6.880000114440918,6.112500190734863,302.5,6.889999866485596,6.117499828338623,181200.0,5220600,9901600
2017-03-03,229.1581573486328,6.880000114440918,5.139638423919678,294.0,6.880000114440918,6.320000171661377,298.0,6.989999771118164,6.329999923706055,291.0,6.809999942779541,6.252500057220459,297.0,6.900000095367432,6.264999866485596,263870.0,3198400,7311600
2017-03-06,228.3787078857422,6.760000228881836,5.064413547515869,293.0,6.760000228881836,6.227499961853027,296.5,6.860000133514404,6.324999809265137,292.0,6.690000057220459,6.177499771118164,294.0,6.809999942779541,6.320000171661377,112540.0,6234600,9102400
2017-03-07,229.54783630371094,6.769999980926514,5.015620231628418,294.5,6.769999980926514,6.167500019073486,296.5,6.869999885559082,6.21750020980835,292.5,6.71999979019165,6.105000019073486,293.0,6.75,6.197500228881836,123120.0,3167700,9258400
2017-03-08,230.32730102539062,6.679999828338623,5.082712173461914,295.5,6.679999828338623,6.25,299.0,6.809999942779541,6.292500019073486,293.5,6.659999847412109,6.152500152587891,295.0,6.78000020980835,6.1875,105770.0,2809300,9521600
2017-03-09,231.8968048095703,6.789999961853027,5.082712173461914,295.5,6.789999961853027,6.25,299.0,6.800000190734863,6.309999942779541,294.0,6.650000095367432,6.204999923706055,294.5,6.650000095367432,6.25,111800.0,3257100,9594800
2017-03-10,236.60536193847656,6.840000152587891,5.198322296142578,301.5,6.840000152587891,6.295000076293945,302.0,6.840000152587891,6.324999809265137,296.5,6.760000228881836,6.15749979019165,297.0,6.809999942779541,6.175000190734863,148320.0,1827000,12197600
2017-03-13,238.56724548339844,7.019999980926514,4.993940353393555,304.0,7.019999980926514,6.047500133514404,306.5,7.03000020980835,6.199999809265137,299.5,6.809999942779541,6.027500152587891,301.5,6.849999904632568,6.192500114440918,190910.0,4087500,15760400
2017-03-14,239.74447631835938,7.039999961853027,5.070324420928955,305.5,7.039999961853027,6.139999866485596,308.29998779296875,7.070000171661377,6.159999847412109,302.5,6.949999809265137,6.0,303.5,7.050000190734863,6.045000076293945,157570.0,4202900,7399200
2017-03-15,236.2130126953125,7.139999866485596,5.093033313751221,301.0,7.139999866485596,6.167500019073486,303.79998779296875,7.179999828338623,6.195000171661377,295.5,7.010000228881836,6.074999809265137,300.0,7.059999942779541,6.164999961853027,118770.0,3515900,11586000
2017-03-16,236.99774169921875,7.170000076293945,5.008391857147217,302.0,7.170000076293945,6.065000057220459,304.0,7.199999809265137,6.150000095367432,300.0,7.110000133514404,6.010000228881836,301.0,7.150000095367432,6.147500038146973,101500.0,1568100,12534000
2017-03-17,240.1367950439453,7.150000095367432,5.086840629577637,306.0,7.150000095367432,6.159999847412109,307.0,7.230000019073486,6.167500019073486,303.0,7.150000095367432,6.050000190734863,303.0,7.199999809265137,6.072500228881836,175820.0,2165500,21716400
2017-03-20,240.1367950439453,7.199999809265137,4.929941177368164,306.0,7.199999809265137,5.96999979019165,311.5,7.199999809265137,6.210000038146973,305.5,7.059999942779541,5.940000057220459,305.5,7.159999847412109,6.164999961853027,94680.0,2602200,16464800
2017-03-21,236.60536193847656,7.010000228881836,4.956779479980469,301.5,7.010000228881836,6.002500057220459,310.0,7.28000020980835,6.034999847412109,301.5,7.0,5.852499961853027,307.5,7.210000038146973,6.007500171661377,82810.0,3656800,11402000
2017-03-22,237.7825164794922,7.039999961853027,4.973295211791992,303.0,7.039999961853027,6.022500038146973,305.0,7.050000190734863,6.027500152587891,299.5,6.900000095367432,5.940000057220459,300.5,7.0,6.005000114440918,84310.0,2129600,8168000
2017-03-23,236.99774169921875,7.110000133514404,4.946456432342529,302.0,7.110000133514404,5.989999771118164,307.0,7.139999866485596,6.110000133514404,302.0,6.980000019073486,5.949999809265137,304.0,7.039999961853027,6.037499904632568,85390.0,2352400,18648800
2017-03-24,242.0987091064453,7.070000171661377,4.273442268371582,308.5,7.070000171661377,5.175000190734863,309.79998779296875,7.170000076293945,5.389999866485596,303.0,7.010000228881836,5.164999961853027,304.0,7.150000095367432,5.34250020980835,172190.0,2654300,63778400
2017-03-27,241.70635986328125,7.090000152587891,4.304408550262451,308.0,7.090000152587891,5.212500095367432,309.5,7.090000152587891,5.272500038146973,302.5,6.949999809265137,5.059999942779541,303.5,6.96999979019165,5.082499980926514,143720.0,2992500,27849200
2017-03-28,239.74447631835938,7.03000020980835,4.484017372131348,305.5,7.03000020980835,5.429999828338623,307.5,7.099999904632568,5.445000171661377,302.5,7.0,5.182499885559082,307.0,7.070000171661377,5.21999979019165,131250.0,3253900,17114400
2017-03-29,242.88343811035156,7.010000228881836,4.531499862670898,309.5,7.010000228881836,5.487500190734863,310.0,7.079999923706055,5.534999847412109,304.0,6.980000019073486,5.392499923706055,305.5,7.03000020980835,5.445000171661377,138350.0,5652800,13033200
2017-03-30,244.45298767089844,6.949999809265137,4.636787414550781,311.5,6.949999809265137,5.614999771118164,312.5,7.050000190734863,5.622499942779541,307.0,6.829999923706055,5.465000152587891,309.0,7.019999980926514,5.474999904632568,164890.0,9142300,8888000
2017-03-31,246.8072967529297,7.75,4.655366897583008,314.5,7.75,5.637499809265137,316.0,8.079999923706055,5.684999942779541,310.0,7.46999979019165,5.59250020980835,312.0,7.53000020980835,5.614999771118164,175410.0,53837400,11736800
2017-04-03,249.94631958007812,7.800000190734863,4.54182243347168,318.5,7.800000190734863,5.5,321.0,7.889999866485596,5.65500020980835,315.0,7.519999980926514,5.480000019073486,318.5,7.880000114440918,5.630000114440918,242380.0,15658000,10836400
2017-04-04,247.59202575683594,8.069999694824219,4.537693500518799,315.5,8.069999694824219,5.494999885559082,320.5,8.199999809265137,5.552499771118164,315.5,7.71999979019165,5.434999942779541,319.0,7.75,5.485000133514404,186700.0,16773300,8948000
2017-04-05,243.2758331298828,7.920000076293945,4.492274761199951,310.0,7.920000076293945,5.440000057220459,318.0,8.119999885559082,5.572500228881836,308.79998779296875,7.920000076293945,5.434999942779541,317.5,8.100000381469727,5.547500133514404,122590.0,11054900,8675600
2017-04-06,241.70635986328125,7.920000076293945,4.508790493011475,308.0,7.920000076293945,5.460000038146973,310.0,8.0,5.542500019073486,303.5,7.869999885559082,5.434999942779541,309.5,7.940000057220459,5.489999771118164,93210.0,6287300,13184800
2017-04-07,238.1748809814453,7.809999942779541,4.471630096435547,303.5,7.809999942779541,5.414999961853027,309.0,7.96999979019165,5.505000114440918,302.5,7.809999942779541,5.394999980926514,307.0,7.909999847412109,5.454999923706055,109900.0,5864300,15018000
2017-04-10,240.52923583984375,7.710000038146973,4.5170488357543945,306.5,7.710000038146973,5.46999979019165,307.0,7.860000133514404,5.53000020980835,301.0,7.710000038146973,5.389999866485596,305.5,7.849999904632568,5.400000095367432,78250.0,3799500,9381200
2017-04-11,240.92156982421875,7.699999809265137,4.564531326293945,307.0,7.699999809265137,5.527500152587891,308.5,7.699999809265137,5.537499904632568,303.5,7.510000228881836,5.420000076293945,306.0,7.679999828338623,5.449999809265137,71220.0,6422700,10873600
2017-04-12,237.7825164794922,8.930000305175781,4.556273460388184,303.0,8.930000305175781,5.517499923706055,308.29998779296875,9.1899995803833,5.545000076293945,301.0,8.800000190734863,5.46750020980835,305.5,9.09000015258789,5.545000076293945,112210.0,48748900,7532400
2017-04-13,236.99774169921875,8.640000343322754,4.620271682739258,302.0,8.640000343322754,5.59499979019165,306.0,8.949999809265137,5.610000133514404,299.5,8.600000381469727,5.494999885559082,303.5,8.949999809265137,5.514999866485596,109740.0,14637100,14654400
2017-04-17,240.92156982421875,8.770000457763672,4.725559234619141,307.0,8.770000457763672,5.722499847412109,307.0,8.819999694824219,5.737500190734863,303.0,8.670000076293945,5.599999904632568,304.5,8.699999809265137,5.612500190734863,58260.0,6077500,14218000
2017-04-18,239.35202026367188,8.729999542236328,4.715237140655518,305.0,8.729999542236328,5.710000038146973,307.0,8.770000457763672,5.744999885559082,302.0,8.630000114440918,5.652500152587891,306.0,8.680000305175781,5.710000038146973,63020.0,8168800,7945200
2017-04-19,238.56724548339844,8.930000305175781,4.702850341796875,304.0,8.930000305175781,5.695000171661377,307.0,9.039999961853027,5.78249979019165,302.29998779296875,8.710000038146973,5.690000057220459,305.5,8.710000038146973,5.730000019073486,72320.0,9211000,6722000
2017-04-20,242.88343811035156,9.100000381469727,4.7874932289123535,309.5,9.100000381469727,5.797500133514404,314.5,9.130000114440918,5.857500076293945,305.0,8.880000114440918,5.737500190734863,306.0,8.949999809265137,5.737500190734863,196330.0,12430500,7626400
2017-04-21,242.4910888671875,9.079999923706055,4.7874932289123535,309.0,9.079999923706055,5.797500133514404,312.0,9.149999618530273,5.817500114440918,306.0,9.050000190734863,5.735000133514404,310.0,9.109999656677246,5.809999942779541,98650.0,8666800,7064800
2017-04-24,240.92156982421875,9.289999961853027,4.793686866760254,307.0,9.289999961853027,5.804999828338623,312.0,9.300000190734863,5.872499942779541,304.5,9.140000343322754,5.739999771118164,312.0,9.149999618530273,5.849999904632568,142850.0,11216000,10865600
2017-04-25,243.2758331298828,9.1899995803833,4.830847263336182,310.0,9.1899995803833,5.849999904632568,313.0,9.329999923706055,5.872499942779541,308.5,9.149999618530273,5.775000095367432,308.5,9.239999771118164,5.829999923706055,83650.0,13183000,5766800
2017-04-26,244.84536743164062,9.199999809265137,4.882458209991455,312.0,9.199999809265137,5.912499904632568,314.0,9.239999771118164,5.994999885559082,308.5,9.100000381469727,5.827499866485596,310.0,9.180000305175781,5.855000019073486,109180.0,7980900,8846400
2017-04-27,240.92156982421875,9.319999694824219,4.768913745880127,307.0,9.319999694824219,5.775000095367432,312.5,9.319999694824219,5.927499771118164,305.5,9.170000076293945,5.760000228881836,312.0,9.25,5.917500019073486,77390.0,5899100,11881200
2017-04-28,237.7825164794922,9.34000015258789,4.684269905090332,303.0,9.34000015258789,5.672500133514404,307.0,9.369999885559082,5.772500038146973,300.0,9.149999618530273,5.617499828338623,307.0,9.289999961853027,5.772500038146973,136810.0,7272400,12417200
2017-05-01,233.8587188720703,9.319999694824219,4.702850341796875,298.0,9.319999694824219,5.695000171661377,305.5,9.399999618530273,5.809999942779541,297.0,9.3100004196167,5.639999866485596,304.5,9.34000015258789,5.692500114440918,127330.0,4175000,10979200
2017-05-02,235.82061767578125,9.270000457763672,4.839105129241943,300.5,9.270000457763672,5.860000133514404,300.5,9.350000381469727,5.887499809265137,295.79998779296875,9.25,5.684999942779541,297.5,9.3100004196167,5.707499980926514,105490.0,3568500,7152800
2017-05-03,236.2130126953125,9.270000457763672,4.948521614074707,301.0,9.270000457763672,5.992499828338623,301.6000061035156,9.350000381469727,6.0,297.5,9.199999809265137,5.84499979019165,298.5,9.220000267028809,5.864999771118164,83200.0,3165300,12509200
2017-05-04,230.71971130371094,9.25,4.86594295501709,294.0,9.25,5.892499923706055,301.5,9.3100004196167,6.034999847412109,293.0,9.1899995803833,5.882500171661377,301.5,9.260000228881836,5.994999885559082,123990.0,3042400,5856000
2017-05-05,228.36541748046875,9.489999771118164,4.954715251922607,291.0,9.489999771118164,6.0,296.29998779296875,9.5,6.002500057220459,290.0,9.229999542236328,5.894999980926514,294.5,9.229999542236328,5.925000190734863,130800.0,4147500,4682400
2017-05-08,226.0111083984375,9.399999618530273,5.033164978027344,288.0,9.399999618530273,6.09499979019165,293.70001220703125,9.600000381469727,6.117499828338623,285.0,9.399999618530273,5.960000038146973,293.0,9.5,6.0,189020.0,3528700,8862800
2017-05-09,226.79588317871094,9.470000267028809,5.055873870849609,289.0,9.470000267028809,6.122499942779541,301.0,9.5,6.184999942779541,287.5,9.399999618530273,6.022500038146973,293.0,9.4399995803833,6.082499980926514,306020.0,2906400,7800000
2017-05-10,219.34060668945312,9.520000457763672,5.150839805603027,279.5,9.520000457763672,6.237500190734863,289.0,9.5600004196167,6.28249979019165,274.0,9.4399995803833,6.110000133514404,288.0,9.470000267028809,6.135000228881836,281130.0,2503800,9637200
2017-05-11,215.8092041015625,9.380000114440918,5.026971340179443,275.0,9.380000114440918,6.087500095367432,280.5,9.489999771118164,6.327499866485596,274.0,9.369999885559082,6.059999942779541,279.5,9.449999809265137,6.277500152587891,143980.0,2232800,12190800
2017-05-12,211.10064697265625,9.350000381469727,4.960907936096191,269.0,9.350000381469727,6.007500171661377,275.0,9.380000114440918,6.087500095367432,267.0,9.239999771118164,5.945000171661377,275.0,9.350000381469727,6.070000171661377,200460.0,2274600,7281200
2017-05-15,207.56922912597656,9.630000114440918,5.029036045074463,264.5,9.630000114440918,6.090000152587891,270.0,9.779999732971191,6.170000076293945,259.0,9.449999809265137,6.025000095367432,270.0,9.449999809265137,6.034999847412109,256090.0,6920900,8557600
2017-05-16,202.07591247558594,10.180000305175781,5.051745414733887,257.5,10.180000305175781,6.117499828338623,268.5,10.40999984741211,6.127500057220459,255.0,9.649999618530273,5.974999904632568,266.0,9.670000076293945,6.082499980926514,232590.0,19818600,8138800
2017-05-17,193.05117797851562,10.100000381469727,4.921683311462402,246.0,10.100000381469727,5.960000038146973,256.0,10.25,6.117499828338623,245.5,10.010000228881836,5.9375,255.0,10.039999961853027,6.117499828338623,197090.0,13326900,8830800
2017-05-18,192.2664031982422,10.109999656677246,4.909297466278076,245.0,10.109999656677246,5.945000171661377,247.5,10.279999732971191,6.012499809265137,243.0,9.949999809265137,5.880000114440918,245.5,10.09000015258789,5.985000133514404,166450.0,6684300,6992800
2017-05-19,198.5444793701172,10.380000114440918,5.000133037567139,253.0,10.380000114440918,6.054999828338623,255.5,10.420000076293945,6.077499866485596,244.5,10.09000015258789,5.894999980926514,244.5,10.210000038146973,5.949999809265137,210990.0,6777900,10678400
2017-05-22,196.19021606445312,11.319999694824219,4.9650373458862305,250.0,11.319999694824219,6.012499809265137,256.0,11.380000114440918,6.150000095367432,249.0,10.399999618530273,6.010000228881836,253.0,10.430000305175781,6.087500095367432,187220.0,22139900,9823600
2017-05-23,193.4435577392578,11.300000190734863,4.67807674407959,246.5,11.300000190734863,5.664999961853027,253.0,11.390000343322754,6.09250020980835,246.0,11.100000381469727,5.65749979019165,250.5,11.279999732971191,6.09250020980835,132680.0,16322500,22539200
2017-05-24,184.4187774658203,11.09000015258789,4.688398838043213,235.0,11.09000015258789,5.677499771118164,247.0,11.390000343322754,5.71750020980835,234.5,11.010000228881836,5.607500076293945,247.0,11.390000343322754,5.652500152587891,326090.0,7240900,9792400
2017-05-25,183.63401794433594,11.220000267028809,4.876266002655029,234.0,11.220000267028809,5.90500020980835,238.5,11.369999885559082,5.917500019073486,231.3000030517578,11.039999961853027,5.682499885559082,235.5,11.15999984741211,5.900000095367432,274020.0,8826700,30954000
2017-05-26,193.83590698242188,11.109999656677246,4.587240695953369,247.0,11.109999656677246,5.554999828338623,252.0,11.550000190734863,5.602499961853027,233.5,11.069999694824219,5.3125,234.5,11.430000305175781,5.53000020980835,336130.0,10412200,56848000
2017-05-30,183.2416534423828,10.609999656677246,4.659496784210205,233.5,10.609999656677246,5.642499923706055,246.0,10.960000038146973,5.732500076293945,233.0,10.520000457763672,5.542500019073486,245.0,10.829999923706055,5.545000076293945,239330.0,11583900,22719600
2017-05-31,176.57118225097656,10.569999694824219,4.5707244873046875,225.0,10.569999694824219,5.534999847412109,235.5,10.729999542236328,5.675000190734863,223.5,10.4399995803833,5.472499847412109,233.5,10.649999618530273,5.659999847412109,360920.0,6540900,21626000
2017-06-01,185.67689514160156,11.390000343322754,4.702850341796875,234.5,11.390000343322754,5.695000171661377,238.0,11.739999771118164,5.739999771118164,223.5,10.649999618530273,5.527500152587891,224.0,10.65999984741211,5.537499904632568,271100.0,36840600,14764000
2017-06-02,196.3661346435547,11.289999961853027,4.680141925811768,248.0,11.289999961853027,5.667500019073486,248.5,11.479999542236328,5.695000171661377,237.0,10.899999618530273,5.587500095367432,237.5,11.460000038146973,5.682499885559082,417790.0,22925300,9402000
2017-06-05,197.9497528076172,11.149999618530273,4.720034599304199,250.0,11.149999618530273,5.619999885559082,255.8000030517578,11.4399995803833,5.642499923706055,244.5,11.069999694824219,5.489999771118164,246.5,11.359999656677246,5.5625,388440.0,10889300,7822800
2017-06-06,193.198974609375,11.149999618530273,4.598254203796387,244.0,11.149999618530273,5.474999904632568,250.5,11.289999961853027,5.590000152587891,240.0,10.979999542236328,5.472499847412109,248.0,11.029999732971191,5.5625,340420.0,8152100,12421600
2017-06-07,188.05226135253906,11.039999961853027,4.627650260925293,237.5,11.039999961853027,5.510000228881836,248.0,11.34000015258789,5.552499771118164,237.5,11.0,5.457499980926514,244.5,11.1899995803833,5.489999771118164,266970.0,8397900,8619200
2017-06-08,187.26048278808594,11.170000076293945,4.486973285675049,236.5,11.170000076293945,5.34250020980835,238.5,11.1899995803833,5.607500076293945,232.0,10.970000267028809,5.332499980926514,237.0,11.050000190734863,5.537499904632568,159840.0,5748300,14475200
2017-06-09,184.48916625976562,11.029999732971191,4.62135124206543,233.0,11.029999732971191,5.502500057220459,238.0,11.630000114440918,5.522500038146973,232.5,10.779999732971191,5.324999809265137,236.0,11.270000457763672,5.332499980926514,194660.0,16248400,11822800
2017-06-12,186.07276916503906,10.600000381469727,4.558360576629639,235.0,10.600000381469727,5.427499771118164,237.5,11.09000015258789,5.537499904632568,233.3000030517578,10.5600004196167,5.397500038146973,234.0,11.09000015258789,5.485000133514404,167410.0,12574800,13127600
2017-06-13,192.0112762451172,10.84000015258789,4.615052223205566,242.5,10.84000015258789,5.494999885559082,244.0,10.859999656677246,5.542500019073486,236.0,10.59000015258789,5.392499923706055,236.0,10.710000038146973,5.445000171661377,160870.0,5072200,7673600
2017-06-14,191.61537170410156,10.569999694824219,4.541563510894775,242.0,10.569999694824219,5.40749979019165,246.0,10.930000305175781,5.489999771118164,241.0,10.449999809265137,5.3125,245.5,10.930000305175781,5.489999771118164,110950.0,5495800,9924400
2017-06-15,190.4276885986328,10.539999961853027,4.455477714538574,240.5,10.539999961853027,5.304999828338623,242.60000610351562,10.539999961853027,5.412499904632568,237.8000030517578,10.34000015258789,5.284999847412109,240.0,10.449999809265137,5.380000114440918,84120.0,5036900,9284400
2017-06-16,195.17848205566406,10.529999732971191,4.323199272155762,246.5,10.529999732971191,5.147500038146973,247.0,10.65999984741211,5.292500019073486,237.5,10.4399995803833,5.125,239.5,10.5,5.28000020980835,185660.0,4634000,14732000
2017-06-19,195.9702606201172,10.739999771118164,4.3672919273376465,247.5,10.739999771118164,5.199999809265137,250.5,10.829999923706055,5.242499828338623,246.1999969482422,10.59000015258789,5.087500095367432,247.0,10.630000114440918,5.162499904632568,170020.0,5546200,8533600
2017-06-20,186.86459350585938,10.729999542236328,4.333697319030762,236.0,10.729999542236328,5.159999847412109,246.0,10.869999885559082,5.195000171661377,232.5,10.649999618530273,5.117499828338623,245.5,10.760000228881836,5.179999828338623,257900.0,4175300,7184800
2017-06-21,182.50965881347656,10.649999618530273,4.295903205871582,230.5,10.649999618530273,5.114999771118164,236.0,10.789999961853027,5.237500190734863,226.0,10.520000457763672,5.072500228881836,235.5,10.779999732971191,5.164999961853027,197040.0,7015400,8776800
2017-06-22,182.50965881347656,11.0600004196167,4.312701225280762,230.5,11.0600004196167,5.135000228881836,230.8000030517578,11.140000343322754,5.197500228881836,221.5,10.460000038146973,5.110000133514404,228.5,10.720000267028809,5.122499942779541,321670.0,17370000,16845600
2017-06-23,186.86459350585938,9.710000038146973,4.33579683303833,236.0,9.710000038146973,5.162499904632568,237.5,10.270000457763672,5.164999961853027,225.0,9.619999885559082,5.065000057220459,231.0,10.210000038146973,5.117499828338623,237640.0,39609800,6991200
2017-06-26,186.4686737060547,10.270000457763672,4.436580657958984,235.5,10.270000457763672,5.28249979019165,237.8000030517578,10.319999694824219,5.292500019073486,232.5,9.520000457763672,5.164999961853027,235.0,9.600000381469727,5.167500019073486,159510.0,19926200,9228800
2017-06-27,184.88507080078125,9.989999771118164,4.489071846008301,233.5,9.989999771118164,5.34499979019165,239.5,10.420000076293945,5.375,232.0,9.970000267028809,5.260000228881836,236.0,10.100000381469727,5.267499923706055,115980.0,12184100,6988800
2017-06-28,189.23997497558594,10.229999542236328,4.516368389129639,239.0,10.229999542236328,5.377500057220459,242.0,10.300000190734863,5.440000057220459,235.0,10.039999961853027,5.357500076293945,235.0,10.079999923706055,5.375,139950.0,7327700,12645600
2017-06-29,187.26048278808594,10.0,4.537364482879639,236.5,10.0,5.402500152587891,240.0,10.229999542236328,5.445000171661377,233.0,9.899999618530273,5.320000171661377,239.0,10.220000267028809,5.389999866485596,103540.0,7917200,6932800
2017-06-30,180.13429260253906,9.989999771118164,4.537364482879639,227.5,9.989999771118164,5.402500152587891,237.0,10.079999923706055,5.449999809265137,226.5,9.800000190734863,5.347499847412109,237.0,10.079999923706055,5.4375,217320.0,5770300,4604400
2017-07-03,183.69737243652344,9.90999984741211,4.53526496887207,232.0,9.90999984741211,5.400000095367432,233.5,10.109999656677246,5.5,228.0,9.899999618530273,5.389999866485596,229.0,9.979999542236328,5.442500114440918,83710.0,2265500,5637600
2017-07-05,177.75885009765625,9.899999618530273,4.516368389129639,224.5,9.899999618530273,5.377500057220459,236.0,9.899999618530273,5.427499771118164,222.5,9.6899995803833,5.34499979019165,232.5,9.899999618530273,5.389999866485596,189840.0,6879400,10736800
2017-07-06,171.42449951171875,9.710000038146973,4.434481143951416,216.5,9.710000038146973,5.28000020980835,223.0,9.880000114440918,5.385000228881836,214.5,9.699999809265137,5.267499923706055,223.0,9.850000381469727,5.34250020980835,205590.0,4121100,6033200
2017-07-07,173.7998809814453,9.899999618530273,4.390388488769531,219.5,9.899999618530273,5.227499961853027,222.5,9.930000305175781,5.320000171661377,212.5,9.729999542236328,5.215000152587891,216.0,9.729999542236328,5.287499904632568,146740.0,4338200,7423600
2017-07-10,170.23678588867188,9.859999656677246,4.386188983917236,215.0,9.859999656677246,5.222499847412109,220.0,9.930000305175781,5.255000114440918,214.5,9.760000228881836,5.197500228881836,218.5,9.899999618530273,5.222499847412109,130360.0,3455800,6586000
2017-07-11,176.57119750976562,9.9399995803833,4.400886535644531,223.0,9.9399995803833,5.239999771118164,224.0,9.949999809265137,5.267499923706055,215.0,9.789999961853027,5.202499866485596,215.0,9.850000381469727,5.239999771118164,107270.0,3233300,4670800
2017-07-12,169.4449920654297,9.899999618530273,4.4071855545043945,214.0,9.899999618530273,5.247499942779541,224.0,10.039999961853027,5.315000057220459,212.5,9.890000343322754,5.244999885559082,224.0,10.0,5.287499904632568,159050.0,3880000,4348000
2017-07-13,175.3834686279297,9.890000343322754,4.442879676818848,221.5,9.890000343322754,5.289999961853027,223.0,9.960000038146973,5.357500076293945,213.0,9.819999694824219,5.260000228881836,213.0,9.880000114440918,5.309999942779541,97600.0,2697700,6997600
2017-07-14,173.40399169921875,9.970000267028809,4.413484573364258,219.0,9.970000267028809,5.255000114440918,221.3000030517578,10.050000190734863,5.329999923706055,217.8000030517578,9.890000343322754,5.242499828338623,221.0,9.890000343322754,5.3125,87650.0,3349800,4919600
2017-07-17,155.98439025878906,9.9399995803833,4.468075275421143,197.0,9.9399995803833,5.320000171661377,212.5,10.0,5.394999980926514,196.5,9.859999656677246,5.244999885559082,212.5,10.0,5.257500171661377,624450.0,2671900,6917200
2017-07-18,159.151611328125,9.880000114440918,4.4281816482543945,201.0,9.880000114440918,5.272500038146973,205.0,9.989999771118164,5.347499847412109,197.0,9.779999732971191,5.244999885559082,197.0,9.949999809265137,5.34499979019165,394160.0,3216100,4412800
2017-07-19,157.172119140625,10.140000343322754,4.4827728271484375,198.5,10.140000343322754,5.337500095367432,204.5,10.239999771118164,5.367499828338623,198.0,9.819999694824219,5.264999866485596,199.0,9.930000305175781,5.287499904632568,333890.0,6303300,3891600
2017-07-20,163.11061096191406,10.130000114440918,4.430281162261963,206.0,10.130000114440918,5.275000095367432,210.3000030517578,10.380000114440918,5.335000038146973,199.0,10.09000015258789,5.275000095367432,199.5,10.329999923706055,5.324999809265137,253180.0,4864200,7422800
2017-07-21,161.13108825683594,10.039999961853027,4.36309289932251,203.5,10.039999961853027,5.195000171661377,208.5,10.170000076293945,5.295000076293945,201.8000030517578,10.0,5.179999828338623,205.5,10.130000114440918,5.284999847412109,127590.0,3360700,14301600
2017-07-24,162.3188018798828,10.09000015258789,4.3672919273376465,205.0,10.09000015258789,5.199999809265137,208.0,10.140000343322754,5.25,202.5,9.949999809265137,5.162499904632568,204.0,10.020000457763672,5.175000190734863,157580.0,3129700,6337200
2017-07-25,165.09011840820312,9.979999542236328,4.463876724243164,208.5,9.979999542236328,5.315000057220459,210.0,10.069999694824219,5.34250020980835,205.0,9.850000381469727,5.235000133514404,205.0,10.0600004196167,5.247499942779541,136120.0,5087000,8422000
2017-07-26,166.67369079589844,9.869999885559082,4.417683124542236,210.5,9.869999885559082,5.260000228881836,212.0,10.0,5.332499980926514,207.0,9.869999885559082,5.237500190734863,208.5,9.989999771118164,5.320000171661377,162520.0,3888700,7079600
2017-07-27,163.9023895263672,9.739999771118164,4.5562615394592285,207.0,9.739999771118164,5.425000190734863,211.5,9.90999984741211,5.440000057220459,205.0,9.569999694824219,5.257500171661377,211.5,9.890000343322754,5.272500038146973,188790.0,4754700,15353600
2017-07-28,162.3188018798828,9.720000267028809,4.514267921447754,205.0,9.720000267028809,5.375,207.5,9.75,5.432499885559082,204.5,9.630000114440918,5.349999904632568,205.5,9.720000267028809,5.409999847412109,134760.0,2903900,4938800
2017-07-31,161.52700805664062,9.380000114440918,4.55416202545166,204.0,9.380000114440918,5.422500133514404,207.0,9.779999732971191,5.440000057220459,202.5,9.369999885559082,5.352499961853027,206.0,9.6899995803833,5.387499809265137,154630.0,5809800,5477600
2017-08-01,164.6942138671875,9.510000228881836,4.484873294830322,208.0,9.510000228881836,5.340000152587891,209.0,9.550000190734863,5.422500133514404,203.0,9.380000114440918,5.284999847412109,204.5,9.380000114440918,5.422500133514404,215410.0,2668500,12236400
2017-08-02,120.35343170166016,9.5,4.489071846008301,152.0,9.5,5.34499979019165,160.5,9.600000381469727,5.40500020980835,151.5,9.380000114440918,5.317500114440918,158.0,9.489999771118164,5.329999923706055,1690260.0,2455300,4464400
2017-08-03,119.56163787841797,9.420000076293945,4.547862529754639,151.0,9.420000076293945,5.414999961853027,152.5,9.550000190734863,5.454999923706055,148.0,9.40999984741211,5.329999923706055,152.0,9.5,5.329999923706055,568550.0,2346300,4191600
2017-08-04,128.66734313964844,9.4399995803833,4.604553699493408,162.5,9.4399995803833,5.482500076293945,166.5,9.470000267028809,5.527500152587891,155.0,9.319999694824219,5.422500133514404,156.5,9.449999809265137,5.445000171661377,660150.0,2860500,4544400
2017-08-07,127.47964477539062,9.100000381469727,4.654945373535156,161.0,9.100000381469727,5.542500019073486,164.5,9.289999961853027,5.565000057220459,160.5,9.020000457763672,5.457499980926514,162.0,9.210000038146973,5.485000133514404,308040.0,5968500,5110400
2017-08-08,127.87553405761719,9.029999732971191,4.606653213500977,161.5,9.029999732971191,5.485000133514404,164.5,9.170000076293945,5.59250020980835,161.0,8.970000267028809,5.474999904632568,161.0,9.149999618530273,5.550000190734863,235470.0,4473800,5690000
2017-08-09,122.72884368896484,8.949999809265137,4.636048316955566,155.0,8.949999809265137,5.519999980926514,161.0,9.029999732971191,5.53000020980835,154.5,8.859999656677246,5.40500020980835,160.0,8.90999984741211,5.4375,246420.0,3349000,6014000
2017-08-10,114.41496276855469,8.729999542236328,4.507969379425049,144.5,8.729999542236328,5.367499828338623,155.0,8.949999809265137,5.477499961853027,144.0,8.699999809265137,5.364999771118164,154.5,8.859999656677246,5.477499961853027,338510.0,4087400,6085200
2017-08-11,111.24775695800781,8.779999732971191,4.568859100341797,140.5,8.779999732971191,5.440000057220459,145.5,8.880000114440918,5.457499980926514,136.5,8.6899995803833,5.267499923706055,144.0,8.710000038146973,5.309999942779541,363270.0,2997100,6477200
2017-08-14,107.68467712402344,8.949999809265137,4.587756156921387,136.0,8.949999809265137,5.462500095367432,144.5,9.0,5.497499942779541,135.0,8.789999961853027,5.429999828338623,143.0,8.829999923706055,5.487500190734863,317030.0,2693400,6135600
2017-08-15,104.91337585449219,8.819999694824219,4.394587993621826,132.5,8.819999694824219,5.232500076293945,138.5,9.010000228881836,5.442500114440918,129.0,8.800000190734863,5.195000171661377,137.0,8.970000267028809,5.425000190734863,368590.0,3952400,15553600
2017-08-16,105.30925750732422,8.829999923706055,4.491171836853027,133.0,8.829999923706055,5.347499847412109,137.5,8.90999984741211,5.372499942779541,131.5,8.8100004196167,5.269999980926514,133.5,8.899999618530273,5.28000020980835,257040.0,3874500,9757600
2017-08-17,104.12156677246094,8.720000267028809,4.430281162261963,131.5,8.720000267028809,5.275000095367432,139.0,8.899999618530273,5.414999961853027,131.5,8.6899995803833,5.25,133.0,8.8100004196167,5.34250020980835,327340.0,5144000,7758400
2017-08-18,102.93387603759766,8.680000305175781,4.455477714538574,130.0,8.680000305175781,5.304999828338623,132.0,8.770000457763672,5.332499980926514,120.5,8.630000114440918,5.242499828338623,131.0,8.739999771118164,5.262499809265137,712040.0,4295900,8494000
2017-08-21,103.32978820800781,8.579999923706055,4.405086040496826,130.5,8.579999923706055,5.244999885559082,131.5,8.680000305175781,5.340000152587891,124.30000305175781,8.470000267028809,5.242499828338623,130.0,8.619999885559082,5.289999961853027,405210.0,5013400,6532400
2017-08-22,101.74617004394531,8.789999961853027,4.543663501739502,128.5,8.789999961853027,5.409999847412109,134.5,8.890000343322754,5.422500133514404,125.30000305175781,8.670000076293945,5.272500038146973,131.5,8.670000076293945,5.28000020980835,299050.0,3311800,9895200
2017-08-23,99.37076568603516,8.829999923706055,4.510068893432617,125.5,8.829999923706055,5.369999885559082,128.0,8.850000381469727,5.454999923706055,124.0,8.729999542236328,5.302499771118164,127.5,8.75,5.397500038146973,267030.0,1822400,9731600
2017-08-24,101.35028076171875,8.949999809265137,4.573058128356934,128.0,8.949999809265137,5.445000171661377,133.8000030517578,8.989999771118164,5.53000020980835,125.0,8.8100004196167,5.412499904632568,125.5,8.890000343322754,5.4375,214480.0,2581400,16938400
2017-08-25,102.14208221435547,8.989999771118164,4.073339462280273,129.0,8.989999771118164,4.849999904632568,132.5,9.029999732971191,4.985000133514404,127.5,8.899999618530273,4.679999828338623,129.5,8.960000038146973,4.974999904632568,197590.0,3513700,82002800
2017-08-28,103.32978820800781,8.989999771118164,4.020847797393799,130.5,8.989999771118164,4.787499904632568,132.5,9.020000457763672,4.925000190734863,127.5,8.850000381469727,4.739999771118164,130.5,8.979999542236328,4.852499961853027,342320.0,2228100,20913600
2017-08-29,101.74617004394531,9.029999732971191,3.936861991882324,128.5,9.029999732971191,4.6875,129.5,9.069999694824219,4.767499923706055,124.5,8.850000381469727,4.659999847412109,128.5,8.920000076293945,4.732500076293945,302580.0,3492100,18670800
2017-08-30,106.4969711303711,9.069999694824219,3.945260524749756,134.5,9.069999694824219,4.697500228881836,135.0,9.109999656677246,4.742499828338623,126.5,9.0,4.670000076293945,128.0,9.039999961853027,4.6875,328210.0,4106600,8840400
2017-08-31,106.10106658935547,9.270000457763672,3.884370803833008,134.0,9.270000457763672,4.625,137.0,9.300000190734863,4.71750020980835,132.5,9.069999694824219,4.617499828338623,134.5,9.09000015258789,4.707499980926514,236050.0,3091600,10518400
2017-09-01,112.03956604003906,9.180000305175781,3.9200639724731445,141.5,9.180000305175781,4.667500019073486,143.5,9.329999923706055,4.71999979019165,132.0,9.15999984741211,4.650000095367432,132.0,9.329999923706055,4.650000095367432,323210.0,3625600,9377200
2017-09-05,114.81085968017578,9.010000228881836,3.976755380630493,145.0,9.010000228881836,4.735000133514404,145.8000030517578,9.100000381469727,4.739999771118164,140.5,8.890000343322754,4.639999866485596,142.0,9.069999694824219,4.672500133514404,552370.0,3549300,10584000
2017-09-06,114.01905822753906,9.0600004196167,4.060740947723389,144.0,9.0600004196167,4.835000038146973,146.0,9.149999618530273,4.837500095367432,141.5,8.970000267028809,4.747499942779541,145.0,9.010000228881836,4.75,298380.0,2268400,11683200
2017-09-07,109.26824951171875,9.109999656677246,4.037182807922363,138.0,9.109999656677246,4.712500095367432,146.0,9.149999618530273,4.835000038146973,137.3000030517578,9.039999961853027,4.702499866485596,144.0,9.069999694824219,4.755000114440918,772770.0,1699600,11212000
2017-09-08,107.25965881347656,9.010000228881836,4.10143518447876,133.5,9.010000228881836,4.787499904632568,138.5,9.119999885559082,4.797500133514404,130.5,9.0,4.684999942779541,135.0,9.100000381469727,4.712500095367432,215520.0,1488800,8876800
2017-09-11,113.28546905517578,9.15999984741211,4.112143039703369,141.0,9.15999984741211,4.800000190734863,144.0,9.170000076293945,4.862500190734863,135.0,9.050000190734863,4.78249979019165,135.5,9.0600004196167,4.802499771118164,233000.0,2221900,8818400
2017-09-12,114.08895111083984,9.279999732971191,4.182821273803711,142.0,9.279999732971191,4.882500171661377,145.3000030517578,9.319999694824219,4.985000133514404,140.0,9.029999732971191,4.802499771118164,140.0,9.100000381469727,4.815000057220459,241690.0,2175000,13388000
2017-09-13,122.12334442138672,9.180000305175781,4.287766456604004,152.0,9.180000305175781,5.005000114440918,153.5,9.34000015258789,5.010000228881836,141.5,9.140000343322754,4.887499809265137,142.5,9.3100004196167,4.900000095367432,364430.0,2802900,7023600
2017-09-14,128.95262145996094,9.270000457763672,4.300616264343262,160.5,9.270000457763672,5.019999980926514,163.5,9.3100004196167,5.074999809265137,152.0,9.09000015258789,4.972499847412109,152.0,9.130000114440918,5.014999866485596,720000.0,1920400,7686800
2017-09-15,136.18360900878906,9.270000457763672,4.345593452453613,169.5,9.270000457763672,5.072500228881836,171.3000030517578,9.350000381469727,5.110000133514404,161.0,9.220000267028809,5.0,161.0,9.279999732971191,5.017499923706055,667320.0,2951900,10021600
2017-09-18,133.77330017089844,9.260000228881836,4.319891929626465,166.5,9.260000228881836,5.042500019073486,176.5,9.350000381469727,5.15749979019165,162.0,9.239999771118164,5.025000095367432,172.0,9.300000190734863,5.097499847412109,418840.0,2966000,8383600
2017-09-19,125.73885345458984,9.140000343322754,4.32417631149292,156.5,9.140000343322754,5.047500133514404,167.0,9.3100004196167,5.065000057220459,155.0,9.109999656677246,4.980000019073486,167.0,9.260000228881836,5.042500019073486,390170.0,4285200,5441200
2017-09-20,123.3285140991211,9.850000381469727,4.304900646209717,153.5,9.850000381469727,5.025000095367432,162.5,9.949999809265137,5.045000076293945,152.0,9.069999694824219,5.002500057220459,157.5,9.149999618530273,5.03249979019165,292510.0,22585600,4860000
2017-09-21,126.94401550292969,9.609999656677246,4.259923458099365,158.0,9.609999656677246,4.972499847412109,158.5,9.859999656677246,5.047500133514404,151.0,9.550000190734863,4.96750020980835,154.5,9.84000015258789,5.0,259660.0,8271000,5662000
2017-09-22,127.74746704101562,9.130000114440918,4.285624027252197,159.0,9.130000114440918,5.002500057220459,160.0,9.630000114440918,5.010000228881836,154.0,9.119999885559082,4.965000152587891,158.0,9.579999923706055,4.96750020980835,165420.0,13302100,4003600
2017-09-25,121.72164154052734,9.140000343322754,4.377719402313232,151.5,9.140000343322754,5.110000133514404,161.5,9.229999542236328,5.117499828338623,150.5,9.069999694824219,5.002500057220459,157.5,9.140000343322754,5.007500171661377,464890.0,5663200,4635200
2017-09-26,123.73025512695312,9.140000343322754,4.422696590423584,154.0,9.140000343322754,5.162499904632568,157.5,9.25,5.192500114440918,151.0,9.109999656677246,5.085000038146973,152.0,9.180000305175781,5.137499809265137,182120.0,3113300,8520400
2017-09-27,124.53368377685547,9.229999542236328,4.465530872344971,155.0,9.229999542236328,5.212500095367432,157.3000030517578,9.3100004196167,5.242499828338623,150.3000030517578,9.140000343322754,5.125,155.0,9.140000343322754,5.195000171661377,216140.0,7518400,8193600
2017-09-28,120.51646423339844,10.470000267028809,4.452680587768555,150.0,10.470000267028809,5.197500228881836,153.5,10.829999923706055,5.232500076293945,147.5,9.779999732971191,5.152500152587891,153.5,9.880000114440918,5.202499866485596,310000.0,48211300,6883600
2017-09-29,118.10614776611328,11.180000305175781,4.424837589263916,147.0,11.180000305175781,5.164999961853027,150.0,11.34000015258789,5.212500095367432,142.5,10.40999984741211,5.130000114440918,148.5,10.4399995803833,5.199999809265137,338490.0,37658100,6262800
2017-10-02,118.10614776611328,11.34000015258789,4.384144306182861,147.0,11.34000015258789,5.117499828338623,151.5,11.520000457763672,5.170000076293945,144.5,11.069999694824219,5.087500095367432,150.0,11.130000114440918,5.162499904632568,197130.0,17449700,6238800
2017-10-03,127.74746704101562,11.119999885559082,4.328458786010742,159.0,11.119999885559082,5.052499771118164,159.5,11.380000114440918,5.127500057220459,147.5,11.039999961853027,5.022500038146973,147.5,11.319999694824219,5.125,329270.0,12461700,5561200
2017-10-04,126.94401550292969,11.079999923706055,4.337026596069336,158.0,11.079999923706055,5.0625,160.5,11.140000343322754,5.072500228881836,155.0,10.90999984741211,5.007500171661377,159.0,11.0,5.022500038146973,139590.0,8385600,4735200
2017-10-05,128.95262145996094,11.020000457763672,4.394852638244629,160.5,11.020000457763672,5.130000114440918,165.0,11.199999809265137,5.132500171661377,156.8000030517578,10.979999542236328,5.054999828338623,161.0,11.020000457763672,5.074999809265137,188070.0,4402800,4584000
2017-10-06,122.12334442138672,11.069999694824219,4.287766456604004,152.0,11.069999694824219,5.005000114440918,161.10000610351562,11.109999656677246,5.122499942779541,151.0,10.949999809265137,5.005000114440918,159.5,11.050000190734863,5.102499961853027,285640.0,3098400,6607200
2017-10-09,112.4820327758789,11.270000457763672,4.315608978271484,140.0,11.270000457763672,5.037499904632568,152.0,11.539999961853027,5.0625,138.3000030517578,11.0600004196167,4.997499942779541,152.0,11.09000015258789,5.017499923706055,632640.0,6470100,7199600
2017-10-10,111.27687072753906,11.34000015258789,4.332742691040039,138.5,11.34000015258789,5.057499885559082,143.0,11.489999771118164,5.072500228881836,136.5,11.260000228881836,4.987500190734863,141.5,11.319999694824219,5.047500133514404,345010.0,6126900,7053200
2017-10-11,110.47342681884766,11.390000343322754,4.195671558380127,137.5,11.390000343322754,4.897500038146973,141.5,11.449999809265137,5.054999828338623,135.5,11.329999923706055,4.864999771118164,138.5,11.4399995803833,5.054999828338623,267210.0,3804700,9236000
2017-10-12,111.27687072753906,11.489999771118164,4.176395893096924,138.5,11.489999771118164,4.875,139.5,11.550000190734863,4.922500133514404,133.5,11.34000015258789,4.829999923706055,139.0,11.470000267028809,4.897500038146973,227820.0,4778400,7103200
2017-10-13,110.47342681884766,11.569999694824219,4.221371650695801,137.5,11.569999694824219,4.927499771118164,140.5,11.779999732971191,4.942500114440918,137.5,11.460000038146973,4.877500057220459,137.5,11.489999771118164,4.909999847412109,112620.0,8264100,4371600
2017-10-16,110.47342681884766,11.369999885559082,4.1571197509765625,137.5,11.369999885559082,4.852499961853027,141.0,11.770000457763672,4.925000190734863,136.5,11.350000381469727,4.800000190734863,137.0,11.770000457763672,4.922500133514404,128420.0,4060300,6058800
2017-10-17,110.47342681884766,11.270000457763672,4.210662841796875,137.5,11.270000457763672,4.914999961853027,140.0,11.430000305175781,4.925000190734863,136.0,11.140000343322754,4.837500095367432,138.5,11.369999885559082,4.864999771118164,132270.0,5185000,5004400
2017-10-18,109.26828002929688,11.25,4.294191837310791,136.0,11.25,5.012499809265137,140.5,11.350000381469727,5.022500038146973,135.5,11.239999771118164,4.90500020980835,137.0,11.260000228881836,4.929999828338623,250870.0,2538800,7648800
2017-10-19,114.49063110351562,11.229999542236328,4.294191837310791,142.5,11.229999542236328,5.012499809265137,143.0,11.270000457763672,5.037499904632568,135.0,11.0600004196167,4.982500076293945,135.5,11.1899995803833,5.002500057220459,226610.0,3165800,5086400
2017-10-20,112.4820327758789,11.119999885559082,4.311325550079346,140.0,11.119999885559082,5.03249979019165,145.5,11.25,5.079999923706055,139.5,11.069999694824219,5.010000228881836,143.5,11.180000305175781,5.03249979019165,206890.0,4526400,6760800
2017-10-23,113.68720245361328,11.0,4.343451976776123,141.5,11.0,5.070000171661377,143.5,11.180000305175781,5.137499809265137,139.5,10.989999771118164,5.034999847412109,140.0,11.119999885559082,5.034999847412109,115500.0,3626700,6814400
2017-10-24,114.89237976074219,11.020000457763672,4.27491569519043,143.0,11.020000457763672,4.989999771118164,144.0,11.100000381469727,5.119999885559082,140.0,10.970000267028809,4.985000133514404,141.5,11.010000228881836,5.105000019073486,125850.0,3680500,6804800
2017-10-25,112.88374328613281,10.75,4.199955463409424,140.5,10.75,4.902500152587891,147.5,11.100000381469727,5.0,140.0,10.729999542236328,4.835000038146973,146.5,11.0600004196167,4.989999771118164,168780.0,4471000,10313600
2017-10-26,118.10614776611328,10.739999771118164,4.178537368774414,147.0,10.739999771118164,4.877500057220459,149.5,10.800000190734863,4.934999942779541,141.0,10.670000076293945,4.817500114440918,141.0,10.75,4.887499809265137,254050.0,2933300,8568400
2017-10-27,118.50786590576172,10.6899995803833,4.142127990722656,147.5,10.6899995803833,4.835000038146973,149.5,10.739999771118164,4.862500190734863,143.0,10.640000343322754,4.730000019073486,146.5,10.6899995803833,4.849999904632568,159480.0,2554100,8920800
2017-10-30,111.67859649658203,11.09000015258789,4.020048141479492,139.0,11.09000015258789,4.692500114440918,148.5,11.09000015258789,4.867499828338623,137.5,10.649999618530273,4.650000095367432,147.0,10.670000076293945,4.857500076293945,391480.0,4108600,9008000
2017-10-31,111.67859649658203,10.9399995803833,4.002914905548096,139.0,10.9399995803833,4.672500133514404,143.0,11.130000114440918,4.760000228881836,138.0,10.890000343322754,4.647500038146973,138.0,11.069999694824219,4.722499847412109,230540.0,3399200,8775600
2017-11-01,108.0631103515625,10.779999732971191,3.9836390018463135,134.5,10.779999732971191,4.650000095367432,141.0,11.039999961853027,4.737500190734863,131.0,10.770000457763672,4.632500171661377,141.0,10.970000267028809,4.667500019073486,373900.0,2337600,9954800
2017-11-02,103.24244689941406,10.710000038146973,3.9643630981445312,128.5,10.710000038146973,4.627500057220459,133.5,10.84000015258789,4.650000095367432,127.0,10.699999809265137,4.554999828338623,133.0,10.779999732971191,4.650000095367432,365350.0,2097800,11618400
2017-11-03,95.60973358154297,10.949999809265137,3.876551628112793,119.0,10.949999809265137,4.525000095367432,130.5,11.119999885559082,4.637499809265137,118.0,10.649999618530273,4.525000095367432,129.5,10.770000457763672,4.625,582950.0,6405200,8081600
2017-11-06,98.02006530761719,10.970000267028809,3.8187248706817627,122.0,10.970000267028809,4.457499980926514,123.5,11.039999961853027,4.552499771118164,114.5,10.859999656677246,4.427499771118164,120.5,11.029999732971191,4.517499923706055,663660.0,1884700,12196000
2017-11-07,98.82350158691406,10.829999923706055,3.664519786834717,123.0,10.829999923706055,4.277500152587891,129.0,10.989999771118164,4.497499942779541,112.5,10.770000457763672,4.267499923706055,118.5,10.920000076293945,4.46999979019165,839630.0,2041300,11377600
2017-11-08,94.80628967285156,10.819999694824219,3.683795690536499,118.0,10.819999694824219,4.300000190734863,122.5,10.899999618530273,4.322500228881836,116.5,10.75,4.244999885559082,120.5,10.850000381469727,4.292500019073486,451700.0,1443300,8921600
2017-11-09,91.59251403808594,10.760000228881836,3.760897636413574,114.0,10.760000228881836,4.389999866485596,120.0,10.84000015258789,4.497499942779541,113.5,10.6899995803833,4.277500152587891,117.5,10.800000190734863,4.284999847412109,452550.0,1776700,11451600
2017-11-10,88.37874603271484,10.779999732971191,3.5188815593719482,110.0,10.779999732971191,4.107500076293945,116.0,10.869999885559082,4.355000019073486,109.0,10.65999984741211,4.054999828338623,114.5,10.699999809265137,4.355000019073486,407950.0,1804200,23149600
2017-11-13,93.60111236572266,10.6899995803833,3.469621181488037,116.5,10.6899995803833,4.050000190734863,117.0,10.770000457763672,4.210000038146973,108.0,10.640000343322754,3.9774999618530273,111.5,10.720000267028809,4.107500076293945,407100.0,2337300,17498800
2017-11-14,98.02006530761719,10.399999618530273,3.4674794673919678,122.0,10.399999618530273,4.047500133514404,122.5,10.680000305175781,4.09499979019165,115.0,10.359999656677246,3.9625000953674316,118.0,10.630000114440918,4.025000095367432,324290.0,3468900,14071200
2017-11-15,100.83211517333984,10.329999923706055,3.426786184310913,125.5,10.329999923706055,4.0,127.0,10.369999885559082,4.125,119.0,10.0600004196167,3.9625000953674316,122.5,10.3100004196167,4.019999980926514,361790.0,5503000,15286000
2017-11-16,100.02867126464844,10.380000114440918,3.4653375148773193,124.5,10.380000114440918,4.045000076293945,129.5,10.529999732971191,4.197500228881836,123.0,10.369999885559082,4.002500057220459,126.0,10.380000114440918,4.002500057220459,267500.0,2124800,19420400
2017-11-17,104.04588317871094,10.300000190734863,3.493180274963379,129.5,10.300000190734863,4.077499866485596,131.5,10.40999984741211,4.144999980926514,124.0,10.199999809265137,4.037499904632568,125.0,10.390000343322754,4.077499866485596,287610.0,2753200,12778000
2017-11-20,102.43900299072266,10.239999771118164,3.521022319793701,127.5,10.239999771118164,4.110000133514404,129.0,10.300000190734863,4.114999771118164,123.0,10.229999542236328,4.007500171661377,128.0,10.279999732971191,4.099999904632568,204280.0,1704800,15186800
2017-11-21,102.03727722167969,10.539999961853027,3.5831332206726074,127.0,10.539999961853027,4.182499885559082,129.5,10.670000076293945,4.197500228881836,125.0,10.239999771118164,4.065000057220459,128.5,10.239999771118164,4.125,162450.0,4253000,37409600
2017-11-22,106.05448150634766,10.729999542236328,3.7202048301696777,132.0,10.729999542236328,4.34250020980835,133.3000030517578,10.779999732971191,4.675000190734863,125.0,10.579999923706055,4.324999809265137,126.0,10.600000381469727,4.462500095367432,250120.0,2865100,80569600
2017-11-24,111.27687072753906,10.789999961853027,3.7309136390686035,138.5,10.789999961853027,4.355000019073486,140.5,10.800000190734863,4.545000076293945,131.0,10.699999809265137,4.337500095367432,131.0,10.699999809265137,4.357500076293945,173950.0,1054900,25896800
2017-11-27,119.71302032470703,10.880000114440918,3.8915441036224365,149.0,10.880000114440918,4.542500019073486,150.0,10.930000305175781,4.547500133514404,139.3000030517578,10.710000038146973,4.397500038146973,140.0,10.729999542236328,4.397500038146973,400000.0,2203100,23387200
2017-11-28,129.7560577392578,10.930000305175781,4.073591709136963,161.5,10.930000305175781,4.755000114440918,164.0,11.039999961853027,4.764999866485596,144.0,10.869999885559082,4.542500019073486,149.5,10.869999885559082,4.542500019073486,753520.0,2993600,23533600
2017-11-29,123.73025512695312,10.649999618530273,4.1806793212890625,154.0,10.649999618530273,4.880000114440918,164.0,10.9399995803833,4.922500133514404,150.0,10.550000190734863,4.764999866485596,163.0,10.920000076293945,4.772500038146973,424100.0,3238400,25909200
2017-11-30,114.49063110351562,10.770000457763672,4.095493793487549,142.5,10.770000457763672,4.6875,156.5,10.819999694824219,4.835000038146973,140.5,10.630000114440918,4.675000190734863,156.5,10.6899995803833,4.804999828338623,527770.0,2199100,20098800
2017-12-01,114.08320617675781,10.789999961853027,4.099861145019531,140.0,10.789999961853027,4.692500114440918,143.0,10.850000381469727,4.789999961853027,136.39999389648438,10.600000381469727,4.619999885559082,140.5,10.850000381469727,4.682499885559082,226440.0,2876100,15327600
2017-12-04,116.52784729003906,10.4399995803833,4.2374701499938965,143.0,10.4399995803833,4.849999904632568,146.5,10.899999618530273,4.965000152587891,140.5,10.4399995803833,4.747499942779541,141.5,10.819999694824219,4.760000228881836,221850.0,3351500,17445200
2017-12-05,117.75017547607422,10.34000015258789,4.209075450897217,144.5,10.34000015258789,4.817500114440918,149.0,10.609999656677246,4.912499904632568,143.0,10.34000015258789,4.737500190734863,146.5,10.470000267028809,4.882500171661377,316770.0,2838700,12323600
2017-12-06,116.12041473388672,10.210000038146973,4.152284145355225,142.5,10.210000038146973,4.752500057220459,150.0,10.329999923706055,4.837500095367432,141.5,10.130000114440918,4.732500076293945,149.0,10.329999923706055,4.817500114440918,382790.0,3528700,9721200
2017-12-07,116.93529510498047,10.289999961853027,4.069282054901123,143.5,10.289999961853027,4.65749979019165,145.0,10.359999656677246,4.787499904632568,140.5,10.229999542236328,4.652500152587891,141.5,10.34000015258789,4.747499942779541,193120.0,2352700,13109200
2017-12-08,119.37994384765625,10.25,4.193784236907959,146.5,10.25,4.800000190734863,147.0,10.369999885559082,4.84499979019165,142.0,10.220000267028809,4.667500019073486,144.0,10.329999923706055,4.71999979019165,190000.0,2884500,12568400
2017-12-11,124.26920318603516,10.5600004196167,4.165389060974121,152.5,10.5600004196167,4.767499923706055,154.5,10.579999923706055,4.840000152587891,146.0,10.279999732971191,4.667500019073486,146.0,10.329999923706055,4.820000171661377,313200.0,3513400,14610000
2017-12-12,124.26920318603516,10.65999984741211,4.174126625061035,152.5,10.65999984741211,4.777500152587891,160.0,10.680000305175781,4.824999809265137,151.5,10.460000038146973,4.739999771118164,156.5,10.59000015258789,4.787499904632568,330880.0,3868100,10131600
2017-12-13,123.45433044433594,10.649999618530273,4.078019142150879,151.5,10.649999618530273,4.667500019073486,153.5,10.789999961853027,4.789999961853027,146.3000030517578,10.649999618530273,4.652500152587891,153.5,10.6899995803833,4.775000095367432,269580.0,2967400,12346400
2017-12-14,128.75103759765625,10.670000076293945,4.014675140380859,158.0,10.670000076293945,4.59499979019165,158.0,10.829999923706055,4.732500076293945,152.0,10.619999885559082,4.585000038146973,152.0,10.699999809265137,4.702499866485596,238410.0,2959500,11272400
2017-12-15,123.04689025878906,10.84000015258789,4.0059380531311035,151.0,10.84000015258789,4.585000038146973,159.0,10.930000305175781,4.644999980926514,149.0,10.699999809265137,4.542500019073486,157.5,10.739999771118164,4.610000133514404,441260.0,5425400,15500800
2017-12-18,124.26920318603516,10.9399995803833,4.07583475112915,152.5,10.9399995803833,4.664999961853027,154.0,11.199999809265137,4.6875,143.5,10.84000015258789,4.599999904632568,151.0,10.920000076293945,4.612500190734863,366880.0,6173700,12825600
2017-12-19,124.26920318603516,10.869999885559082,4.016859531402588,152.5,10.869999885559082,4.597499847412109,153.5,11.069999694824219,4.699999809265137,150.0,10.8100004196167,4.59250020980835,152.5,10.979999542236328,4.675000190734863,149760.0,10480100,9014800
2017-12-20,121.00968170166016,12.170000076293945,3.986279249191284,148.5,12.170000076293945,4.5625,153.0,12.359999656677246,4.65749979019165,148.0,11.579999923706055,4.552499771118164,153.0,11.619999885559082,4.632500171661377,226090.0,29639600,9218000
2017-12-21,125.49150848388672,11.800000190734863,4.029964923858643,154.0,11.800000190734863,4.612500190734863,156.0,12.300000190734863,4.617499828338623,150.5,11.789999961853027,4.502500057220459,151.0,12.229999542236328,4.572500228881836,286730.0,13246400,11448400
2017-12-22,121.4171371459961,11.600000381469727,3.9950175285339355,149.0,11.600000381469727,4.572500228881836,155.0,11.8100004196167,4.632500171661377,147.0,11.5600004196167,4.5625,154.0,11.729999542236328,4.612500190734863,264500.0,4822600,8341600
2017-12-26,117.34272766113281,11.279999732971191,4.0430707931518555,144.0,11.279999732971191,4.627500057220459,149.5,11.630000114440918,4.795000076293945,141.3000030517578,11.270000457763672,4.567500114440918,148.0,11.479999542236328,4.572500228881836,350120.0,4165900,12936800
2017-12-27,114.89807891845703,11.220000267028809,3.986279249191284,141.0,11.220000267028809,4.5625,144.0,11.399999618530273,4.642499923706055,140.0,11.199999809265137,4.550000190734863,143.5,11.3100004196167,4.627500057220459,201980.0,3787300,7350400
2017-12-28,121.00968170166016,11.350000381469727,3.9688057899475098,148.5,11.350000381469727,4.542500019073486,149.0,11.390000343322754,4.570000171661377,140.0,11.25,4.505000114440918,140.5,11.34000015258789,4.567500114440918,250610.0,2608800,7757600
2017-12-29,123.04689025878906,11.170000076293945,3.9207520484924316,151.0,11.170000076293945,4.487500190734863,154.3000030517578,11.430000305175781,4.582499980926514,147.5,11.15999984741211,4.485000133514404,148.5,11.40999984741211,4.557499885559082,265340.0,2667300,8255600
2018-01-02,125.49150848388672,12.020000457763672,3.988463878631592,154.0,12.020000457763672,4.565000057220459,156.5,12.020000457763672,4.572500228881836,149.0,11.25,4.445000171661377,152.0,11.25,4.489999771118164,225720.0,10455500,11330800
2018-01-03,122.2320327758789,13.529999732971191,3.975358724594116,150.0,13.529999732971191,4.550000190734863,155.0,13.5600004196167,4.59250020980835,149.0,12.510000228881836,4.480000019073486,154.5,12.760000228881836,4.572500228881836,163100.0,23127400,15156800
2018-01-04,117.75017547607422,13.369999885559082,4.001570224761963,144.5,13.369999885559082,4.579999923706055,151.0,13.970000267028809,4.59499979019165,143.5,13.130000114440918,4.489999771118164,150.0,13.800000190734863,4.550000190734863,214100.0,13856300,11125200
2018-01-05,114.89807891845703,13.829999923706055,4.080202579498291,141.0,13.829999923706055,4.670000076293945,145.60000610351562,14.100000381469727,4.682499885559082,140.5,13.449999809265137,4.554999828338623,145.0,13.600000381469727,4.59499979019165,200900.0,15985800,12076000
2018-01-08,112.45345306396484,14.119999885559082,4.2003374099731445,138.0,14.119999885559082,4.807499885559082,143.5,14.130000114440918,4.849999904632568,136.5,13.579999923706055,4.699999809265137,143.0,14.0,4.699999809265137,234740.0,10456700,14673600
2018-01-09,113.2683334350586,14.399999618530273,4.270233631134033,139.0,14.399999618530273,4.887499809265137,140.0,14.550000190734863,4.9375,135.5,14.130000114440918,4.827499866485596,137.5,14.220000267028809,4.827499866485596,200480.0,10719800,14650400
2018-01-10,113.6757583618164,13.670000076293945,4.2986297607421875,139.5,13.670000076293945,4.920000076293945,142.5,14.3100004196167,4.980000019073486,135.5,13.619999885559082,4.832499980926514,136.0,14.3100004196167,4.847499847412109,268220.0,12157100,16051200
2018-01-11,114.89807891845703,13.449999809265137,4.35978889465332,141.0,13.449999809265137,4.989999771118164,141.5,13.699999809265137,5.077499866485596,137.5,13.329999923706055,4.942500114440918,139.0,13.699999809265137,4.980000019073486,214900.0,11397800,16852400
2018-01-12,117.75017547607422,13.649999618530273,3.879251003265381,144.5,13.649999618530273,4.440000057220459,147.0,13.729999542236328,4.635000228881836,139.5,13.449999809265137,4.40749979019165,141.5,13.470000267028809,4.625,465680.0,6310900,61783200
2018-01-16,111.23112487792969,13.8100004196167,3.748194932937622,136.5,13.8100004196167,4.289999961853027,146.0,14.550000190734863,4.570000171661377,136.10000610351562,13.550000190734863,4.260000228881836,145.0,14.369999885559082,4.5,226280.0,16808400,31410000
2018-01-17,112.04598999023438,13.670000076293945,3.822460174560547,137.5,13.670000076293945,4.375,139.5,13.979999542236328,4.427499771118164,136.60000610351562,13.569999694824219,4.292500019073486,137.0,13.90999984741211,4.309999942779541,102380.0,6052400,17038800
2018-01-18,109.19392395019531,13.25,3.9010939598083496,134.0,13.25,4.465000152587891,138.0,13.609999656677246,4.482500076293945,133.5,13.25,4.302499771118164,137.5,13.59000015258789,4.367499828338623,196820.0,7371700,17062800
2018-01-19,107.56415557861328,13.3100004196167,3.960068464279175,132.0,13.3100004196167,4.53249979019165,134.5,13.399999618530273,4.545000076293945,131.0,13.149999618530273,4.4375,133.5,13.350000381469727,4.472499847412109,131460.0,5073900,12776000
2018-01-22,107.97161865234375,13.279999732971191,3.833381414413452,132.5,13.279999732971191,4.387499809265137,134.0,13.369999885559082,4.567500114440918,130.5,13.140000343322754,4.367499828338623,132.5,13.260000228881836,4.554999828338623,198140.0,4450100,20939200
2018-01-23,109.19392395019531,13.529999732971191,3.800616979598999,134.0,13.529999732971191,4.349999904632568,137.0,13.550000190734863,4.392499923706055,131.5,13.199999809265137,4.292500019073486,133.5,13.210000038146973,4.380000114440918,173450.0,5436900,14514000
2018-01-24,107.56415557861328,13.25,3.7088782787323,132.0,13.25,4.244999885559082,136.5,13.640000343322754,4.362500190734863,131.0,13.130000114440918,4.182499885559082,134.0,13.600000381469727,4.349999904632568,172480.0,4412100,16295600
2018-01-25,107.15672302246094,13.050000190734863,3.6782987117767334,131.5,13.050000190734863,4.210000038146973,133.0,13.380000114440918,4.260000228881836,130.0,13.010000228881836,4.152500152587891,132.5,13.300000190734863,4.244999885559082,117590.0,4384000,10807200
2018-01-26,104.71208190917969,13.430000305175781,3.7263522148132324,128.5,13.430000305175781,4.264999866485596,132.0,13.529999732971191,4.272500038146973,124.0,13.050000190734863,4.152500152587891,131.5,13.100000381469727,4.215000152587891,357500.0,4544500,13395200
2018-01-29,104.71208190917969,13.0,3.7460107803344727,128.5,13.0,4.287499904632568,129.5,13.430000305175781,4.300000190734863,126.5,12.970000267028809,4.199999809265137,128.0,13.430000305175781,4.262499809265137,204520.0,6722000,12618800
2018-01-30,102.67489624023438,12.579999923706055,3.72853684425354,126.0,12.579999923706055,4.267499923706055,128.5,12.9399995803833,4.304999828338623,125.0,12.5600004196167,4.215000152587891,127.5,12.850000381469727,4.269999980926514,249470.0,9359200,7544000
2018-01-31,104.30465698242188,12.65999984741211,3.671745777130127,128.0,12.65999984741211,4.202499866485596,128.5,12.869999885559082,4.317500114440918,125.5,12.520000457763672,4.175000190734863,126.0,12.65999984741211,4.284999847412109,119060.0,4796300,10996800
2018-02-01,110.0087890625,12.899999618530273,3.638982057571411,135.0,12.899999618530273,4.164999961853027,136.0,12.979999542236328,4.252500057220459,126.5,12.619999885559082,4.142499923706055,128.0,12.619999885559082,4.175000190734863,218650.0,6212700,11748400
2018-02-02,113.6757583618164,12.40999984741211,3.5450587272644043,139.5,12.40999984741211,4.057499885559082,142.3000030517578,12.989999771118164,4.164999961853027,133.5,12.319999694824219,4.054999828338623,135.0,12.720000267028809,4.139999866485596,268130.0,8448900,13014000
2018-02-05,108.7864990234375,11.859999656677246,3.4183714389801025,133.5,11.859999656677246,3.9124999046325684,139.0,12.40999984741211,4.054999828338623,132.0,11.819999694824219,3.9100000858306885,138.0,12.199999809265137,4.034999847412109,162360.0,7869800,16524400
2018-02-06,112.04598999023438,12.0,3.525400161743164,137.5,12.0,4.034999847412109,138.0,12.0600004196167,4.09499979019165,128.0,11.279999732971191,3.7750000953674316,130.0,11.539999961853027,3.8399999141693115,192720.0,7600400,19848800
2018-02-07,115.71297454833984,11.75,3.5974807739257812,142.0,11.75,4.117499828338623,144.0,12.039999961853027,4.167500019073486,137.0,11.65999984741211,4.037499904632568,137.5,11.90999984741211,4.039999961853027,273160.0,4394000,17654000
2018-02-08,112.04598999023438,11.40999984741211,3.4576878547668457,137.5,11.40999984741211,3.9574999809265137,143.0,11.960000038146973,4.137499809265137,136.3000030517578,11.399999618530273,3.940000057220459,143.0,11.779999732971191,4.112500190734863,156420.0,4987500,17146800
2018-02-09,109.60137176513672,11.609999656677246,3.5319533348083496,134.5,11.609999656677246,4.042500019073486,138.0,11.739999771118164,4.082499980926514,129.0,11.109999656677246,3.9175000190734863,137.0,11.510000228881836,3.994999885559082,210150.0,6270700,22563600
2018-02-12,113.2683334350586,11.729999542236328,3.4511353969573975,139.0,11.729999542236328,3.950000047683716,143.3000030517578,11.930000305175781,4.082499980926514,134.0,11.6899995803833,3.9049999713897705,136.5,11.739999771118164,4.072500228881836,172730.0,3913000,9727200
2018-02-13,112.86087036132812,11.770000457763672,3.4030816555023193,138.5,11.770000457763672,3.8949999809265137,141.0,11.8100004196167,3.9649999141693115,135.5,11.619999885559082,3.872499942779541,139.0,11.670000076293945,3.940000057220459,185900.0,2227900,9855600
2018-02-14,116.12041473388672,12.100000381469727,3.542874336242676,142.5,12.100000381469727,4.054999828338623,145.0,12.170000076293945,4.099999904632568,137.0,11.569999694824219,3.882499933242798,137.0,11.630000114440918,3.8949999809265137,198100.0,5068500,12863600
2018-02-15,119.37994384765625,12.119999885559082,3.5843751430511475,146.5,12.119999885559082,4.102499961853027,148.8000030517578,12.329999923706055,4.125,142.3000030517578,11.890000343322754,4.059999942779541,144.0,12.180000305175781,4.074999809265137,214560.0,3709800,9052400
2018-02-16,117.34272766113281,12.0600004196167,3.582191228866577,144.0,12.0600004196167,4.099999904632568,149.0,12.130000114440918,4.242499828338623,143.0,11.90999984741211,4.0625,146.5,12.029999732971191,4.130000114440918,143300.0,3374300,10824400
2018-02-20,118.15760040283203,12.109999656677246,3.464240789413452,145.0,12.109999656677246,3.9649999141693115,150.0,12.210000038146973,4.079999923706055,143.10000610351562,11.90999984741211,3.944999933242798,146.5,11.960000038146973,4.074999809265137,200230.0,2512300,9959200
2018-02-21,117.34272766113281,12.199999809265137,3.4271082878112793,144.0,12.199999809265137,3.922499895095825,148.5,12.420000076293945,4.052499771118164,143.5,12.119999885559082,3.9149999618530273,145.0,12.15999984741211,3.9749999046325684,116410.0,3699500,12124800
2018-02-22,116.52784729003906,11.90999984741211,3.411818742752075,143.0,11.90999984741211,3.9049999713897705,149.0,12.279999732971191,3.9825000762939453,142.5,11.869999885559082,3.8924999237060547,145.0,12.220000267028809,3.952500104904175,146280.0,3347700,9808800
2018-02-23,121.00968170166016,12.550000190734863,3.4882681369781494,148.5,12.550000190734863,3.992500066757202,149.0,12.640000343322754,3.997499942779541,143.0,11.960000038146973,3.9175000190734863,145.5,12.0,3.947499990463257,182690.0,12075100,10321200
2018-02-26,125.8989486694336,12.579999923706055,3.5122947692871094,154.5,12.579999923706055,4.019999980926514,159.0,12.670000076293945,4.025000095367432,148.5,12.380000114440918,3.9600000381469727,148.5,12.619999885559082,4.0,367410.0,4227100,11084800
2018-02-27,128.34361267089844,12.350000381469727,3.4008970260620117,157.5,12.350000381469727,3.8924999237060547,158.8000030517578,12.640000343322754,4.147500038146973,152.10000610351562,12.3100004196167,3.8924999237060547,154.5,12.5600004196167,4.025000095367432,216740.0,3582100,17896000
2018-02-28,122.2320327758789,12.140000343322754,3.4271082878112793,150.0,12.140000343322754,3.922499895095825,158.8000030517578,12.449999809265137,3.987499952316284,148.5,12.130000114440918,3.8949999809265137,158.0,12.4399995803833,3.9124999046325684,374410.0,3067700,18948000
2018-03-01,120.19481658935547,12.109999656677246,3.4882681369781494,147.5,12.109999656677246,3.992500066757202,160.0,12.289999961853027,4.057499885559082,145.0,11.930000305175781,3.940000057220459,159.5,12.149999618530273,3.947499990463257,373940.0,3975900,12530000
2018-03-02,128.34361267089844,12.359999656677246,3.564343214035034,157.5,12.359999656677246,3.9825000762939453,158.5,12.390000343322754,3.997499942779541,145.0,11.760000228881836,3.8450000286102295,147.0,11.920000076293945,3.890000104904175,326980.0,3909600,14215600
2018-03-05,128.34361267089844,12.390000343322754,3.5911929607391357,157.5,12.390000343322754,4.012499809265137,160.0,12.449999809265137,4.027500152587891,155.5,12.199999809265137,3.9200000762939453,158.0,12.239999771118164,3.9674999713897705,216040.0,3350700,16944400
2018-03-06,129.97337341308594,12.4399995803833,3.593430280685425,159.5,12.4399995803833,4.014999866485596,160.8000030517578,12.5600004196167,4.042500019073486,153.0,12.329999923706055,3.950000047683716,158.0,12.520000457763672,4.012499809265137,171170.0,3549800,10670400
2018-03-07,127.9361801147461,12.5,3.566580057144165,157.0,12.5,3.984999895095825,159.8000030517578,12.5,4.042500019073486,152.5,12.25,3.9600000381469727,159.0,12.300000190734863,3.9625000953674316,138550.0,2918400,11957600
2018-03-08,126.71385192871094,12.890000343322754,3.499455451965332,155.5,12.890000343322754,3.9100000858306885,160.0,13.1899995803833,4.012499809265137,155.0,12.470000267028809,3.869999885559082,156.0,12.529999732971191,3.987499952316284,127630.0,9666000,11897600
2018-03-09,129.6031036376953,12.869999885559082,3.546442985534668,157.0,12.869999885559082,3.9625000953674316,158.5,13.029999732971191,3.9725000858306885,153.0,12.710000038146973,3.877500057220459,154.0,13.010000228881836,3.922499895095825,137710.0,4633300,15879600
2018-03-12,129.1903533935547,12.819999694824219,3.4793176651000977,156.5,12.819999694824219,3.887500047683716,158.3000030517578,13.039999961853027,4.002500057220459,154.5,12.789999961853027,3.875,157.0,12.930000305175781,3.9625000953674316,112920.0,3219900,15514400
2018-03-13,121.76087188720703,12.609999656677246,3.4927427768707275,147.5,12.609999656677246,3.9024999141693115,158.5,12.930000305175781,4.002500057220459,146.5,12.59000015258789,3.8949999809265137,157.0,12.899999618530273,3.9075000286102295,220640.0,3248500,11566000
2018-03-14,124.23735046386719,12.800000190734863,3.4591803550720215,150.5,12.800000190734863,3.865000009536743,151.3000030517578,12.859999656677246,3.9549999237060547,147.0,12.649999618530273,3.8575000762939453,149.0,12.720000267028809,3.930000066757202,106130.0,3193400,10072400
2018-03-15,121.76087188720703,13.25,3.4256176948547363,147.5,13.25,3.827500104904175,151.5,13.270000457763672,3.9049999713897705,146.5,12.850000381469727,3.815000057220459,150.5,12.850000381469727,3.875,105290.0,5907200,7468000
2018-03-16,117.22063446044922,12.949999809265137,3.450230121612549,142.0,12.949999809265137,3.8550000190734863,148.0,13.300000190734863,3.9149999618530273,140.0,12.920000076293945,3.8299999237060547,148.0,13.260000228881836,3.8350000381469727,236330.0,4856700,20336000
2018-03-19,116.80787658691406,12.720000267028809,3.3137428760528564,141.5,12.720000267028809,3.702500104904175,142.0,12.920000076293945,3.8524999618530273,137.5,12.510000228881836,3.690000057220459,142.0,12.90999984741211,3.809999942779541,198800.0,5099000,15904400
2018-03-20,115.98236083984375,13.079999923706055,3.2376673221588135,140.5,13.079999923706055,3.617500066757202,145.0,13.380000114440918,3.737499952316284,139.5,12.989999771118164,3.5875000953674316,142.0,13.300000190734863,3.7049999237060547,114520.0,8732000,17136000
2018-03-21,116.80787658691406,13.15999984741211,3.136979818344116,141.5,13.15999984741211,3.505000114440918,146.0,13.279999732971191,3.612499952316284,139.5,13.029999732971191,3.502500057220459,139.5,13.149999618530273,3.577500104904175,100950.0,4859800,17644800
2018-03-22,113.91864013671875,12.819999694824219,3.0944671630859375,138.0,12.819999694824219,3.4574999809265137,143.0,13.199999809265137,3.5225000381469727,135.8000030517578,12.789999961853027,3.3975000381469727,139.5,13.0600004196167,3.484999895095825,141450.0,7395200,17769200
2018-03-23,114.744140625,12.4399995803833,3.020629644393921,139.0,12.4399995803833,3.375,143.0,12.920000076293945,3.484999895095825,138.0,12.4399995803833,3.372499942779541,138.5,12.880000114440918,3.4800000190734863,147320.0,5244900,15245600
2018-03-26,115.15687561035156,13.09000015258789,3.1414546966552734,139.5,13.09000015258789,3.509999990463257,141.5,13.09000015258789,3.5225000381469727,137.5,12.5600004196167,3.3975000381469727,141.0,12.65999984741211,3.424999952316284,94660.0,5479300,20062800
2018-03-27,112.26764678955078,12.399999618530273,3.105654716491699,136.0,12.399999618530273,3.4700000286102295,141.0,13.180000305175781,3.552500009536743,135.5,12.369999885559082,3.442500114440918,140.5,13.180000305175781,3.5174999237060547,139200.0,8945500,17923600
2018-03-28,111.44213104248047,12.199999809265137,3.166067123413086,135.0,12.199999809265137,3.5374999046325684,141.0,12.989999771118164,3.577500104904175,134.5,12.119999885559082,3.452500104904175,136.5,12.960000038146973,3.5,128980.0,13223000,30536000
2018-03-29,115.98236083984375,11.5,2.8237290382385254,140.5,11.5,3.1549999713897705,142.5,12.229999542236328,3.25,136.0,11.479999542236328,3.049999952316284,136.0,12.100000381469727,3.1624999046325684,143150.0,12367500,101847200
2018-04-02,116.80787658691406,10.720000267028809,2.8684794902801514,141.5,10.720000267028809,3.2049999237060547,146.0,11.420000076293945,3.319999933242798,139.5,10.670000076293945,3.125,139.5,11.359999656677246,3.127500057220459,186410.0,12376200,44520000
2018-04-03,125.88834381103516,10.4399995803833,2.910991907119751,152.5,10.4399995803833,3.252500057220459,153.3000030517578,10.859999656677246,3.2825000286102295,142.0,10.3100004196167,3.1500000953674316,142.0,10.779999732971191,3.1600000858306885,241240.0,8092700,22988800
2018-04-04,127.12657928466797,10.529999732971191,2.9848296642303467,154.0,10.529999732971191,3.3350000381469727,158.0,10.5600004196167,3.369999885559082,148.0,10.0600004196167,3.177500009536743,150.0,10.199999809265137,3.2049999237060547,290280.0,7275300,25535200
2018-04-05,134.96881103515625,10.470000267028809,3.034054756164551,163.5,10.470000267028809,3.390000104904175,164.0,10.75,3.4075000286102295,153.5,10.260000228881836,3.317500114440918,156.0,10.569999694824219,3.3375000953674316,289370.0,5768500,20562400
2018-04-06,135.79434204101562,10.1899995803833,3.004967212677002,164.5,10.1899995803833,3.3575000762939453,168.0,10.489999771118164,3.4149999618530273,161.0,10.050000190734863,3.309999942779541,162.0,10.3100004196167,3.3550000190734863,230900.0,5470600,16953200
2018-04-09,135.79434204101562,10.180000305175781,3.0161545276641846,164.5,10.180000305175781,3.369999885559082,168.5,10.399999618530273,3.440000057220459,164.5,10.180000305175781,3.3575000762939453,166.0,10.270000457763672,3.377500057220459,142460.0,3948100,22814400
2018-04-10,138.68356323242188,10.630000114440918,3.0609047412872314,168.0,10.630000114440918,3.4200000762939453,170.0,10.680000305175781,3.4649999141693115,165.0,10.270000457763672,3.377500057220459,166.0,10.369999885559082,3.4200000762939453,157950.0,7305100,23154400
2018-04-11,137.85804748535156,10.350000381469727,3.0967047214508057,167.0,10.350000381469727,3.4600000381469727,170.0,10.59000015258789,3.494999885559082,166.5,10.329999923706055,3.4000000953674316,167.0,10.59000015258789,3.4049999713897705,97330.0,3647900,17136000
2018-04-12,136.2070770263672,10.539999961853027,3.0497169494628906,165.0,10.539999961853027,3.4075000286102295,169.0,10.619999885559082,3.4674999713897705,164.0,10.359999656677246,3.367500066757202,167.5,10.399999618530273,3.4649999141693115,89500.0,3478400,12457600
2018-04-13,139.92181396484375,10.5,3.0452418327331543,169.5,10.5,3.4024999141693115,170.0,10.670000076293945,3.484999895095825,163.0,10.430000305175781,3.387500047683716,165.5,10.630000114440918,3.432499885559082,109090.0,3735500,12754800
2018-04-16,141.5728302001953,10.510000228881836,3.0899922847747803,171.5,10.510000228881836,3.452500104904175,175.5,10.579999923706055,3.4749999046325684,168.5,10.40999984741211,3.4000000953674316,171.5,10.5600004196167,3.432499885559082,182970.0,2451300,12910800
2018-04-17,143.6365509033203,10.770000457763672,3.119079828262329,174.0,10.770000457763672,3.484999895095825,177.0,10.800000190734863,3.5450000762939453,171.5,10.520000457763672,3.4600000381469727,174.0,10.529999732971191,3.4725000858306885,154720.0,3519700,17155600
2018-04-18,144.87477111816406,10.789999961853027,3.056429386138916,175.5,10.789999961853027,3.4149999618530273,178.5,10.84000015258789,3.507499933242798,172.0,10.630000114440918,3.4000000953674316,175.5,10.8100004196167,3.497499942779541,147010.0,2681600,14293200
2018-04-19,142.39830017089844,10.600000381469727,3.025104522705078,172.5,10.600000381469727,3.380000114440918,179.5,10.8100004196167,3.444999933242798,171.5,10.529999732971191,3.362499952316284,176.5,10.779999732971191,3.4149999618530273,158750.0,2656100,10029600
2018-04-20,140.3345489501953,10.630000114440918,2.881904125213623,170.0,10.630000114440918,3.2200000286102295,175.0,10.710000038146973,3.384999990463257,167.5,10.539999961853027,3.202500104904175,173.5,10.5600004196167,3.367500066757202,212850.0,2857000,24803200
2018-04-23,141.5728302001953,10.640000343322754,2.9535043239593506,171.5,10.640000343322754,3.299999952316284,175.5,10.770000457763672,3.3375000953674316,169.0,10.550000190734863,3.2249999046325684,170.0,10.640000343322754,3.2249999046325684,120090.0,3068400,14771600
2018-04-24,141.9855499267578,10.399999618530273,3.0004918575286865,172.0,10.399999618530273,3.3524999618530273,173.0,10.779999732971191,3.4100000858306885,168.0,10.279999732971191,3.2799999713897705,173.0,10.649999618530273,3.322499990463257,103050.0,4408200,14454400
2018-04-25,142.39830017089844,10.369999885559082,3.0116794109344482,172.5,10.369999885559082,3.365000009536743,173.0,10.430000305175781,3.4075000286102295,169.0,10.199999809265137,3.322499990463257,172.0,10.380000114440918,3.3375000953674316,121010.0,3441100,14588400
2018-04-26,141.9855499267578,10.550000190734863,3.0586671829223633,172.0,10.550000190734863,3.4175000190734863,175.0,10.550000190734863,3.4700000286102295,171.0,10.380000114440918,3.362499952316284,172.5,10.399999618530273,3.4000000953674316,87380.0,2334000,12848000
2018-04-27,141.9855499267578,10.449999809265137,3.101179599761963,172.0,10.449999809265137,3.4649999141693115,176.0,10.6899995803833,3.4774999618530273,170.0,10.4399995803833,3.4000000953674316,172.0,10.609999656677246,3.4200000762939453,116300.0,2149800,10002400
2018-04-30,144.0492706298828,10.470000267028809,3.054192304611206,174.5,10.470000267028809,3.4124999046325684,175.1999969482422,10.59000015258789,3.5,171.5,10.430000305175781,3.390000104904175,172.5,10.460000038146973,3.492500066757202,107580.0,2655800,12607600
2018-05-01,135.38156127929688,10.529999732971191,3.098942279815674,164.0,10.529999732971191,3.4625000953674316,176.0,10.539999961853027,3.4725000858306885,163.0,10.319999694824219,3.367500066757202,174.0,10.470000267028809,3.3949999809265137,202360.0,2112300,9638800
2018-05-02,136.2070770263672,10.850000381469727,3.009442090988159,165.0,10.850000381469727,3.362499952316284,168.5,11.010000228881836,3.4674999713897705,163.5,10.489999771118164,3.3375000953674316,164.5,10.510000228881836,3.4649999141693115,91860.0,6254600,12727200
2018-05-03,136.61981201171875,10.710000038146973,2.8707168102264404,165.5,10.710000038146973,3.2074999809265137,167.5,10.850000381469727,3.372499942779541,162.5,10.640000343322754,3.200000047683716,165.0,10.8100004196167,3.3550000190734863,147420.0,3371700,20365600
2018-05-04,134.55609130859375,10.84000015258789,2.908754348754883,163.0,10.84000015258789,3.25,168.0,10.890000343322754,3.2699999809265137,161.5,10.609999656677246,3.184999942779541,165.5,10.640000343322754,3.2074999809265137,159060.0,2476200,19612400
2018-05-07,141.9855499267578,10.989999771118164,2.8841419219970703,172.0,10.989999771118164,3.2225000858306885,174.0,11.079999923706055,3.257499933242798,163.5,10.859999656677246,3.194999933242798,164.5,10.869999885559082,3.255000114440918,256290.0,2627400,12474000
2018-05-08,138.68356323242188,11.119999885559082,2.861766815185547,168.0,11.119999885559082,3.197499990463257,176.0,11.149999618530273,3.234999895095825,165.0,10.859999656677246,3.137500047683716,176.0,11.0,3.2100000381469727,472460.0,2821300,15356000
2018-05-09,132.49234008789062,11.579999923706055,2.893091917037964,160.5,11.579999923706055,3.2325000762939453,168.5,11.579999923706055,3.240000009536743,159.0,11.119999885559082,3.1524999141693115,167.5,11.199999809265137,3.2049999237060547,226480.0,4903500,15011600
2018-05-10,135.79434204101562,11.880000114440918,2.915466785430908,164.5,11.880000114440918,3.257499933242798,168.5,11.880000114440918,3.299999952316284,161.5,11.539999961853027,3.2200000286102295,161.5,11.670000076293945,3.240000009536743,173020.0,4274700,12474000
2018-05-11,134.55609130859375,11.600000381469727,2.8438665866851807,163.0,11.600000381469727,3.177500009536743,166.0,11.880000114440918,3.2100000381469727,161.0,11.529999732971191,3.117500066757202,165.0,11.850000381469727,3.1500000953674316,108460.0,3899600,22029600
2018-05-14,135.38156127929688,11.619999885559082,2.9669296741485596,164.0,11.619999885559082,3.315000057220459,166.5,11.789999961853027,3.369999885559082,163.5,11.600000381469727,3.1524999141693115,163.5,11.640000343322754,3.172499895095825,97180.0,3202900,23629600
2018-05-15,136.61981201171875,11.699999809265137,3.022867202758789,165.5,11.699999809265137,3.377500057220459,167.0,11.710000038146973,3.4024999141693115,163.0,11.390000343322754,3.307499885559082,164.0,11.510000228881836,3.3125,92010.0,3133000,15160800
2018-05-16,137.03257751464844,11.609999656677246,3.0318171977996826,166.0,11.609999656677246,3.387500047683716,167.5,11.760000228881836,3.4700000286102295,164.10000610351562,11.600000381469727,3.3324999809265137,165.0,11.739999771118164,3.4375,79340.0,1860500,26954000
2018-05-17,137.03257751464844,11.579999923706055,3.0474796295166016,166.0,11.579999923706055,3.4049999713897705,170.0,11.6899995803833,3.442500114440918,163.5,11.489999771118164,3.369999885559082,167.0,11.600000381469727,3.375,85280.0,1870500,11648000
2018-05-18,132.90509033203125,11.539999961853027,2.7879292964935303,161.0,11.539999961853027,3.115000009536743,167.0,11.600000381469727,3.382499933242798,159.5,11.510000228881836,3.065000057220459,166.0,11.520000457763672,3.382499933242798,146830.0,1785900,40947600
2018-05-21,132.49234008789062,11.520000457763672,2.8595292568206787,160.5,11.520000457763672,3.194999933242798,162.5,11.670000076293945,3.2225000858306885,158.5,11.479999542236328,3.122499942779541,161.0,11.609999656677246,3.130000114440918,140130.0,1225300,20262800
2018-05-22,128.77760314941406,11.59000015258789,2.834916830062866,156.0,11.59000015258789,3.1675000190734863,162.0,11.649999618530273,3.2274999618530273,155.5,11.5600004196167,3.134999990463257,161.0,11.600000381469727,3.194999933242798,165900.0,1655800,18169600
2018-05-23,125.47560119628906,11.600000381469727,2.846104383468628,152.0,11.600000381469727,3.180000066757202,157.3000030517578,11.609999656677246,3.1875,151.0,11.390000343322754,3.109999895095825,156.0,11.430000305175781,3.134999990463257,159920.0,2268700,12640400
2018-05-24,125.88834381103516,11.569999694824219,2.850579261779785,152.5,11.569999694824219,3.184999942779541,155.0,11.600000381469727,3.194999933242798,150.5,11.449999809265137,3.112499952316284,152.0,11.529999732971191,3.1449999809265137,214310.0,1543700,12308000
2018-05-25,124.23735046386719,11.75,2.834916830062866,150.5,11.75,3.1675000190734863,155.3000030517578,11.75,3.200000047683716,149.0,11.470000267028809,3.1449999809265137,152.5,11.520000457763672,3.190000057220459,143570.0,2418500,9776000
2018-05-29,119.28437805175781,11.729999542236328,2.9199419021606445,144.5,11.729999542236328,3.262500047683716,150.0,11.899999618530273,3.2774999141693115,143.5,11.609999656677246,3.137500047683716,150.0,11.65999984741211,3.1449999809265137,235420.0,3180100,16962800
2018-05-30,122.58634948730469,11.899999618530273,3.002729654312134,148.5,11.899999618530273,3.3550000190734863,149.5,11.920000076293945,3.4000000953674316,144.0,11.6899995803833,3.2225000858306885,145.0,11.720000267028809,3.2750000953674316,131880.0,3009200,19965200
2018-05-31,122.17362213134766,11.829999923706055,2.9535043239593506,148.0,11.829999923706055,3.299999952316284,149.5,12.029999732971191,3.3975000381469727,146.5,11.829999923706055,3.242500066757202,148.5,11.880000114440918,3.369999885559082,100790.0,3998800,25956800
2018-06-01,122.17362213134766,11.640000343322754,3.069854736328125,148.0,11.640000343322754,3.430000066757202,149.5,11.9399995803833,3.430000066757202,146.0,11.59000015258789,3.197499990463257,148.5,11.9399995803833,3.200000047683716,92730.0,4041400,103296000
2018-06-04,120.10987854003906,11.90999984741211,3.186204671859741,145.5,11.90999984741211,3.559999942779541,149.0,11.920000076293945,3.5625,144.0,11.649999618530273,3.359999895095825,147.5,11.65999984741211,3.447499990463257,140940.0,3897000,29186400
2018-06-05,121.76087188720703,12.15999984741211,3.2667548656463623,147.5,12.15999984741211,3.6500000953674316,149.8000030517578,12.220000267028809,3.6624999046325684,144.5,11.869999885559082,3.5,145.5,11.890000343322754,3.559999942779541,133760.0,4193500,22786000
2018-06-06,121.3481216430664,12.539999961853027,3.226480007171631,147.0,12.539999961853027,3.6050000190734863,147.5,12.539999961853027,3.672499895095825,144.5,12.210000038146973,3.5625,147.0,12.270000457763672,3.6700000762939453,140000.0,4545200,20594400
2018-06-07,120.93537902832031,12.25,3.24214243888855,146.5,12.25,3.622499942779541,148.8000030517578,12.550000190734863,3.6624999046325684,145.0,12.15999984741211,3.5924999713897705,147.0,12.539999961853027,3.625,124750.0,3593200,12854000
2018-06-08,120.93537139892578,12.100000381469727,3.2510921955108643,144.5,12.100000381469727,3.632499933242798,145.8000030517578,12.199999809265137,3.6549999713897705,142.5,12.039999961853027,3.6024999618530273,145.0,12.199999809265137,3.632499933242798,136390.0,2609000,20124000
2018-06-11,125.11996459960938,12.069999694824219,3.2832586765289307,149.5,12.069999694824219,3.572499990463257,151.3000030517578,12.170000076293945,3.5824999809265137,144.5,12.039999961853027,3.515000104904175,144.5,12.050000190734863,3.5374999046325684,159290.0,2690300,18871200
2018-06-12,130.97845458984375,12.329999923706055,3.228116512298584,156.5,12.329999923706055,3.512500047683716,157.0,12.470000267028809,3.5924999713897705,148.0,12.039999961853027,3.512500047683716,149.5,12.100000381469727,3.5799999237060547,159480.0,4246900,13536400
2018-06-13,129.30458068847656,12.329999923706055,3.062689781188965,154.5,12.329999923706055,3.3324999809265137,159.5,12.449999809265137,3.492500066757202,153.8000030517578,12.260000228881836,3.262500047683716,159.5,12.399999618530273,3.492500066757202,104420.0,2223200,35296400
2018-06-14,131.8153533935547,12.220000267028809,2.9524056911468506,157.5,12.220000267028809,3.2125000953674316,158.0,12.390000343322754,3.3299999237060547,153.5,12.1899995803833,3.174999952316284,154.5,12.369999885559082,3.325000047683716,129580.0,1725600,30128800
2018-06-15,130.5599822998047,12.3100004196167,3.2074382305145264,156.0,12.3100004196167,3.490000009536743,158.0,12.329999923706055,3.5899999141693115,154.3000030517578,12.020000457763672,3.190000057220459,157.5,12.170000076293945,3.190000057220459,145090.0,3681300,52570800
2018-06-18,133.90765380859375,12.199999809265137,3.492339611053467,160.0,12.199999809265137,3.799999952316284,161.0,12.279999732971191,3.944999933242798,155.0,12.069999694824219,3.3424999713897705,155.5,12.1899995803833,3.487499952316284,140340.0,2169800,95155600
2018-06-19,135.99996948242188,11.890000343322754,3.6187071800231934,162.5,11.890000343322754,3.9375,162.5,12.09000015258789,3.940000057220459,156.8000030517578,11.680000305175781,3.7750000953674316,159.0,12.020000457763672,3.8375000953674316,98350.0,3278000,40562400
2018-06-20,138.92919921875,11.899999618530273,3.6095168590545654,166.0,11.899999618530273,3.927500009536743,167.3000030517578,12.069999694824219,3.952500104904175,160.0,11.800000190734863,3.8299999237060547,164.5,11.880000114440918,3.944999933242798,160720.0,3417300,20656800
2018-06-21,143.95074462890625,11.699999809265137,3.568160057067871,172.0,11.699999809265137,3.882499933242798,175.5,11.899999618530273,3.994999885559082,167.0,11.640000343322754,3.872499942779541,169.0,11.859999656677246,3.952500104904175,240330.0,4294600,14252400
2018-06-22,138.92919921875,10.680000305175781,3.5658624172210693,166.0,10.680000305175781,3.880000114440918,174.0,12.100000381469727,3.922499895095825,164.5,10.489999771118164,3.7774999141693115,172.5,12.020000457763672,3.887500047683716,228610.0,17887000,38308800
2018-06-25,138.09228515625,10.010000228881836,3.47166109085083,165.0,10.010000228881836,3.7774999141693115,167.0,10.600000381469727,3.930000066757202,162.0,9.970000267028809,3.734999895095825,166.0,10.550000190734863,3.8524999618530273,144680.0,11728000,10738800
2018-06-26,132.6522979736328,10.119999885559082,3.4394948482513428,158.5,10.119999885559082,3.742500066757202,165.39999389648438,10.180000305175781,3.799999952316284,157.5,9.720000267028809,3.672499895095825,165.0,10.079999923706055,3.797499895095825,219450.0,10170500,10790000
2018-06-27,130.5599822998047,9.699999809265137,3.3544840812683105,156.0,9.699999809265137,3.6500000953674316,163.0,10.289999961853027,3.7925000190734863,155.0,9.699999809265137,3.6449999809265137,158.5,10.1899995803833,3.75,133010.0,7780900,9022800
2018-06-28,135.1630401611328,9.760000228881836,3.418816566467285,161.5,9.760000228881836,3.7200000286102295,162.0,9.829999923706055,3.7225000858306885,156.5,9.520000457763672,3.622499942779541,156.5,9.760000228881836,3.6475000381469727,108890.0,6499700,7620800
2018-06-29,133.0707550048828,9.649999618530273,3.3475914001464844,159.0,9.649999618530273,3.6424999237060547,162.0,9.850000381469727,3.7674999237060547,158.0,9.619999885559082,3.627500057220459,162.0,9.850000381469727,3.747499942779541,99900.0,5423800,13604400
2018-07-02,131.8153533935547,9.960000038146973,3.253389835357666,157.5,9.960000038146973,3.5399999618530273,159.0,10.039999961853027,3.674999952316284,155.5,9.510000228881836,3.507499933242798,158.5,9.579999923706055,3.6475000381469727,115880.0,4318500,14893200
2018-07-03,132.6522979736328,10.0,3.228116512298584,158.5,10.0,3.512500047683716,159.5,10.079999923706055,3.577500104904175,155.8000030517578,9.899999618530273,3.5,159.5,9.970000267028809,3.5425000190734863,72930.0,3160700,5157200
2018-07-05,140.60304260253906,9.800000190734863,3.3613767623901367,168.0,9.800000190734863,3.6575000286102295,168.5,10.09000015258789,3.674999952316284,160.0,9.779999732971191,3.509999990463257,160.0,10.09000015258789,3.5199999809265137,162350.0,5091100,18887200
2018-07-06,144.78765869140625,9.920000076293945,3.480851411819458,173.0,9.920000076293945,3.7874999046325684,174.5,9.960000038146973,3.807499885559082,166.8000030517578,9.800000190734863,3.6600000858306885,167.5,9.819999694824219,3.6675000190734863,172980.0,2726900,16204400
2018-07-09,143.5323028564453,10.039999961853027,3.5543744564056396,171.5,10.039999961853027,3.867500066757202,176.0,10.069999694824219,3.9075000286102295,169.5,9.859999656677246,3.7925000190734863,173.5,9.970000267028809,3.8924999237060547,149400.0,3092800,15678000
2018-07-10,145.20614624023438,10.079999923706055,3.4142212867736816,173.5,10.079999923706055,3.7149999141693115,174.0,10.15999984741211,3.884999990463257,170.0,9.949999809265137,3.702500104904175,173.0,10.020000457763672,3.882499933242798,89690.0,2630900,11666800
2018-07-11,145.62460327148438,9.880000114440918,3.377459764480591,174.0,9.880000114440918,3.674999952316284,178.5,10.020000457763672,3.7074999809265137,171.10000610351562,9.859999656677246,3.615000009536743,173.5,9.960000038146973,3.692500114440918,172050.0,2552100,9150800
2018-07-12,142.27688598632812,10.09000015258789,3.4670662879943848,170.0,10.09000015258789,3.7725000381469727,176.0,10.130000114440918,3.7799999713897705,169.0,9.90999984741211,3.684999942779541,174.0,9.90999984741211,3.6875,189880.0,2979800,7703600
2018-07-13,142.69537353515625,10.199999809265137,3.5107204914093018,170.5,10.199999809265137,3.819999933242798,171.5,10.220000267028809,3.865000009536743,165.1999969482422,10.079999923706055,3.747499942779541,170.5,10.100000381469727,3.747499942779541,144260.0,2668700,9328800
2018-07-16,139.76611328125,10.100000381469727,3.496934652328491,167.0,10.100000381469727,3.805000066757202,172.0,10.229999542236328,3.8450000286102295,165.0,10.09000015258789,3.765000104904175,171.5,10.199999809265137,3.817500114440918,126990.0,1791800,7226000
2018-07-17,141.02149963378906,10.109999656677246,3.349889039993286,168.5,10.109999656677246,3.6449999809265137,171.0,10.149999618530273,3.8550000190734863,165.5,9.90999984741211,3.634999990463257,167.5,10.010000228881836,3.7925000190734863,104280.0,2891300,12180400
2018-07-18,136.83689880371094,10.010000228881836,3.349889039993286,163.5,10.010000228881836,3.6449999809265137,168.0,10.149999618530273,3.6624999046325684,161.0,10.0,3.5799999237060547,166.5,10.149999618530273,3.6500000953674316,144300.0,2194800,8198800
2018-07-19,137.673828125,10.329999923706055,3.428006887435913,164.5,10.329999923706055,3.7300000190734863,167.5,10.470000267028809,3.757499933242798,157.5,9.880000114440918,3.625,162.5,9.930000305175781,3.6449999809265137,161350.0,14437000,6913600
2018-07-20,133.4892120361328,10.279999732971191,3.464768409729004,159.5,10.279999732971191,3.7699999809265137,164.5,10.630000114440918,3.802500009536743,159.0,10.270000457763672,3.7200000286102295,164.0,10.630000114440918,3.7274999618530273,129990.0,7450300,8591600
2018-07-23,130.14151000976562,10.390000343322754,3.421114206314087,155.5,10.390000343322754,3.7225000858306885,160.0,10.4399995803833,3.7725000381469727,152.5,10.050000190734863,3.694999933242798,158.5,10.380000114440918,3.762500047683716,247950.0,5465100,7335200
2018-07-24,129.72305297851562,10.229999542236328,3.395840644836426,155.0,10.229999542236328,3.694999933242798,157.0,10.5,3.744999885559082,153.0,10.199999809265137,3.6649999618530273,155.0,10.430000305175781,3.744999885559082,160760.0,3729400,6170400
2018-07-25,127.63074493408203,10.319999694824219,3.333805799484253,152.5,10.319999694824219,3.627500057220459,156.8000030517578,10.350000381469727,3.674999952316284,152.0,10.0600004196167,3.5625,155.5,10.300000190734863,3.672499895095825,140820.0,3366200,13380000
2018-07-26,131.39691162109375,10.260000228881836,3.402733564376831,157.0,10.260000228881836,3.702500104904175,159.3000030517578,10.350000381469727,3.759999990463257,152.5,10.140000343322754,3.625,153.0,10.260000228881836,3.627500057220459,127920.0,3542100,6756800
2018-07-27,131.39691162109375,9.989999771118164,3.4073288440704346,157.0,9.989999771118164,3.7074999809265137,159.5,10.300000190734863,3.742500066757202,153.6999969482422,9.960000038146973,3.637500047683716,157.5,10.300000190734863,3.7274999618530273,108880.0,4301300,5658000
2018-07-30,128.46766662597656,9.699999809265137,3.377459764480591,153.5,9.699999809265137,3.674999952316284,156.0,10.050000190734863,3.744999885559082,152.5,9.600000381469727,3.6475000381469727,155.5,10.029999732971191,3.7200000286102295,115830.0,6168100,6311200
2018-07-31,136.41845703125,9.8100004196167,3.3108296394348145,163.0,9.8100004196167,3.6024999618530273,168.0,9.890000343322754,3.682499885559082,154.5,9.460000038146973,3.6024999618530273,154.5,9.720000267028809,3.680000066757202,367720.0,5038000,11030000
2018-08-01,134.32614135742188,9.739999771118164,3.384352684020996,160.5,9.739999771118164,3.682499885559082,168.0,9.880000114440918,3.7200000286102295,155.0,9.670000076293945,3.5999999046325684,167.0,9.800000190734863,3.6050000190734863,430660.0,2643000,8318800
2018-08-02,138.5107421875,10.010000228881836,3.359079122543335,165.5,10.010000228881836,3.6549999713897705,168.5,10.039999961853027,3.694999933242798,156.5,9.640000343322754,3.6024999618530273,158.5,9.649999618530273,3.6524999141693115,321110.0,3809000,10116400
2018-08-03,143.5323028564453,10.069999694824219,3.411923885345459,171.5,10.069999694824219,3.7125000953674316,175.0,10.079999923706055,3.7249999046325684,156.5,9.829999923706055,3.6500000953674316,158.5,10.029999732971191,3.672499895095825,305390.0,3763700,10228800
2018-08-06,144.78765869140625,10.1899995803833,3.4142212867736816,173.0,10.1899995803833,3.7149999141693115,177.0,10.220000267028809,3.744999885559082,169.5,10.050000190734863,3.684999942779541,171.5,10.100000381469727,3.7200000286102295,208670.0,2417900,8300000
2018-08-07,143.95074462890625,9.850000381469727,3.473958969116211,172.0,9.850000381469727,3.7799999713897705,179.5,10.289999961853027,3.805000066757202,171.5,9.779999732971191,3.7049999237060547,174.0,10.180000305175781,3.7300000190734863,216650.0,6670200,7813600
2018-08-08,146.46151733398438,10.319999694824219,3.5038273334503174,175.0,10.319999694824219,3.8125,176.3000030517578,10.350000381469727,3.8299999237060547,170.0,9.859999656677246,3.752500057220459,171.5,9.869999885559082,3.7799999713897705,255410.0,5291100,8715600
2018-08-09,141.43995666503906,10.460000038146973,3.4946370124816895,169.0,10.460000038146973,3.802500009536743,183.5,10.520000457763672,3.865000009536743,167.0,10.300000190734863,3.744999885559082,175.5,10.329999923706055,3.8125,449790.0,3898900,9370800
2018-08-10,146.04302978515625,10.300000190734863,3.5199105739593506,174.5,10.300000190734863,3.8299999237060547,175.0,10.380000114440918,3.9000000953674316,165.5,10.199999809265137,3.7750000953674316,168.5,10.359999656677246,3.7950000762939453,185110.0,3725400,9665600
2018-08-13,146.04302978515625,10.289999961853027,3.4946370124816895,174.5,10.289999961853027,3.802500009536743,177.3000030517578,10.470000267028809,3.8450000286102295,172.5,10.260000228881836,3.7774999141693115,173.5,10.319999694824219,3.8375000953674316,130090.0,2974000,8403600
2018-08-14,146.46151733398438,10.220000267028809,3.561267375946045,175.0,10.220000267028809,3.875,178.0,10.399999618530273,3.8924999237060547,172.6999969482422,10.15999984741211,3.799999952316284,175.5,10.390000343322754,3.817500114440918,182090.0,1879600,7813600
2018-08-15,148.13536071777344,9.949999809265137,3.542886734008789,177.0,9.949999809265137,3.8550000190734863,178.8000030517578,10.1899995803833,3.875,173.0,9.899999618530273,3.797499895095825,174.5,10.100000381469727,3.865000009536743,229810.0,3612900,8390400
2018-08-16,151.4830322265625,10.079999923706055,3.496934652328491,181.0,10.079999923706055,3.805000066757202,184.5,10.15999984741211,3.890000104904175,172.0,9.979999542236328,3.805000066757202,173.0,10.0,3.884999990463257,384410.0,2018500,6878800
2018-08-17,153.57534790039062,10.069999694824219,3.5222082138061523,183.5,10.069999694824219,3.8324999809265137,188.0,10.119999885559082,3.8375000953674316,179.8000030517578,9.880000114440918,3.747499942779541,180.5,10.119999885559082,3.7925000190734863,195710.0,2554800,6533200
2018-08-20,155.2492218017578,10.140000343322754,3.6416831016540527,185.5,10.140000343322754,3.9625000953674316,187.0,10.170000076293945,3.994999885559082,181.0,10.039999961853027,3.8375000953674316,184.5,10.069999694824219,3.8499999046325684,172320.0,2599800,14427600
2018-08-21,157.7599639892578,10.119999885559082,3.788728952407837,188.5,10.119999885559082,4.122499942779541,193.3000030517578,10.289999961853027,4.142499923706055,186.0,10.069999694824219,3.9574999809265137,186.0,10.149999618530273,4.0,151200.0,2317300,20772800
2018-08-22,159.01535034179688,10.170000076293945,3.901311159133911,190.0,10.170000076293945,4.244999885559082,195.5,10.25,4.317500114440918,187.0,10.0600004196167,4.127500057220459,188.5,10.09000015258789,4.135000228881836,162130.0,2676700,26422400
2018-08-23,160.68919372558594,10.260000228881836,3.850764036178589,192.0,10.260000228881836,4.190000057220459,192.5,10.4399995803833,4.302499771118164,185.10000610351562,10.100000381469727,4.15500020980835,190.0,10.130000114440918,4.244999885559082,108940.0,4653600,14334000
2018-08-24,160.270751953125,10.600000381469727,3.8025143146514893,191.5,10.600000381469727,4.137499809265137,194.0,10.649999618530273,4.210000038146973,190.0,10.300000190734863,4.050000190734863,191.5,10.390000343322754,4.190000057220459,130100.0,5285000,18102400
2018-08-27,156.5045928955078,10.779999732971191,3.3797574043273926,187.0,10.779999732971191,3.677500009536743,192.3000030517578,10.8100004196167,4.125,187.0,10.600000381469727,3.637500047683716,191.5,10.75,4.117499828338623,148640.0,6418500,58779600
2018-08-28,160.270751953125,10.9399995803833,3.2235212326049805,191.5,10.9399995803833,3.507499933242798,192.0,11.0,3.6875,185.0,10.75,3.5,187.0,10.859999656677246,3.677500009536743,119930.0,4236500,27288000
2018-08-29,158.59690856933594,10.819999694824219,3.244199514389038,189.5,10.819999694824219,3.5299999713897705,192.5,11.039999961853027,3.575000047683716,189.5,10.729999542236328,3.4375,191.0,10.970000267028809,3.5350000858306885,90170.0,4151000,16398400
2018-08-30,157.34152221679688,10.600000381469727,3.1201298236846924,188.0,10.600000381469727,3.3949999809265137,190.0,10.779999732971191,3.497499942779541,186.5,10.5600004196167,3.380000114440918,188.5,10.75,3.497499942779541,79480.0,2673700,15733600
2018-08-31,159.43380737304688,10.670000076293945,3.0489044189453125,190.5,10.670000076293945,3.317500114440918,191.0,10.699999809265137,3.4075000286102295,185.0,10.520000457763672,3.2950000762939453,187.5,10.539999961853027,3.4024999141693115,125660.0,2870300,14896000
2018-09-04,161.10765075683594,10.640000343322754,3.228116512298584,192.5,10.640000343322754,3.512500047683716,193.5,10.649999618530273,3.5250000953674316,189.0,10.430000305175781,3.2699999809265137,190.5,10.550000190734863,3.2925000190734863,170950.0,2750300,23744000
2018-09-05,161.52613830566406,9.970000267028809,3.735884428024292,193.0,9.970000267028809,4.065000057220459,204.5,10.630000114440918,4.132500171661377,186.6999969482422,9.960000038146973,3.490000009536743,192.0,10.609999656677246,3.492500066757202,404790.0,5702300,69886400
2018-09-06,165.2922821044922,9.850000381469727,3.70831298828125,197.5,9.850000381469727,4.034999847412109,200.0,10.100000381469727,4.0625,192.5,9.779999732971191,3.7699999809265137,194.5,10.0,4.037499904632568,216100.0,4271700,27108800
2018-09-07,168.25148010253906,10.020000457763672,3.7060153484344482,199.0,10.020000457763672,4.03249979019165,202.0,10.100000381469727,4.09499979019165,194.5,9.670000076293945,3.690000057220459,195.0,9.8100004196167,3.8125,243790.0,2966400,27182400
2018-09-10,168.25148010253906,9.970000267028809,3.676146984100342,199.0,9.970000267028809,4.0,201.5,10.119999885559082,4.087500095367432,195.0,9.90999984741211,3.9674999713897705,199.5,10.100000381469727,4.039999961853027,150240.0,3339600,10910800
2018-09-11,167.40597534179688,10.300000190734863,3.7129085063934326,198.0,10.300000190734863,4.039999961853027,201.0,10.300000190734863,4.150000095367432,194.5,9.899999618530273,4.0,200.0,9.90999984741211,4.0,145170.0,2679000,11164000
2018-09-12,169.51971435546875,10.279999732971191,3.8277881145477295,200.5,10.279999732971191,4.164999961853027,201.5,10.359999656677246,4.190000057220459,196.0,10.119999885559082,4.042500019073486,197.0,10.300000190734863,4.042500019073486,108130.0,2543800,13583200
2018-09-13,169.9424591064453,10.260000228881836,3.9150965213775635,201.0,10.260000228881836,4.260000228881836,201.5,10.449999809265137,4.260000228881836,198.0,10.229999542236328,4.152500152587891,200.5,10.34000015258789,4.177499771118164,73710.0,2316800,14758000
2018-09-14,167.40597534179688,10.300000190734863,3.857656955718994,198.0,10.300000190734863,4.197500228881836,213.0,10.390000343322754,4.25,197.0,10.210000038146973,4.117499828338623,210.0,10.279999732971191,4.242499828338623,518430.0,2520100,12021600
2018-09-17,168.67420959472656,10.109999656677246,3.904672622680664,199.5,10.109999656677246,4.152500152587891,200.5,10.350000381469727,4.215000152587891,191.5,10.079999923706055,4.125,197.5,10.15999984741211,4.177499771118164,230280.0,2787600,8928000
2018-09-18,169.09695434570312,10.260000228881836,3.8788137435913086,200.0,10.260000228881836,4.125,206.5,10.3100004196167,4.170000076293945,197.0,10.119999885559082,4.087500095367432,199.0,10.130000114440918,4.105000019073486,173360.0,2324900,7147200
2018-09-19,174.5926055908203,10.210000038146973,3.9023220539093018,206.5,10.210000038146973,4.150000095367432,207.0,10.289999961853027,4.199999809265137,199.5,10.130000114440918,4.112500190734863,202.0,10.239999771118164,4.125,263760.0,2068300,7192800
2018-09-20,175.43809509277344,10.34000015258789,3.8764631748199463,207.5,10.34000015258789,4.122499942779541,209.5,10.380000114440918,4.202499866485596,205.5,10.170000076293945,4.112500190734863,209.5,10.229999542236328,4.150000095367432,139900.0,4302300,6416400
2018-09-21,180.51100158691406,10.40999984741211,3.8835155963897705,213.5,10.40999984741211,4.130000114440918,214.5,10.4399995803833,4.1875,207.0,10.289999961853027,4.107500076293945,208.0,10.34000015258789,4.112500190734863,321810.0,3544500,12163600
2018-09-24,185.98104858398438,10.420000076293945,3.6484360694885254,204.0,10.420000076293945,3.880000114440918,207.0,10.5,4.105000019073486,197.0,10.270000457763672,3.872499942779541,199.0,10.399999618530273,4.105000019073486,217500.0,2893700,14310800
2018-09-25,181.42266845703125,10.399999618530273,3.7659757137298584,199.0,10.399999618530273,4.005000114440918,204.0,10.609999656677246,4.022500038146973,194.5,10.399999618530273,3.825000047683716,204.0,10.40999984741211,3.9100000858306885,228990.0,2547500,8250000
2018-09-26,183.7018585205078,10.319999694824219,3.664891481399536,201.5,10.319999694824219,3.8975000381469727,203.5,10.4399995803833,4.034999847412109,197.5,10.25,3.884999990463257,198.5,10.350000381469727,4.034999847412109,154910.0,2410300,7605200
2018-09-27,186.43687438964844,10.1899995803833,3.6554882526397705,204.5,10.1899995803833,3.887500047683716,206.0,10.350000381469727,3.9375,200.5,10.140000343322754,3.8575000762939453,201.0,10.350000381469727,3.9200000762939453,157370.0,4319200,8096800
2018-09-28,186.89271545410156,11.380000114440918,3.5896661281585693,205.0,11.380000114440918,3.817500114440918,206.0,12.0,3.9625000953674316,202.0,10.430000305175781,3.797499895095825,204.0,10.430000305175781,3.884999990463257,182700.0,31223700,10103200
2018-10-01,181.0580291748047,10.829999923706055,3.5920166969299316,198.60000610351562,10.829999923706055,3.819999933242798,206.0,11.75,3.884999990463257,197.5,10.8100004196167,3.744999885559082,205.39999389648438,11.470000267028809,3.819999933242798,193970.0,10993300,16239200
2018-10-02,180.14633178710938,10.359999656677246,3.495634078979492,197.60000610351562,10.359999656677246,3.7174999713897705,201.5,10.9399995803833,3.827500104904175,195.3000030517578,10.350000381469727,3.7100000381469727,198.0,10.819999694824219,3.7925000190734863,219010.0,7071800,11512800
2018-10-03,183.1548614501953,10.5600004196167,3.507388114929199,200.89999389648438,10.5600004196167,3.7300000190734863,202.6999969482422,10.630000114440918,3.7925000190734863,196.10000610351562,10.170000076293945,3.6875,198.0,10.380000114440918,3.75,185490.0,5580800,8054400
2018-10-04,182.0608367919922,10.260000228881836,3.483880043029785,199.6999969482422,10.260000228881836,3.7049999237060547,202.5,10.510000228881836,3.7799999713897705,197.39999389648438,10.220000267028809,3.680000066757202,199.60000610351562,10.5,3.742500066757202,137890.0,4392000,6086400
2018-10-05,179.59933471679688,10.020000457763672,3.4509692192077637,197.0,10.020000457763672,3.6700000762939453,201.10000610351562,10.329999923706055,3.7325000762939453,194.8000030517578,9.880000114440918,3.6449999809265137,200.0,10.210000038146973,3.7074999809265137,156670.0,6416200,9294800
2018-10-08,178.6876678466797,9.9399995803833,3.5214929580688477,196.0,9.9399995803833,3.744999885559082,198.60000610351562,10.149999618530273,3.797499895095825,191.6999969482422,9.84000015258789,3.6649999618530273,195.3000030517578,9.930000305175781,3.677500009536743,156750.0,4739600,9040400
2018-10-09,178.77882385253906,9.760000228881836,3.469775438308716,196.10000610351562,9.760000228881836,3.690000057220459,198.5,10.010000228881836,3.862499952316284,195.39999389648438,9.699999809265137,3.674999952316284,196.3000030517578,9.890000343322754,3.7325000762939453,99830.0,4765000,9622800
2018-10-10,170.93844604492188,9.25,3.4862310886383057,187.5,9.25,3.7074999809265137,199.3000030517578,9.699999809265137,3.7925000190734863,187.0,9.25,3.702500104904175,196.5,9.6899995803833,3.702500104904175,175870.0,7860400,7850400
2018-10-11,167.83877563476562,9.510000228881836,3.4462673664093018,184.10000610351562,9.510000228881836,3.6649999618530273,188.39999389648438,9.800000190734863,3.7750000953674316,184.0,9.140000343322754,3.6624999046325684,185.5,9.180000305175781,3.697499990463257,153580.0,9698800,8384000
2018-10-12,171.94129943847656,9.600000381469727,3.4791786670684814,188.60000610351562,9.600000381469727,3.700000047683716,189.60000610351562,9.819999694824219,3.7874999046325684,185.0,9.449999809265137,3.674999952316284,186.39999389648438,9.789999961853027,3.7249999046325684,205140.0,4313500,7710400
2018-10-15,175.6791229248047,9.470000267028809,3.4979848861694336,192.6999969482422,9.470000267028809,3.7200000286102295,193.1999969482422,9.569999694824219,3.7674999237060547,186.3000030517578,9.350000381469727,3.694999933242798,188.39999389648438,9.5600004196167,3.702500104904175,157730.0,3682500,6000400
2018-10-16,183.7018585205078,9.770000457763672,3.594367504119873,201.5,9.770000457763672,3.822499990463257,201.60000610351562,9.789999961853027,3.825000047683716,193.6999969482422,9.539999961853027,3.694999933242798,194.10000610351562,9.569999694824219,3.742500066757202,245130.0,3277000,8160800
2018-10-17,180.6021728515625,9.739999771118164,3.601419687271118,198.10000610351562,9.739999771118164,3.8299999237060547,203.0,9.789999961853027,3.869999885559082,197.3000030517578,9.5600004196167,3.694999933242798,200.0,9.720000267028809,3.822499990463257,167600.0,2505100,7991600
2018-10-18,179.0523223876953,9.609999656677246,3.5402991771698,196.39999389648438,9.609999656677246,3.765000104904175,199.5,9.890000343322754,3.8550000190734863,194.39999389648438,9.569999694824219,3.7249999046325684,196.5,9.640000343322754,3.825000047683716,160920.0,2973100,5914400
2018-10-19,180.6021728515625,9.319999694824219,3.4627227783203125,198.10000610351562,9.319999694824219,3.682499885559082,203.60000610351562,9.729999542236328,3.75,196.5,9.319999694824219,3.617500066757202,197.6999969482422,9.670000076293945,3.7174999713897705,152800.0,3572700,12424000
2018-10-22,180.51100158691406,9.470000267028809,3.5544040203094482,198.0,9.470000267028809,3.7799999713897705,202.60000610351562,9.59000015258789,3.805000066757202,197.6999969482422,9.319999694824219,3.672499895095825,199.1999969482422,9.369999885559082,3.7049999237060547,192610.0,3084600,9222000
2018-10-23,179.59933471679688,9.359999656677246,3.5896661281585693,197.0,9.359999656677246,3.817500114440918,197.60000610351562,9.449999809265137,3.827500104904175,192.89999389648438,9.09000015258789,3.697499990463257,195.39999389648438,9.279999732971191,3.747499942779541,118060.0,4176300,9580400
2018-10-24,162.55108642578125,8.829999923706055,3.542649984359741,178.3000030517578,8.829999923706055,3.7674999237060547,195.39999389648438,9.399999618530273,3.9000000953674316,178.3000030517578,8.829999923706055,3.7674999237060547,194.60000610351562,9.34000015258789,3.825000047683716,365260.0,4845200,8965200
2018-10-25,170.57379150390625,9.140000343322754,3.394549608230591,187.10000610351562,9.140000343322754,3.609999895095825,188.10000610351562,9.210000038146973,3.799999952316284,179.1999969482422,8.920000076293945,3.569999933242798,179.89999389648438,8.9399995803833,3.7799999713897705,224330.0,3547800,9096400
2018-10-26,162.55108642578125,8.960000038146973,3.2229416370391846,178.3000030517578,8.960000038146973,3.427500009536743,185.0,9.1899995803833,3.6075000762939453,174.1999969482422,8.710000038146973,3.4100000858306885,184.6999969482422,8.920000076293945,3.6075000762939453,258180.0,5331700,10044400
2018-10-29,170.6649627685547,8.8100004196167,3.4157071113586426,187.1999969482422,8.8100004196167,3.632499933242798,189.6999969482422,9.270000457763672,3.740000009536743,180.60000610351562,8.630000114440918,3.442500114440918,180.6999969482422,9.119999885559082,3.4600000381469727,154460.0,4181000,12675600
2018-10-30,175.4056396484375,9.020000457763672,3.448618173599243,192.39999389648438,9.020000457763672,3.6675000190734863,192.39999389648438,9.0600004196167,3.7774999141693115,186.6999969482422,8.75,3.5999999046325684,186.8000030517578,8.8100004196167,3.6424999237060547,172860.0,3690000,8376400
2018-10-31,175.58798217773438,9.25,3.4321627616882324,192.60000610351562,9.25,3.6500000953674316,196.3000030517578,9.300000190734863,3.7049999237060547,190.8000030517578,9.109999656677246,3.565000057220459,196.0,9.180000305175781,3.702500104904175,125470.0,2896000,6955600
2018-11-01,175.4056396484375,9.529999732971191,3.6084725856781006,192.39999389648438,9.529999732971191,3.8375000953674316,193.10000610351562,9.539999961853027,3.8375000953674316,188.0,9.1899995803833,3.6500000953674316,192.60000610351562,9.260000228881836,3.6524999141693115,129210.0,3060600,11017200
2018-11-02,173.21762084960938,9.369999885559082,3.669593095779419,190.0,9.369999885559082,3.9024999141693115,198.8000030517578,9.539999961853027,3.940000057220459,186.39999389648438,9.210000038146973,3.797499895095825,193.5,9.529999732971191,3.8550000190734863,142950.0,2744200,6662400
2018-11-05,174.858642578125,9.34000015258789,3.52384352684021,191.8000030517578,9.34000015258789,3.747499942779541,192.39999389648438,9.369999885559082,3.890000104904175,189.8000030517578,9.180000305175781,3.7225000858306885,190.8000030517578,9.329999923706055,3.887500047683716,151860.0,2155200,7214400
2018-11-06,167.92991638183594,9.4399995803833,3.5144402980804443,184.1999969482422,9.4399995803833,3.737499952316284,192.10000610351562,9.470000267028809,3.762500047683716,184.0,9.300000190734863,3.7074999809265137,190.6999969482422,9.34000015258789,3.737499952316284,184620.0,2518100,7584000
2018-11-07,167.56527709960938,9.630000114440918,3.5026865005493164,183.8000030517578,9.630000114440918,3.7249999046325684,185.0,9.75,3.762500047683716,178.8000030517578,9.510000228881836,3.6624999046325684,185.0,9.5600004196167,3.75,351590.0,4724000,8177200
2018-11-08,165.2860870361328,9.569999694824219,3.493283271789551,181.3000030517578,9.569999694824219,3.7149999141693115,189.1999969482422,9.710000038146973,3.755000114440918,180.10000610351562,9.539999961853027,3.694999933242798,184.3000030517578,9.609999656677246,3.7249999046325684,161620.0,3531600,8557200
2018-11-09,142.767822265625,9.300000190734863,3.441565990447998,156.60000610351562,9.300000190734863,3.6600000858306885,178.39999389648438,9.520000457763672,3.700000047683716,149.6999969482422,9.15999984741211,3.5799999237060547,174.0,9.520000457763672,3.680000066757202,680440.0,3907600,6686000
2018-11-12,138.48292541503906,8.960000038146973,3.2629053592681885,151.89999389648438,8.960000038146973,3.4700000286102295,158.60000610351562,9.289999961853027,3.694999933242798,151.8000030517578,8.90999984741211,3.4649999141693115,157.10000610351562,9.239999771118164,3.6649999618530273,240940.0,3146800,9600800
2018-11-13,141.6737823486328,8.960000038146973,3.2629053592681885,155.39999389648438,8.960000038146973,3.4700000286102295,156.39999389648438,9.119999885559082,3.5450000762939453,151.0,8.899999618530273,3.444999933242798,151.0,9.0,3.4749999046325684,206470.0,3261300,9232800
2018-11-14,142.95013427734375,8.84000015258789,3.0466318130493164,156.8000030517578,8.84000015258789,3.240000009536743,159.0,9.149999618530273,3.5274999141693115,155.5,8.8100004196167,3.2200000286102295,155.8000030517578,9.0600004196167,3.5225000381469727,171320.0,4715100,13744400
2018-11-15,134.38040161132812,8.859999656677246,3.0865955352783203,147.39999389648438,8.859999656677246,3.2825000286102295,155.10000610351562,8.920000076293945,3.3125,147.39999389648438,8.760000228881836,3.192500114440918,155.0,8.800000190734863,3.240000009536743,216600.0,5211700,12119600
2018-11-16,128.0898895263672,8.970000267028809,3.0066685676574707,140.5,8.970000267028809,3.197499990463257,147.5,9.119999885559082,3.247499942779541,139.89999389648438,8.84000015258789,3.112499952316284,146.5,8.880000114440918,3.247499942779541,250520.0,8728100,22866800
2018-11-19,122.98450469970703,8.59000015258789,3.0630877017974854,134.89999389648438,8.59000015258789,3.257499933242798,143.0,9.149999618530273,3.2899999618530273,132.0,8.569999694824219,3.192500114440918,140.5,9.09000015258789,3.2100000381469727,297350.0,8346700,13803600
2018-11-20,121.16117095947266,8.65999984741211,2.886777877807617,132.89999389648438,8.65999984741211,3.069999933242798,137.10000610351562,8.859999656677246,3.2274999618530273,130.39999389648438,8.229999542236328,3.0350000858306885,132.1999969482422,8.460000038146973,3.1500000953674316,307730.0,6947800,24139600
2018-11-21,127.0870361328125,8.779999732971191,3.2229416370391846,139.39999389648438,8.779999732971191,3.427500009536743,142.5,8.920000076293945,3.625,133.8000030517578,8.729999542236328,3.077500104904175,134.1999969482422,8.779999732971191,3.117500066757202,163190.0,3099100,49923200
2018-11-23,126.54004669189453,8.670000076293945,3.1735751628875732,138.8000030517578,8.670000076293945,3.375,140.60000610351562,8.829999923706055,3.440000057220459,134.1999969482422,8.65999984741211,3.2899999618530273,138.5,8.699999809265137,3.424999952316284,85920.0,1305200,10767200
2018-11-26,129.09274291992188,8.9399995803833,3.4274611473083496,141.60000610351562,8.9399995803833,3.6449999809265137,142.39999389648438,8.989999771118164,3.694999933242798,138.0,8.739999771118164,3.497499942779541,140.0,8.800000190734863,3.497499942779541,175450.0,2096600,23613600
2018-11-27,122.61985778808594,8.859999656677246,3.46037220954895,134.5,8.859999656677246,3.680000066757202,141.5,8.979999542236328,3.742500066757202,134.39999389648438,8.800000190734863,3.549999952316284,141.3000030517578,8.84000015258789,3.5975000858306885,175540.0,1814500,17538800
2018-11-28,126.17535400390625,8.90999984741211,3.528545379638672,138.39999389648438,8.90999984741211,3.752500057220459,139.10000610351562,8.970000267028809,3.7674999237060547,134.0,8.65999984741211,3.680000066757202,134.5,8.9399995803833,3.680000066757202,140640.0,3453800,10574800
2018-11-29,127.26939392089844,8.800000190734863,3.4392149448394775,139.60000610351562,8.800000190734863,3.6575000286102295,142.5,8.989999771118164,3.805000066757202,137.39999389648438,8.729999542236328,3.634999990463257,137.5,8.899999618530273,3.762500047683716,106160.0,2281100,16838400
2018-11-30,124.44319915771484,8.789999961853027,3.2111876010894775,136.5,8.789999961853027,3.4149999618530273,141.3000030517578,8.869999885559082,3.490000009536743,134.6999969482422,8.720000267028809,3.200000047683716,140.1999969482422,8.800000190734863,3.247499942779541,144510.0,4204100,47627200
2018-12-03,129.6397247314453,8.84000015258789,3.260554552078247,142.1999969482422,8.84000015258789,3.4674999713897705,144.89999389648438,9.0,3.494999885559082,136.0,8.729999542236328,3.382499933242798,138.5,8.970000267028809,3.4549999237060547,199580.0,2721600,16084800
2018-12-04,130.00439453125,8.40999984741211,3.1735751628875732,142.60000610351562,8.40999984741211,3.375,145.6999969482422,8.859999656677246,3.5274999141693115,141.0,8.369999885559082,3.359999895095825,141.5,8.75,3.497499942779541,141360.0,4337100,14935600
2018-12-06,133.37759399414062,8.260000228881836,3.1876797676086426,146.3000030517578,8.260000228881836,3.390000104904175,146.60000610351562,8.359999656677246,3.442500114440918,139.3000030517578,8.0600004196167,3.309999942779541,141.0,8.25,3.375,170820.0,5178400,12788800
2018-12-07,131.89869689941406,8.0,3.2158894538879395,142.6999969482422,8.0,3.4200000762939453,147.0,8.380000114440918,3.509999990463257,141.3000030517578,7.960000038146973,3.375,144.5,8.270000457763672,3.387500047683716,98030.0,3260500,13610400
2018-12-10,132.1759796142578,7.900000095367432,3.1989636421203613,143.0,7.900000095367432,3.307499885559082,144.5,8.119999885559082,3.359999895095825,136.8000030517578,7.849999904632568,3.2074999809265137,142.39999389648438,7.949999809265137,3.3450000286102295,119660.0,4613300,11174800
2018-12-11,139.7552947998047,7.860000133514404,3.131260633468628,151.1999969482422,7.860000133514404,3.237499952316284,152.3000030517578,8.09000015258789,3.3499999046325684,144.89999389648438,7.860000133514404,3.2125000953674316,144.89999389648438,8.0,3.3375000953674316,202540.0,4858700,9352800
2018-12-12,141.1417694091797,7.96999979019165,3.1989636421203613,152.6999969482422,7.96999979019165,3.307499885559082,154.39999389648438,8.149999618530273,3.382499933242798,150.5,7.949999809265137,3.244999885559082,152.60000610351562,7.949999809265137,3.265000104904175,180790.0,3725700,7271200
2018-12-13,137.3520965576172,7.710000038146973,3.092573404312134,148.60000610351562,7.710000038146973,3.197499990463257,154.0,8.100000381469727,3.3399999141693115,146.10000610351562,7.690000057220459,3.1675000190734863,153.3000030517578,8.0,3.309999942779541,108670.0,4038200,9746400
2018-12-14,134.11703491210938,7.599999904632568,3.0853195190429688,145.10000610351562,7.599999904632568,3.190000057220459,149.8000030517578,7.809999942779541,3.25,144.5,7.550000190734863,3.172499895095825,147.10000610351562,7.599999904632568,3.172499895095825,77770.0,4439400,6654800
2018-12-17,130.050048828125,7.440000057220459,3.0587217807769775,140.6999969482422,7.440000057220459,3.1624999046325684,147.89999389648438,7.650000095367432,3.2750000953674316,140.0,7.440000057220459,3.137500047683716,144.6999969482422,7.559999942779541,3.1649999618530273,102240.0,5395500,9022800
2018-12-18,129.03335571289062,7.46999979019165,3.0780653953552246,139.60000610351562,7.46999979019165,3.182499885559082,144.5,7.659999847412109,3.257499933242798,137.10000610351562,7.460000038146973,3.1524999141693115,141.89999389648438,7.5,3.1624999046325684,120350.0,6252800,10379600
2018-12-19,123.57992553710938,7.349999904632568,3.0417962074279785,133.6999969482422,7.349999904632568,3.1449999809265137,140.6999969482422,7.690000057220459,3.244999885559082,132.8000030517578,7.340000152587891,3.130000114440918,139.60000610351562,7.5,3.190000057220459,135500.0,5791500,9703600
2018-12-20,119.9751205444336,7.550000190734863,3.0055267810821533,129.8000030517578,7.550000190734863,3.1075000762939453,137.0,8.039999961853027,3.234999895095825,126.5999984741211,7.349999904632568,3.052500009536743,133.8000030517578,7.489999771118164,3.1500000953674316,149580.0,10640500,10684800
2018-12-21,114.0595474243164,6.909999847412109,2.8918824195861816,123.4000015258789,6.909999847412109,2.990000009536743,132.0,7.659999847412109,3.1700000762939453,123.0999984741211,6.849999904632568,2.942500114440918,130.6999969482422,7.599999904632568,3.0975000858306885,165330.0,16983400,17692000
2018-12-24,113.32010650634766,6.769999980926514,2.8217616081237793,122.5999984741211,6.769999980926514,2.9175000190734863,125.4000015258789,6.940000057220459,3.005000114440918,120.5999984741211,6.570000171661377,2.9100000858306885,122.80000305175781,6.699999809265137,2.992500066757202,86140.0,5563700,5314000
2018-12-26,117.20220184326172,7.0,2.998272657394409,126.80000305175781,7.0,3.0999999046325684,127.5999984741211,7.0,3.0999999046325684,119.4000015258789,6.619999885559082,2.890000104904175,123.5,6.789999961853027,2.930000066757202,157410.0,6003800,9616800
2018-12-27,112.76553344726562,7.050000190734863,2.945077657699585,122.0,7.050000190734863,3.0450000762939453,125.0,7.119999885559082,3.0625,116.5999984741211,6.809999942779541,2.9075000286102295,124.30000305175781,6.849999904632568,3.059999942779541,177770.0,6551100,7338400
2018-12-28,114.79898834228516,7.159999847412109,2.969257116317749,124.19999694824219,7.159999847412109,3.069999933242798,126.5,7.269999980926514,3.122499942779541,120.19999694824219,6.96999979019165,3.002500057220459,122.5,7.059999942779541,3.052500009536743,166810.0,4154200,8105200
2018-12-31,113.50497436523438,7.110000133514404,3.0514678955078125,122.80000305175781,7.110000133514404,3.1549999713897705,127.19999694824219,7.289999961853027,3.1675000190734863,119.0999984741211,7.019999980926514,3.077500104904175,125.0,7.210000038146973,3.0824999809265137,124680.0,4011300,11161200
2019-01-02,119.14324188232422,7.110000133514404,3.160276174545288,128.89999389648438,7.110000133514404,3.2674999237060547,130.8000030517578,7.199999809265137,3.2950000762939453,119.0,6.929999828338623,3.1050000190734863,120.0999984741211,7.0,3.112499952316284,137490.0,3378700,8496800
2019-01-03,120.7145767211914,6.880000114440918,3.136096715927124,130.60000610351562,6.880000114440918,3.242500066757202,135.39999389648438,7.059999942779541,3.315000057220459,126.30000305175781,6.869999885559082,3.172499895095825,128.0,7.019999980926514,3.244999885559082,139240.0,3692500,7001600
2019-01-04,125.15122985839844,7.230000019073486,3.684973955154419,135.39999389648438,7.230000019073486,3.809999942779541,136.89999389648438,7.25,3.822499990463257,130.1999969482422,6.980000019073486,3.424999952316284,132.1999969482422,7.090000152587891,3.507499933242798,102500.0,3823500,47662800
2019-01-07,130.51220703125,7.429999828338623,3.7430050373077393,141.1999969482422,7.429999828338623,3.869999885559082,142.60000610351562,7.460000038146973,3.952500104904175,133.6999969482422,7.21999979019165,3.734999895095825,135.5,7.320000171661377,3.7774999141693115,111920.0,4308700,18872000
2019-01-08,134.67161560058594,7.409999847412109,3.822798013687134,145.6999969482422,7.409999847412109,3.952500104904175,147.0,7.599999904632568,3.9725000858306885,140.89999389648438,7.349999904632568,3.7874999046325684,142.10000610351562,7.53000020980835,3.875,112270.0,3960900,13775200
2019-01-09,128.94090270996094,7.46999979019165,3.863903045654297,139.5,7.46999979019165,3.994999885559082,147.5,7.510000228881836,4.097499847412109,138.89999389648438,7.380000114440918,3.930000066757202,147.39999389648438,7.440000057220459,3.9600000381469727,144360.0,3316800,14218000
2019-01-10,126.90743255615234,7.519999980926514,3.85906720161438,137.3000030517578,7.519999980926514,3.990000009536743,139.1999969482422,7.539999961853027,4.0,134.5,7.329999923706055,3.880000114440918,138.0,7.400000095367432,3.934999942779541,97650.0,2404600,11619200
2019-01-11,129.6803436279297,7.570000171661377,3.8324697017669678,140.3000030517578,7.570000171661377,3.9625000953674316,140.8000030517578,7.650000095367432,4.012499809265137,136.10000610351562,7.480000019073486,3.942500114440918,137.60000610351562,7.489999771118164,3.9649999141693115,57860.0,2314300,9679200
2019-01-14,130.6046600341797,7.489999771118164,3.7816925048828125,141.3000030517578,7.489999771118164,3.9100000858306885,142.60000610351562,7.570000171661377,4.034999847412109,138.0,7.440000057220459,3.8924999237060547,139.8000030517578,7.519999980926514,3.9600000381469727,141420.0,2442100,14443600
2019-01-15,132.26841735839844,7.53000020980835,3.7550947666168213,143.10000610351562,7.53000020980835,3.882499933242798,144.5,7.559999942779541,3.9100000858306885,139.6999969482422,7.449999809265137,3.797499895095825,141.8000030517578,7.5,3.9000000953674316,64660.0,1779500,8912800
2019-01-16,130.32736206054688,7.659999847412109,3.7913644313812256,141.0,7.659999847412109,3.9200000762939453,146.0,7.710000038146973,3.9725000858306885,140.39999389648438,7.519999980926514,3.8450000286102295,142.89999389648438,7.539999961853027,3.8924999237060547,96010.0,3010200,7970400
2019-01-17,130.41978454589844,7.690000057220459,3.8131260871887207,141.10000610351562,7.690000057220459,3.942500114440918,144.60000610351562,7.699999809265137,3.9574999809265137,140.89999389648438,7.570000171661377,3.825000047683716,140.89999389648438,7.650000095367432,3.872499942779541,82830.0,2543400,6972000
2019-01-18,133.65487670898438,7.860000133514404,3.851813554763794,144.60000610351562,7.860000133514404,3.9825000762939453,145.60000610351562,7.909999847412109,4.224999904632568,141.60000610351562,7.739999771118164,3.9700000286102295,141.60000610351562,7.75,4.005000114440918,95380.0,3814800,34188800
2019-01-22,124.87395477294922,7.599999904632568,3.692228078842163,135.10000610351562,7.599999904632568,3.817500114440918,140.3000030517578,7.880000114440918,3.9749999046325684,134.0,7.570000171661377,3.7899999618530273,140.10000610351562,7.789999961853027,3.952500104904175,159530.0,3171400,12754800
2019-01-23,127.4620132446289,7.71999979019165,3.7430050373077393,137.89999389648438,7.71999979019165,3.869999885559082,144.0,7.789999961853027,3.8924999237060547,135.6999969482422,7.619999885559082,3.7825000286102295,135.89999389648438,7.630000114440918,3.827500104904175,148060.0,2077100,7348000
2019-01-24,131.71383666992188,7.769999980926514,3.8203799724578857,142.5,7.769999980926514,3.950000047683716,142.6999969482422,7.849999904632568,3.950000047683716,137.39999389648438,7.730000019073486,3.859999895095825,138.10000610351562,7.75,3.869999885559082,59340.0,1932900,5128000
2019-01-25,129.4954833984375,8.100000381469727,3.84455943107605,140.10000610351562,8.100000381469727,3.9749999046325684,145.0,8.100000381469727,4.014999866485596,139.1999969482422,7.820000171661377,3.932499885559082,143.89999389648438,7.869999885559082,3.990000009536743,77260.0,2664400,7660400
2019-01-28,129.4954833984375,8.010000228881836,3.7478411197662354,140.10000610351562,8.010000228881836,3.875,141.6999969482422,8.09000015258789,3.947499990463257,138.8000030517578,7.960000038146973,3.747499942779541,139.6999969482422,8.050000190734863,3.934999942779541,68900.0,2327000,11939600
2019-01-29,131.15924072265625,7.960000038146973,2.727461099624634,141.89999389648438,7.960000038146973,2.819999933242798,143.1999969482422,8.100000381469727,3.125,140.0,7.909999847412109,2.7774999141693115,140.60000610351562,8.050000190734863,3.0975000858306885,62070.0,2277900,131481200
2019-01-30,130.51220703125,8.130000114440918,2.7081172466278076,141.1999969482422,8.130000114440918,2.799999952316284,143.5,8.130000114440918,2.8424999713897705,139.39999389648438,7.920000076293945,2.7774999141693115,143.5,8.039999961853027,2.8125,54600.0,2217700,24604000
2019-01-31,135.4110565185547,8.069999694824219,2.741968870162964,146.5,8.069999694824219,2.8350000381469727,146.89999389648438,8.180000305175781,2.882499933242798,141.6999969482422,8.020000457763672,2.7750000953674316,141.8000030517578,8.109999656677246,2.7925000190734863,90580.0,2446500,24198400
2019-02-01,131.15924072265625,8.109999656677246,2.7177891731262207,141.89999389648438,8.109999656677246,2.809999942779541,145.1999969482422,8.149999618530273,2.8575000762939453,139.60000610351562,8.020000457763672,2.7950000762939453,145.1999969482422,8.100000381469727,2.827500104904175,126890.0,2055800,13909600
2019-02-04,132.6381378173828,8.220000267028809,2.749222755432129,143.5,8.220000267028809,2.8424999713897705,144.60000610351562,8.25,2.869999885559082,140.1999969482422,8.100000381469727,2.75,141.6999969482422,8.119999885559082,2.809999942779541,85880.0,1961400,17086000
2019-02-05,130.050048828125,8.34000015258789,2.8507771492004395,140.6999969482422,8.34000015258789,2.947499990463257,145.89999389648438,8.380000114440918,2.952500104904175,138.89999389648438,8.25,2.8375000953674316,143.5,8.25,2.8399999141693115,118450.0,1934600,17084400
2019-02-06,127.4620132446289,8.3100004196167,2.783074378967285,137.89999389648438,8.3100004196167,2.877500057220459,141.0,8.369999885559082,2.924999952316284,137.5,8.260000228881836,2.8499999046325684,139.89999389648438,8.3100004196167,2.9049999713897705,101950.0,2436100,13918400
2019-02-07,123.11776733398438,8.100000381469727,2.773402452468872,133.1999969482422,8.100000381469727,2.867500066757202,137.5,8.25,2.8975000381469727,132.1999969482422,8.069999694824219,2.807499885559082,136.6999969482422,8.229999542236328,2.8499999046325684,149490.0,2714400,8084400
2019-02-08,126.81498718261719,8.109999656677246,2.744386911392212,137.1999969482422,8.109999656677246,2.8375000953674316,137.39999389648438,8.1899995803833,2.872499942779541,132.8000030517578,8.029999732971191,2.827500104904175,132.8000030517578,8.050000190734863,2.8475000858306885,63430.0,2044900,7204800
2019-02-11,121.73129272460938,8.260000228881836,2.732296943664551,131.6999969482422,8.260000228881836,2.825000047683716,137.89999389648438,8.270000457763672,2.8475000858306885,129.8000030517578,8.09000015258789,2.7899999618530273,137.39999389648438,8.130000114440918,2.8450000286102295,169630.0,2947400,7674400
2019-02-12,122.56317901611328,8.420000076293945,2.792746067047119,132.60000610351562,8.420000076293945,2.887500047683716,133.60000610351562,8.489999771118164,2.8975000381469727,128.1999969482422,8.3100004196167,2.825000047683716,132.0,8.3100004196167,2.825000047683716,230240.0,2835300,10712000
2019-02-13,124.87395477294922,8.489999771118164,2.773402452468872,135.10000610351562,8.489999771118164,2.867500066757202,135.10000610351562,8.529999732971191,2.9375,131.5,8.4399995803833,2.8450000286102295,133.0,8.460000038146973,2.890000104904175,151530.0,2690400,8531200
2019-02-14,126.16797637939453,8.489999771118164,2.739550828933716,136.5,8.489999771118164,2.8324999809265137,140.0,8.529999732971191,2.8550000190734863,133.60000610351562,8.369999885559082,2.809999942779541,134.39999389648438,8.4399995803833,2.8424999713897705,117350.0,1903600,9874000
2019-02-15,127.4620132446289,8.699999809265137,2.763730525970459,137.89999389648438,8.699999809265137,2.8575000762939453,141.39999389648438,8.720000267028809,2.859999895095825,136.5,8.520000457763672,2.819999933242798,137.3000030517578,8.579999923706055,2.8324999809265137,101730.0,2451900,8847200
2019-02-19,122.00859832763672,8.739999771118164,2.7081172466278076,132.0,8.739999771118164,2.799999952316284,138.60000610351562,8.770000457763672,2.867500066757202,131.8000030517578,8.6899995803833,2.7825000286102295,137.1999969482422,8.739999771118164,2.865000009536743,204920.0,2378000,13222400
2019-02-20,126.35283660888672,8.520000457763672,2.7081172466278076,136.6999969482422,8.520000457763672,2.799999952316284,138.8000030517578,8.779999732971191,2.825000047683716,132.5,8.460000038146973,2.7874999046325684,133.1999969482422,8.75,2.807499885559082,177160.0,3483900,11842000
2019-02-21,126.630126953125,8.369999885559082,2.6670119762420654,137.0,8.369999885559082,2.757499933242798,138.89999389648438,8.539999961853027,2.822499990463257,135.6999969482422,8.359999656677246,2.752500057220459,136.5,8.5,2.807499885559082,73300.0,3484700,9956800
2019-02-22,128.20144653320312,8.630000114440918,2.749222755432129,138.6999969482422,8.630000114440918,2.8424999713897705,143.1999969482422,8.6899995803833,2.8450000286102295,137.60000610351562,8.420000076293945,2.755000114440918,138.39999389648438,8.420000076293945,2.755000114440918,100200.0,2820800,12998000
2019-02-25,126.0755615234375,8.75,2.792746067047119,136.39999389648438,8.75,2.887500047683716,141.60000610351562,8.8100004196167,2.950000047683716,136.39999389648438,8.670000076293945,2.8450000286102295,140.1999969482422,8.680000305175781,2.8450000286102295,135890.0,2980900,14378000
2019-02-26,125.33611297607422,8.670000076293945,2.8145077228546143,135.60000610351562,8.670000076293945,2.9100000858306885,137.89999389648438,8.729999542236328,2.927500009536743,130.8000030517578,8.59000015258789,2.875,136.39999389648438,8.699999809265137,2.884999990463257,194300.0,2336700,8632000
2019-02-27,128.20144653320312,8.680000305175781,2.8217616081237793,138.6999969482422,8.680000305175781,2.9175000190734863,140.5,8.720000267028809,2.9825000762939453,134.60000610351562,8.5600004196167,2.9049999713897705,135.5,8.670000076293945,2.9149999618530273,139030.0,1872900,13589200
2019-02-28,129.6803436279297,8.699999809265137,2.8290154933929443,140.3000030517578,8.699999809265137,2.924999952316284,143.8000030517578,8.710000038146973,2.9649999141693115,138.8000030517578,8.59000015258789,2.8975000381469727,139.1999969482422,8.670000076293945,2.922499895095825,217350.0,2429000,11280800
2019-03-01,147.88922119140625,8.789999961853027,2.8411052227020264,160.0,8.789999961853027,2.9375,165.0,8.829999923706055,3.002500057220459,152.0,8.680000305175781,2.9375,156.60000610351562,8.710000038146973,2.9700000286102295,1004580.0,3245300,7604800
2019-03-04,143.2676544189453,8.739999771118164,2.797581911087036,155.0,8.739999771118164,2.8924999237060547,161.5,8.90999984741211,2.9625000953674316,150.60000610351562,8.569999694824219,2.867500066757202,161.10000610351562,8.800000190734863,2.947499990463257,346070.0,2786900,8914400
2019-03-05,144.37684631347656,8.710000038146973,2.8048360347747803,156.1999969482422,8.710000038146973,2.9000000953674316,158.89999389648438,8.789999961853027,3.0250000953674316,152.5,8.680000305175781,2.8399999141693115,156.5,8.729999542236328,3.0199999809265137,211250.0,1519900,22151600
2019-03-06,139.8477325439453,9.079999923706055,2.795164108276367,151.3000030517578,9.079999923706055,2.890000104904175,157.5,9.149999618530273,2.9674999713897705,150.6999969482422,8.619999885559082,2.890000104904175,156.3000030517578,8.720000267028809,2.9149999618530273,157150.0,10410200,13251600
2019-03-07,136.79751586914062,9.020000457763672,2.8024179935455322,148.0,9.020000457763672,2.8975000381469727,151.89999389648438,9.130000114440918,2.9149999618530273,146.8000030517578,8.75,2.859999895095825,151.3000030517578,9.130000114440918,2.890000104904175,114900.0,8034200,7245600
2019-03-08,137.92185974121094,9.180000305175781,2.6525044441223145,147.1999969482422,9.180000305175781,2.742500066757202,147.39999389648438,9.229999542236328,2.805000066757202,143.60000610351562,8.850000381469727,2.6875,145.0,8.90999984741211,2.7674999237060547,86730.0,6375200,24686400
2019-03-11,137.2659912109375,9.260000228881836,2.722625255584717,146.5,9.260000228881836,2.815000057220459,150.39999389648438,9.350000381469727,2.819999933242798,145.5,9.149999618530273,2.7225000858306885,147.6999969482422,9.199999809265137,2.744999885559082,135780.0,3562300,10814400
2019-03-12,135.11097717285156,9.430000305175781,2.773402452468872,144.1999969482422,9.430000305175781,2.867500066757202,147.39999389648438,9.550000190734863,2.887500047683716,143.6999969482422,9.279999732971191,2.807499885559082,147.1999969482422,9.300000190734863,2.819999933242798,101660.0,4094300,8659600
2019-03-13,135.20468139648438,9.4399995803833,2.799999952316284,144.3000030517578,9.4399995803833,2.8949999809265137,147.5,9.600000381469727,2.9100000858306885,142.6999969482422,9.430000305175781,2.867500066757202,143.5,9.5,2.884999990463257,128580.0,4027600,8766400
2019-03-14,135.67315673828125,9.359999656677246,2.737499952316284,144.8000030517578,9.359999656677246,2.737499952316284,146.10000610351562,9.449999809265137,2.8350000381469727,141.5,9.289999961853027,2.7249999046325684,144.89999389648438,9.430000305175781,2.827500104904175,109350.0,3283900,11358400
2019-03-15,135.8605499267578,9.420000076293945,2.765000104904175,145.0,9.420000076293945,2.765000104904175,147.39999389648438,9.5,2.7799999713897705,144.1999969482422,9.279999732971191,2.7249999046325684,144.6999969482422,9.369999885559082,2.747499942779541,176130.0,4877000,14149600
2019-03-18,140.54539489746094,9.399999618530273,2.7674999237060547,150.0,9.399999618530273,2.7674999237060547,150.3000030517578,9.5,2.7925000190734863,143.8000030517578,9.289999961853027,2.744999885559082,144.6999969482422,9.420000076293945,2.7725000381469727,323920.0,2421100,9804800
2019-03-19,138.20298767089844,9.359999656677246,2.740000009536743,147.5,9.359999656677246,2.740000009536743,152.3000030517578,9.520000457763672,2.809999942779541,146.1999969482422,9.329999923706055,2.7249999046325684,151.10000610351562,9.470000267028809,2.7674999237060547,113680.0,2423800,12359600
2019-03-20,140.17062377929688,9.369999885559082,2.625,149.60000610351562,9.369999885559082,2.625,151.5,9.470000267028809,2.740000009536743,146.89999389648438,9.260000228881836,2.5999999046325684,147.10000610351562,9.329999923706055,2.740000009536743,130290.0,1987800,16415600
2019-03-21,144.4806671142578,9.359999656677246,2.637500047683716,154.1999969482422,9.359999656677246,2.637500047683716,155.89999389648438,9.449999809265137,2.682499885559082,149.5,9.3100004196167,2.5875000953674316,149.5,9.369999885559082,2.617500066757202,156200.0,3960800,12821200
2019-03-22,141.1075897216797,9.020000457763672,2.612499952316284,150.60000610351562,9.020000457763672,2.612499952316284,154.89999389648438,9.350000381469727,2.6649999618530273,150.39999389648438,9.020000457763672,2.609999895095825,153.5,9.319999694824219,2.6624999046325684,113590.0,3845100,13156000
2019-03-25,143.35629272460938,8.829999923706055,2.5350000858306885,153.0,8.829999923706055,2.5350000858306885,156.0,9.010000228881836,2.622499942779541,150.10000610351562,8.75,2.5174999237060547,150.39999389648438,9.0,2.615000009536743,135170.0,6151400,17944800
2019-03-26,139.98321533203125,8.819999694824219,2.5875000953674316,149.39999389648438,8.819999694824219,2.5875000953674316,155.60000610351562,8.949999809265137,2.609999895095825,147.0,8.739999771118164,2.5225000381469727,154.6999969482422,8.880000114440918,2.5274999141693115,171520.0,4841600,14140400
2019-03-27,139.04623413085938,8.760000228881836,2.572499990463257,148.39999389648438,8.760000228881836,2.572499990463257,150.6999969482422,8.880000114440918,2.634999990463257,145.8000030517578,8.619999885559082,2.5625,149.3000030517578,8.789999961853027,2.5924999713897705,127440.0,3727500,10424800
2019-03-28,138.39035034179688,8.880000114440918,2.547499895095825,147.6999969482422,8.880000114440918,2.547499895095825,149.5,8.890000343322754,2.622499942779541,146.10000610351562,8.65999984741211,2.5174999237060547,148.0,8.779999732971191,2.5899999141693115,125060.0,5875800,12489200
2019-03-29,139.1399383544922,10.09000015258789,2.5399999618530273,148.5,10.09000015258789,2.5399999618530273,149.5,10.289999961853027,2.5899999141693115,147.10000610351562,9.789999961853027,2.5374999046325684,148.10000610351562,9.869999885559082,2.552500009536743,75110.0,33931100,11676000
2019-04-01,140.45169067382812,9.619999885559082,2.5924999713897705,149.89999389648438,9.619999885559082,2.5924999713897705,151.39999389648438,10.229999542236328,2.6050000190734863,148.39999389648438,9.569999694824219,2.509999990463257,149.5,10.220000267028809,2.572499990463257,108660.0,14614800,17662800
2019-04-02,138.48406982421875,9.600000381469727,2.5250000953674316,147.8000030517578,9.600000381469727,2.5250000953674316,150.0,9.75,2.6024999618530273,146.1999969482422,9.510000228881836,2.5225000381469727,150.0,9.579999923706055,2.5924999713897705,118960.0,5575300,34680800
2019-04-03,136.89120483398438,9.579999923706055,2.4075000286102295,146.10000610351562,9.579999923706055,2.4075000286102295,149.1999969482422,9.710000038146973,2.507499933242798,145.3000030517578,9.550000190734863,2.2049999237060547,148.5,9.630000114440918,2.2149999141693115,116730.0,5198800,106391600
2019-04-04,140.63909912109375,9.3100004196167,2.507499933242798,150.10000610351562,9.3100004196167,2.507499933242798,150.3000030517578,9.619999885559082,2.515000104904175,146.3000030517578,9.300000190734863,2.4124999046325684,147.0,9.569999694824219,2.434999942779541,167270.0,5779000,31671200
2019-04-05,140.35800170898438,9.319999694824219,2.4649999141693115,149.8000030517578,9.319999694824219,2.4649999141693115,151.1999969482422,9.420000076293945,2.502500057220459,148.10000610351562,9.199999809265137,2.447499990463257,150.10000610351562,9.319999694824219,2.490000009536743,98700.0,4202900,22974400
2019-04-08,152.81968688964844,9.359999656677246,2.484999895095825,163.10000610351562,9.359999656677246,2.484999895095825,168.0,9.380000114440918,2.5199999809265137,153.1999969482422,9.109999656677246,2.432499885559082,153.5,9.319999694824219,2.447499990463257,361920.0,3406300,18204000
2019-04-09,151.32054138183594,9.3100004196167,2.4549999237060547,161.5,9.3100004196167,2.4549999237060547,163.89999389648438,9.430000305175781,2.5,159.10000610351562,9.279999732971191,2.452500104904175,161.0,9.329999923706055,2.4625000953674316,115790.0,2557700,11914000
2019-04-10,151.32054138183594,9.300000190734863,2.492500066757202,161.5,9.300000190734863,2.492500066757202,162.39999389648438,9.380000114440918,2.502500057220459,159.6999969482422,9.279999732971191,2.4700000286102295,161.60000610351562,9.3100004196167,2.4700000286102295,92780.0,2439400,11228800
2019-04-11,151.03944396972656,9.369999885559082,2.440000057220459,161.1999969482422,9.369999885559082,2.440000057220459,163.1999969482422,9.420000076293945,2.494999885559082,160.10000610351562,9.300000190734863,2.434999942779541,161.39999389648438,9.319999694824219,2.494999885559082,92490.0,4456900,10180800
2019-04-12,153.9440460205078,9.270000457763672,2.3299999237060547,164.3000030517578,9.270000457763672,2.3299999237060547,164.60000610351562,9.470000267028809,2.4574999809265137,159.10000610351562,9.25,2.322499990463257,160.0,9.449999809265137,2.447499990463257,146850.0,2994200,19114000
2019-04-15,154.5999298095703,9.199999809265137,2.234999895095825,165.0,9.199999809265137,2.234999895095825,165.6999969482422,9.319999694824219,2.3375000953674316,160.5,9.140000343322754,2.202500104904175,164.39999389648438,9.300000190734863,2.317500114440918,179040.0,2306600,22109600
2019-04-16,155.4431915283203,9.300000190734863,2.2699999809265137,165.89999389648438,9.300000190734863,2.2699999809265137,167.0,9.40999984741211,2.2874999046325684,162.60000610351562,9.220000267028809,2.237499952316284,165.0,9.25,2.25,167910.0,3414500,18880000
2019-04-17,155.4431915283203,9.210000038146973,2.234999895095825,165.89999389648438,9.210000038146973,2.234999895095825,170.6999969482422,9.380000114440918,2.2799999713897705,163.5,9.180000305175781,2.1875,165.8000030517578,9.380000114440918,2.2774999141693115,205180.0,2419000,15684400
2019-04-18,150.38357543945312,9.210000038146973,2.192500114440918,160.5,9.210000038146973,2.192500114440918,165.8000030517578,9.220000267028809,2.257499933242798,159.39999389648438,9.050000190734863,2.184999942779541,165.8000030517578,9.1899995803833,2.2149999141693115,118270.0,2759300,15256800
2019-04-22,142.9815216064453,9.260000228881836,2.1624999046325684,152.60000610351562,9.260000228881836,2.1624999046325684,159.5,9.270000457763672,2.2049999237060547,151.89999389648438,9.109999656677246,2.132499933242798,159.5,9.170000076293945,2.1875,232420.0,2099700,25114800
2019-04-23,142.88783264160156,9.199999809265137,2.2225000858306885,152.5,9.199999809265137,2.2225000858306885,153.1999969482422,9.289999961853027,2.242500066757202,148.6999969482422,9.130000114440918,2.1600000858306885,152.8000030517578,9.270000457763672,2.1600000858306885,183450.0,3462400,17809200
2019-04-24,144.6680450439453,8.90999984741211,2.252500057220459,154.39999389648438,8.90999984741211,2.252500057220459,155.60000610351562,9.1899995803833,2.265000104904175,150.8000030517578,8.899999618530273,2.2225000858306885,152.6999969482422,9.1899995803833,2.2249999046325684,127810.0,3822400,16424400
2019-04-25,143.35629272460938,9.050000190734863,2.237499952316284,153.0,9.050000190734863,2.237499952316284,155.39999389648438,9.119999885559082,2.25,150.60000610351562,8.760000228881836,2.180000066757202,154.39999389648438,8.920000076293945,2.247499942779541,127880.0,5802000,10508000
2019-04-26,144.2932586669922,9.1899995803833,2.2225000858306885,154.0,9.1899995803833,2.2225000858306885,156.5,9.210000038146973,2.257499933242798,153.1999969482422,9.050000190734863,2.2200000286102295,153.89999389648438,9.100000381469727,2.2325000762939453,118200.0,4168100,9227200
2019-04-29,145.23023986816406,9.289999961853027,2.190000057220459,155.0,9.289999961853027,2.190000057220459,159.60000610351562,9.420000076293945,2.2249999046325684,152.8000030517578,9.1899995803833,2.177500009536743,158.60000610351562,9.220000267028809,2.2225000858306885,258290.0,3155100,10192400
2019-04-30,142.0445556640625,9.180000305175781,2.1624999046325684,151.60000610351562,9.180000305175781,2.1624999046325684,154.3000030517578,9.399999618530273,2.2125000953674316,148.8000030517578,9.130000114440918,2.1624999046325684,154.10000610351562,9.300000190734863,2.200000047683716,166370.0,3220900,12830800
2019-05-01,137.82818603515625,9.069999694824219,2.127500057220459,147.10000610351562,9.069999694824219,2.127500057220459,153.0,9.270000457763672,2.197499990463257,147.0,9.0600004196167,2.117500066757202,151.5,9.239999771118164,2.1649999618530273,188280.0,2674600,14155600
2019-05-02,137.7344970703125,9.220000267028809,2.192500114440918,147.0,9.220000267028809,2.192500114440918,148.0,9.319999694824219,2.2074999809265137,143.3000030517578,9.09000015258789,2.127500057220459,146.89999389648438,9.119999885559082,2.127500057220459,104290.0,3488500,12467600
2019-05-03,136.7038116455078,9.390000343322754,2.242500066757202,145.89999389648438,9.390000343322754,2.242500066757202,149.60000610351562,9.399999618530273,2.247499942779541,144.8000030517578,9.239999771118164,2.192500114440918,148.6999969482422,9.289999961853027,2.202500104904175,177330.0,3373000,8718400
2019-05-06,139.32733154296875,9.15999984741211,2.2125000953674316,148.6999969482422,9.15999984741211,2.2125000953674316,150.0,9.270000457763672,2.2300000190734863,143.0,9.09000015258789,2.1649999618530273,143.89999389648438,9.149999618530273,2.2125000953674316,155190.0,3214600,9624800
2019-05-07,140.26429748535156,8.989999771118164,2.192500114440918,149.6999969482422,8.989999771118164,2.192500114440918,152.1999969482422,9.130000114440918,2.2300000190734863,148.1999969482422,8.949999809265137,2.172499895095825,148.8000030517578,9.09000015258789,2.192500114440918,154610.0,3844300,10366400
2019-05-08,137.2659912109375,8.930000305175781,2.172499895095825,146.5,8.930000305175781,2.172499895095825,149.6999969482422,9.050000190734863,2.2125000953674316,145.6999969482422,8.90999984741211,2.1624999046325684,149.10000610351562,8.970000267028809,2.1875,174930.0,2840400,8249600
2019-05-09,127.70893096923828,8.84000015258789,2.130000114440918,136.3000030517578,8.84000015258789,2.130000114440918,139.0,8.930000305175781,2.1624999046325684,130.1999969482422,8.699999809265137,2.119999885559082,137.89999389648438,8.890000343322754,2.1500000953674316,589810.0,3160400,9358000
2019-05-10,129.48915100097656,8.829999923706055,2.119999885559082,138.1999969482422,8.829999923706055,2.119999885559082,139.3000030517578,8.869999885559082,2.1449999809265137,132.89999389648438,8.609999656677246,2.0899999141693115,135.8000030517578,8.819999694824219,2.130000114440918,225520.0,3223500,9206000
2019-05-13,124.52320861816406,8.359999656677246,2.065000057220459,132.89999389648438,8.359999656677246,2.065000057220459,137.5,8.640000343322754,2.0924999713897705,130.60000610351562,8.350000381469727,2.0425000190734863,135.3000030517578,8.600000381469727,2.0824999809265137,233560.0,4145300,12172800
2019-05-14,126.49085235595703,8.470000267028809,2.132499933242798,135.0,8.470000267028809,2.132499933242798,136.5,8.520000457763672,2.137500047683716,133.60000610351562,8.390000343322754,2.059999942779541,133.89999389648438,8.430000305175781,2.0799999237060547,156940.0,2268000,10451600
2019-05-15,127.24043273925781,8.569999694824219,2.172499895095825,135.8000030517578,8.569999694824219,2.172499895095825,137.1999969482422,8.640000343322754,2.177500009536743,133.10000610351562,8.399999618530273,2.109999895095825,133.5,8.430000305175781,2.109999895095825,163040.0,1930900,9014000
2019-05-16,125.55388641357422,8.630000114440918,2.1675000190734863,134.0,8.630000114440918,2.1675000190734863,136.6999969482422,8.699999809265137,2.2100000381469727,133.3000030517578,8.529999732971191,2.1600000858306885,135.6999969482422,8.569999694824219,2.184999942779541,179320.0,2309700,7004000
2019-05-17,123.0240707397461,8.449999809265137,2.1524999141693115,131.3000030517578,8.449999809265137,2.1524999141693115,135.5,8.640000343322754,2.194999933242798,131.10000610351562,8.449999809265137,2.134999990463257,133.1999969482422,8.579999923706055,2.134999990463257,199240.0,1991800,7869200
2019-05-20,121.8060073852539,8.1899995803833,2.015000104904175,130.0,8.1899995803833,2.015000104904175,132.1999969482422,8.390000343322754,2.130000114440918,129.0,8.109999656677246,1.9950000047683716,131.89999389648438,8.380000114440918,2.115000009536743,203200.0,3094800,20174400
2019-05-21,123.7736587524414,8.25,2.0325000286102295,132.10000610351562,8.25,2.0325000286102295,133.3000030517578,8.359999656677246,2.0350000858306885,130.3000030517578,8.210000038146973,1.972499966621399,130.89999389648438,8.34000015258789,2.0174999237060547,175250.0,2023700,22788400
2019-05-22,122.1807861328125,8.3100004196167,1.975000023841858,130.39999389648438,8.3100004196167,1.975000023841858,133.3000030517578,8.34000015258789,2.0199999809265137,130.3000030517578,8.149999618530273,1.940000057220459,132.0,8.180000305175781,2.0174999237060547,98320.0,1551700,18064400
2019-05-23,121.3375244140625,8.039999961853027,1.9249999523162842,129.5,8.039999961853027,1.9249999523162842,130.0,8.239999771118164,1.965000033378601,126.80000305175781,7.989999771118164,1.9175000190734863,129.8000030517578,8.199999809265137,1.9600000381469727,211470.0,3076900,15678000
2019-05-24,118.90139770507812,8.069999694824219,1.9550000429153442,126.9000015258789,8.069999694824219,1.9550000429153442,130.60000610351562,8.119999885559082,1.965000033378601,126.5,7.989999771118164,1.9275000095367432,130.0,8.100000381469727,1.9275000095367432,111800.0,1915600,10168400
2019-05-28,117.12115478515625,8.050000190734863,1.934999942779541,125.0,8.050000190734863,1.934999942779541,128.10000610351562,8.210000038146973,1.997499942779541,124.5,8.039999961853027,1.934999942779541,126.9000015258789,8.079999923706055,1.962499976158142,139550.0,2619600,10931200
2019-05-29,112.99848937988281,7.900000095367432,1.8925000429153442,120.5999984741211,7.900000095367432,1.8925000429153442,125.19999694824219,8.020000457763672,1.9375,120.0999984741211,7.900000095367432,1.847499966621399,124.5999984741211,8.010000228881836,1.9325000047683716,188660.0,3532700,16510800
2019-05-30,112.53001403808594,7.920000076293945,1.899999976158142,120.0999984741211,7.920000076293945,1.899999976158142,123.9000015258789,7.980000019073486,1.9249999523162842,119.0999984741211,7.840000152587891,1.8825000524520874,120.5999984741211,7.920000076293945,1.8925000429153442,162220.0,2697400,10780800
2019-05-31,112.24891662597656,7.849999904632568,1.8949999809265137,119.80000305175781,7.849999904632568,1.8949999809265137,121.4000015258789,7.880000114440918,1.9149999618530273,117.0999984741211,7.789999961853027,1.8300000429153442,118.80000305175781,7.840000152587891,1.8674999475479126,143950.0,3503500,15932400
2019-06-03,111.49934387207031,7.809999942779541,1.8674999475479126,119.0,7.809999942779541,1.8674999475479126,120.30000305175781,7.900000095367432,1.912500023841858,117.5999984741211,7.699999809265137,1.8550000190734863,119.4000015258789,7.829999923706055,1.8949999809265137,163240.0,4590900,20916400
2019-06-04,110.37498474121094,8.039999961853027,1.9550000429153442,117.80000305175781,8.039999961853027,1.9550000429153442,120.80000305175781,8.039999961853027,1.962499976158142,117.5,7.860000133514404,1.8799999952316284,120.0999984741211,7.920000076293945,1.8949999809265137,201250.0,3280300,41720400
2019-06-05,104.75316619873047,7.900000095367432,1.2599999904632568,111.80000305175781,7.900000095367432,1.2599999904632568,118.69999694824219,8.119999885559082,1.3975000381469727,111.30000305175781,7.860000133514404,1.1775000095367432,118.5,8.079999923706055,1.372499942779541,345270.0,2555500,157416800
2019-06-06,103.90989685058594,7.840000152587891,1.2825000286102295,110.9000015258789,7.840000152587891,1.2825000286102295,112.0,7.929999828338623,1.2825000286102295,107.0,7.789999961853027,1.2100000381469727,111.80000305175781,7.900000095367432,1.2450000047683716,402610.0,2404800,54232000
2019-06-07,102.57404327392578,7.940000057220459,1.2549999952316284,107.5,7.940000057220459,1.2549999952316284,112.0999984741211,8.069999694824219,1.3075000047683716,107.19999694824219,7.849999904632568,1.247499942779541,110.0,7.889999866485596,1.2825000286102295,243740.0,4909300,42365200
2019-06-10,104.3869857788086,7.920000076293945,1.3600000143051147,109.4000015258789,7.920000076293945,1.3600000143051147,110.0999984741211,8.039999961853027,1.3875000476837158,107.9000015258789,7.909999847412109,1.3224999904632568,108.0999984741211,8.0,1.3424999713897705,226590.0,3522400,75706000
2019-06-11,105.34115600585938,8.260000228881836,1.4299999475479126,110.4000015258789,8.260000228881836,1.4299999475479126,111.80000305175781,8.430000305175781,1.462499976158142,109.69999694824219,7.909999847412109,1.372499942779541,110.0,8.0,1.3825000524520874,151430.0,13651900,53695200
2019-06-12,102.00154876708984,8.729999542236328,1.375,106.9000015258789,8.729999542236328,1.375,111.5,8.899999618530273,1.4500000476837158,106.5,8.199999809265137,1.375,110.5,8.210000038146973,1.4199999570846558,166510.0,18910200,19657200
2019-06-13,104.48240661621094,8.680000305175781,1.4249999523162842,109.5,8.680000305175781,1.4249999523162842,109.69999694824219,8.869999885559082,1.4325000047683716,106.30000305175781,8.550000190734863,1.372499942779541,107.5,8.779999732971191,1.3875000476837158,318450.0,6134500,23363200
2019-06-14,104.57781982421875,8.550000190734863,1.4075000286102295,109.5999984741211,8.550000190734863,1.4075000286102295,110.19999694824219,8.640000343322754,1.4574999809265137,108.30000305175781,8.399999618530273,1.402500033378601,109.30000305175781,8.619999885559082,1.4249999523162842,151020.0,3475900,21218400
2019-06-17,106.67700958251953,8.609999656677246,1.4249999523162842,111.80000305175781,8.609999656677246,1.4249999523162842,113.0,8.760000228881836,1.4524999856948853,108.80000305175781,8.539999961853027,1.399999976158142,109.80000305175781,8.539999961853027,1.4075000286102295,123870.0,3772600,14746000
2019-06-18,108.87161254882812,8.720000267028809,1.4325000047683716,114.0999984741211,8.720000267028809,1.4325000047683716,114.19999694824219,8.760000228881836,1.4574999809265137,111.9000015258789,8.640000343322754,1.4175000190734863,112.69999694824219,8.649999618530273,1.4275000095367432,186710.0,3034500,16281600
2019-06-19,110.01663208007812,8.960000038146973,1.4075000286102295,115.30000305175781,8.960000038146973,1.4075000286102295,116.80000305175781,8.979999542236328,1.4375,113.4000015258789,8.6899995803833,1.402500033378601,115.0,8.800000190734863,1.4375,152860.0,4420900,11893200
2019-06-20,104.29156494140625,8.640000343322754,1.3825000524520874,109.30000305175781,8.640000343322754,1.3825000524520874,115.9000015258789,9.09000015258789,1.4225000143051147,108.80000305175781,8.600000381469727,1.3799999952316284,115.80000305175781,9.039999961853027,1.4149999618530273,273320.0,7806800,15735200
2019-06-21,101.14278411865234,8.479999542236328,1.3550000190734863,106.0,8.479999542236328,1.3550000190734863,108.80000305175781,8.640000343322754,1.3799999952316284,103.0999984741211,8.449999809265137,1.3274999856948853,108.80000305175781,8.640000343322754,1.3799999952316284,303980.0,6088400,35817200
2019-06-24,95.51313018798828,8.470000267028809,1.3424999713897705,100.0999984741211,8.470000267028809,1.3424999713897705,106.5999984741211,8.600000381469727,1.3674999475479126,99.69999694824219,8.430000305175781,1.3200000524520874,106.4000015258789,8.5,1.3524999618530273,290900.0,4478900,19293200
2019-06-25,90.45600128173828,8.289999961853027,1.3624999523162842,94.80000305175781,8.289999961853027,1.3624999523162842,100.30000305175781,8.5,1.3825000524520874,94.19999694824219,8.260000228881836,1.3300000429153442,100.0999984741211,8.479999542236328,1.3350000381469727,366300.0,6918200,12341600
2019-06-26,90.16974639892578,7.559999942779541,1.3674999475479126,94.5,7.559999942779541,1.3674999475479126,97.0,8.329999923706055,1.3799999952316284,93.0999984741211,7.449999809265137,1.3450000286102295,95.30000305175781,8.300000190734863,1.3674999475479126,292530.0,16724800,14207200
2019-06-27,90.5514144897461,7.380000114440918,1.3849999904632568,94.9000015258789,7.380000114440918,1.3849999904632568,95.4000015258789,7.53000020980835,1.3975000381469727,93.5,7.099999904632568,1.3574999570846558,94.5,7.480000019073486,1.3650000095367432,202950.0,14707600,15024000
2019-06-28,89.02473449707031,7.460000038146973,1.3674999475479126,93.30000305175781,7.460000038146973,1.3674999475479126,95.19999694824219,7.519999980926514,1.3949999809265137,92.80000305175781,7.309999942779541,1.3600000143051147,94.5999984741211,7.309999942779541,1.3825000524520874,254380.0,8570900,15585600
2019-07-01,88.45222473144531,7.480000019073486,1.340000033378601,92.69999694824219,7.480000019073486,1.340000033378601,99.0,7.550000190734863,1.3925000429153442,91.5,7.400000095367432,1.3350000381469727,98.5,7.5,1.3825000524520874,291920.0,6421600,17243200
2019-07-02,87.87971496582031,7.449999809265137,1.3450000286102295,92.0999984741211,7.449999809265137,1.3450000286102295,93.0,7.480000019073486,1.3624999523162842,90.4000015258789,7.369999885559082,1.3300000429153442,92.30000305175781,7.449999809265137,1.337499976158142,206170.0,5222700,22574000
2019-07-03,86.83012390136719,7.53000020980835,1.3274999856948853,91.0,7.53000020980835,1.3274999856948853,93.0999984741211,7.539999961853027,1.3574999570846558,90.0,7.420000076293945,1.3174999952316284,92.30000305175781,7.510000228881836,1.3524999618530273,195790.0,2348100,10248400
2019-07-05,89.69265747070312,7.409999847412109,1.3799999952316284,94.0,7.409999847412109,1.3799999952316284,95.0999984741211,7.5,1.409999966621399,90.30000305175781,7.389999866485596,1.3174999952316284,90.30000305175781,7.449999809265137,1.3250000476837158,313600.0,5944100,51578400
2019-07-08,84.54009246826172,7.130000114440918,1.3624999523162842,88.5999984741211,7.130000114440918,1.3624999523162842,93.69999694824219,7.369999885559082,1.3825000524520874,88.0,7.119999885559082,1.3550000190734863,93.4000015258789,7.349999904632568,1.375,447070.0,5343500,26370800
2019-07-09,85.0171890258789,7.25,1.3274999856948853,89.0999984741211,7.25,1.3274999856948853,91.80000305175781,7.369999885559082,1.3875000476837158,87.30000305175781,7.090000152587891,1.3200000524520874,88.30000305175781,7.099999904632568,1.3700000047683716,358840.0,6469400,46887600
2019-07-10,87.97513580322266,7.070000171661377,1.2949999570846558,92.19999694824219,7.070000171661377,1.2949999570846558,93.19999694824219,7.360000133514404,1.3424999713897705,89.5,7.03000020980835,1.2925000190734863,90.19999694824219,7.309999942779541,1.337499976158142,215360.0,5995700,43413200
2019-07-11,90.16974639892578,7.099999904632568,1.2100000381469727,94.5,7.099999904632568,1.2100000381469727,95.5,7.130000114440918,1.252500057220459,91.30000305175781,7.0,1.1825000047683716,92.19999694824219,7.119999885559082,1.2450000047683716,250550.0,4919100,67112800
2019-07-12,90.2651596069336,7.199999809265137,1.2274999618530273,94.5999984741211,7.199999809265137,1.2274999618530273,96.0999984741211,7.239999771118164,1.2324999570846558,93.0999984741211,7.059999942779541,1.2024999856948853,95.5,7.150000095367432,1.215000033378601,184160.0,4348100,17568800
2019-07-15,90.5514144897461,7.190000057220459,1.1875,94.9000015258789,7.190000057220459,1.1875,95.30000305175781,7.260000228881836,1.222499966621399,90.5999984741211,7.130000114440918,1.1875,93.9000015258789,7.21999979019165,1.2174999713897705,226650.0,3671600,12273600
2019-07-16,93.31852722167969,7.139999866485596,1.1575000286102295,97.80000305175781,7.139999866485596,1.1575000286102295,98.19999694824219,7.239999771118164,1.2024999856948853,93.19999694824219,7.130000114440918,1.1575000286102295,93.9000015258789,7.170000076293945,1.190000057220459,218960.0,4423000,23880000
2019-07-17,93.60478210449219,7.099999904632568,1.0950000286102295,98.0999984741211,7.099999904632568,1.0950000286102295,99.4000015258789,7.179999828338623,1.159999966621399,96.4000015258789,7.079999923706055,1.0824999809265137,97.80000305175781,7.159999847412109,1.1575000286102295,175320.0,4336000,30572400
2019-07-18,91.79183959960938,7.03000020980835,1.0499999523162842,96.19999694824219,7.03000020980835,1.0499999523162842,99.0,7.110000133514404,1.1050000190734863,94.9000015258789,6.900000095367432,1.0299999713897705,96.19999694824219,7.090000152587891,1.097499966621399,206230.0,5054900,34342800
2019-07-19,100.57027435302734,7.079999923706055,1.0800000429153442,105.4000015258789,7.079999923706055,1.0800000429153442,110.4000015258789,7.139999866485596,1.1050000190734863,99.30000305175781,7.019999980926514,1.0549999475479126,99.5,7.079999923706055,1.0549999475479126,1104280.0,4836600,43786000
2019-07-22,99.32984161376953,7.119999885559082,1.034999966621399,104.0999984741211,7.119999885559082,1.034999966621399,109.0,7.150000095367432,1.100000023841858,100.69999694824219,7.010000228881836,1.0299999713897705,106.4000015258789,7.099999904632568,1.0824999809265137,551950.0,4787100,21954800
2019-07-23,98.28024291992188,7.230000019073486,1.0225000381469727,103.0,7.230000019073486,1.0225000381469727,105.30000305175781,7.230000019073486,1.0499999523162842,101.80000305175781,7.110000133514404,0.9950000047683716,102.5999984741211,7.130000114440918,1.037500023841858,298720.0,4432400,30814000
2019-07-24,102.86029815673828,7.300000190734863,1.0199999809265137,107.80000305175781,7.300000190734863,1.0199999809265137,108.9000015258789,7.309999942779541,1.0499999523162842,103.30000305175781,7.170000076293945,1.0125000476837158,103.30000305175781,7.21999979019165,1.0199999809265137,266090.0,2088000,24082400
2019-07-25,104.3869857788086,7.21999979019165,0.9950000047683716,109.4000015258789,7.21999979019165,0.9950000047683716,110.19999694824219,7.329999923706055,1.0800000429153442,106.69999694824219,7.190000057220459,0.9925000071525574,108.0999984741211,7.300000190734863,1.024999976158142,221140.0,2874200,23160000
2019-07-26,107.34493255615234,7.369999885559082,1.002500057220459,112.5,7.369999885559082,1.002500057220459,113.0,7.389999866485596,1.0199999809265137,109.5,7.230000019073486,0.9900000095367432,110.0,7.230000019073486,1.0,233990.0,3079000,12836000
2019-07-29,109.25328063964844,7.340000152587891,1.0299999713897705,114.5,7.340000152587891,1.0299999713897705,114.5,7.400000095367432,1.0399999618530273,109.30000305175781,7.230000019073486,1.0049999952316284,113.0,7.389999866485596,1.0049999952316284,274670.0,2318500,17308400
2019-07-30,112.02040100097656,7.429999828338623,1.0075000524520874,117.4000015258789,7.429999828338623,1.0075000524520874,117.4000015258789,7.440000057220459,1.0325000286102295,111.30000305175781,7.25,0.9750000238418579,113.4000015258789,7.28000020980835,1.024999976158142,277810.0,2989800,21085600
2019-07-31,112.87916564941406,7.300000190734863,1.0049999952316284,118.30000305175781,7.300000190734863,1.0049999952316284,119.80000305175781,7.449999809265137,1.0449999570846558,115.5,7.199999809265137,1.0,117.5,7.440000057220459,1.0075000524520874,281870.0,2873200,20835600
2019-08-01,107.44035339355469,7.269999980926514,0.9599999785423279,112.5999984741211,7.269999980926514,0.9599999785423279,118.19999694824219,7.360000133514404,1.0149999856948853,110.4000015258789,7.199999809265137,0.9449999928474426,117.0,7.320000171661377,1.0049999952316284,460190.0,3384900,22386000
2019-08-02,110.8753890991211,7.139999866485596,0.9449999928474426,116.19999694824219,7.139999866485596,0.9449999928474426,116.4000015258789,7.230000019073486,0.9725000262260437,110.80000305175781,7.059999942779541,0.9375,112.0,7.21999979019165,0.9574999809265137,287010.0,3861000,14378800
2019-08-05,105.9136734008789,6.849999904632568,0.9275000095367432,111.0,6.849999904632568,0.9275000095367432,114.80000305175781,7.0,0.9375,108.9000015258789,6.760000228881836,0.8949999809265137,114.30000305175781,7.0,0.9300000071525574,286120.0,4188000,22727200
2019-08-06,108.01284790039062,6.78000020980835,0.9524999856948853,113.19999694824219,6.78000020980835,0.9524999856948853,114.0999984741211,7.079999923706055,0.9549999833106995,110.0,6.730000019073486,0.9075000286102295,111.5999984741211,6.929999828338623,0.9325000047683716,179050.0,3940300,20629600
2019-08-07,108.29911041259766,6.829999923706055,0.9524999856948853,113.5,6.829999923706055,0.9524999856948853,114.5,6.860000133514404,0.9624999761581421,109.19999694824219,6.639999866485596,0.9150000214576721,111.0,6.71999979019165,0.9350000023841858,323970.0,3736100,23424400
2019-08-08,114.5966796875,7.059999942779541,0.9725000262260437,120.0999984741211,7.059999942779541,0.9725000262260437,124.9000015258789,7.070000171661377,0.9775000214576721,114.5,6.840000152587891,0.9424999952316284,121.5,6.889999866485596,0.9599999785423279,840900.0,2785600,9226800
2019-08-09,116.21878051757812,6.960000038146973,0.8974999785423279,121.80000305175781,6.960000038146973,0.8974999785423279,123.5999984741211,7.059999942779541,0.9649999737739563,118.0,6.929999828338623,0.8974999785423279,119.69999694824219,7.010000228881836,0.9574999809265137,355210.0,2392400,12317600
2019-08-12,112.21123504638672,6.840000152587891,0.8774999976158142,117.5999984741211,6.840000152587891,0.8774999976158142,124.0,6.96999979019165,0.9049999713897705,116.0,6.820000171661377,0.8600000143051147,121.19999694824219,6.96999979019165,0.8949999809265137,239180.0,1957000,10710400
2019-08-13,111.35247039794922,7.0,0.8675000071525574,116.69999694824219,7.0,0.8675000071525574,122.5999984741211,7.03000020980835,0.9399999976158142,115.5,6.760000228881836,0.8675000071525574,117.19999694824219,6.800000190734863,0.8700000047683716,303770.0,3078100,18018000
2019-08-14,102.57404327392578,6.75,0.8299999833106995,107.5,6.75,0.8299999833106995,115.0,6.860000133514404,0.8550000190734863,107.4000015258789,6.75,0.7975000143051147,114.80000305175781,6.849999904632568,0.8475000262260437,380960.0,2732100,24327600
2019-08-15,103.43281555175781,6.679999828338623,0.8025000095367432,108.4000015258789,6.679999828338623,0.8025000095367432,108.5999984741211,6.809999942779541,0.8525000214576721,104.5999984741211,6.650000095367432,0.7875000238418579,107.0,6.789999961853027,0.8299999833106995,209800.0,2562100,23553600
2019-08-16,106.39076232910156,6.849999904632568,0.8299999833106995,111.5,6.849999904632568,0.8299999833106995,113.0,6.929999828338623,0.8399999737739563,109.0,6.730000019073486,0.8025000095367432,109.5,6.75,0.8125,188230.0,2100300,12522800
2019-08-19,108.6807861328125,6.960000038146973,0.8450000286102295,113.9000015258789,6.960000038146973,0.8450000286102295,116.4000015258789,6.989999771118164,0.8675000071525574,112.4000015258789,6.849999904632568,0.8349999785423279,114.0,6.929999828338623,0.8424999713897705,156230.0,2358900,11550000
2019-08-20,108.20369720458984,6.889999866485596,0.8550000190734863,113.4000015258789,6.889999866485596,0.8550000190734863,115.4000015258789,6.940000057220459,0.8650000095367432,112.5999984741211,6.809999942779541,0.8199999928474426,113.80000305175781,6.909999847412109,0.8374999761581421,125350.0,2059600,17040000
2019-08-21,108.87161254882812,7.090000152587891,0.8849999904632568,114.0999984741211,7.090000152587891,0.8849999904632568,115.69999694824219,7.210000038146973,0.9049999713897705,112.30000305175781,6.920000076293945,0.8600000143051147,114.0,6.949999809265137,0.875,165290.0,3677000,23643600
2019-08-22,109.82579040527344,7.039999961853027,0.9674999713897705,115.0999984741211,7.039999961853027,0.9674999713897705,116.0,7.119999885559082,1.0625,112.30000305175781,6.960000038146973,0.9300000071525574,114.4000015258789,7.110000133514404,0.9925000071525574,214770.0,3975900,116709200
2019-08-23,105.05490112304688,6.980000019073486,0.9125000238418579,110.0999984741211,6.980000019073486,0.9125000238418579,114.69999694824219,7.320000171661377,0.9750000238418579,108.69999694824219,6.929999828338623,0.8899999856948853,114.19999694824219,7.210000038146973,0.9599999785423279,309910.0,4400700,34643600
2019-08-26,107.91743469238281,6.860000133514404,0.9549999833106995,113.0999984741211,6.860000133514404,0.9549999833106995,113.80000305175781,7.059999942779541,1.0099999904632568,110.30000305175781,6.809999942779541,0.9125000238418579,111.19999694824219,7.010000228881836,0.9300000071525574,142090.0,2392200,41277600
2019-08-27,103.62364196777344,6.730000019073486,0.925000011920929,108.5999984741211,6.730000019073486,0.925000011920929,113.69999694824219,6.900000095367432,0.9825000166893005,107.4000015258789,6.699999809265137,0.9200000166893005,113.69999694824219,6.869999885559082,0.9674999713897705,262840.0,3216300,22804000
2019-08-28,107.34493255615234,6.809999942779541,0.9700000286102295,112.5,6.809999942779541,0.9700000286102295,113.0999984741211,6.829999923706055,0.9925000071525574,106.0999984741211,6.639999866485596,0.9175000190734863,108.0999984741211,6.699999809265137,0.925000011920929,152920.0,2136300,25756800
2019-08-29,107.82201385498047,6.960000038146973,1.0575000047683716,113.0,6.960000038146973,1.0575000047683716,115.0,6.980000019073486,1.0724999904632568,112.4000015258789,6.869999885559082,0.9375,113.5999984741211,6.880000114440918,0.9825000166893005,143740.0,2360100,53454000
2019-08-30,106.00908660888672,6.869999885559082,0.9925000071525574,111.0999984741211,6.869999885559082,0.9925000071525574,113.9000015258789,7.010000228881836,1.090000033378601,110.0,6.849999904632568,0.9800000190734863,113.30000305175781,7.0,1.065000057220459,181310.0,2527000,42538400
2019-09-03,108.77619934082031,6.760000228881836,0.9524999856948853,114.0,6.760000228881836,0.9524999856948853,114.69999694824219,6.869999885559082,1.0175000429153442,109.69999694824219,6.659999847412109,0.9150000214576721,111.9000015258789,6.789999961853027,0.9925000071525574,248310.0,3742100,36177600
2019-09-04,111.73414611816406,6.909999847412109,0.9950000047683716,117.0999984741211,6.909999847412109,0.9950000047683716,118.0,6.949999809265137,1.0,114.30000305175781,6.800000190734863,0.9624999761581421,115.30000305175781,6.820000171661377,0.9700000286102295,198350.0,3317400,16908400
2019-09-05,114.69209289550781,7.28000020980835,1.0575000047683716,120.19999694824219,7.28000020980835,1.0575000047683716,120.5999984741211,7.300000190734863,1.059999942779541,118.0,6.989999771118164,1.0175000429153442,119.0999984741211,7.0,1.0199999809265137,239000.0,3909600,27568000
2019-09-06,111.7811279296875,7.190000057220459,1.0774999856948853,115.19999694824219,7.190000057220459,1.0774999856948853,119.69999694824219,7.340000152587891,1.090000033378601,115.0,7.170000076293945,1.034999966621399,118.19999694824219,7.309999942779541,1.059999942779541,169260.0,2438100,26806000
2019-09-09,113.33364868164062,6.980000019073486,1.190000057220459,116.80000305175781,6.980000019073486,1.190000057220459,117.5999984741211,7.199999809265137,1.2300000190734863,113.5999984741211,6.900000095367432,1.087499976158142,115.69999694824219,7.170000076293945,1.087499976158142,189580.0,5898700,58315200
2019-09-10,113.04254913330078,7.150000095367432,1.2725000381469727,116.5,7.150000095367432,1.2725000381469727,117.9000015258789,7.159999847412109,1.274999976158142,114.69999694824219,6.889999866485596,1.127500057220459,116.5,6.929999828338623,1.2174999713897705,193630.0,3722100,66636800
2019-09-11,113.91584014892578,7.510000228881836,1.1475000381469727,117.4000015258789,7.510000228881836,1.1475000381469727,118.69999694824219,7.53000020980835,1.2374999523162842,114.69999694824219,7.159999847412109,0.9925000071525574,116.5999984741211,7.199999809265137,1.0475000143051147,143630.0,5609200,136020000
2019-09-12,113.5277099609375,7.409999847412109,1.1449999809265137,117.0,7.409999847412109,1.1449999809265137,118.69999694824219,7.53000020980835,1.2024999856948853,115.19999694824219,7.329999923706055,1.1074999570846558,117.4000015258789,7.519999980926514,1.149999976158142,169750.0,4169200,35634800
2019-09-13,116.05054473876953,7.46999979019165,1.1024999618530273,119.5999984741211,7.46999979019165,1.1024999618530273,119.80000305175781,7.519999980926514,1.1924999952316284,116.69999694824219,7.360000133514404,1.0924999713897705,118.0,7.409999847412109,1.1549999713897705,165450.0,3828600,30648800
2019-09-16,115.56538391113281,7.590000152587891,1.087499976158142,119.0999984741211,7.590000152587891,1.087499976158142,121.30000305175781,7.760000228881836,1.1174999475479126,118.19999694824219,7.460000038146973,1.0674999952316284,118.5,7.460000038146973,1.0750000476837158,157220.0,6177900,27045200
2019-09-17,111.49003601074219,7.599999904632568,1.0824999809265137,114.9000015258789,7.599999904632568,1.0824999809265137,119.0,7.699999809265137,1.0850000381469727,113.19999694824219,7.449999809265137,1.0325000286102295,118.9000015258789,7.610000133514404,1.0750000476837158,209890.0,4507000,25624000
2019-09-18,108.38499450683594,7.519999980926514,1.149999976158142,111.69999694824219,7.519999980926514,1.149999976158142,115.4000015258789,7.630000114440918,1.1725000143051147,110.80000305175781,7.449999809265137,1.0824999809265137,114.80000305175781,7.599999904632568,1.0824999809265137,193900.0,3273800,39184800
2019-09-19,104.50370788574219,7.570000171661377,1.1100000143051147,107.69999694824219,7.570000171661377,1.1100000143051147,112.30000305175781,7.579999923706055,1.1675000190734863,107.4000015258789,7.480000019073486,1.1050000190734863,111.69999694824219,7.550000190734863,1.159999966621399,277110.0,2963600,31441200
2019-09-20,105.27997589111328,7.539999961853027,1.1749999523162842,108.5,7.539999961853027,1.1749999523162842,111.5,7.639999866485596,1.2000000476837158,106.19999694824219,7.5,1.125,107.5999984741211,7.550000190734863,1.1475000381469727,229280.0,3423200,46415200
2019-09-23,104.0185546875,7.510000228881836,1.2549999952316284,107.19999694824219,7.510000228881836,1.2549999952316284,109.19999694824219,7.53000020980835,1.2999999523162842,104.4000015258789,7.400000095367432,1.152500033378601,108.0,7.480000019073486,1.1699999570846558,223450.0,6958900,49896000
2019-09-24,103.92152404785156,5.809999942779541,1.252500057220459,107.0999984741211,5.809999942779541,1.252500057220459,109.0999984741211,6.369999885559082,1.375,106.19999694824219,5.730000019073486,1.2450000047683716,108.0,6.309999942779541,1.284999966621399,156390.0,37837600,52391600
2019-09-25,104.89183807373047,5.570000171661377,1.2999999523162842,108.0999984741211,5.570000171661377,1.2999999523162842,111.4000015258789,5.829999923706055,1.3875000476837158,105.80000305175781,5.400000095367432,1.2699999809265137,107.0999984741211,5.809999942779541,1.2725000381469727,188330.0,22051000,48657200
2019-09-26,104.98887634277344,5.449999809265137,1.3200000524520874,108.19999694824219,5.449999809265137,1.3200000524520874,109.5,5.619999885559082,1.3350000381469727,105.0,5.380000114440918,1.2699999809265137,108.0999984741211,5.619999885559082,1.2975000143051147,193820.0,14714800,24323600
2019-09-27,104.60074615478516,5.260000228881836,1.3350000381469727,107.80000305175781,5.260000228881836,1.3350000381469727,110.5,5.460000038146973,1.3624999523162842,106.80000305175781,5.239999771118164,1.3049999475479126,108.69999694824219,5.429999828338623,1.3125,95600.0,9803400,22194000
2019-09-30,103.82449340820312,5.25,1.3799999952316284,107.0,5.25,1.3799999952316284,109.69999694824219,5.360000133514404,1.409999966621399,106.5,5.099999904632568,1.350000023841858,108.19999694824219,5.260000228881836,1.3574999570846558,129710.0,10574200,35679200
2019-10-01,103.04822540283203,5.150000095367432,1.3949999809265137,106.19999694824219,5.150000095367432,1.3949999809265137,109.5,5.389999866485596,1.4550000429153442,106.0,5.079999923706055,1.372499942779541,107.5,5.269999980926514,1.409999966621399,128840.0,7892900,26369600
2019-10-02,99.16693878173828,5.019999980926514,1.3300000429153442,102.19999694824219,5.019999980926514,1.3300000429153442,105.5,5.079999923706055,1.3875000476837158,99.0,4.949999809265137,1.309999942779541,105.4000015258789,5.079999923706055,1.3875000476837158,219750.0,8871600,32619600
2019-10-03,96.35301208496094,5.099999904632568,1.3550000190734863,99.30000305175781,5.099999904632568,1.3550000190734863,101.80000305175781,5.170000076293945,1.3700000047683716,98.0999984741211,4.920000076293945,1.3075000047683716,101.4000015258789,5.03000020980835,1.3250000476837158,278200.0,7563500,17386800
2019-10-04,95.28565216064453,5.159999847412109,1.3875000476837158,98.19999694824219,5.159999847412109,1.3875000476837158,100.4000015258789,5.190000057220459,1.3899999856948853,96.5,5.070000171661377,1.3424999713897705,99.5,5.119999885559082,1.3574999570846558,252130.0,4875500,16852400
2019-10-07,94.89752197265625,5.099999904632568,1.372499942779541,97.80000305175781,5.099999904632568,1.372499942779541,99.5999984741211,5.289999961853027,1.3949999809265137,96.5999984741211,5.079999923706055,1.3524999618530273,97.19999694824219,5.170000076293945,1.3700000047683716,149310.0,6862300,16619200
2019-10-08,95.3826904296875,4.889999866485596,1.3075000047683716,98.30000305175781,4.889999866485596,1.3075000047683716,99.0999984741211,5.079999923706055,1.3600000143051147,94.30000305175781,4.880000114440918,1.2899999618530273,97.0,5.079999923706055,1.3574999570846558,239180.0,7692600,19292400
2019-10-09,91.11326599121094,4.96999979019165,1.247499942779541,93.9000015258789,4.96999979019165,1.247499942779541,98.69999694824219,5.010000228881836,1.3250000476837158,90.5,4.860000133514404,1.2400000095367432,98.69999694824219,4.949999809265137,1.3125,461710.0,6779100,23238400
2019-10-10,88.88152313232422,5.059999942779541,1.2625000476837158,91.5999984741211,5.059999942779541,1.2625000476837158,94.19999694824219,5.150000095367432,1.287500023841858,91.19999694824219,4.949999809265137,1.2400000095367432,93.5999984741211,4.949999809265137,1.2549999952316284,210690.0,6072600,20912000
2019-10-11,89.46371459960938,5.320000171661377,1.3424999713897705,92.19999694824219,5.320000171661377,1.3424999713897705,95.0,5.340000152587891,1.372499942779541,91.9000015258789,5.139999866485596,1.284999966621399,92.80000305175781,5.139999866485596,1.284999966621399,217270.0,7205300,23636800
2019-10-14,86.8438491821289,5.21999979019165,1.3949999809265137,89.5,5.21999979019165,1.3949999809265137,92.5,5.300000190734863,1.3975000381469727,87.80000305175781,5.170000076293945,1.3049999475479126,91.80000305175781,5.28000020980835,1.3300000429153442,267520.0,3780400,21095600
2019-10-15,88.97855377197266,5.239999771118164,1.402500033378601,91.69999694824219,5.239999771118164,1.402500033378601,94.9000015258789,5.349999904632568,1.4774999618530273,89.69999694824219,5.210000038146973,1.3975000381469727,90.5,5.210000038146973,1.399999976158142,409910.0,4489800,25403600
2019-10-16,90.62810516357422,5.110000133514404,1.4700000286102295,93.4000015258789,5.110000133514404,1.4700000286102295,95.5,5.25,1.4774999618530273,92.19999694824219,5.079999923706055,1.3949999809265137,92.19999694824219,5.230000019073486,1.3949999809265137,232360.0,5908800,15474800
2019-10-17,90.62810516357422,5.210000038146973,1.5075000524520874,93.4000015258789,5.210000038146973,1.5075000524520874,94.0,5.230000019073486,1.5125000476837158,91.5,5.110000133514404,1.4500000476837158,93.69999694824219,5.159999847412109,1.472499966621399,166950.0,3475600,14426400
2019-10-18,90.8221664428711,5.079999923706055,1.4850000143051147,93.5999984741211,5.079999923706055,1.4850000143051147,94.5,5.21999979019165,1.5125000476837158,92.0,5.010000228881836,1.4424999952316284,93.19999694824219,5.210000038146973,1.5075000524520874,176390.0,2748300,12788400
2019-10-21,89.46371459960938,5.210000038146973,1.4824999570846558,92.19999694824219,5.210000038146973,1.4824999570846558,95.4000015258789,5.25,1.5399999618530273,91.80000305175781,5.099999904632568,1.4550000429153442,94.30000305175781,5.130000114440918,1.4950000047683716,180480.0,3614800,14446400
2019-10-22,94.70345306396484,5.150000095367432,1.597499966621399,97.5999984741211,5.150000095367432,1.597499966621399,99.0999984741211,5.239999771118164,1.6100000143051147,91.9000015258789,5.130000114440918,1.4824999570846558,92.0999984741211,5.230000019073486,1.4824999570846558,221010.0,2951600,16698000
2019-10-23,95.77080535888672,5.210000038146973,1.6074999570846558,98.69999694824219,5.210000038146973,1.6074999570846558,101.4000015258789,5.260000228881836,1.6549999713897705,97.19999694824219,5.119999885559082,1.5575000047683716,98.19999694824219,5.119999885559082,1.5824999809265137,282810.0,4293500,16285600
2019-10-24,93.15093994140625,5.170000076293945,1.6050000190734863,96.0,5.170000076293945,1.6050000190734863,99.30000305175781,5.28000020980835,1.6375000476837158,93.30000305175781,5.130000114440918,1.5075000524520874,99.0,5.210000038146973,1.625,254690.0,3991400,17072800
2019-10-25,94.31532287597656,5.21999979019165,1.587499976158142,97.19999694824219,5.21999979019165,1.587499976158142,98.0999984741211,5.230000019073486,1.6074999570846558,93.80000305175781,5.079999923706055,1.5625,95.80000305175781,5.150000095367432,1.5800000429153442,157090.0,3550400,10581600
2019-10-28,96.158935546875,5.289999961853027,1.5475000143051147,99.0999984741211,5.289999961853027,1.5475000143051147,100.5999984741211,5.329999923706055,1.622499942779541,97.5,5.21999979019165,1.5425000190734863,97.80000305175781,5.25,1.5950000286102295,119500.0,3858300,11418800
2019-10-29,95.1886215209961,5.269999980926514,1.4524999856948853,98.0999984741211,5.269999980926514,1.4524999856948853,99.5999984741211,5.309999942779541,1.5625,97.4000015258789,5.210000038146973,1.4474999904632568,99.0,5.269999980926514,1.5525000095367432,122740.0,3103200,15675200
2019-10-30,91.21029663085938,5.289999961853027,1.4325000047683716,94.0,5.289999961853027,1.4325000047683716,97.9000015258789,5.489999771118164,1.4574999809265137,92.0999984741211,5.230000019073486,1.3799999952316284,97.80000305175781,5.429999828338623,1.440000057220459,282640.0,4097200,14958000
2019-10-31,90.91919708251953,5.260000228881836,1.3600000143051147,93.69999694824219,5.260000228881836,1.3600000143051147,95.4000015258789,5.300000190734863,1.4225000143051147,92.0,5.179999828338623,1.3274999856948853,94.9000015258789,5.289999961853027,1.4075000286102295,188130.0,3576000,17434400
2019-11-01,93.34500122070312,5.489999771118164,1.4600000381469727,96.19999694824219,5.489999771118164,1.4600000381469727,98.4000015258789,5.5,1.5,93.30000305175781,5.239999771118164,1.3574999570846558,94.5,5.289999961853027,1.3624999523162842,217710.0,5183000,20841600
2019-11-04,94.6064224243164,5.610000133514404,1.462499976158142,97.5,5.610000133514404,1.462499976158142,98.0,5.730000019073486,1.5049999952316284,94.9000015258789,5.550000190734863,1.4424999952316284,97.4000015258789,5.619999885559082,1.475000023841858,204220.0,6626900,14680000
2019-11-05,94.89752197265625,5.53000020980835,1.4774999618530273,97.80000305175781,5.53000020980835,1.4774999618530273,100.9000015258789,5.659999847412109,1.5499999523162842,97.5999984741211,5.510000228881836,1.465000033378601,97.9000015258789,5.590000152587891,1.4700000286102295,228770.0,4286200,13496400
2019-11-06,94.02423858642578,5.550000190734863,1.5225000381469727,96.9000015258789,5.550000190734863,1.5225000381469727,98.5999984741211,5.579999923706055,1.5475000143051147,95.5999984741211,5.489999771118164,1.4550000429153442,97.9000015258789,5.53000020980835,1.475000023841858,176050.0,3073300,16513200
2019-11-07,89.65778350830078,5.53000020980835,1.5549999475479126,92.4000015258789,5.53000020980835,1.5549999475479126,103.5,5.639999866485596,1.5800000429153442,91.19999694824219,5.510000228881836,1.5099999904632568,99.4000015258789,5.570000171661377,1.5449999570846558,558360.0,3439800,12517200
2019-11-08,93.34500122070312,5.539999961853027,1.5225000381469727,96.19999694824219,5.539999961853027,1.5225000381469727,97.30000305175781,5.559999942779541,1.5700000524520874,92.4000015258789,5.46999979019165,1.5125000476837158,93.69999694824219,5.53000020980835,1.5425000190734863,238250.0,2870000,7874800
2019-11-11,92.56875610351562,5.559999942779541,1.5049999952316284,95.4000015258789,5.559999942779541,1.5049999952316284,96.69999694824219,5.579999923706055,1.5225000381469727,92.69999694824219,5.480000019073486,1.4424999952316284,95.5,5.5,1.5125000476837158,164280.0,2637400,12437600
2019-11-12,90.04591369628906,5.630000114440918,1.4800000190734863,92.80000305175781,5.630000114440918,1.4800000190734863,96.19999694824219,5.659999847412109,1.5175000429153442,92.80000305175781,5.53000020980835,1.4674999713897705,95.4000015258789,5.559999942779541,1.5075000524520874,238830.0,3437600,7338000
2019-11-13,85.38836669921875,5.519999980926514,1.4850000143051147,88.0,5.519999980926514,1.4850000143051147,92.80000305175781,5.639999866485596,1.4924999475479126,85.4000015258789,5.46999979019165,1.4524999856948853,92.5,5.599999904632568,1.4774999618530273,679710.0,3163900,6134400
2019-11-14,86.16461944580078,5.380000114440918,1.4950000047683716,88.80000305175781,5.380000114440918,1.4950000047683716,90.0999984741211,5.519999980926514,1.527500033378601,86.69999694824219,5.340000152587891,1.475000023841858,87.69999694824219,5.489999771118164,1.4874999523162842,324890.0,4140200,6834800
2019-11-15,85.00022888183594,5.480000019073486,1.4700000286102295,87.5999984741211,5.480000019073486,1.4700000286102295,89.9000015258789,5.480000019073486,1.502500057220459,87.0999984741211,5.309999942779541,1.462499976158142,89.80000305175781,5.380000114440918,1.5,322130.0,2544900,8663600
2019-11-18,82.18629455566406,5.289999961853027,1.4049999713897705,84.69999694824219,5.289999961853027,1.4049999713897705,87.9000015258789,5.440000057220459,1.462499976158142,82.19999694824219,5.260000228881836,1.402500033378601,87.5,5.429999828338623,1.462499976158142,731730.0,4998400,11983600
2019-11-19,82.18629455566406,5.349999904632568,1.375,84.69999694824219,5.349999904632568,1.375,90.5,5.429999828338623,1.4149999618530273,84.0,5.269999980926514,1.3624999523162842,86.5,5.320000171661377,1.3925000429153442,593100.0,4666100,13442000
2019-11-20,78.88720703125,5.260000228881836,1.3650000095367432,81.30000305175781,5.260000228881836,1.3650000095367432,84.9000015258789,5.380000114440918,1.3849999904632568,81.0999984741211,5.199999809265137,1.340000033378601,84.9000015258789,5.329999923706055,1.3849999904632568,415580.0,4995900,10666800
2019-11-21,77.04359436035156,5.340000152587891,1.375,79.4000015258789,5.340000152587891,1.375,83.30000305175781,5.380000114440918,1.3949999809265137,78.69999694824219,5.230000019073486,1.337499976158142,81.4000015258789,5.269999980926514,1.3650000095367432,439320.0,6430300,11136000
2019-11-22,77.23765563964844,5.599999904632568,1.4149999618530273,79.5999984741211,5.599999904632568,1.4149999618530273,80.5999984741211,5.639999866485596,1.462499976158142,74.69999694824219,5.360000133514404,1.375,79.5999984741211,5.369999885559082,1.3975000381469727,570620.0,6477000,13972400
2019-11-25,81.3130111694336,5.480000019073486,1.5075000524520874,83.80000305175781,5.480000019073486,1.5075000524520874,84.5,5.659999847412109,1.5149999856948853,80.5,5.460000038146973,1.4075000286102295,80.80000305175781,5.590000152587891,1.4175000190734863,356040.0,4162300,10979600
2019-11-26,76.65546417236328,5.539999961853027,1.524999976158142,79.0,5.539999961853027,1.524999976158142,84.0,5.539999961853027,1.565000057220459,79.0,5.440000057220459,1.502500057220459,84.0,5.5,1.5075000524520874,477340.0,2957800,10594800
2019-11-27,81.79817199707031,5.599999904632568,1.587499976158142,84.30000305175781,5.599999904632568,1.587499976158142,86.5,5.630000114440918,1.597499966621399,80.0,5.53000020980835,1.5049999952316284,80.0,5.539999961853027,1.524999976158142,574550.0,3311000,12120000
2019-11-29,81.30122375488281,5.570000171661377,1.5850000381469727,81.80000305175781,5.570000171661377,1.5850000381469727,84.0,5.599999904632568,1.597499966621399,80.80000305175781,5.480000019073486,1.559999942779541,82.5999984741211,5.550000190734863,1.5824999809265137,240820.0,1471600,5476000
2019-12-02,86.17134094238281,5.5,1.5425000190734863,86.69999694824219,5.5,1.5425000190734863,87.0999984741211,5.570000171661377,1.6150000095367432,82.19999694824219,5.409999847412109,1.5225000381469727,82.4000015258789,5.570000171661377,1.587499976158142,416670.0,2965900,8242400
2019-12-03,82.19573211669922,5.380000114440918,1.5299999713897705,82.69999694824219,5.380000114440918,1.5299999713897705,85.80000305175781,5.440000057220459,1.5449999570846558,82.0999984741211,5.329999923706055,1.4824999570846558,85.69999694824219,5.400000095367432,1.5099999904632568,365230.0,3175300,8859600
2019-12-04,78.81646728515625,5.420000076293945,1.6074999570846558,79.30000305175781,5.420000076293945,1.6074999570846558,83.19999694824219,5.480000019073486,1.622499942779541,78.80000305175781,5.389999866485596,1.5299999713897705,83.0,5.420000076293945,1.5425000190734863,429300.0,3476400,11489600
2019-12-05,78.2201156616211,5.369999885559082,1.600000023841858,78.69999694824219,5.369999885559082,1.600000023841858,80.19999694824219,5.460000038146973,1.6299999952316284,77.69999694824219,5.349999904632568,1.559999942779541,79.5,5.420000076293945,1.5800000429153442,274730.0,2620700,17525600
2019-12-06,80.00914764404297,5.409999847412109,1.6699999570846558,80.5,5.409999847412109,1.6699999570846558,81.5,5.420000076293945,1.6699999570846558,78.80000305175781,5.349999904632568,1.597499966621399,78.80000305175781,5.369999885559082,1.597499966621399,157340.0,3201700,19029200
2019-12-09,81.79817199707031,5.440000057220459,1.5824999809265137,82.30000305175781,5.440000057220459,1.5824999809265137,82.69999694824219,5.519999980926514,1.7300000190734863,78.4000015258789,5.400000095367432,1.5475000143051147,80.30000305175781,5.409999847412109,1.662500023841858,187920.0,3262200,25002400
2019-12-10,80.50609588623047,5.380000114440918,1.627500057220459,81.0,5.380000114440918,1.627500057220459,84.0999984741211,5.46999979019165,1.6349999904632568,80.9000015258789,5.340000152587891,1.5299999713897705,81.9000015258789,5.409999847412109,1.5724999904632568,244170.0,3305800,38379600
2019-12-11,81.1024398803711,5.539999961853027,1.3825000524520874,81.5999984741211,5.539999961853027,1.3825000524520874,81.80000305175781,5.590000152587891,1.4524999856948853,80.0999984741211,5.369999885559082,1.2949999570846558,80.5999984741211,5.380000114440918,1.3125,169790.0,3894500,78071200
2019-12-12,82.49390411376953,5.670000076293945,1.3949999809265137,83.0,5.670000076293945,1.3949999809265137,84.4000015258789,5.699999809265137,1.4275000095367432,81.80000305175781,5.519999980926514,1.3524999618530273,82.5,5.519999980926514,1.3650000095367432,240780.0,7398700,25549200
2019-12-13,81.69877624511719,5.659999847412109,1.3624999523162842,82.19999694824219,5.659999847412109,1.3624999523162842,84.0999984741211,5.809999942779541,1.4049999713897705,81.9000015258789,5.619999885559082,1.309999942779541,83.0,5.670000076293945,1.3674999475479126,138250.0,6247300,21756000
2019-12-16,82.99085235595703,5.71999979019165,1.375,83.5,5.71999979019165,1.375,87.80000305175781,5.78000020980835,1.3975000381469727,83.5,5.690000057220459,1.347499966621399,84.5,5.71999979019165,1.347499966621399,478620.0,5001700,17627600
2019-12-17,80.70487213134766,5.710000038146973,1.5149999856948853,81.19999694824219,5.710000038146973,1.5149999856948853,84.0,5.769999980926514,1.5199999809265137,80.80000305175781,5.670000076293945,1.372499942779541,83.5,5.71999979019165,1.375,358420.0,3623000,16565600
2019-12-18,79.11463165283203,5.650000095367432,1.5399999618530273,79.5999984741211,5.650000095367432,1.5399999618530273,81.30000305175781,5.75,1.5674999952316284,76.5999984741211,5.639999866485596,1.4824999570846558,77.80000305175781,5.730000019073486,1.5149999856948853,439250.0,5026000,21056400
2019-12-19,77.5243911743164,5.809999942779541,1.5149999856948853,78.0,5.809999942779541,1.5149999856948853,80.0,5.840000152587891,1.559999942779541,76.80000305175781,5.630000114440918,1.5075000524520874,79.5999984741211,5.659999847412109,1.5525000095367432,549010.0,8067800,17808000
2019-12-20,76.82865905761719,6.53000020980835,1.497499942779541,77.30000305175781,6.53000020980835,1.497499942779541,79.5999984741211,6.539999961853027,1.5549999475479126,77.19999694824219,6.059999942779541,1.4900000095367432,78.19999694824219,6.079999923706055,1.5149999856948853,421850.0,26671300,21938400
2019-12-23,72.75365447998047,6.46999979019165,1.402500033378601,73.19999694824219,6.46999979019165,1.402500033378601,77.5,6.650000095367432,1.5175000429153442,73.0999984741211,6.449999809265137,1.3849999904632568,77.30000305175781,6.550000190734863,1.5125000476837158,655640.0,9957900,25130800
2019-12-24,74.64207458496094,6.360000133514404,1.3600000143051147,75.0999984741211,6.360000133514404,1.3600000143051147,76.69999694824219,6.53000020980835,1.4175000190734863,74.30000305175781,6.340000152587891,1.3600000143051147,74.69999694824219,6.46999979019165,1.412500023841858,361820.0,4680400,13582000
2019-12-26,72.95243835449219,6.429999828338623,1.350000023841858,73.4000015258789,6.429999828338623,1.350000023841858,75.5999984741211,6.510000228881836,1.377500057220459,73.19999694824219,6.349999904632568,1.3125,75.5,6.389999866485596,1.3674999475479126,330580.0,3681900,17057600
2019-12-27,72.55487823486328,6.449999809265137,1.475000023841858,73.0,6.449999809265137,1.475000023841858,74.0,6.5,1.4950000047683716,72.0,6.380000114440918,1.347499966621399,73.0,6.429999828338623,1.3550000190734863,391050.0,5255000,44165200
2019-12-30,71.95854187011719,6.420000076293945,1.5325000286102295,72.4000015258789,6.420000076293945,1.5325000286102295,74.19999694824219,6.510000228881836,1.5625,72.30000305175781,6.320000171661377,1.440000057220459,73.0999984741211,6.420000076293945,1.4700000286102295,337100.0,6037500,17928400
2019-12-31,71.95854187011719,6.420000076293945,1.5199999809265137,72.4000015258789,6.420000076293945,1.5199999809265137,73.0,6.519999980926514,1.597499966621399,71.5,6.389999866485596,1.497499942779541,72.4000015258789,6.420000076293945,1.5199999809265137,327900.0,5404400,17290400
2020-01-02,74.1451187133789,6.519999980926514,1.5774999856948853,74.5999984741211,6.519999980926514,1.5774999856948853,75.5999984741211,6.559999942779541,1.6174999475479126,72.30000305175781,6.449999809265137,1.5175000429153442,73.0,6.519999980926514,1.534999966621399,454590.0,5348900,17814400
2020-01-03,72.75365447998047,6.460000038146973,1.4700000286102295,73.19999694824219,6.460000038146973,1.4700000286102295,76.0,6.550000190734863,1.5625,73.0999984741211,6.389999866485596,1.4600000381469727,74.5,6.389999866485596,1.5525000095367432,221800.0,3658200,14175600
2020-01-06,70.76585388183594,6.679999828338623,1.462499976158142,71.19999694824219,6.679999828338623,1.462499976158142,73.0,6.739999771118164,1.4774999618530273,71.0999984741211,6.400000095367432,1.399999976158142,72.5,6.400000095367432,1.4500000476837158,290340.0,7882700,13579200
2020-01-07,70.86524963378906,6.659999847412109,1.3799999952316284,71.30000305175781,6.659999847412109,1.3799999952316284,72.0,6.829999923706055,1.4574999809265137,70.0,6.599999904632568,1.3600000143051147,71.0999984741211,6.760000228881836,1.4424999952316284,320530.0,6362700,20912000
2020-01-08,65.79634094238281,6.659999847412109,1.4299999475479126,66.19999694824219,6.659999847412109,1.4299999475479126,71.5,6.699999809265137,1.462499976158142,66.0999984741211,6.579999923706055,1.3524999618530273,71.0999984741211,6.639999866485596,1.372499942779541,655700.0,4983800,22517600
2020-01-09,64.20609283447266,6.639999866485596,1.3875000476837158,64.5999984741211,6.639999866485596,1.3875000476837158,66.80000305175781,6.730000019073486,1.4550000429153442,63.5,6.599999904632568,1.3700000047683716,66.5999984741211,6.699999809265137,1.4550000429153442,679430.0,3262800,10572000
2020-01-10,64.30548858642578,6.559999942779541,1.3574999570846558,64.69999694824219,6.559999942779541,1.3574999570846558,66.69999694824219,6.659999847412109,1.399999976158142,64.0999984741211,6.510000228881836,1.3450000286102295,64.4000015258789,6.659999847412109,1.3899999856948853,520360.0,3390300,11125600
2020-01-13,65.19999694824219,6.670000076293945,1.3574999570846558,65.5999984741211,6.670000076293945,1.3574999570846558,66.4000015258789,6.670000076293945,1.402500033378601,64.19999694824219,6.510000228881836,1.3324999809265137,65.0,6.590000152587891,1.3574999570846558,283680.0,3292900,14500800
2020-01-14,68.08232116699219,6.639999866485596,1.1775000095367432,68.5,6.639999866485596,1.1775000095367432,69.5999984741211,6.730000019073486,1.25,64.5,6.610000133514404,1.1325000524520874,65.5,6.679999828338623,1.1950000524520874,271310.0,3558800,50247600
2020-01-15,70.66646575927734,6.730000019073486,1.152500033378601,71.0999984741211,6.730000019073486,1.152500033378601,73.4000015258789,6.809999942779541,1.1825000047683716,68.0,6.619999885559082,1.1375000476837158,68.5,6.639999866485596,1.1649999618530273,466030.0,4618200,19924400
2020-01-16,72.8530502319336,6.820000171661377,1.1549999713897705,73.30000305175781,6.820000171661377,1.1549999713897705,74.4000015258789,6.889999866485596,1.1775000095367432,71.9000015258789,6.789999961853027,1.1299999952316284,71.9000015258789,6.789999961853027,1.152500033378601,335040.0,5093800,17148400
2020-01-17,72.3561019897461,6.730000019073486,1.1875,72.80000305175781,6.730000019073486,1.1875,73.80000305175781,6.869999885559082,1.1875,71.30000305175781,6.690000057220459,1.127500057220459,73.5999984741211,6.849999904632568,1.1449999809265137,201690.0,3971600,16078000
2020-01-21,71.36219787597656,6.579999923706055,1.1475000381469727,71.80000305175781,6.579999923706055,1.1475000381469727,73.19999694824219,6.699999809265137,1.1875,71.5,6.579999923706055,1.1375000476837158,72.5999984741211,6.690000057220459,1.1875,183140.0,3230000,14128400
2020-01-22,69.27499389648438,6.630000114440918,1.1399999856948853,69.69999694824219,6.630000114440918,1.1399999856948853,72.19999694824219,6.699999809265137,1.159999966621399,69.30000305175781,6.579999923706055,1.1150000095367432,72.0999984741211,6.579999923706055,1.1375000476837158,271690.0,2540700,10510000
2020-01-23,67.58536529541016,6.659999847412109,1.1549999713897705,68.0,6.659999847412109,1.1549999713897705,70.0,6.670000076293945,1.159999966621399,66.80000305175781,6.519999980926514,1.1150000095367432,69.30000305175781,6.599999904632568,1.1375000476837158,202930.0,2659800,7520800
2020-01-24,66.98902893066406,6.590000152587891,1.0800000429153442,67.4000015258789,6.590000152587891,1.0800000429153442,68.0,6.760000228881836,1.159999966621399,66.0,6.550000190734863,1.0625,67.5999984741211,6.710000038146973,1.159999966621399,228280.0,3275300,16654400
2020-01-27,63.21219253540039,6.260000228881836,1.0700000524520874,63.599998474121094,6.260000228881836,1.0700000524520874,65.4000015258789,6.400000095367432,1.087499976158142,62.5,6.119999885559082,1.0399999618530273,65.0999984741211,6.400000095367432,1.0499999523162842,316360.0,7277800,8490000
2020-01-28,67.48597717285156,6.409999847412109,1.0525000095367432,67.9000015258789,6.409999847412109,1.0525000095367432,68.0,6.429999828338623,1.0750000476837158,62.900001525878906,6.289999961853027,1.0449999570846558,63.5,6.309999942779541,1.0750000476837158,209470.0,2408500,8579600
2020-01-29,67.28719329833984,6.340000152587891,1.0325000286102295,67.69999694824219,6.340000152587891,1.0325000286102295,68.9000015258789,6.46999979019165,1.0800000429153442,66.9000015258789,6.340000152587891,1.0325000286102295,68.5999984741211,6.460000038146973,1.0549999475479126,143820.0,1906700,6210400
2020-01-30,67.98292541503906,6.239999771118164,0.9825000166893005,68.4000015258789,6.239999771118164,0.9825000166893005,68.80000305175781,6.320000171661377,1.0299999713897705,64.5999984741211,6.159999847412109,0.9700000286102295,66.19999694824219,6.260000228881836,1.024999976158142,164060.0,3412400,12026000
2020-01-31,64.80243682861328,6.099999904632568,0.9599999785423279,65.19999694824219,6.099999904632568,0.9599999785423279,68.69999694824219,6.260000228881836,0.9850000143051147,65.0,6.059999942779541,0.9574999809265137,68.0999984741211,6.210000038146973,0.9775000214576721,188330.0,3795300,11566800
2020-02-03,64.10670471191406,6.210000038146973,0.987500011920929,64.5,6.210000038146973,0.987500011920929,65.9000015258789,6.230000019073486,0.9950000047683716,64.0999984741211,6.090000152587891,0.9624999761581421,65.0,6.130000114440918,0.9700000286102295,140570.0,3790600,8102400
2020-02-04,66.09451293945312,6.150000095367432,1.0175000429153442,66.5,6.150000095367432,1.0175000429153442,66.9000015258789,6.360000133514404,1.0625,63.900001525878906,6.139999866485596,0.9925000071525574,64.5999984741211,6.329999923706055,1.0075000524520874,200440.0,7154700,14252400
2020-02-05,69.57317352294922,6.199999809265137,1.0449999570846558,70.0,6.199999809265137,1.0449999570846558,71.0,6.300000190734863,1.1024999618530273,66.9000015258789,6.170000076293945,1.034999966621399,67.19999694824219,6.190000057220459,1.037500023841858,216720.0,5955700,10566800
2020-02-06,67.08841705322266,6.130000114440918,1.034999966621399,67.5,6.130000114440918,1.034999966621399,71.30000305175781,6.230000019073486,1.0750000476837158,67.30000305175781,6.130000114440918,1.034999966621399,70.30000305175781,6.21999979019165,1.0499999523162842,271340.0,3650400,6041200
2020-02-07,65.1006088256836,6.019999980926514,0.9524999856948853,65.5,6.019999980926514,0.9524999856948853,67.5,6.150000095367432,1.0325000286102295,65.4000015258789,6.019999980926514,0.9424999952316284,67.0,6.099999904632568,1.027500033378601,206300.0,4757800,10969200
2020-02-10,67.48597717285156,6.050000190734863,0.9850000143051147,67.9000015258789,6.050000190734863,0.9850000143051147,68.30000305175781,6.110000133514404,1.024999976158142,64.69999694824219,5.960000038146973,0.9350000023841858,65.5,6.010000228881836,0.9624999761581421,136030.0,3873600,11108000
2020-02-11,68.9768295288086,6.190000057220459,1.0049999952316284,69.4000015258789,6.190000057220459,1.0049999952316284,69.80000305175781,6.210000038146973,1.059999942779541,66.5,6.059999942779541,0.987500011920929,68.0,6.099999904632568,0.9950000047683716,156850.0,6155000,13660000
2020-02-12,68.18170928955078,6.070000171661377,1.0475000143051147,68.5999984741211,6.070000171661377,1.0475000143051147,70.80000305175781,6.28000020980835,1.127500057220459,68.19999694824219,6.070000171661377,1.0175000429153442,69.30000305175781,6.25,1.0325000286102295,192210.0,4635000,19282400
2020-02-13,69.57317352294922,6.0,1.027500033378601,70.0,6.0,1.027500033378601,70.80000305175781,6.050000190734863,1.065000057220459,67.19999694824219,5.949999809265137,1.0175000429153442,67.5,6.039999961853027,1.0299999713897705,155340.0,3319500,8326800
2020-02-14,70.56707000732422,5.829999923706055,1.0049999952316284,71.0,5.829999923706055,1.0049999952316284,71.9000015258789,6.010000228881836,1.0475000143051147,68.80000305175781,5.789999961853027,1.0049999952316284,70.0999984741211,5.989999771118164,1.027500033378601,170600.0,5094000,6330800
2020-02-18,69.97073364257812,6.090000152587891,1.0149999856948853,70.4000015258789,6.090000152587891,1.0149999856948853,72.5,6.239999771118164,1.0199999809265137,70.30000305175781,5.840000152587891,0.9900000095367432,70.9000015258789,5.860000133514404,1.002500057220459,214280.0,13146500,5870400
2020-02-19,72.65426635742188,6.150000095367432,1.037500023841858,73.0999984741211,6.150000095367432,1.037500023841858,74.4000015258789,6.239999771118164,1.0674999952316284,70.5999984741211,6.090000152587891,0.9800000190734863,71.0,6.170000076293945,1.0149999856948853,230850.0,6265100,10372400
2020-02-20,77.1268310546875,6.159999847412109,1.034999966621399,77.5999984741211,6.159999847412109,1.034999966621399,77.80000305175781,6.230000019073486,1.0750000476837158,72.0999984741211,6.059999942779541,1.027500033378601,73.19999694824219,6.150000095367432,1.0399999618530273,364910.0,4414300,6249200
2020-02-21,74.1451187133789,6.010000228881836,1.0099999904632568,74.5999984741211,6.010000228881836,1.0099999904632568,77.5,6.159999847412109,1.0449999570846558,73.30000305175781,5.96999979019165,0.9975000023841858,77.0,6.159999847412109,1.0299999713897705,303430.0,3269800,6782800
2020-02-24,70.07012176513672,5.760000228881836,0.925000011920929,70.5,5.760000228881836,0.925000011920929,71.4000015258789,5.78000020980835,0.9825000166893005,68.4000015258789,5.650000095367432,0.925000011920929,71.4000015258789,5.71999979019165,0.9750000238418579,321090.0,5541700,14265200
2020-02-25,65.1006088256836,5.5,0.8899999856948853,65.5,5.5,0.8899999856948853,72.80000305175781,5.849999904632568,0.9474999904632568,64.80000305175781,5.429999828338623,0.887499988079071,70.0,5.840000152587891,0.9424999952316284,418100.0,9081500,17791600
2020-02-26,58.93841552734375,5.46999979019165,0.8475000262260437,59.29999923706055,5.46999979019165,0.8475000262260437,66.19999694824219,5.650000095367432,0.9049999713897705,58.70000076293945,5.46999979019165,0.8399999737739563,65.69999694824219,5.489999771118164,0.8949999809265137,717680.0,6545400,18899200
2020-02-27,60.52865982055664,5.139999866485596,0.8675000071525574,60.900001525878906,5.139999866485596,0.8675000071525574,62.0,5.369999885559082,0.9075000286102295,51.20000076293945,5.070000171661377,0.7950000166893005,57.099998474121094,5.21999979019165,0.8075000047683716,629400.0,7885500,15518000
2020-02-28,62.218292236328125,5.170000076293945,0.8999999761581421,62.599998474121094,5.170000076293945,0.8999999761581421,66.5,5.170000076293945,0.9300000071525574,59.79999923706055,4.949999809265137,0.8349999785423279,65.0999984741211,4.96999979019165,0.8349999785423279,755590.0,7499700,18768800
2020-03-02,60.72743606567383,5.079999923706055,0.9574999809265137,61.099998474121094,5.079999923706055,0.9574999809265137,63.20000076293945,5.21999979019165,0.9624999761581421,56.29999923706055,4.960000038146973,0.8475000262260437,63.099998474121094,5.170000076293945,0.8999999761581421,458540.0,6395000,12833600
2020-03-03,57.745731353759766,4.929999828338623,0.9075000286102295,58.099998474121094,4.929999828338623,0.9075000286102295,61.29999923706055,5.130000114440918,0.9725000262260437,56.400001525878906,4.869999885559082,0.875,61.0,5.079999923706055,0.9700000286102295,384300.0,6645100,17130000
2020-03-04,57.845123291015625,4.920000076293945,0.9424999952316284,58.20000076293945,4.920000076293945,0.9424999952316284,59.0,5.039999961853027,0.9574999809265137,54.29999923706055,4.739999771118164,0.8650000095367432,58.599998474121094,5.039999961853027,0.9275000095367432,448370.0,8415700,17030400
2020-03-05,48.900001525878906,4.670000076293945,0.9900000095367432,49.20000076293945,4.670000076293945,0.9900000095367432,56.099998474121094,4.849999904632568,0.9975000023841858,47.5,4.630000114440918,0.8974999785423279,56.0,4.78000020980835,0.925000011920929,585310.0,7690600,14397600
2020-03-06,45.29999923706055,4.440000057220459,0.9800000190734863,45.29999923706055,4.440000057220459,0.9800000190734863,47.29999923706055,4.559999942779541,1.0175000429153442,43.70000076293945,4.329999923706055,0.9399999976158142,46.20000076293945,4.53000020980835,0.9599999785423279,459990.0,10202200,8387200
2020-03-09,38.5,3.8499999046325684,0.925000011920929,38.5,3.8499999046325684,0.925000011920929,40.70000076293945,4.090000152587891,0.9925000071525574,36.79999923706055,3.7699999809265137,0.875,39.5,3.950000047683716,0.8974999785423279,340400.0,13139000,10928000
2020-03-10,42.0,4.199999809265137,1.0575000047683716,42.0,4.199999809265137,1.0575000047683716,42.900001525878906,4.210000038146973,1.065000057220459,37.599998474121094,3.9600000381469727,0.949999988079071,41.70000076293945,4.170000076293945,0.9850000143051147,368700.0,9966300,19452800
2020-03-11,36.400001525878906,4.159999847412109,1.034999966621399,36.400001525878906,4.159999847412109,1.034999966621399,40.70000076293945,4.28000020980835,1.0625,35.599998474121094,4.019999980926514,1.0,39.79999923706055,4.099999904632568,1.034999966621399,405940.0,13679500,17656400
2020-03-12,29.100000381469727,3.700000047683716,0.9950000047683716,29.100000381469727,3.700000047683716,0.9950000047683716,31.5,3.9000000953674316,1.0099999904632568,26.5,3.640000104904175,0.8700000047683716,26.799999237060547,3.890000104904175,0.925000011920929,805800.0,10503500,20493600
2020-03-13,32.20000076293945,4.380000114440918,1.1475000381469727,32.20000076293945,4.380000114440918,1.1475000381469727,32.70000076293945,4.389999866485596,1.162500023841858,28.0,3.630000114440918,0.9624999761581421,31.399999618530273,3.930000066757202,1.0325000286102295,615830.0,11567900,23148800
2020-03-16,26.0,3.390000104904175,1.0924999713897705,26.0,3.390000104904175,1.0924999713897705,29.0,3.890000104904175,1.1425000429153442,26.0,3.380000114440918,0.9750000238418579,26.399999618530273,3.6500000953674316,0.9825000166893005,849790.0,13485200,19466800
2020-03-17,24.799999237060547,2.9000000953674316,1.0575000047683716,24.799999237060547,2.9000000953674316,1.0575000047683716,27.5,3.509999990463257,1.162500023841858,19.5,2.8399999141693115,1.027500033378601,26.200000762939453,3.5,1.100000023841858,768570.0,18660400,14248800
2020-03-18,24.700000762939453,3.180000066757202,0.9424999952316284,24.700000762939453,3.180000066757202,0.9424999952316284,30.0,3.200000047683716,1.0625,21.100000381469727,2.700000047683716,0.875,22.799999237060547,2.7300000190734863,1.024999976158142,775350.0,9992900,14606800
2020-03-19,33.70000076293945,3.259999990463257,1.0475000143051147,33.70000076293945,3.259999990463257,1.0475000143051147,34.70000076293945,3.3499999046325684,1.0499999523162842,23.799999237060547,3.0,0.887499988079071,26.399999618530273,3.0799999237060547,0.9275000095367432,861460.0,6861300,20158000
2020-03-20,31.899999618530273,3.380000114440918,0.9399999976158142,31.899999618530273,3.380000114440918,0.9399999976158142,36.0,3.7200000286102295,1.0199999809265137,30.200000762939453,3.319999933242798,0.9125000238418579,34.0,3.3299999237060547,1.0199999809265137,575400.0,8340600,30888800
2020-03-23,31.5,3.440000057220459,0.9524999856948853,31.5,3.440000057220459,0.9524999856948853,34.0,3.559999942779541,0.9649999737739563,27.100000381469727,3.25,0.875,32.29999923706055,3.3499999046325684,0.8949999809265137,648130.0,6762600,24039200
2020-03-24,35.599998474121094,3.619999885559082,1.0399999618530273,35.599998474121094,3.619999885559082,1.0399999618530273,35.599998474121094,3.6700000762939453,1.0525000095367432,32.70000076293945,3.4600000381469727,0.9725000262260437,35.0,3.6600000858306885,0.987500011920929,516830.0,5548700,27222400
2020-03-25,34.599998474121094,3.759999990463257,1.0425000190734863,34.599998474121094,3.759999990463257,1.0425000190734863,39.79999923706055,3.9800000190734863,1.122499942779541,32.5,3.5199999809265137,1.0099999904632568,39.20000076293945,3.7100000381469727,1.037500023841858,811290.0,6433900,14368400
2020-03-26,37.0,3.930000066757202,1.1024999618530273,37.0,3.930000066757202,1.1024999618530273,39.5,4.179999828338623,1.1775000095367432,34.400001525878906,3.7899999618530273,1.059999942779541,34.599998474121094,3.809999942779541,1.059999942779541,509470.0,5852200,24742800
2020-03-27,36.0,3.809999942779541,1.0549999475479126,36.0,3.809999942779541,1.0549999475479126,37.5,3.869999885559082,1.2725000381469727,33.0,3.680000066757202,1.037500023841858,35.70000076293945,3.75,1.2350000143051147,343140.0,3833600,28099200
2020-03-30,30.399999618530273,3.9100000858306885,0.9125000238418579,30.399999618530273,3.9100000858306885,0.9125000238418579,35.0,3.930000066757202,1.0674999952316284,30.399999618530273,3.680000066757202,0.9125000238418579,34.5,3.7699999809265137,1.0549999475479126,421970.0,4092400,13402400
2020-03-31,31.600000381469727,4.130000114440918,0.875,31.600000381469727,4.130000114440918,0.875,32.900001525878906,4.269999980926514,0.949999988079071,30.799999237060547,3.9800000190734863,0.875,31.5,3.990000009536743,0.9075000286102295,363710.0,7443000,9203600
2020-04-01,26.200000762939453,3.359999895095825,0.8125,26.200000762939453,3.359999895095825,0.8125,30.399999618530273,3.680000066757202,0.8725000023841858,25.0,3.299999952316284,0.7799999713897705,30.0,3.4000000953674316,0.862500011920929,589860.0,11581300,18274800
2020-04-02,22.399999618530273,3.2300000190734863,0.7124999761581421,22.399999618530273,3.2300000190734863,0.7124999761581421,27.799999237060547,3.5199999809265137,0.8374999761581421,21.799999237060547,3.190000057220459,0.7124999761581421,27.399999618530273,3.309999942779541,0.8149999976158142,880810.0,9663700,16257200
2020-04-03,22.700000762939453,3.2200000286102295,0.699999988079071,22.700000762939453,3.2200000286102295,0.699999988079071,23.399999618530273,3.3499999046325684,0.7350000143051147,20.0,3.180000066757202,0.6424999833106995,23.200000762939453,3.2200000286102295,0.7124999761581421,749340.0,5268100,15321600
2020-04-06,28.799999237060547,3.4800000190734863,0.7724999785423279,28.799999237060547,3.4800000190734863,0.7724999785423279,29.700000762939453,3.5299999713897705,0.800000011920929,24.0,3.25,0.7074999809265137,25.0,3.299999952316284,0.7149999737739563,691200.0,10518100,13362000
2020-04-07,31.399999618530273,3.609999895095825,0.8174999952316284,31.399999618530273,3.609999895095825,0.8174999952316284,37.29999923706055,3.7899999618530273,0.8600000143051147,30.5,3.5899999141693115,0.7749999761581421,31.700000762939453,3.6700000762939453,0.8475000262260437,897710.0,6674600,11347600
2020-04-08,33.0,3.8399999141693115,0.8525000214576721,33.0,3.8399999141693115,0.8525000214576721,33.20000076293945,3.880000114440918,0.9175000190734863,28.0,3.640000104904175,0.800000011920929,30.5,3.7300000190734863,0.8075000047683716,799760.0,6287500,11538000
2020-04-09,26.0,3.759999990463257,0.9725000262260437,26.0,3.759999990463257,0.9725000262260437,33.0,3.990000009536743,1.0625,25.799999237060547,3.7300000190734863,0.8725000023841858,33.0,3.9100000858306885,0.8999999761581421,1398120.0,5733800,23634400
2020-04-13,20.799999237060547,3.859999895095825,1.184999942779541,20.799999237060547,3.859999895095825,1.184999942779541,23.600000381469727,3.880000114440918,1.190000057220459,19.5,3.6600000858306885,1.0399999618530273,23.399999618530273,3.7699999809265137,1.0625,1978410.0,6801200,27378000
2020-04-14,21.799999237060547,4.0,1.4874999523162842,21.799999237060547,4.0,1.4874999523162842,23.700000762939453,4.03000020980835,1.6174999475479126,21.399999618530273,3.880000114440918,1.284999966621399,22.100000381469727,3.9000000953674316,1.3025000095367432,1174790.0,4397000,54026400
2020-04-15,24.100000381469727,3.700000047683716,1.3174999952316284,24.100000381469727,3.700000047683716,1.3174999952316284,24.600000381469727,3.869999885559082,1.4175000190734863,20.200000762939453,3.700000047683716,1.225000023841858,21.5,3.859999895095825,1.4149999618530273,1137800.0,4168900,29999600
2020-04-16,24.399999618530273,4.010000228881836,1.2575000524520874,24.399999618530273,4.010000228881836,1.2575000524520874,24.899999618530273,4.099999904632568,1.3600000143051147,21.5,3.75,1.2200000286102295,23.5,3.759999990463257,1.2799999713897705,629080.0,8747500,13487600
2020-04-17,32.0,4.269999980926514,1.2200000286102295,32.0,4.269999980926514,1.2200000286102295,38.5,4.289999961853027,1.3200000524520874,30.5,4.110000133514404,1.1074999570846558,38.5,4.170000076293945,1.3049999475479126,2679990.0,7456600,22612800
2020-04-20,31.799999237060547,4.090000152587891,1.402500033378601,31.799999237060547,4.090000152587891,1.402500033378601,34.400001525878906,4.320000171661377,1.475000023841858,30.600000381469727,4.019999980926514,1.1950000524520874,32.20000076293945,4.21999979019165,1.212499976158142,1078720.0,5220500,24340000
2020-04-21,32.5,3.9200000762939453,1.1950000524520874,32.5,3.9200000762939453,1.1950000524520874,33.79999923706055,4.150000095367432,1.3250000476837158,31.5,3.9100000858306885,1.190000057220459,32.0,4.0,1.3075000047683716,578840.0,4442000,16568400
2020-04-22,31.799999237060547,3.9000000953674316,1.222499966621399,31.799999237060547,3.9000000953674316,1.222499966621399,33.900001525878906,4.059999942779541,1.2925000190734863,31.600000381469727,3.869999885559082,1.2074999809265137,33.900001525878906,4.0,1.284999966621399,456860.0,4216800,10711200
2020-04-23,31.100000381469727,4.010000228881836,1.1749999523162842,31.100000381469727,4.010000228881836,1.1749999523162842,32.5,4.130000114440918,1.222499966621399,30.799999237060547,3.9100000858306885,1.1449999809265137,32.0,3.9800000190734863,1.1875,431880.0,4446300,9063600
2020-04-24,30.5,4.039999961853027,1.1924999952316284,30.5,4.039999961853027,1.1924999952316284,32.0,4.070000171661377,1.212499976158142,30.200000762939453,3.9800000190734863,1.1649999618530273,31.399999618530273,4.039999961853027,1.1950000524520874,362370.0,3715300,8944800
2020-04-27,33.599998474121094,4.260000228881836,1.4550000429153442,33.599998474121094,4.260000228881836,1.4550000429153442,34.0,4.260000228881836,1.497499942779541,30.600000381469727,4.039999961853027,1.2024999856948853,31.899999618530273,4.090000152587891,1.212499976158142,566720.0,4374400,29100400
2020-04-28,41.400001525878906,4.210000038146973,1.409999966621399,41.400001525878906,4.210000038146973,1.409999966621399,47.5,4.400000095367432,1.5099999904632568,35.0,4.170000076293945,1.2649999856948853,38.20000076293945,4.349999904632568,1.4800000190734863,2160110.0,3509300,20800800
2020-04-29,51.900001525878906,4.369999885559082,1.5099999904632568,51.900001525878906,4.369999885559082,1.5099999904632568,55.29999923706055,4.429999828338623,1.5225000381469727,44.70000076293945,4.260000228881836,1.3624999523162842,45.400001525878906,4.320000171661377,1.4574999809265137,2716240.0,4752600,13478400
2020-04-30,49.20000076293945,4.28000020980835,1.4325000047683716,49.20000076293945,4.28000020980835,1.4325000047683716,50.900001525878906,4.389999866485596,1.4950000047683716,45.0,4.21999979019165,1.409999966621399,50.099998474121094,4.389999866485596,1.4674999713897705,1123560.0,2819100,8693200
2020-05-01,45.70000076293945,4.070000171661377,1.5125000476837158,45.70000076293945,4.070000171661377,1.5125000476837158,47.0,4.190000057220459,1.5449999570846558,43.0,3.9700000286102295,1.3624999523162842,46.20000076293945,4.150000095367432,1.412500023841858,674680.0,5531900,16022400
2020-05-04,43.0,4.260000228881836,1.3700000047683716,43.0,4.260000228881836,1.3700000047683716,47.79999923706055,4.289999961853027,1.4824999570846558,40.0,4.019999980926514,1.350000023841858,41.099998474121094,4.059999942779541,1.4600000381469727,560140.0,4808700,16272400
2020-05-05,38.900001525878906,4.269999980926514,1.347499966621399,38.900001525878906,4.269999980926514,1.347499966621399,46.900001525878906,4.409999847412109,1.4075000286102295,38.099998474121094,4.260000228881836,1.337499976158142,46.70000076293945,4.349999904632568,1.3875000476837158,750450.0,4529100,8423600
2020-05-06,39.20000076293945,4.489999771118164,1.2324999570846558,39.20000076293945,4.489999771118164,1.2324999570846558,41.0,4.619999885559082,1.350000023841858,38.29999923706055,4.300000190734863,1.225000023841858,40.79999923706055,4.300000190734863,1.350000023841858,310570.0,5931400,13478400
2020-05-07,39.900001525878906,4.599999904632568,1.2174999713897705,39.900001525878906,4.599999904632568,1.2174999713897705,41.79999923706055,4.739999771118164,1.2324999570846558,39.5,4.5,1.162500023841858,40.099998474121094,4.630000114440918,1.2074999809265137,410580.0,6126400,10003200
2020-05-08,41.0,4.710000038146973,1.2450000047683716,41.0,4.710000038146973,1.2450000047683716,42.20000076293945,4.75,1.2975000143051147,40.400001525878906,4.590000152587891,1.2050000429153442,41.400001525878906,4.650000095367432,1.2200000286102295,357120.0,4836900,9410400
2020-05-11,53.20000076293945,4.579999923706055,1.190000057220459,53.20000076293945,4.579999923706055,1.190000057220459,64.0999984741211,4.679999828338623,1.2400000095367432,48.900001525878906,4.53000020980835,1.1875,64.0,4.619999885559082,1.2300000190734863,10655330.0,3858700,6796800
2020-05-12,51.20000076293945,4.5,1.1349999904632568,51.20000076293945,4.5,1.1349999904632568,58.400001525878906,4.679999828338623,1.2300000190734863,49.099998474121094,4.489999771118164,1.1150000095367432,57.70000076293945,4.559999942779541,1.1950000524520874,1968190.0,4234100,10556800
2020-05-13,46.0,4.460000038146973,1.0525000095367432,46.0,4.460000038146973,1.0525000095367432,50.29999923706055,4.599999904632568,1.1349999904632568,45.099998474121094,4.349999904632568,1.0175000429153442,50.20000076293945,4.489999771118164,1.1349999904632568,1043340.0,7800700,11531600
2020-05-14,45.5,4.460000038146973,1.0325000286102295,45.5,4.460000038146973,1.0325000286102295,46.5,4.489999771118164,1.0475000143051147,40.79999923706055,4.269999980926514,0.9900000095367432,42.5,4.360000133514404,1.037500023841858,592050.0,5702000,8019600
2020-05-15,45.20000076293945,4.420000076293945,1.0549999475479126,45.20000076293945,4.420000076293945,1.0549999475479126,46.20000076293945,4.489999771118164,1.1124999523162842,44.400001525878906,4.369999885559082,1.0099999904632568,44.70000076293945,4.389999866485596,1.0125000476837158,348320.0,3104400,7762400
2020-05-18,47.20000076293945,4.489999771118164,1.1449999809265137,47.20000076293945,4.489999771118164,1.1449999809265137,49.29999923706055,4.639999866485596,1.1575000286102295,46.29999923706055,4.480000019073486,1.090000033378601,48.0,4.579999923706055,1.100000023841858,603690.0,3864600,9456800
2020-05-19,45.599998474121094,4.489999771118164,1.1100000143051147,45.599998474121094,4.489999771118164,1.1100000143051147,49.79999923706055,4.599999904632568,1.1875,45.0,4.460000038146973,1.0924999713897705,48.20000076293945,4.510000228881836,1.1449999809265137,492980.0,3895900,7362800
2020-05-20,46.599998474121094,4.650000095367432,1.1074999570846558,46.599998474121094,4.650000095367432,1.1074999570846558,47.5,4.78000020980835,1.1725000143051147,45.900001525878906,4.559999942779541,1.0850000381469727,46.900001525878906,4.599999904632568,1.125,348950.0,3836000,10174400
2020-05-21,46.29999923706055,4.539999961853027,1.1100000143051147,46.29999923706055,4.539999961853027,1.1100000143051147,47.900001525878906,4.690000057220459,1.162500023841858,45.5,4.5,1.100000023841858,46.79999923706055,4.639999866485596,1.1124999523162842,455500.0,3137200,7887600
2020-05-22,45.79999923706055,4.539999961853027,1.0449999570846558,45.79999923706055,4.539999961853027,1.0449999570846558,46.79999923706055,4.599999904632568,1.122499942779541,45.599998474121094,4.480000019073486,1.0325000286102295,46.599998474121094,4.539999961853027,1.1150000095367432,240880.0,2244500,9519600
2020-05-26,51.099998474121094,4.639999866485596,1.1050000190734863,51.099998474121094,4.639999866485596,1.1050000190734863,51.400001525878906,4.800000190734863,1.152500033378601,47.0,4.619999885559082,1.0824999809265137,48.0,4.699999809265137,1.0850000381469727,886410.0,5213300,14182800
2020-05-27,56.0,4.659999847412109,1.1725000143051147,56.0,4.659999847412109,1.1725000143051147,56.5,4.730000019073486,1.1775000095367432,51.099998474121094,4.550000190734863,1.090000033378601,54.79999923706055,4.710000038146973,1.1425000429153442,786240.0,4857000,12586400
2020-05-28,50.70000076293945,4.579999923706055,1.0824999809265137,50.70000076293945,4.579999923706055,1.0824999809265137,56.79999923706055,4.71999979019165,1.190000057220459,50.20000076293945,4.579999923706055,1.0750000476837158,56.5,4.670000076293945,1.1875,659020.0,3470900,8735600
2020-05-29,51.29999923706055,4.639999866485596,1.0149999856948853,51.29999923706055,4.639999866485596,1.0149999856948853,53.79999923706055,4.659999847412109,1.1050000190734863,48.29999923706055,4.510000228881836,1.0125000476837158,50.0,4.579999923706055,1.0824999809265137,515300.0,4071400,15846800
2020-06-01,53.099998474121094,4.920000076293945,1.0325000286102295,53.099998474121094,4.920000076293945,1.0325000286102295,53.70000076293945,4.989999771118164,1.090000033378601,50.20000076293945,4.590000152587891,1.0049999952316284,50.29999923706055,4.639999866485596,1.0299999713897705,391310.0,17250900,10446400
2020-06-02,55.900001525878906,5.360000133514404,1.0449999570846558,55.900001525878906,5.360000133514404,1.0449999570846558,56.5,5.5,1.0774999856948853,53.29999923706055,5.03000020980835,1.0149999856948853,53.5,5.300000190734863,1.0674999952316284,687780.0,19723200,9477600
2020-06-03,54.5,5.210000038146973,1.1100000143051147,54.5,5.210000038146973,1.1100000143051147,59.900001525878906,5.429999828338623,1.1299999952316284,50.900001525878906,5.159999847412109,1.0499999523162842,52.70000076293945,5.380000114440918,1.059999942779541,1535370.0,5690900,12149600
2020-06-04,53.79999923706055,5.230000019073486,1.1174999475479126,53.79999923706055,5.230000019073486,1.1174999475479126,54.0,5.329999923706055,1.1799999475479126,50.0,5.159999847412109,1.0924999713897705,51.70000076293945,5.199999809265137,1.1100000143051147,857260.0,4554000,14057200
2020-06-05,59.099998474121094,5.46999979019165,1.034999966621399,59.099998474121094,5.46999979019165,1.034999966621399,61.5,5.559999942779541,1.1024999618530273,56.400001525878906,5.309999942779541,1.0225000381469727,57.79999923706055,5.340000152587891,1.0724999904632568,924090.0,5842000,25097600
2020-06-08,64.5,5.789999961853027,1.252500057220459,64.5,5.789999961853027,1.252500057220459,68.4000015258789,5.840000152587891,1.284999966621399,61.70000076293945,5.550000190734863,1.0674999952316284,62.70000076293945,5.670000076293945,1.0700000524520874,858710.0,6199300,40534800
2020-06-09,59.900001525878906,5.610000133514404,1.2400000095367432,59.900001525878906,5.610000133514404,1.2400000095367432,61.900001525878906,5.730000019073486,1.25,55.599998474121094,5.489999771118164,1.1375000476837158,61.0,5.71999979019165,1.25,739430.0,3714400,32293600
2020-06-10,62.900001525878906,5.570000171661377,1.2675000429153442,62.900001525878906,5.570000171661377,1.2675000429153442,73.5,5.679999828338623,1.3825000524520874,62.79999923706055,5.5,1.1699999570846558,73.0,5.630000114440918,1.1950000524520874,1532260.0,2857500,42425600
2020-06-11,51.70000076293945,5.03000020980835,1.0924999713897705,51.70000076293945,5.03000020980835,1.0924999713897705,56.5,5.329999923706055,1.225000023841858,50.0,5.019999980926514,1.0449999570846558,55.29999923706055,5.260000228881836,1.159999966621399,917940.0,5896500,24944000
2020-06-12,58.900001525878906,5.25,1.1799999475479126,58.900001525878906,5.25,1.1799999475479126,59.29999923706055,5.349999904632568,1.1950000524520874,52.20000076293945,5.150000095367432,1.097499966621399,56.900001525878906,5.239999771118164,1.149999976158142,735290.0,4118100,17512800
2020-06-15,58.0,4.989999771118164,1.1725000143051147,58.0,4.989999771118164,1.1725000143051147,59.29999923706055,5.079999923706055,1.1924999952316284,53.0,4.909999847412109,1.1050000190734863,54.20000076293945,5.070000171661377,1.125,554140.0,6506700,15636000
2020-06-16,55.599998474121094,5.21999979019165,1.159999966621399,55.599998474121094,5.21999979019165,1.159999966621399,60.599998474121094,5.289999961853027,1.2374999523162842,55.0,5.110000133514404,1.127500057220459,60.20000076293945,5.199999809265137,1.2374999523162842,591190.0,5589400,12485200
2020-06-17,54.20000076293945,5.099999904632568,1.190000057220459,54.20000076293945,5.099999904632568,1.190000057220459,56.29999923706055,5.360000133514404,1.2074999809265137,53.099998474121094,5.090000152587891,1.1325000524520874,54.099998474121094,5.300000190734863,1.1349999904632568,303080.0,3608100,14374000
2020-06-18,56.29999923706055,5.079999923706055,1.2374999523162842,56.29999923706055,5.079999923706055,1.2374999523162842,57.20000076293945,5.139999866485596,1.2374999523162842,53.400001525878906,5.010000228881836,1.162500023841858,53.5,5.079999923706055,1.1675000190734863,561970.0,3764900,13695200
2020-06-19,55.20000076293945,5.059999942779541,1.2200000286102295,55.20000076293945,5.059999942779541,1.2200000286102295,62.5,5.159999847412109,1.2699999809265137,54.599998474121094,4.949999809265137,1.1725000143051147,62.0,5.139999866485596,1.2374999523162842,1313740.0,8341700,29466400
2020-06-22,53.29999923706055,5.119999885559082,1.2174999713897705,53.29999923706055,5.119999885559082,1.2174999713897705,54.79999923706055,5.239999771118164,1.2374999523162842,52.099998474121094,5.079999923706055,1.1799999475479126,54.79999923706055,5.130000114440918,1.1974999904632568,441280.0,5146700,12715600
2020-06-23,51.0,5.099999904632568,1.2074999809265137,51.0,5.099999904632568,1.2074999809265137,54.0,5.239999771118164,1.247499942779541,50.400001525878906,5.079999923706055,1.2000000476837158,53.70000076293945,5.179999828338623,1.2374999523162842,569930.0,4459700,12821600
2020-06-24,47.900001525878906,4.920000076293945,1.1024999618530273,47.900001525878906,4.920000076293945,1.1024999618530273,51.20000076293945,5.079999923706055,1.2100000381469727,45.099998474121094,4.849999904632568,1.0950000286102295,49.900001525878906,5.079999923706055,1.2074999809265137,810410.0,7844400,11904800
2020-06-25,42.70000076293945,4.849999904632568,1.1150000095367432,42.70000076293945,4.849999904632568,1.1150000095367432,45.900001525878906,4.889999866485596,1.1349999904632568,41.70000076293945,4.610000133514404,1.0750000476837158,45.70000076293945,4.630000114440918,1.0824999809265137,825140.0,7956500,9803200
2020-06-26,41.79999923706055,4.71999979019165,1.087499976158142,41.79999923706055,4.71999979019165,1.087499976158142,46.900001525878906,4.920000076293945,1.125,41.5,4.71999979019165,1.0674999952316284,42.599998474121094,4.860000133514404,1.1200000047683716,560100.0,4769200,15204800
2020-06-29,44.20000076293945,4.800000190734863,1.0950000286102295,44.20000076293945,4.800000190734863,1.0950000286102295,44.400001525878906,4.840000152587891,1.1299999952316284,37.5,4.639999866485596,1.0750000476837158,39.099998474121094,4.760000228881836,1.087499976158142,932160.0,4448700,8524800
2020-06-30,42.900001525878906,4.889999866485596,1.0850000381469727,42.900001525878906,4.889999866485596,1.0850000381469727,43.599998474121094,4.900000095367432,1.127500057220459,42.099998474121094,4.739999771118164,1.0499999523162842,43.400001525878906,4.78000020980835,1.0824999809265137,365340.0,4433200,15556000
2020-07-01,45.70000076293945,4.78000020980835,1.1100000143051147,45.70000076293945,4.78000020980835,1.1100000143051147,46.0,4.849999904632568,1.125,42.599998474121094,4.730000019073486,1.0774999856948853,42.599998474121094,4.849999904632568,1.0774999856948853,491450.0,3522800,9214800
2020-07-02,45.29999923706055,4.849999904632568,1.0724999904632568,45.29999923706055,4.849999904632568,1.0724999904632568,46.900001525878906,4.949999809265137,1.127500057220459,44.70000076293945,4.769999980926514,1.0724999904632568,46.900001525878906,4.789999961853027,1.122499942779541,390840.0,6370600,7550400
2020-07-06,42.79999923706055,5.019999980926514,1.059999942779541,42.79999923706055,5.019999980926514,1.059999942779541,46.400001525878906,5.079999923706055,1.0850000381469727,41.29999923706055,4.920000076293945,1.0475000143051147,46.20000076293945,4.929999828338623,1.0774999856948853,548970.0,4578900,8563600
2020-07-07,41.29999923706055,4.800000190734863,1.0225000381469727,41.29999923706055,4.800000190734863,1.0225000381469727,42.900001525878906,5.0,1.0625,40.79999923706055,4.789999961853027,1.0149999856948853,41.79999923706055,4.989999771118164,1.0499999523162842,266760.0,2831900,9826400
2020-07-08,44.29999923706055,4.840000152587891,1.065000057220459,44.29999923706055,4.840000152587891,1.065000057220459,45.20000076293945,4.869999885559082,1.0724999904632568,42.0,4.739999771118164,1.0075000524520874,44.900001525878906,4.800000190734863,1.024999976158142,558680.0,2486600,8211200
2020-07-09,45.70000076293945,4.809999942779541,1.0525000095367432,45.70000076293945,4.809999942779541,1.0525000095367432,46.0,4.869999885559082,1.0800000429153442,41.79999923706055,4.690000057220459,1.0325000286102295,44.79999923706055,4.849999904632568,1.0674999952316284,422570.0,2714800,7970400
2020-07-10,46.0,4.730000019073486,1.0850000381469727,46.0,4.730000019073486,1.0850000381469727,46.0,4.809999942779541,1.0950000286102295,43.79999923706055,4.699999809265137,1.0449999570846558,43.900001525878906,4.769999980926514,1.0499999523162842,330610.0,2852000,5643200
2020-07-13,42.599998474121094,4.579999923706055,1.065000057220459,42.599998474121094,4.579999923706055,1.065000057220459,48.20000076293945,4.789999961853027,1.1375000476837158,42.5,4.559999942779541,1.065000057220459,47.599998474121094,4.75,1.087499976158142,446480.0,3526900,16864800
2020-07-14,42.20000076293945,4.579999923706055,1.0199999809265137,42.20000076293945,4.579999923706055,1.0199999809265137,42.70000076293945,4.610000133514404,1.0774999856948853,41.0,4.449999809265137,1.0175000429153442,42.5,4.550000190734863,1.0549999475479126,329140.0,3662800,9046400
2020-07-15,45.0,4.710000038146973,1.0475000143051147,45.0,4.710000038146973,1.0475000143051147,45.79999923706055,4.730000019073486,1.0724999904632568,42.20000076293945,4.610000133514404,1.0325000286102295,43.70000076293945,4.650000095367432,1.0325000286102295,483070.0,3575500,5896400
2020-07-16,43.79999923706055,4.650000095367432,1.0425000190734863,43.79999923706055,4.650000095367432,1.0425000190734863,44.79999923706055,4.679999828338623,1.0499999523162842,43.099998474121094,4.570000171661377,1.0225000381469727,43.29999923706055,4.650000095367432,1.0475000143051147,199750.0,2076300,5320400
2020-07-17,42.70000076293945,4.800000190734863,0.9900000095367432,42.70000076293945,4.800000190734863,0.9900000095367432,43.70000076293945,4.849999904632568,1.0575000047683716,42.0,4.630000114440918,0.9850000143051147,43.599998474121094,4.630000114440918,1.0399999618530273,210170.0,2771600,12263600
2020-07-20,41.5,4.989999771118164,0.9624999761581421,41.5,4.989999771118164,0.9624999761581421,42.29999923706055,5.03000020980835,1.0149999856948853,40.70000076293945,4.820000171661377,0.9424999952316284,42.099998474121094,4.820000171661377,0.987500011920929,239310.0,3248600,13604400
2020-07-21,41.5,4.849999904632568,1.002500057220459,41.5,4.849999904632568,1.002500057220459,42.400001525878906,5.059999942779541,1.0225000381469727,40.79999923706055,4.840000152587891,0.9700000286102295,41.5,5.050000190734863,0.9750000238418579,192590.0,3336900,13351600
2020-07-22,40.29999923706055,4.789999961853027,1.027500033378601,40.29999923706055,4.789999961853027,1.027500033378601,41.70000076293945,4.900000095367432,1.0299999713897705,40.0,4.769999980926514,0.9800000190734863,41.0,4.800000190734863,1.0049999952316284,279880.0,2395500,10094000
2020-07-23,40.599998474121094,4.739999771118164,1.027500033378601,40.599998474121094,4.739999771118164,1.027500033378601,41.79999923706055,4.849999904632568,1.0774999856948853,40.0,4.710000038146973,1.0149999856948853,40.79999923706055,4.769999980926514,1.0225000381469727,361430.0,3280500,12948800
2020-07-24,40.0,4.650000095367432,1.0075000524520874,40.0,4.650000095367432,1.0075000524520874,41.79999923706055,4.699999809265137,1.0575000047683716,39.599998474121094,4.599999904632568,1.002500057220459,40.0,4.679999828338623,1.0149999856948853,328240.0,3103700,8863600
2020-07-27,38.70000076293945,4.690000057220459,1.002500057220459,38.70000076293945,4.690000057220459,1.002500057220459,40.29999923706055,4.699999809265137,1.0299999713897705,38.099998474121094,4.559999942779541,0.987500011920929,40.099998474121094,4.650000095367432,1.0049999952316284,298050.0,2975600,9890800
2020-07-28,41.5,4.659999847412109,0.9850000143051147,41.5,4.659999847412109,0.9850000143051147,42.5,4.739999771118164,1.0125000476837158,38.400001525878906,4.619999885559082,0.9800000190734863,38.5,4.699999809265137,0.9900000095367432,622660.0,2635000,18221600
2020-07-29,41.599998474121094,4.869999885559082,1.0149999856948853,41.599998474121094,4.869999885559082,1.0149999856948853,42.0,4.909999847412109,1.0449999570846558,39.5,4.679999828338623,0.9800000190734863,40.70000076293945,4.730000019073486,0.9850000143051147,548940.0,3937200,11518400
2020-07-30,41.20000076293945,4.739999771118164,1.024999976158142,41.20000076293945,4.739999771118164,1.024999976158142,43.400001525878906,4.829999923706055,1.0575000047683716,40.599998474121094,4.679999828338623,0.9925000071525574,41.20000076293945,4.769999980926514,1.0,369910.0,3197500,9594000
2020-07-31,40.400001525878906,4.739999771118164,1.002500057220459,40.400001525878906,4.739999771118164,1.002500057220459,41.5,4.78000020980835,1.0399999618530273,39.5,4.650000095367432,0.9975000023841858,40.79999923706055,4.75,1.0149999856948853,258490.0,2154800,7517600
2020-08-03,41.099998474121094,4.739999771118164,1.037500023841858,41.099998474121094,4.739999771118164,1.037500023841858,42.0,4.75,1.0625,38.599998474121094,4.670000076293945,1.0,40.5,4.730000019073486,1.0075000524520874,404710.0,1905700,10070400
2020-08-04,41.0,4.75,1.1074999570846558,41.0,4.75,1.1074999570846558,42.400001525878906,4.760000228881836,1.184999942779541,40.599998474121094,4.659999847412109,1.0325000286102295,40.70000076293945,4.699999809265137,1.0325000286102295,326780.0,3146700,41445600
2020-08-05,41.5,4.840000152587891,1.1575000286102295,41.5,4.840000152587891,1.1575000286102295,41.70000076293945,4.860000133514404,1.190000057220459,40.70000076293945,4.75,1.0625,40.79999923706055,4.78000020980835,1.125,169150.0,2314000,19677200
2020-08-06,41.400001525878906,4.960000038146973,1.1074999570846558,41.400001525878906,4.960000038146973,1.1074999570846558,42.400001525878906,5.070000171661377,1.1649999618530273,39.900001525878906,4.760000228881836,1.0950000286102295,41.099998474121094,4.829999923706055,1.149999976158142,374260.0,5436300,7604800
2020-08-07,47.5,4.840000152587891,1.0399999618530273,47.5,4.840000152587891,1.0399999618530273,52.599998474121094,5.159999847412109,1.100000023841858,40.900001525878906,4.809999942779541,1.0149999856948853,41.400001525878906,4.96999979019165,1.097499966621399,2491740.0,5364600,13364400
2020-08-10,44.70000076293945,4.840000152587891,1.0824999809265137,44.70000076293945,4.840000152587891,1.0824999809265137,47.400001525878906,4.929999828338623,1.1425000429153442,43.5,4.769999980926514,1.0449999570846558,46.5,4.869999885559082,1.0499999523162842,504820.0,2386700,18247200
2020-08-11,45.599998474121094,4.789999961853027,1.087499976158142,45.599998474121094,4.789999961853027,1.087499976158142,48.5,4.900000095367432,1.1425000429153442,45.400001525878906,4.760000228881836,1.0850000381469727,47.0,4.860000133514404,1.1074999570846558,579480.0,3279900,12555200
2020-08-12,46.400001525878906,4.820000171661377,1.1299999952316284,46.400001525878906,4.820000171661377,1.1299999952316284,47.599998474121094,4.889999866485596,1.1575000286102295,45.599998474121094,4.789999961853027,1.090000033378601,46.20000076293945,4.789999961853027,1.100000023841858,245790.0,1893900,12230400
2020-08-13,53.099998474121094,4.889999866485596,1.159999966621399,53.099998474121094,4.889999866485596,1.159999966621399,57.70000076293945,4.949999809265137,1.1775000095367432,48.20000076293945,4.809999942779541,1.125,51.0,4.809999942779541,1.1299999952316284,2325920.0,2495600,8513200
2020-08-14,55.400001525878906,4.800000190734863,1.1875,55.400001525878906,4.800000190734863,1.1875,56.29999923706055,4.900000095367432,1.2074999809265137,50.5,4.75,1.1375000476837158,55.599998474121094,4.880000114440918,1.149999976158142,1205580.0,2574800,13897600
2020-08-17,56.0,4.809999942779541,1.1575000286102295,56.0,4.809999942779541,1.1575000286102295,58.5,4.849999904632568,1.1950000524520874,54.29999923706055,4.769999980926514,1.1399999856948853,57.20000076293945,4.789999961853027,1.1950000524520874,715920.0,1842300,9484000
2020-08-18,53.5,4.789999961853027,1.2024999856948853,53.5,4.789999961853027,1.2024999856948853,55.70000076293945,4.860000133514404,1.2174999713897705,51.29999923706055,4.739999771118164,1.1074999570846558,55.70000076293945,4.809999942779541,1.152500033378601,579070.0,2432900,15337600
2020-08-19,53.900001525878906,4.78000020980835,1.1799999475479126,53.900001525878906,4.78000020980835,1.1799999475479126,54.70000076293945,4.869999885559082,1.2100000381469727,51.79999923706055,4.75,1.159999966621399,53.400001525878906,4.840000152587891,1.2000000476837158,572830.0,2641700,10450400
2020-08-20,56.900001525878906,4.829999923706055,1.152500033378601,56.900001525878906,4.829999923706055,1.152500033378601,57.79999923706055,4.849999904632568,1.1699999570846558,53.0,4.71999979019165,1.127500057220459,55.70000076293945,4.739999771118164,1.1549999713897705,1372840.0,2103300,9764800
2020-08-21,51.900001525878906,4.75,1.2575000524520874,51.900001525878906,4.75,1.2575000524520874,56.79999923706055,4.840000152587891,1.399999976158142,51.79999923706055,4.730000019073486,1.149999976158142,56.79999923706055,4.800000190734863,1.149999976158142,821690.0,2038200,42570400
2020-08-24,54.099998474121094,4.789999961853027,1.2174999713897705,54.099998474121094,4.789999961853027,1.2174999713897705,54.5,4.840000152587891,1.2825000286102295,49.400001525878906,4.739999771118164,1.1399999856948853,53.5,4.800000190734863,1.274999976158142,849820.0,2528200,18341600
2020-08-25,55.400001525878906,4.78000020980835,1.2450000047683716,55.400001525878906,4.78000020980835,1.2450000047683716,55.79999923706055,4.880000114440918,1.3125,52.099998474121094,4.769999980926514,1.2200000286102295,54.599998474121094,4.800000190734863,1.2200000286102295,529690.0,2470300,11994800
2020-08-26,56.0,5.079999923706055,1.277500033378601,56.0,5.079999923706055,1.277500033378601,56.70000076293945,5.210000038146973,1.3049999475479126,53.29999923706055,4.800000190734863,1.2300000190734863,54.5,4.829999923706055,1.2424999475479126,441940.0,7741000,11118800
2020-08-27,65.19999694824219,5.03000020980835,1.3125,65.19999694824219,5.03000020980835,1.3125,71.0,5.170000076293945,1.3450000286102295,57.0,4.96999979019165,1.2549999952316284,58.099998474121094,5.119999885559082,1.277500033378601,3192120.0,3544300,13537600
2020-08-28,63.0,5.230000019073486,1.347499966621399,63.0,5.230000019073486,1.347499966621399,65.4000015258789,5.300000190734863,1.3925000429153442,61.099998474121094,5.099999904632568,1.3049999475479126,64.9000015258789,5.130000114440918,1.3250000476837158,988270.0,3993900,16947600
2020-08-31,58.79999923706055,5.21999979019165,1.6699999570846558,58.79999923706055,5.21999979019165,1.6699999570846558,64.5,5.320000171661377,1.787500023841858,57.599998474121094,5.150000095367432,1.4225000143051147,63.29999923706055,5.269999980926514,1.4424999952316284,982020.0,4303000,151904000
2020-09-01,60.70000076293945,5.579999923706055,1.912500023841858,60.70000076293945,5.579999923706055,1.912500023841858,61.79999923706055,5.590000152587891,1.9550000429153442,57.900001525878906,5.210000038146973,1.6924999952316284,57.900001525878906,5.25,1.8250000476837158,952400.0,6654800,92634400
2020-09-02,70.4000015258789,5.519999980926514,1.9275000095367432,70.4000015258789,5.519999980926514,1.9275000095367432,77.0999984741211,5.659999847412109,2.012500047683716,64.5999984741211,5.409999847412109,1.777500033378601,70.0999984741211,5.650000095367432,1.9500000476837158,4305620.0,5100100,52044400
2020-09-03,66.0,5.179999828338623,1.9550000429153442,66.0,5.179999828338623,1.9550000429153442,71.4000015258789,5.440000057220459,2.112499952316284,64.80000305175781,5.130000114440918,1.809999942779541,69.4000015258789,5.429999828338623,1.9700000286102295,1062660.0,5338800,57378000
2020-09-04,70.19999694824219,5.110000133514404,1.912500023841858,70.19999694824219,5.110000133514404,1.912500023841858,70.19999694824219,5.199999809265137,1.9800000190734863,62.29999923706055,4.869999885559082,1.7925000190734863,67.5999984741211,5.070000171661377,1.9450000524520874,932880.0,5839600,30648000
2020-09-08,64.19999694824219,4.929999828338623,1.9249999523162842,64.19999694824219,4.929999828338623,1.9249999523162842,69.5,5.099999904632568,2.069999933242798,63.70000076293945,4.909999847412109,1.8700000047683716,67.5999984741211,4.940000057220459,1.8875000476837158,666740.0,3747400,39266400
2020-09-09,62.599998474121094,4.920000076293945,1.837499976158142,62.599998474121094,4.920000076293945,1.837499976158142,65.4000015258789,5.059999942779541,1.997499942779541,61.099998474121094,4.909999847412109,1.8274999856948853,65.4000015258789,5.03000020980835,1.9900000095367432,557820.0,3597600,36272400
2020-09-10,59.400001525878906,4.800000190734863,1.5575000047683716,59.400001525878906,4.800000190734863,1.5575000047683716,63.599998474121094,4.980000019073486,1.7374999523162842,58.79999923706055,4.789999961853027,1.5475000143051147,62.79999923706055,4.960000038146973,1.662500023841858,588180.0,3545900,62233200
2020-09-11,57.900001525878906,4.75,1.5225000381469727,57.900001525878906,4.75,1.5225000381469727,60.70000076293945,4.869999885559082,1.5824999809265137,56.0,4.679999828338623,1.4674999713897705,60.599998474121094,4.860000133514404,1.565000057220459,486300.0,3690600,24244800
2020-09-14,55.400001525878906,4.820000171661377,1.7274999618530273,55.400001525878906,4.820000171661377,1.7274999618530273,58.70000076293945,4.909999847412109,1.75,55.099998474121094,4.78000020980835,1.6074999570846558,58.400001525878906,4.800000190734863,1.7000000476837158,463810.0,3552400,40476000
2020-09-15,55.20000076293945,4.809999942779541,1.7725000381469727,55.20000076293945,4.809999942779541,1.7725000381469727,58.70000076293945,4.889999866485596,1.815000057220459,55.20000076293945,4.789999961853027,1.6725000143051147,56.0,4.880000114440918,1.715000033378601,509930.0,2491000,22974000
2020-09-16,57.599998474121094,4.730000019073486,2.1700000762939453,57.599998474121094,4.730000019073486,2.1700000762939453,58.79999923706055,4.860000133514404,2.259999990463257,54.20000076293945,4.730000019073486,1.7575000524520874,55.20000076293945,4.840000152587891,1.7575000524520874,438060.0,3158600,77025200
2020-09-17,57.20000076293945,4.730000019073486,2.299999952316284,57.20000076293945,4.730000019073486,2.299999952316284,57.900001525878906,4.730000019073486,2.442500114440918,55.79999923706055,4.599999904632568,2.1024999618530273,56.70000076293945,4.699999809265137,2.1424999237060547,261970.0,3696400,68106800
2020-09-18,56.70000076293945,4.860000133514404,2.367500066757202,56.70000076293945,4.860000133514404,2.367500066757202,57.400001525878906,4.889999866485596,2.442500114440918,55.70000076293945,4.679999828338623,2.2274999618530273,57.099998474121094,4.760000228881836,2.299999952316284,242850.0,4055400,69630000
2020-09-21,53.20000076293945,4.760000228881836,2.1875,53.20000076293945,4.760000228881836,2.1875,54.79999923706055,4.809999942779541,2.4000000953674316,50.099998474121094,4.670000076293945,2.0950000286102295,54.20000076293945,4.78000020980835,2.3375000953674316,456320.0,3244900,30559200
2020-09-22,52.099998474121094,4.940000057220459,2.640000104904175,52.099998474121094,4.940000057220459,2.640000104904175,53.20000076293945,4.949999809265137,2.7925000190734863,51.400001525878906,4.769999980926514,2.4749999046325684,52.20000076293945,4.869999885559082,2.612499952316284,209010.0,3316700,139010000
2020-09-23,47.79999923706055,4.800000190734863,2.509999990463257,47.79999923706055,4.800000190734863,2.509999990463257,52.900001525878906,4.96999979019165,2.7149999141693115,47.400001525878906,4.769999980926514,2.4800000190734863,52.20000076293945,4.929999828338623,2.6500000953674316,428520.0,4556100,42604800
2020-09-24,46.099998474121094,4.75,2.2850000858306885,46.099998474121094,4.75,2.2850000858306885,49.0,5.340000152587891,2.452500104904175,43.599998474121094,4.710000038146973,2.252500057220459,46.900001525878906,5.170000076293945,2.427500009536743,456970.0,17292800,31755200
2020-09-25,48.79999923706055,4.769999980926514,2.505000114440918,48.79999923706055,4.769999980926514,2.505000114440918,49.29999923706055,4.880000114440918,2.5450000762939453,45.0,4.679999828338623,2.2750000953674316,46.400001525878906,4.809999942779541,2.297499895095825,237550.0,5590800,30060800
2020-09-28,49.099998474121094,4.610000133514404,2.5225000381469727,49.099998474121094,4.610000133514404,2.5225000381469727,50.400001525878906,4.880000114440918,2.565000057220459,46.099998474121094,4.599999904632568,2.387500047683716,50.400001525878906,4.880000114440918,2.5399999618530273,467650.0,7265700,27057200
2020-09-29,48.599998474121094,4.630000114440918,2.5875000953674316,48.599998474121094,4.630000114440918,2.5875000953674316,49.400001525878906,4.690000057220459,2.6624999046325684,47.5,4.489999771118164,2.4825000762939453,48.79999923706055,4.630000114440918,2.5,252000.0,5843900,20950400
2020-09-30,47.099998474121094,4.590000152587891,2.549999952316284,47.099998474121094,4.590000152587891,2.549999952316284,49.5,4.760000228881836,2.690000057220459,47.0,4.579999923706055,2.515000104904175,48.0,4.650000095367432,2.5625,251540.0,3808500,24316000
2020-10-01,46.5,4.579999923706055,2.442500114440918,46.5,4.579999923706055,2.442500114440918,48.0,4.639999866485596,2.5625,46.29999923706055,4.519999980926514,2.422499895095825,47.79999923706055,4.590000152587891,2.5225000381469727,322380.0,4971200,18216400
2020-10-02,46.5,4.440000057220459,2.3475000858306885,46.5,4.440000057220459,2.3475000858306885,46.599998474121094,4.5,2.444999933242798,44.20000076293945,4.369999885559082,2.325000047683716,44.79999923706055,4.489999771118164,2.3450000286102295,357600.0,6539300,17362000
2020-10-05,41.29999923706055,4.5,2.365000009536743,41.29999923706055,4.5,2.365000009536743,43.599998474121094,4.510000228881836,2.3975000381469727,40.5,4.429999828338623,2.3125,43.0,4.460000038146973,2.359999895095825,946880.0,3106300,11220000
2020-10-06,40.599998474121094,4.550000190734863,2.2825000286102295,40.599998474121094,4.550000190734863,2.2825000286102295,42.70000076293945,4.679999828338623,2.4600000381469727,40.5,4.510000228881836,2.2750000953674316,42.599998474121094,4.53000020980835,2.390000104904175,840420.0,3966000,18141600
2020-10-07,40.400001525878906,4.570000171661377,2.3399999141693115,40.400001525878906,4.570000171661377,2.3399999141693115,41.099998474121094,4.639999866485596,2.390000104904175,39.400001525878906,4.519999980926514,2.2925000190734863,40.79999923706055,4.599999904632568,2.307499885559082,691770.0,2166900,13234400
2020-10-08,41.400001525878906,4.599999904632568,3.372499942779541,41.400001525878906,4.599999904632568,3.372499942779541,41.79999923706055,4.639999866485596,3.4100000858306885,40.20000076293945,4.539999961853027,2.297499895095825,41.29999923706055,4.599999904632568,2.384999990463257,786850.0,2154100,305814400
2020-10-09,40.5,4.730000019073486,3.005000114440918,40.5,4.730000019073486,3.005000114440918,41.79999923706055,4.739999771118164,3.700000047683716,40.400001525878906,4.610000133514404,2.9749999046325684,41.70000076293945,4.619999885559082,3.2074999809265137,502140.0,2618200,308611200
2020-10-12,40.79999923706055,4.75,2.950000047683716,40.79999923706055,4.75,2.950000047683716,40.900001525878906,4.829999923706055,3.192500114440918,40.0,4.739999771118164,2.8499999046325684,40.29999923706055,4.75,2.9149999618530273,324570.0,2268300,94622800
2020-10-13,35.400001525878906,5.139999866485596,2.9700000286102295,35.400001525878906,5.139999866485596,2.9700000286102295,39.099998474121094,5.230000019073486,3.1050000190734863,35.20000076293945,4.75,2.9124999046325684,39.0,4.75,2.932499885559082,1016470.0,10691100,40718800
2020-10-14,29.600000381469727,5.079999923706055,3.0625,29.600000381469727,5.079999923706055,3.0625,32.0,5.25,3.1700000762939453,26.600000381469727,5.019999980926514,3.012500047683716,30.899999618530273,5.150000095367432,3.1675000190734863,3170940.0,5209400,43045600
2020-10-15,27.799999237060547,5.159999847412109,3.4574999809265137,27.799999237060547,5.159999847412109,3.4574999809265137,29.600000381469727,5.170000076293945,3.7750000953674316,27.600000381469727,4.96999979019165,2.997499942779541,28.399999618530273,4.980000019073486,2.997499942779541,980860.0,4452600,159579200
2020-10-16,30.399999618530273,4.980000019073486,3.327500104904175,30.399999618530273,4.980000019073486,3.327500104904175,32.900001525878906,5.210000038146973,3.4749999046325684,28.0,4.96999979019165,3.2699999809265137,28.700000762939453,5.199999809265137,3.442500114440918,1856580.0,5982500,46606400
2020-10-19,35.400001525878906,5.190000057220459,3.4774999618530273,35.400001525878906,5.190000057220459,3.4774999618530273,38.79999923706055,5.210000038146973,3.625,32.29999923706055,5.010000228881836,3.3450000286102295,33.099998474121094,5.050000190734863,3.359999895095825,4038510.0,4816400,52676400
2020-10-20,30.899999618530273,5.079999923706055,3.4649999141693115,30.899999618530273,5.079999923706055,3.4649999141693115,33.099998474121094,5.210000038146973,3.5350000858306885,30.5,5.059999942779541,3.4175000190734863,33.0,5.199999809265137,3.507499933242798,1597880.0,4616000,26416000
2020-10-21,30.0,5.099999904632568,3.5250000953674316,30.0,5.099999904632568,3.5250000953674316,31.299999237060547,5.139999866485596,3.6050000190734863,29.799999237060547,5.0,3.450000047683716,31.0,5.099999904632568,3.4749999046325684,727730.0,3555800,21447600
2020-10-22,31.200000762939453,5.130000114440918,3.7274999618530273,31.200000762939453,5.130000114440918,3.7274999618530273,31.5,5.139999866485596,3.9674999713897705,28.399999618530273,4.96999979019165,3.547499895095825,29.600000381469727,5.090000152587891,3.549999952316284,1233960.0,2651600,64848800
2020-10-23,29.700000762939453,5.119999885559082,3.75,29.700000762939453,5.119999885559082,3.75,31.5,5.130000114440918,3.8450000286102295,29.5,4.989999771118164,3.637500047683716,31.299999237060547,5.130000114440918,3.762500047683716,663500.0,2568000,26029200
2020-10-26,27.5,4.880000114440918,3.362499952316284,27.5,4.880000114440918,3.362499952316284,29.299999237060547,5.070000171661377,3.862499952316284,26.799999237060547,4.860000133514404,3.315000057220459,29.200000762939453,5.03000020980835,3.7325000762939453,1045880.0,3772800,53505200
2020-10-27,27.899999618530273,4.849999904632568,3.172499895095825,27.899999618530273,4.849999904632568,3.172499895095825,29.0,4.940000057220459,3.427500009536743,26.100000381469727,4.840000152587891,3.0899999141693115,28.799999237060547,4.900000095367432,3.427500009536743,1125130.0,2077900,28924000
2020-10-28,26.100000381469727,4.570000171661377,2.9549999237060547,26.100000381469727,4.570000171661377,2.9549999237060547,27.399999618530273,4.789999961853027,3.262500047683716,25.799999237060547,4.550000190734863,2.944999933242798,26.899999618530273,4.769999980926514,3.067500114440918,814110.0,4031200,25554400
2020-10-29,25.200000762939453,4.610000133514404,2.932499885559082,25.200000762939453,4.610000133514404,2.932499885559082,26.799999237060547,4.639999866485596,3.0625,24.799999237060547,4.53000020980835,2.9200000762939453,26.5,4.599999904632568,2.9700000286102295,901930.0,2557000,16663200
2020-10-30,23.600000381469727,4.489999771118164,2.617500066757202,23.600000381469727,4.489999771118164,2.617500066757202,24.899999618530273,4.610000133514404,2.9100000858306885,22.799999237060547,4.440000057220459,2.5899999141693115,24.799999237060547,4.550000190734863,2.9100000858306885,1096880.0,3573900,46187600
2020-11-02,21.5,4.480000019073486,2.6875,21.5,4.480000019073486,2.6875,23.200000762939453,4.550000190734863,2.7725000381469727,21.100000381469727,4.449999809265137,2.625,23.0,4.5,2.7049999237060547,1118010.0,2864500,20908000
2020-11-03,23.399999618530273,4.670000076293945,2.8924999237060547,23.399999618530273,4.670000076293945,2.8924999237060547,25.899999618530273,4.690000057220459,2.9649999141693115,23.0,4.519999980926514,2.6575000286102295,23.399999618530273,4.53000020980835,2.6875,1544190.0,2781700,29818000
2020-11-04,23.100000381469727,4.679999828338623,2.7274999618530273,23.100000381469727,4.679999828338623,2.7274999618530273,24.299999237060547,4.760000228881836,2.942500114440918,22.399999618530273,4.579999923706055,2.6524999141693115,24.0,4.699999809265137,2.940000057220459,760910.0,3113900,23231600
2020-11-05,24.600000381469727,4.860000133514404,2.862499952316284,24.600000381469727,4.860000133514404,2.862499952316284,25.700000762939453,4.920000076293945,2.9600000381469727,22.700000762939453,4.739999771118164,2.765000104904175,23.5,4.78000020980835,2.817500114440918,805620.0,2596900,18820800
2020-11-06,24.899999618530273,4.829999923706055,2.9649999141693115,24.899999618530273,4.829999923706055,2.9649999141693115,26.200000762939453,4.889999866485596,3.0425000190734863,23.299999237060547,4.760000228881836,2.8299999237060547,24.299999237060547,4.820000171661377,2.880000114440918,904950.0,2853800,22072800
2020-11-09,37.70000076293945,4.929999828338623,2.872499942779541,37.70000076293945,4.929999828338623,2.872499942779541,43.900001525878906,5.059999942779541,3.2325000762939453,32.29999923706055,4.889999866485596,2.8125,42.70000076293945,4.989999771118164,3.190000057220459,13251100.0,3986500,24979600
2020-11-10,35.099998474121094,5.019999980926514,2.7750000953674316,35.099998474121094,5.019999980926514,2.7750000953674316,40.29999923706055,5.03000020980835,2.9149999618530273,33.400001525878906,4.840000152587891,2.7074999809265137,39.900001525878906,4.900000095367432,2.875,4212930.0,4143600,15304000
2020-11-11,31.299999237060547,5.190000057220459,2.9375,31.299999237060547,5.190000057220459,2.9375,32.400001525878906,5.230000019073486,2.987499952316284,30.0,5.0,2.802500009536743,32.29999923706055,5.059999942779541,2.875,2406610.0,5724600,19530400
2020-11-12,29.399999618530273,4.989999771118164,2.7825000286102295,29.399999618530273,4.989999771118164,2.7825000286102295,30.700000762939453,5.210000038146973,2.9674999713897705,29.200000762939453,4.980000019073486,2.742500066757202,30.700000762939453,5.190000057220459,2.934999942779541,1472900.0,2987500,17413200
2020-11-13,29.700000762939453,5.110000133514404,2.752500057220459,29.700000762939453,5.110000133514404,2.752500057220459,29.899999618530273,5.150000095367432,2.887500047683716,27.799999237060547,5.010000228881836,2.75,29.799999237060547,5.019999980926514,2.8399999141693115,2199540.0,5360500,14143600
2020-11-16,31.100000381469727,5.190000057220459,3.015000104904175,31.100000381469727,5.190000057220459,3.015000104904175,33.900001525878906,5.230000019073486,3.1649999618530273,30.5,5.130000114440918,2.680000066757202,33.900001525878906,5.139999866485596,2.7899999618530273,4760430.0,3276300,39099200
2020-11-17,29.799999237060547,5.289999961853027,2.9075000286102295,29.799999237060547,5.289999961853027,2.9075000286102295,30.399999618530273,5.300000190734863,2.9800000190734863,29.0,5.150000095367432,2.807499885559082,30.100000381469727,5.21999979019165,2.9124999046325684,2248300.0,3229300,26712800
2020-11-18,32.599998474121094,5.440000057220459,2.8924999237060547,32.599998474121094,5.440000057220459,2.8924999237060547,33.70000076293945,5.610000133514404,3.009999990463257,30.100000381469727,5.309999942779541,2.890000104904175,30.799999237060547,5.349999904632568,2.950000047683716,3171730.0,6118700,12676800
2020-11-19,31.899999618530273,5.360000133514404,3.115000009536743,31.899999618530273,5.360000133514404,3.115000009536743,33.79999923706055,5.489999771118164,3.197499990463257,31.5,5.289999961853027,2.862499952316284,31.600000381469727,5.489999771118164,2.9000000953674316,1398640.0,4367200,47150400
2020-11-20,33.5,5.760000228881836,3.177500009536743,33.5,5.760000228881836,3.177500009536743,33.70000076293945,5.769999980926514,3.365000009536743,32.099998474121094,5.329999923706055,3.134999990463257,32.5,5.360000133514404,3.137500047683716,1708880.0,6583400,33581600
2020-11-23,38.099998474121094,5.659999847412109,3.4749999046325684,38.099998474121094,5.659999847412109,3.4749999046325684,38.5,5.840000152587891,3.5299999713897705,34.099998474121094,5.590000152587891,3.1675000190734863,35.099998474121094,5.809999942779541,3.2249999046325684,3151460.0,4995700,38396400
2020-11-24,45.79999923706055,5.699999809265137,3.4175000190734863,45.79999923706055,5.699999809265137,3.4175000190734863,50.0,5.769999980926514,3.565000057220459,41.5,5.639999866485596,3.325000047683716,41.599998474121094,5.739999771118164,3.557499885559082,6288460.0,5142800,28732800
2020-11-25,44.900001525878906,5.909999847412109,3.6875,44.900001525878906,5.909999847412109,3.6875,48.5,5.940000057220459,3.8125,42.0,5.679999828338623,3.3550000190734863,45.70000076293945,5.699999809265137,3.4000000953674316,2264730.0,4992200,35440400
2020-11-27,44.5,6.150000095367432,4.019999980926514,44.5,6.150000095367432,4.019999980926514,46.20000076293945,6.199999809265137,4.184999942779541,43.599998474121094,5.900000095367432,3.7200000286102295,45.400001525878906,5.940000057220459,3.822499990463257,1009740.0,3742500,50016800
2020-11-30,42.70000076293945,5.869999885559082,4.139999866485596,42.70000076293945,5.869999885559082,4.139999866485596,44.5,6.159999847412109,4.855000019073486,39.900001525878906,5.820000171661377,4.139999866485596,44.099998474121094,6.150000095367432,4.542500019073486,1655500.0,6862900,127934000
2020-12-01,41.5,7.0,3.950000047683716,41.5,7.0,3.950000047683716,44.29999923706055,9.6899995803833,4.349999904632568,40.900001525878906,6.920000076293945,3.940000057220459,44.29999923706055,8.359999656677246,4.277500152587891,1213010.0,329454900,50615600
2020-12-02,43.20000076293945,7.449999809265137,4.144999980926514,43.20000076293945,7.449999809265137,4.144999980926514,43.400001525878906,8.40999984741211,4.170000076293945,39.5,7.090000152587891,3.8450000286102295,40.79999923706055,7.679999828338623,3.924999952316284,1184760.0,150129800,31533600
2020-12-03,36.29999923706055,7.460000038146973,4.03000020980835,36.29999923706055,7.460000038146973,4.03000020980835,42.20000076293945,7.610000133514404,4.159999847412109,35.0,7.199999809265137,3.9674999713897705,40.099998474121094,7.440000057220459,4.119999885559082,6608090.0,40307200,25180000
2020-12-04,35.099998474121094,8.520000457763672,4.224999904632568,35.099998474121094,8.520000457763672,4.224999904632568,37.599998474121094,8.550000190734863,4.322500228881836,33.0,7.389999866485596,4.065000057220459,37.5,7.389999866485596,4.074999809265137,3315730.0,69814500,35890800
2020-12-07,35.599998474121094,8.25,4.087500095367432,35.599998474121094,8.25,4.087500095367432,37.400001525878906,9.0,4.375,33.29999923706055,8.119999885559082,4.054999828338623,34.5,8.739999771118164,4.25,2050390.0,44629100,29545200
2020-12-08,39.79999923706055,8.520000457763672,4.235000133514404,39.79999923706055,8.520000457763672,4.235000133514404,40.20000076293945,8.720000267028809,4.302499771118164,36.099998474121094,8.239999771118164,3.9825000762939453,36.099998474121094,8.260000228881836,4.09250020980835,2953060.0,26885100,64480800
2020-12-09,38.599998474121094,8.3100004196167,3.4149999618530273,38.599998474121094,8.3100004196167,3.4149999618530273,43.29999923706055,8.649999618530273,3.682499885559082,37.5,8.0600004196167,3.307499885559082,42.20000076293945,8.550000190734863,3.4800000190734863,2099120.0,19628000,97431600
2020-12-10,40.900001525878906,8.369999885559082,3.5299999713897705,40.900001525878906,8.369999885559082,3.5299999713897705,41.0,8.399999618530273,3.6024999618530273,37.70000076293945,8.079999923706055,3.262500047683716,37.900001525878906,8.100000381469727,3.2799999713897705,1987280.0,10923200,30235600
2020-12-11,39.20000076293945,8.15999984741211,3.327500104904175,39.20000076293945,8.15999984741211,3.327500104904175,42.5,8.329999923706055,3.5,38.70000076293945,7.960000038146973,3.255000114440918,40.400001525878906,8.300000190734863,3.4774999618530273,2231040.0,11643200,29987600
2020-12-14,31.899999618530273,8.25,3.180000066757202,31.899999618530273,8.25,3.180000066757202,40.099998474121094,8.569999694824219,3.3575000762939453,30.0,8.15999984741211,3.0350000858306885,40.099998474121094,8.279999732971191,3.3350000381469727,6715900.0,14675500,40028400
2020-12-15,28.600000381469727,8.300000190734863,3.4625000953674316,28.600000381469727,8.300000190734863,3.4625000953674316,32.400001525878906,8.390000343322754,3.505000114440918,27.600000381469727,8.09000015258789,3.119999885559082,32.400001525878906,8.359999656677246,3.194999933242798,5443210.0,9782000,32759200
2020-12-16,27.799999237060547,8.239999771118164,3.4625000953674316,27.799999237060547,8.239999771118164,3.4625000953674316,28.899999618530273,8.350000381469727,3.577500104904175,27.200000762939453,8.170000076293945,3.3949999809265137,28.700000762939453,8.350000381469727,3.490000009536743,2542320.0,8043200,23460400
2020-12-17,28.5,8.260000228881836,3.7074999809265137,28.5,8.260000228881836,3.7074999809265137,29.5,8.34000015258789,3.744999885559082,27.399999618530273,8.029999732971191,3.3975000381469727,28.0,8.300000190734863,3.490000009536743,2379930.0,17717900,32779600
2020-12-18,28.0,6.949999809265137,3.9075000286102295,28.0,6.949999809265137,3.9075000286102295,28.5,7.829999923706055,4.074999809265137,27.600000381469727,6.880000114440918,3.7950000762939453,28.5,7.829999923706055,3.944999933242798,2194170.0,49470100,66475200
2020-12-21,26.799999237060547,7.110000133514404,3.882499933242798,26.799999237060547,7.110000133514404,3.882499933242798,27.399999618530273,7.199999809265137,4.087500095367432,25.799999237060547,6.730000019073486,3.819999933242798,26.100000381469727,6.840000152587891,3.952500104904175,2269980.0,17988300,39504400
2020-12-22,25.899999618530273,7.190000057220459,4.864999771118164,25.899999618530273,7.190000057220459,4.864999771118164,27.5,7.440000057220459,5.010000228881836,25.200000762939453,7.050000190734863,4.037499904632568,27.299999237060547,7.179999828338623,4.054999828338623,2163840.0,16741500,122610800
2020-12-23,25.600000381469727,7.090000152587891,5.142499923706055,25.600000381469727,7.090000152587891,5.142499923706055,26.5,7.329999923706055,5.587500095367432,25.399999618530273,7.079999923706055,4.78249979019165,25.799999237060547,7.300000190734863,5.042500019073486,1572480.0,9115500,103321200
2020-12-24,25.100000381469727,7.059999942779541,5.037499904632568,25.100000381469727,7.059999942779541,5.037499904632568,26.0,7.239999771118164,5.369999885559082,24.799999237060547,7.050000190734863,4.987500190734863,25.899999618530273,7.119999885559082,5.252500057220459,1109420.0,6088300,25048800
2020-12-28,23.899999618530273,6.880000114440918,5.247499942779541,23.899999618530273,6.880000114440918,5.247499942779541,26.299999237060547,7.130000114440918,5.492499828338623,23.600000381469727,6.849999904632568,5.087500095367432,26.299999237060547,7.099999904632568,5.327499866485596,2394270.0,9820100,35863600
2020-12-29,22.899999618530273,6.769999980926514,4.84499979019165,22.899999618530273,6.769999980926514,4.84499979019165,24.600000381469727,7.0,5.267499923706055,22.799999237060547,6.679999828338623,4.639999866485596,24.399999618530273,6.980000019073486,5.204999923706055,2108610.0,11284200,36965600
2020-12-30,21.600000381469727,6.670000076293945,4.815000057220459,21.600000381469727,6.670000076293945,4.815000057220459,23.0,6.809999942779541,5.0,21.299999237060547,6.599999904632568,4.712500095367432,23.0,6.789999961853027,4.84499979019165,4027840.0,9434900,23737600
2020-12-31,21.200000762939453,6.630000114440918,4.710000038146973,21.200000762939453,6.630000114440918,4.710000038146973,22.200000762939453,6.800000190734863,4.949999809265137,20.799999237060547,6.630000114440918,4.699999809265137,21.700000762939453,6.679999828338623,4.8125,2823430.0,7530600,27690800
2021-01-04,20.100000381469727,6.579999923706055,4.3125,20.100000381469727,6.579999923706055,4.3125,22.0,6.820000171661377,4.775000095367432,20.0,6.519999980926514,4.287499904632568,22.0,6.699999809265137,4.75,2987380.0,11139200,40090000
2021-01-05,19.799999237060547,6.769999980926514,4.34250020980835,19.799999237060547,6.769999980926514,4.34250020980835,20.299999237060547,6.800000190734863,4.519999980926514,19.100000381469727,6.559999942779541,4.307499885559082,19.899999618530273,6.619999885559082,4.337500095367432,2814830.0,9108900,19846000
2021-01-06,20.100000381469727,6.710000038146973,4.590000152587891,20.100000381469727,6.710000038146973,4.590000152587891,22.299999237060547,6.909999847412109,4.744999885559082,19.700000762939453,6.630000114440918,4.332499980926514,20.299999237060547,6.710000038146973,4.335000038146973,6736330.0,11022300,24224800
2021-01-07,20.5,7.059999942779541,4.519999980926514,20.5,7.059999942779541,4.519999980926514,21.100000381469727,7.119999885559082,4.862500190734863,20.200000762939453,6.71999979019165,4.505000114440918,20.799999237060547,6.75,4.617499828338623,2615050.0,13062800,24517200
2021-01-08,21.399999618530273,7.559999942779541,4.422500133514404,21.399999618530273,7.559999942779541,4.422500133514404,22.100000381469727,7.639999866485596,4.574999809265137,20.700000762939453,7.099999904632568,4.269999980926514,20.899999618530273,7.21999979019165,4.545000076293945,3955330.0,23039300,25928000
2021-01-11,22.0,7.650000095367432,4.985000133514404,22.0,7.650000095367432,4.985000133514404,22.700000762939453,7.789999961853027,5.162499904632568,21.5,7.320000171661377,4.752500057220459,21.600000381469727,7.639999866485596,4.852499961853027,4169580.0,15720100,59632000
2021-01-12,22.899999618530273,7.630000114440918,4.987500190734863,22.899999618530273,7.630000114440918,4.987500190734863,23.899999618530273,7.710000038146973,5.099999904632568,22.399999618530273,7.480000019073486,4.829999923706055,22.399999618530273,7.690000057220459,4.989999771118164,4154920.0,9416000,28242800
2021-01-13,21.799999237060547,7.440000057220459,7.849999904632568,21.799999237060547,7.440000057220459,7.849999904632568,23.799999237060547,7.659999847412109,9.662500381469727,21.299999237060547,7.400000095367432,5.007500171661377,23.299999237060547,7.650000095367432,5.105000019073486,4584770.0,8345500,578006800
2021-01-14,21.799999237060547,9.109999656677246,9.977499961853027,21.799999237060547,9.109999656677246,9.977499961853027,23.200000762939453,9.329999923706055,10.765000343322754,21.299999237060547,7.46999979019165,8.262499809265137,22.200000762939453,7.510000228881836,9.522500038146973,4963880.0,65231300,374869600
2021-01-15,23.299999237060547,9.84000015258789,8.875,23.299999237060547,9.84000015258789,8.875,25.5,11.5600004196167,10.1875,21.799999237060547,9.399999618530273,8.5024995803833,22.0,10.680000305175781,9.6225004196167,16235640.0,153854700,187465600
2021-01-19,30.600000381469727,12.350000381469727,9.84000015258789,30.600000381469727,12.350000381469727,9.84000015258789,32.0,12.390000343322754,11.380000114440918,25.700000762939453,10.579999923706055,9.15999984741211,28.0,10.850000381469727,10.387499809265137,25627600.0,112483200,298887600
2021-01-20,29.700000762939453,12.789999961853027,9.779999732971191,29.700000762939453,12.789999961853027,9.779999732971191,33.400001525878906,13.640000343322754,10.297499656677246,27.5,12.380000114440918,9.015000343322754,32.900001525878906,13.229999542236328,9.342499732971191,18186220.0,130140700,133887200
2021-01-21,29.799999237060547,12.850000381469727,10.757499694824219,29.799999237060547,12.850000381469727,10.757499694824219,30.600000381469727,12.949999809265137,11.1875,28.5,12.010000228881836,9.25,30.0,12.619999885559082,9.807499885559082,6482380.0,63272900,224867600
2021-01-22,35.099998474121094,14.039999961853027,16.252500534057617,35.099998474121094,14.039999961853027,16.252500534057617,37.400001525878906,14.279999732971191,19.190000534057617,28.100000381469727,12.170000076293945,10.579999923706055,29.100000381469727,12.369999885559082,10.647500038146973,26827340.0,120473600,788631600
2021-01-25,44.20000076293945,18.030000686645508,19.197500228881836,44.20000076293945,18.030000686645508,19.197500228881836,48.79999923706055,20.829999923706055,39.79499816894531,38.5,15.739999771118164,15.282500267028809,47.099998474121094,19.549999237060547,24.1825008392334,44323810.0,363829100,711496000
2021-01-26,49.599998474121094,18.920000076293945,36.994998931884766,49.599998474121094,18.920000076293945,36.994998931884766,51.900001525878906,19.510000228881836,37.5,43.70000076293945,17.190000534057617,20.049999237060547,50.900001525878906,19.09000015258789,22.139999389648438,45685020.0,242740800,714352000
2021-01-27,199.0,25.100000381469727,86.87750244140625,199.0,25.100000381469727,86.87750244140625,203.60000610351562,28.770000457763672,95.0,110.0999984741211,19.809999465942383,62.25,203.39999389648438,20.25,88.7074966430664,122234250.0,372222600,373586800
2021-01-28,86.30000305175781,14.649999618530273,48.400001525878906,86.30000305175781,14.649999618530273,48.400001525878906,165.0,22.5,120.75,65.0999984741211,13.399999618530273,28.0625,119.80000305175781,19.469999313354492,66.25,59122390.0,194906600,235263200
2021-01-29,132.60000610351562,14.100000381469727,81.25,132.60000610351562,14.100000381469727,81.25,160.0,18.1200008392334,103.49500274658203,116.0,13.6899995803833,62.5,143.10000610351562,17.979999542236328,94.92749786376953,60219330.0,94049200,202264400
2021-02-01,133.0,14.630000114440918,56.25,133.0,14.630000114440918,56.25,172.5,15.539999961853027,80.5,129.10000610351562,12.729999542236328,53.0,170.0,14.640000343322754,79.13999938964844,43460800.0,78506000,149528800
2021-02-02,78.19999694824219,11.550000190734863,22.5,78.19999694824219,11.550000190734863,22.5,101.0,13.75,39.5,60.0,11.079999923706055,18.55500030517578,94.80000305175781,13.470000267028809,35.189998626708984,46277590.0,80520900,312732400
2021-02-03,89.69999694824219,12.0,23.102500915527344,89.69999694824219,12.0,23.102500915527344,97.69999694824219,12.470000267028809,28.350000381469727,78.9000015258789,11.079999923706055,21.3125,88.5,11.720000267028809,28.002500534057617,22140510.0,50001300,170794000
2021-02-04,70.9000015258789,12.149999618530273,13.375,70.9000015258789,12.149999618530273,13.375,87.4000015258789,12.430000305175781,22.875,70.0,11.529999732971191,13.332500457763672,87.0,12.119999885559082,22.797500610351562,16298580.0,33668000,249709200
2021-02-05,68.30000305175781,13.229999542236328,15.942500114440918,68.30000305175781,13.229999542236328,15.942500114440918,82.69999694824219,13.670000076293945,23.75,65.19999694824219,11.880000114440918,12.772500038146973,71.69999694824219,11.920000076293945,13.510000228881836,19709760.0,44183100,325380000
2021-02-08,61.79999923706055,13.760000228881836,15.0,61.79999923706055,13.760000228881836,15.0,68.9000015258789,14.350000381469727,18.165000915527344,57.5,13.300000190734863,14.505000114440918,68.80000305175781,13.779999732971191,18.102500915527344,12817150.0,37068900,102749200
2021-02-09,55.0,13.430000305175781,12.577500343322754,55.0,13.430000305175781,12.577500343322754,58.099998474121094,13.649999618530273,14.25,52.599998474121094,13.010000228881836,11.630000114440918,58.099998474121094,13.609999656677246,14.15250015258789,10258810.0,23252500,107372400
2021-02-10,58.0,13.100000381469727,12.800000190734863,58.0,13.100000381469727,12.800000190734863,65.9000015258789,13.489999771118164,15.707500457763672,54.5,12.75,11.637499809265137,57.099998474121094,13.069999694824219,12.692500114440918,15281080.0,27277900,145820000
2021-02-11,56.099998474121094,12.460000038146973,12.774999618530273,56.099998474121094,12.460000038146973,12.774999618530273,58.5,13.09000015258789,13.829999923706055,54.70000076293945,12.130000114440918,12.055000305175781,56.20000076293945,12.84000015258789,12.5024995803833,5592040.0,22895500,52226800
2021-02-12,55.900001525878906,13.039999961853027,13.100000381469727,55.900001525878906,13.039999961853027,13.100000381469727,59.70000076293945,13.289999961853027,13.8100004196167,55.20000076293945,12.119999885559082,12.012499809265137,57.20000076293945,12.289999961853027,12.6875,4677300.0,18222500,58293200
2021-02-16,56.5,12.210000038146973,12.3774995803833,56.5,12.210000038146973,12.3774995803833,60.5,13.170000076293945,13.375,54.900001525878906,12.050000190734863,12.260000228881836,60.29999923706055,13.119999885559082,13.164999961853027,6116570.0,25480200,32700000
2021-02-17,55.5,11.319999694824219,11.484999656677246,55.5,11.319999694824219,11.484999656677246,56.20000076293945,11.819999694824219,12.797499656677246,53.20000076293945,11.010000228881836,11.140000343322754,55.79999923706055,11.800000190734863,12.442500114440918,3884900.0,26222900,36747200
2021-02-18,55.099998474121094,10.9399995803833,10.172499656677246,55.099998474121094,10.9399995803833,10.172499656677246,62.5,11.279999732971191,12.217499732971191,54.599998474121094,10.75,10.162500381469727,58.400001525878906,10.829999923706055,12.1225004196167,13054080.0,19052600,95962400
2021-02-19,57.0,10.899999618530273,10.147500038146973,57.0,10.899999618530273,10.147500038146973,57.70000076293945,11.1899995803833,10.97249984741211,55.099998474121094,10.619999885559082,9.625,55.400001525878906,10.970000267028809,10.319999694824219,4024910.0,20132700,59312800
2021-02-22,65.5,10.680000305175781,11.5,65.5,10.680000305175781,11.5,66.80000305175781,11.5600004196167,12.1274995803833,57.5,10.569999694824219,10.600000381469727,59.29999923706055,10.609999656677246,11.672499656677246,17340900.0,21227500,77904000
2021-02-23,77.0,10.399999618530273,11.242500305175781,77.0,10.399999618530273,11.242500305175781,78.5999984741211,10.460000038146973,11.557499885559082,60.099998474121094,9.630000114440918,10.0,69.69999694824219,10.289999961853027,11.242500305175781,26487640.0,27150600,30260800
2021-02-24,90.9000015258789,11.319999694824219,22.927499771118164,90.9000015258789,11.319999694824219,22.927499771118164,98.30000305175781,11.720000267028809,22.927499771118164,69.9000015258789,10.180000305175781,11.175000190734863,72.30000305175781,10.289999961853027,11.175000190734863,37688180.0,40660700,332446800
2021-02-25,82.9000015258789,10.579999923706055,27.1825008392334,82.9000015258789,10.579999923706055,27.1825008392334,110.0,12.149999618530273,46.16999816894531,78.5,10.350000381469727,25.25,108.9000015258789,12.140000343322754,42.38999938964844,44571740.0,46082800,601235200
2021-02-26,80.0999984741211,10.050000190734863,25.434999465942383,80.0999984741211,10.050000190734863,25.434999465942383,90.0999984741211,10.819999694824219,35.724998474121094,76.30000305175781,10.010000228881836,21.5,81.9000015258789,10.479999542236328,29.364999771118164,13702800.0,22542400,368776800
2021-03-01,91.80000305175781,10.90999984741211,30.100000381469727,91.80000305175781,10.90999984741211,30.100000381469727,94.5,11.25,33.497501373291016,84.19999694824219,10.289999961853027,24.99250030517578,88.5999984741211,10.289999961853027,26.135000228881836,14358650.0,24897300,199176000
2021-03-02,89.30000305175781,10.5,29.545000076293945,89.30000305175781,10.5,29.545000076293945,94.0,10.9399995803833,33.29999923706055,85.0999984741211,10.420000076293945,28.049999237060547,91.4000015258789,10.899999618530273,29.232500076293945,7813540.0,12395300,135132000
2021-03-03,85.80000305175781,10.149999618530273,31.045000076293945,85.80000305175781,10.149999618530273,31.045000076293945,91.4000015258789,10.720000267028809,31.9375,85.0,10.050000190734863,28.280000686645508,89.5,10.479999542236328,30.627500534057617,5565190.0,14866300,77095600
2021-03-04,80.30000305175781,9.84000015258789,33.087501525878906,80.30000305175781,9.84000015258789,33.087501525878906,85.9000015258789,10.369999885559082,36.967498779296875,75.0,9.59000015258789,28.825000762939453,82.5,10.010000228881836,31.25,7782260.0,26124100,130427600
2021-03-05,80.5,9.449999809265137,34.435001373291016,80.5,9.449999809265137,34.435001373291016,82.69999694824219,9.850000381469727,37.88249969482422,76.30000305175781,8.819999694824219,31.875,80.80000305175781,9.800000190734863,32.04249954223633,5973410.0,23723400,122934800
2021-03-08,92.9000015258789,9.75,48.625,92.9000015258789,9.75,48.625,94.80000305175781,10.020000457763672,52.717498779296875,83.0999984741211,9.1899995803833,36.525001525878906,85.30000305175781,9.390000343322754,38.72249984741211,11434380.0,16479500,254262400
2021-03-09,105.0,10.449999809265137,61.724998474121094,105.0,10.449999809265137,61.724998474121094,107.69999694824219,10.680000305175781,62.462501525878906,92.19999694824219,10.029999732971191,52.127498626708984,93.80000305175781,10.1899995803833,54.4275016784668,15041560.0,21437800,156397200
2021-03-10,98.5,10.34000015258789,66.25,98.5,10.34000015258789,66.25,124.69999694824219,11.010000228881836,87.125,95.0999984741211,10.149999618530273,43.0,110.19999694824219,11.010000228881836,67.35749816894531,26191860.0,23939100,286282400
2021-03-11,102.80000305175781,10.699999809265137,65.0,102.80000305175781,10.699999809265137,65.0,108.69999694824219,10.800000190734863,70.375,99.0,10.329999923706055,58.150001525878906,106.5,10.550000190734863,60.40999984741211,8393360.0,12306200,113250000
2021-03-12,111.5999984741211,11.850000381469727,66.125,111.5999984741211,11.850000381469727,66.125,114.0,11.930000305175781,73.875,99.4000015258789,10.359999656677246,65.56749725341797,101.5999984741211,10.470000267028809,68.75,11114670.0,25863200,103383600
2021-03-15,140.39999389648438,11.680000305175781,55.03499984741211,140.39999389648438,11.680000305175781,55.03499984741211,144.89999389648438,12.520000457763672,70.75,118.5,11.550000190734863,51.5,121.80000305175781,12.09000015258789,69.37999725341797,27771330.0,25353500,96401600
2021-03-16,130.1999969482422,11.460000038146973,52.04249954223633,130.1999969482422,11.460000038146973,52.04249954223633,136.1999969482422,12.199999809265137,55.17499923706055,123.4000015258789,11.270000457763672,43.087501525878906,136.1999969482422,11.869999885559082,50.790000915527344,12596760.0,19812400,141691600
2021-03-17,135.60000610351562,11.600000381469727,52.45249938964844,135.60000610351562,11.600000381469727,52.45249938964844,136.60000610351562,11.65999984741211,57.86750030517578,130.0,11.149999618530273,51.0,132.39999389648438,11.329999923706055,54.459999084472656,7805360.0,9710500,65926400
2021-03-18,140.0,10.760000228881836,50.4375,140.0,10.760000228881836,50.4375,145.39999389648438,11.470000267028809,54.720001220703125,135.6999969482422,10.65999984741211,48.912498474121094,143.39999389648438,11.390000343322754,53.5,12141800.0,11400300,47059600
2021-03-19,139.3000030517578,10.949999809265137,50.067501068115234,139.3000030517578,10.949999809265137,50.067501068115234,141.8000030517578,11.170000076293945,56.75,132.8000030517578,10.6899995803833,45.665000915527344,141.39999389648438,10.829999923706055,48.932498931884766,15320600.0,10519100,98709200
2021-03-22,124.9000015258789,10.710000038146973,48.622501373291016,124.9000015258789,10.710000038146973,48.622501373291016,131.89999389648438,11.34000015258789,52.59000015258789,117.5999984741211,10.65999984741211,46.54999923706055,131.5,11.0,51.314998626708984,8876010.0,7903600,40246000
2021-03-23,106.5999984741211,10.069999694824219,45.4375,106.5999984741211,10.069999694824219,45.4375,119.30000305175781,10.6899995803833,50.4375,103.69999694824219,10.020000457763672,44.38750076293945,114.5999984741211,10.6899995803833,49.375,8792320.0,12245500,57716400
2021-03-24,90.19999694824219,9.579999923706055,30.084999084472656,90.19999694824219,9.579999923706055,30.084999084472656,112.0999984741211,10.220000267028809,41.74250030517578,89.30000305175781,9.550000190734863,29.655000686645508,108.19999694824219,10.210000038146973,39.494998931884766,8185070.0,12636100,96711600
2021-03-25,109.4000015258789,9.880000114440918,45.9375,109.4000015258789,9.880000114440918,45.9375,113.19999694824219,9.970000267028809,46.875,89.5,9.25,29.225000381469727,89.5999984741211,9.3100004196167,30.872499465942383,13119280.0,14363900,203849200
2021-03-26,102.4000015258789,9.630000114440918,45.25,102.4000015258789,9.630000114440918,45.25,115.30000305175781,10.050000190734863,54.73249816894531,100.0999984741211,9.289999961853027,40.814998626708984,112.69999694824219,10.050000190734863,49.41999816894531,8463310.0,13197200,149722800
2021-03-29,103.5,9.199999809265137,45.32500076293945,103.5,9.199999809265137,45.32500076293945,107.5999984741211,9.670000076293945,48.47999954223633,100.9000015258789,9.140000343322754,43.377498626708984,103.19999694824219,9.5600004196167,45.1875,3733070.0,13538000,40168800
2021-03-30,103.5,9.34000015258789,48.6150016784668,103.5,9.34000015258789,48.6150016784668,105.19999694824219,9.40999984741211,51.07500076293945,97.5999984741211,8.880000114440918,45.5,103.0999984741211,9.079999923706055,46.875,3902050.0,17569600,68379600
2021-03-31,102.0999984741211,8.430000305175781,47.45500183105469,102.0999984741211,8.430000305175781,47.45500183105469,104.69999694824219,8.729999542236328,49.8650016784668,100.5,8.359999656677246,46.77750015258789,104.0,8.609999656677246,49.375,2983230.0,32865200,33575200
2021-04-01,93.5999984741211,8.600000381469727,47.86249923706055,93.5999984741211,8.600000381469727,47.86249923706055,102.5999984741211,8.890000343322754,49.24250030517578,91.5,8.5,45.900001525878906,102.30000305175781,8.59000015258789,48.34000015258789,7747390.0,14709900,37337200
2021-04-05,106.0999984741211,9.300000190734863,46.73749923706055,106.0999984741211,9.300000190734863,46.73749923706055,112.5,9.34000015258789,48.75,97.19999694824219,8.619999885559082,41.20249938964844,101.0,8.75,42.75,9608230.0,18460000,56282000
2021-04-06,102.0,8.989999771118164,46.125,102.0,8.989999771118164,46.125,105.0,9.279999732971191,48.0,100.0,8.9399995803833,45.88999938964844,104.0,9.130000114440918,46.3025016784668,4406700.0,9807300,24873200
2021-04-07,98.5,8.90999984741211,44.49250030517578,98.5,8.90999984741211,44.49250030517578,101.80000305175781,9.510000228881836,46.125,98.5,8.90999984741211,44.02750015258789,100.69999694824219,9.449999809265137,45.80500030517578,2880430.0,16106100,19073200
2021-04-08,97.9000015258789,9.4399995803833,42.564998626708984,97.9000015258789,9.4399995803833,42.564998626708984,100.0999984741211,9.59000015258789,46.470001220703125,95.0,8.949999809265137,41.07500076293945,100.0999984741211,8.989999771118164,46.470001220703125,3340870.0,11406800,40189600
2021-04-09,94.19999694824219,9.130000114440918,39.59000015258789,94.19999694824219,9.130000114440918,39.59000015258789,97.4000015258789,9.420000076293945,42.89500045776367,92.4000015258789,9.100000381469727,38.25,96.0,9.319999694824219,42.42499923706055,2925460.0,6685200,37849600
2021-04-12,86.19999694824219,9.029999732971191,35.272499084472656,86.19999694824219,9.029999732971191,35.272499084472656,94.9000015258789,9.279999732971191,40.974998474121094,85.0999984741211,8.960000038146973,33.752498626708984,94.4000015258789,9.09000015258789,39.52750015258789,5126980.0,6501800,66734400
2021-04-13,88.4000015258789,9.100000381469727,35.247501373291016,88.4000015258789,9.100000381469727,35.247501373291016,91.19999694824219,9.220000267028809,36.345001220703125,83.0999984741211,8.899999618530273,33.0,86.5999984741211,9.069999694824219,35.470001220703125,4404910.0,6896000,27227600
2021-04-14,93.5,9.0,41.63249969482422,93.5,9.0,41.63249969482422,98.0999984741211,9.369999885559082,43.522499084472656,89.0,8.989999771118164,35.75,90.0,9.050000190734863,35.89250183105469,5116630.0,7711600,84552400
2021-04-15,99.0,8.770000457763672,39.11000061035156,99.0,8.770000457763672,39.11000061035156,102.30000305175781,9.140000343322754,41.5625,95.80000305175781,8.649999618530273,38.20000076293945,98.80000305175781,9.100000381469727,40.75,4519890.0,8438200,31427200
2021-04-16,93.30000305175781,8.699999809265137,38.67250061035156,93.30000305175781,8.699999809265137,38.67250061035156,100.30000305175781,8.760000228881836,40.04999923706055,90.9000015258789,8.5,37.8125,100.0,8.6899995803833,39.0,4069670.0,7577500,20858800
2021-04-19,96.5999984741211,8.619999885559082,41.092498779296875,96.5999984741211,8.619999885559082,41.092498779296875,98.0999984741211,8.789999961853027,43.79999923706055,93.80000305175781,8.460000038146973,40.58250045776367,94.80000305175781,8.649999618530273,42.95000076293945,3281430.0,6377700,42080800
2021-04-20,92.80000305175781,8.210000038146973,39.63249969482422,92.80000305175781,8.210000038146973,39.63249969482422,97.0999984741211,8.6899995803833,41.22249984741211,90.0999984741211,8.0600004196167,38.34000015258789,97.0,8.59000015258789,41.03499984741211,2700890.0,12637600,18634400
2021-04-21,97.80000305175781,8.65999984741211,39.627498626708984,97.80000305175781,8.65999984741211,39.627498626708984,98.0999984741211,8.670000076293945,40.744998931884766,91.4000015258789,8.039999961853027,38.97999954223633,92.5,8.09000015258789,39.599998474121094,2359820.0,9263300,15251200
2021-04-22,99.9000015258789,8.640000343322754,37.79249954223633,99.9000015258789,8.640000343322754,37.79249954223633,106.5,8.970000267028809,39.775001525878906,97.9000015258789,8.579999923706055,36.71500015258789,99.5,8.6899995803833,39.775001525878906,4992350.0,8636300,17383200
2021-04-23,101.5999984741211,8.850000381469727,37.79499816894531,101.5999984741211,8.850000381469727,37.79499816894531,103.80000305175781,8.880000114440918,38.415000915527344,99.5999984741211,8.59000015258789,36.17499923706055,100.9000015258789,8.65999984741211,37.25,2746560.0,5426100,16116400
2021-04-26,115.0,9.09000015258789,42.23249816894531,115.0,9.09000015258789,42.23249816894531,119.5999984741211,9.1899995803833,43.66999816894531,105.69999694824219,8.84000015258789,37.189998626708984,106.9000015258789,8.859999656677246,37.744998931884766,7859290.0,8168100,42128400
2021-04-27,114.5999984741211,9.289999961853027,44.442501068115234,114.5999984741211,9.289999961853027,44.442501068115234,122.19999694824219,9.619999885559082,47.0,112.19999694824219,8.869999885559082,43.29249954223633,116.80000305175781,9.15999984741211,45.88750076293945,5162980.0,21110700,35730800
2021-04-28,108.5,9.300000190734863,44.64500045776367,108.5,9.300000190734863,44.64500045776367,113.9000015258789,9.670000076293945,45.494998931884766,106.5,9.119999885559082,41.50749969482422,108.5,9.229999542236328,43.025001525878906,3972050.0,12299900,23155600
2021-04-29,102.0,9.0600004196167,44.04750061035156,102.0,9.0600004196167,44.04750061035156,110.4000015258789,9.449999809265137,45.21500015258789,100.9000015258789,8.880000114440918,42.6875,109.5,9.449999809265137,44.13999938964844,3778290.0,6870000,15041200
2021-04-30,100.30000305175781,8.829999923706055,43.397499084472656,100.30000305175781,8.829999923706055,43.397499084472656,101.80000305175781,9.130000114440918,45.95000076293945,98.80000305175781,8.760000228881836,43.17499923706055,100.69999694824219,8.960000038146973,43.75,2774100.0,6135800,17734400
2021-05-03,97.0999984741211,8.609999656677246,40.54999923706055,97.0999984741211,8.609999656677246,40.54999923706055,101.19999694824219,8.90999984741211,44.372501373291016,96.0999984741211,8.569999694824219,39.90250015258789,101.0999984741211,8.890000343322754,44.372501373291016,3125120.0,5724900,21044000
2021-05-04,93.9000015258789,8.359999656677246,40.182498931884766,93.9000015258789,8.359999656677246,40.182498931884766,97.5,8.59000015258789,40.372501373291016,90.5,8.140000343322754,37.95000076293945,96.30000305175781,8.520000457763672,39.75,3522240.0,8622900,16030000
2021-05-05,91.69999694824219,8.220000267028809,39.869998931884766,91.69999694824219,8.220000267028809,39.869998931884766,95.69999694824219,8.460000038146973,41.375,90.80000305175781,8.149999618530273,39.58250045776367,94.0999984741211,8.4399995803833,40.45750045776367,2760870.0,5292300,11221600
2021-05-06,90.0,8.149999618530273,40.252498626708984,90.0,8.149999618530273,40.252498626708984,94.0,8.220000267028809,41.18000030517578,89.30000305175781,7.980000019073486,38.900001525878906,93.30000305175781,8.149999618530273,40.21500015258789,3958630.0,7009600,11771200
2021-05-07,95.0999984741211,8.479999542236328,40.27750015258789,95.0999984741211,8.479999542236328,40.27750015258789,97.9000015258789,8.630000114440918,41.852500915527344,91.4000015258789,8.199999809265137,39.375,93.19999694824219,8.210000038146973,40.02750015258789,3824500.0,5591900,11738400
2021-05-10,97.4000015258789,8.130000114440918,35.80500030517578,97.4000015258789,8.130000114440918,35.80500030517578,101.5,8.4399995803833,40.397499084472656,95.5999984741211,8.130000114440918,35.75,99.0,8.430000305175781,40.32749938964844,4101530.0,5755100,19226800
2021-05-11,100.5,8.300000190734863,36.72999954223633,100.5,8.300000190734863,36.72999954223633,104.80000305175781,8.34000015258789,37.625,96.0,7.769999980926514,34.125,99.30000305175781,7.880000114440918,34.25,4960100.0,8230200,18738400
2021-05-12,103.19999694824219,7.949999809265137,36.1974983215332,103.19999694824219,7.949999809265137,36.1974983215332,106.30000305175781,8.25,37.625,100.19999694824219,7.889999866485596,35.557498931884766,100.30000305175781,8.199999809265137,36.42499923706055,5442350.0,7447300,10926000
2021-05-13,127.69999694824219,7.940000057220459,41.125,127.69999694824219,7.940000057220459,41.125,142.0,8.180000305175781,42.48749923706055,106.4000015258789,7.710000038146973,36.60749816894531,108.80000305175781,7.989999771118164,36.86000061035156,29652500.0,13669500,35494000
2021-05-14,129.8000030517578,8.4399995803833,39.97999954223633,129.8000030517578,8.4399995803833,39.97999954223633,143.39999389648438,8.539999961853027,41.61750030517578,125.69999694824219,7.989999771118164,39.05500030517578,133.10000610351562,8.0,40.0,20758990.0,9579300,17174000
2021-05-17,139.5,8.489999771118164,45.150001525878906,139.5,8.489999771118164,45.150001525878906,143.8000030517578,8.569999694824219,45.625,133.89999389648438,8.279999732971191,39.75,136.6999969482422,8.319999694824219,39.962501525878906,15893310.0,5199900,29848400
2021-05-18,140.3000030517578,8.770000457763672,45.16749954223633,140.3000030517578,8.770000457763672,45.16749954223633,146.6999969482422,9.029999732971191,47.29999923706055,135.6999969482422,8.430000305175781,42.067501068115234,142.5,8.550000190734863,43.6349983215332,17248840.0,7234400,30954800
2021-05-19,126.4000015258789,8.539999961853027,42.20750045776367,126.4000015258789,8.539999961853027,42.20750045776367,133.10000610351562,8.59000015258789,44.744998931884766,121.4000015258789,8.34000015258789,41.037498474121094,129.5,8.4399995803833,42.997501373291016,8902410.0,5238500,19303600
2021-05-20,125.5,8.779999732971191,42.622501373291016,125.5,8.779999732971191,42.622501373291016,129.89999389648438,8.8100004196167,43.727500915527344,120.30000305175781,8.520000457763672,41.724998474121094,125.9000015258789,8.640000343322754,42.6974983215332,6141970.0,4089300,9912800
2021-05-21,120.80000305175781,8.520000457763672,44.1974983215332,120.80000305175781,8.520000457763672,44.1974983215332,128.39999389648438,8.869999885559082,44.810001373291016,120.5,8.520000457763672,42.58250045776367,126.0999984741211,8.84000015258789,42.75,5393770.0,5029000,14618800
2021-05-24,136.8000030517578,8.619999885559082,45.002498626708984,136.8000030517578,8.619999885559082,45.002498626708984,139.60000610351562,8.670000076293945,47.1150016784668,121.69999694824219,8.460000038146973,43.337501525878906,123.80000305175781,8.5600004196167,43.962501525878906,11331920.0,4336500,18657200
2021-05-25,164.10000610351562,8.59000015258789,52.35749816894531,164.10000610351562,8.59000015258789,52.35749816894531,166.6999969482422,8.699999809265137,54.27750015258789,135.5,8.470000267028809,45.25,136.10000610351562,8.640000343322754,45.25,21364410.0,7590900,59550000
2021-05-26,195.60000610351562,9.4399995803833,60.63999938964844,195.60000610351562,9.4399995803833,60.63999938964844,199.5,9.600000381469727,62.119998931884766,172.60000610351562,8.6899995803833,56.38750076293945,177.60000610351562,8.789999961853027,57.25,37906410.0,26504900,84479600
2021-05-27,265.20001220703125,9.970000267028809,63.532501220703125,265.20001220703125,9.970000267028809,63.532501220703125,297.6000061035156,10.149999618530273,66.0,183.10000610351562,9.25,56.75,186.10000610351562,9.699999809265137,57.45000076293945,70554570.0,45662100,62105200
2021-05-28,261.20001220703125,10.069999694824219,55.5,261.20001220703125,10.069999694824219,55.5,367.20001220703125,12.09000015258789,67.19999694824219,241.6999969482422,9.9399995803833,55.35749816894531,318.1000061035156,10.3100004196167,65.74250030517578,66062360.0,116292700,47005600
2021-06-01,320.3999938964844,11.5600004196167,62.255001068115234,320.3999938964844,11.5600004196167,62.255001068115234,335.29998779296875,11.609999656677246,63.744998931884766,285.29998779296875,10.520000457763672,56.76750183105469,318.8999938964844,11.229999542236328,58.369998931884766,50869460.0,87552400,38502400
2021-06-02,625.5,15.25,70.55999755859375,625.5,15.25,70.55999755859375,726.2000122070312,16.65999984741211,73.5,355.8999938964844,12.329999923706055,61.07500076293945,375.20001220703125,12.90999984741211,62.220001220703125,76646250.0,346138300,64076800
2021-06-03,513.4000244140625,15.880000114440918,64.54499816894531,513.4000244140625,15.880000114440918,64.54499816894531,688.0,20.170000076293945,68.60749816894531,376.6000061035156,13.5600004196167,60.529998779296875,581.0,18.940000534057617,66.42749786376953,59814220.0,536739400,32000000
2021-06-04,479.1000061035156,13.859999656677246,62.09000015258789,479.1000061035156,13.859999656677246,62.09000015258789,574.7999877929688,16.350000381469727,66.25,460.3999938964844,13.699999809265137,61.442501068115234,487.8999938964844,15.960000038146973,64.00499725341797,33771010.0,174183700,14550000
2021-06-07,550.0,15.770000457763672,70.00250244140625,550.0,15.770000457763672,70.00250244140625,596.7999877929688,16.600000381469727,70.5,515.0,14.119999885559082,63.79999923706055,523.7999877929688,14.449999809265137,64.5,34909490.0,197778200,24206000
2021-06-08,550.5,15.800000190734863,75.0,550.5,15.800000190734863,75.0,606.2000122070312,17.170000076293945,86.16500091552734,527.7000122070312,15.25,70.25,571.5999755859375,16.479999542236328,73.0,21449030.0,162544200,69756400
2021-06-09,493.3999938964844,15.15999984741211,75.63999938964844,493.3999938964844,15.15999984741211,75.63999938964844,533.9000244140625,16.18000030517578,82.0,481.20001220703125,14.300000190734863,72.87750244140625,522.0,15.430000305175781,75.77999877929688,15036130.0,103503100,53717200
2021-06-10,428.1000061035156,13.890000343322754,55.09749984741211,428.1000061035156,13.890000343322754,55.09749984741211,515.0,15.239999771118164,72.0,397.1000061035156,13.800000190734863,52.75,479.29998779296875,14.75,70.5,22486060.0,68611400,91920800
2021-06-11,494.0,14.180000305175781,58.334999084472656,494.0,14.180000305175781,58.334999084472656,496.0,14.329999923706055,60.282501220703125,420.1000061035156,13.569999694824219,51.532501220703125,446.79998779296875,14.119999885559082,55.587501525878906,21800660.0,56132800,62323200
2021-06-14,570.0,14.050000190734863,57.36000061035156,570.0,14.050000190734863,57.36000061035156,605.5,14.75,59.502498626708984,515.2000122070312,13.8100004196167,54.79999923706055,518.2999877929688,14.239999771118164,59.125,30146730.0,47532000,28530400
2021-06-15,590.4000244140625,13.989999771118164,55.625,590.4000244140625,13.989999771118164,55.625,647.0999755859375,14.40999984741211,57.3125,567.2999877929688,13.550000190734863,52.0,583.9000244140625,13.9399995803833,56.59000015258789,28558210.0,39804700,29207600
2021-06-16,551.7999877929688,12.880000114440918,55.74250030517578,551.7999877929688,12.880000114440918,55.74250030517578,573.4000244140625,13.800000190734863,57.182498931884766,518.5999755859375,12.59000015258789,52.25,561.4000244140625,13.649999618530273,53.810001373291016,16645070.0,44085000,22259200
2021-06-17,607.2999877929688,13.510000228881836,55.897499084472656,607.2999877929688,13.510000228881836,55.897499084472656,638.2999877929688,13.65999984741211,58.415000915527344,529.7999877929688,12.59000015258789,55.369998931884766,540.0,12.65999984741211,56.0,30357600.0,43188000,18434400
2021-06-18,592.5999755859375,12.899999618530273,53.45500183105469,592.5999755859375,12.899999618530273,53.45500183105469,649.5999755859375,13.869999885559082,55.872501373291016,568.5,12.619999885559082,53.25,612.5999755859375,13.539999961853027,55.04499816894531,24364590.0,38351400,17281200
2021-06-21,556.9000244140625,12.800000190734863,50.092498779296875,556.9000244140625,12.800000190734863,50.092498779296875,630.0999755859375,12.970000267028809,54.599998474121094,534.2999877929688,12.319999694824219,49.25,613.4000244140625,12.869999885559082,54.23749923706055,18587610.0,23253600,20480800
2021-06-22,582.7000122070312,13.40999984741211,55.099998474121094,582.7000122070312,13.40999984741211,55.099998474121094,587.4000244140625,13.569999694824219,56.470001220703125,510.5,12.399999618530273,52.29249954223633,541.0,12.770000457763672,54.432498931884766,16949410.0,32563300,32800800
2021-06-23,583.0,13.140000343322754,54.834999084472656,583.0,13.140000343322754,54.834999084472656,611.0,13.470000267028809,55.64250183105469,568.0,12.90999984741211,53.529998779296875,570.4000244140625,13.260000228881836,55.36249923706055,11629180.0,22997600,14220400
2021-06-24,567.0,12.680000305175781,53.07749938964844,567.0,12.680000305175781,53.07749938964844,587.5999755859375,13.329999923706055,56.86249923706055,556.5999755859375,12.640000343322754,52.900001525878906,579.7999877929688,13.229999542236328,55.290000915527344,8035120.0,22159000,15453200
2021-06-25,540.5999755859375,12.119999885559082,52.377498626708984,540.5999755859375,12.119999885559082,52.377498626708984,562.9000244140625,12.460000038146973,53.54999923706055,529.7000122070312,11.760000228881836,49.625,557.5,12.210000038146973,53.5,7759690.0,36954200,50770800
2021-06-28,581.0999755859375,12.800000190734863,53.3125,581.0999755859375,12.800000190734863,53.3125,593.5999755859375,12.859999656677246,56.11249923706055,543.2999877929688,12.039999961853027,52.54999923706055,551.0,12.0600004196167,52.8125,9931020.0,31117800,19517600
2021-06-29,564.2999877929688,12.239999771118164,52.720001220703125,564.2999877929688,12.239999771118164,52.720001220703125,610.0,12.6899995803833,53.80500030517578,561.7999877929688,12.1899995803833,52.002498626708984,590.5999755859375,12.529999732971191,53.397499084472656,6360410.0,14336800,9920000
2021-06-30,566.7999877929688,12.220000267028809,53.53499984741211,566.7999877929688,12.220000267028809,53.53499984741211,581.7999877929688,12.510000228881836,53.81999969482422,546.5,11.949999809265137,51.73500061035156,560.0,12.109999656677246,52.42250061035156,5902060.0,13816700,10158400
2021-07-01,542.2000122070312,12.170000076293945,51.09000015258789,542.2000122070312,12.170000076293945,51.09000015258789,577.0999755859375,12.270000457763672,54.20750045776367,525.2999877929688,11.869999885559082,50.5,568.5999755859375,12.180000305175781,53.349998474121094,5754990.0,12244100,10968400
2021-07-02,519.5999755859375,11.989999771118164,50.70750045776367,519.5999755859375,11.989999771118164,50.70750045776367,532.5,12.25,51.36249923706055,477.70001220703125,11.819999694824219,49.125,527.7000122070312,12.079999923706055,51.20000076293945,9027150.0,10363100,10396400
2021-07-06,499.6000061035156,12.069999694824219,49.88999938964844,499.6000061035156,12.069999694824219,49.88999938964844,550.7000122070312,12.390000343322754,51.192501068115234,497.0,11.979999542236328,48.4275016784668,534.5999755859375,12.039999961853027,51.0,6237030.0,10881200,11072400
2021-07-07,450.70001220703125,11.4399995803833,47.665000915527344,450.70001220703125,11.4399995803833,47.665000915527344,489.8999938964844,12.140000343322754,49.375,428.0,11.369999885559082,44.38999938964844,477.0,12.079999923706055,49.0,9532020.0,12343300,16958000
2021-07-08,479.3999938964844,11.550000190734863,47.845001220703125,479.3999938964844,11.550000190734863,47.845001220703125,497.8999938964844,11.779999732971191,48.55500030517578,387.6000061035156,10.899999618530273,44.875,409.5,11.079999923706055,44.95750045776367,14507820.0,12555800,11430000
2021-07-09,461.8999938964844,11.789999961853027,47.807498931884766,461.8999938964844,11.789999961853027,47.807498931884766,489.20001220703125,11.800000190734863,48.69499969482422,458.20001220703125,11.399999618530273,46.6875,483.70001220703125,11.489999771118164,47.720001220703125,5785860.0,5444500,6331600
2021-07-12,426.1000061035156,11.25,47.3125,426.1000061035156,11.25,47.3125,465.5,11.829999923706055,49.4375,420.70001220703125,11.170000076293945,46.85499954223633,442.8999938964844,11.770000457763672,47.85499954223633,6298640.0,7346800,6545200
2021-07-13,393.5,11.079999923706055,45.01499938964844,393.5,11.079999923706055,45.01499938964844,421.3999938964844,11.420000076293945,47.1974983215332,387.0,10.869999885559082,44.75,405.70001220703125,11.170000076293945,46.91999816894531,8680730.0,6825500,9591600
2021-07-14,334.29998779296875,10.65999984741211,41.904998779296875,334.29998779296875,10.65999984741211,41.904998779296875,391.29998779296875,11.210000038146973,45.595001220703125,332.3999938964844,10.539999961853027,41.26750183105469,388.0,11.140000343322754,45.122501373291016,13783070.0,9783400,15655200
2021-07-15,360.0,10.569999694824219,41.70500183105469,360.0,10.569999694824219,41.70500183105469,374.0,10.90999984741211,42.997501373291016,321.3999938964844,10.239999771118164,39.502498626708984,322.0,10.489999771118164,40.0,19958450.0,12855700,17194400
2021-07-16,349.6000061035156,10.109999656677246,42.2599983215332,349.6000061035156,10.109999656677246,42.2599983215332,385.5,10.6899995803833,44.86750030517578,343.0,9.960000038146973,41.57500076293945,378.29998779296875,10.579999923706055,42.537498474121094,12682570.0,10336000,13151600
2021-07-19,346.20001220703125,9.880000114440918,43.372501373291016,346.20001220703125,9.880000114440918,43.372501373291016,353.3999938964844,10.09000015258789,44.0,311.5,9.65999984741211,40.30500030517578,329.5,9.819999694824219,40.82500076293945,11289130.0,12812500,9747600
2021-07-20,430.8999938964844,10.619999885559082,47.79499816894531,430.8999938964844,10.619999885559082,47.79499816894531,443.8999938964844,10.720000267028809,48.40999984741211,351.29998779296875,9.9399995803833,43.10499954223633,351.3999938964844,9.979999542236328,43.474998474121094,16867340.0,11079700,12404400
2021-07-21,407.79998779296875,10.819999694824219,46.45249938964844,407.79998779296875,10.819999694824219,46.45249938964844,465.5,10.869999885559082,48.877498626708984,401.1000061035156,10.399999618530273,45.52750015258789,418.0,10.430000305175781,46.9474983215332,15802370.0,7894300,8916800
2021-07-22,372.3999938964844,10.380000114440918,44.712501525878906,372.3999938964844,10.380000114440918,44.712501525878906,417.3999938964844,10.899999618530273,46.92250061035156,371.5,10.350000381469727,44.037498474121094,401.6000061035156,10.739999771118164,46.32500076293945,9398590.0,4596100,5652000
2021-07-23,369.8999938964844,10.180000305175781,45.09000015258789,369.8999938964844,10.180000305175781,45.09000015258789,384.0,10.4399995803833,45.400001525878906,346.8999938964844,10.039999961853027,43.459999084472656,377.79998779296875,10.380000114440918,45.25,8547480.0,4737400,5264800
2021-07-26,402.8999938964844,10.15999984741211,45.98500061035156,402.8999938964844,10.15999984741211,45.98500061035156,408.5,10.40999984741211,46.5099983215332,375.70001220703125,9.960000038146973,44.689998626708984,383.20001220703125,10.210000038146973,45.09000015258789,9797760.0,8374000,5042400
2021-07-27,380.1000061035156,9.90999984741211,44.6349983215332,380.1000061035156,9.90999984741211,44.6349983215332,403.0,10.180000305175781,46.25,370.6000061035156,9.640000343322754,44.165000915527344,399.8999938964844,10.15999984741211,45.75,5528890.0,8996900,4859200
2021-07-28,389.0,10.770000457763672,42.279998779296875,389.0,10.770000457763672,42.279998779296875,395.6000061035156,11.0,44.279998779296875,360.79998779296875,9.970000267028809,41.067501068115234,374.1000061035156,9.970000267028809,43.93000030517578,7102140.0,15858200,16403200
2021-07-29,381.29998779296875,10.350000381469727,41.21500015258789,381.29998779296875,10.350000381469727,41.21500015258789,402.5,10.699999809265137,43.47249984741211,374.70001220703125,10.300000190734863,41.127498626708984,380.0,10.5600004196167,42.650001525878906,5944620.0,8040800,8960000
2021-07-30,370.20001220703125,10.15999984741211,40.279998779296875,370.20001220703125,10.15999984741211,40.279998779296875,391.8999938964844,10.489999771118164,41.80500030517578,367.8999938964844,10.050000190734863,39.717498779296875,375.3999938964844,10.289999961853027,41.25,5299620.0,5346100,9508400
2021-08-02,352.0,10.100000381469727,39.412498474121094,352.0,10.100000381469727,39.412498474121094,384.79998779296875,10.40999984741211,40.897499084472656,350.1000061035156,10.09000015258789,38.76499938964844,375.79998779296875,10.199999809265137,40.5,5906170.0,4727200,10131600
2021-08-03,335.8999938964844,10.170000076293945,38.1875,335.8999938964844,10.170000076293945,38.1875,352.1000061035156,10.180000305175781,39.72249984741211,327.79998779296875,9.869999885559082,37.04999923706055,351.6000061035156,10.09000015258789,39.185001373291016,6174010.0,5764500,57802400
2021-08-04,298.3999938964844,9.869999885559082,36.70000076293945,298.3999938964844,9.869999885559082,36.70000076293945,352.3999938964844,10.229999542236328,39.4474983215332,298.1000061035156,9.819999694824219,36.42250061035156,344.29998779296875,10.109999656677246,38.182498931884766,8549660.0,7245500,9574000
2021-08-05,335.1000061035156,10.430000305175781,38.36000061035156,335.1000061035156,10.430000305175781,38.36000061035156,341.20001220703125,10.630000114440918,39.400001525878906,289.1000061035156,9.869999885559082,36.30500030517578,310.79998779296875,9.90999984741211,37.0,10856510.0,10969300,9648400
2021-08-06,327.0,10.289999961853027,37.942501068115234,327.0,10.289999961853027,37.942501068115234,335.79998779296875,10.460000038146973,39.125,315.70001220703125,10.199999809265137,37.57749938964844,334.20001220703125,10.329999923706055,38.647499084472656,5285880.0,4492900,5410800
2021-08-09,338.0,10.40999984741211,40.282501220703125,338.0,10.40999984741211,40.282501220703125,353.79998779296875,10.539999961853027,41.1775016784668,323.5,10.1899995803833,37.665000915527344,326.79998779296875,10.25,37.95000076293945,8105460.0,6133500,8996800
2021-08-10,317.5,10.369999885559082,39.76250076293945,317.5,10.369999885559082,39.76250076293945,371.6000061035156,10.649999618530273,41.724998474121094,314.3999938964844,10.279999732971191,38.837501525878906,369.0,10.40999984741211,40.34000015258789,11618150.0,4915700,6493200
2021-08-11,315.5,10.319999694824219,39.69499969482422,315.5,10.319999694824219,39.69499969482422,319.1000061035156,10.4399995803833,39.76250076293945,294.0,10.069999694824219,38.654998779296875,315.79998779296875,10.40999984741211,39.60749816894531,6968430.0,5142800,3781600
2021-08-12,330.70001220703125,10.170000076293945,40.587501525878906,330.70001220703125,10.170000076293945,40.587501525878906,341.0,10.4399995803833,41.06999969482422,307.5,10.069999694824219,39.33250045776367,309.1000061035156,10.289999961853027,39.970001220703125,7105000.0,3684500,5271200
2021-08-13,334.70001220703125,9.880000114440918,40.630001068115234,334.70001220703125,9.880000114440918,40.630001068115234,344.79998779296875,10.170000076293945,40.88750076293945,318.79998779296875,9.859999656677246,39.352500915527344,322.0,10.109999656677246,40.11750030517578,5799080.0,5786900,4059200
2021-08-16,356.8999938964844,9.670000076293945,40.98249816894531,356.8999938964844,9.670000076293945,40.98249816894531,361.79998779296875,9.890000343322754,42.470001220703125,327.1000061035156,9.5600004196167,39.790000915527344,338.5,9.819999694824219,40.25,8650660.0,7500800,6290400
2021-08-17,371.6000061035156,9.670000076293945,40.88750076293945,371.6000061035156,9.670000076293945,40.88750076293945,387.79998779296875,9.869999885559082,42.369998931884766,345.8999938964844,9.479999542236328,40.275001525878906,349.8999938964844,9.600000381469727,40.29750061035156,8686890.0,9442700,4863600
2021-08-18,365.5,10.079999923706055,39.26250076293945,365.5,10.079999923706055,39.26250076293945,387.0,10.329999923706055,41.400001525878906,364.8999938964844,9.720000267028809,39.1875,373.20001220703125,9.8100004196167,40.8125,5794800.0,9796000,5647200
2021-08-19,338.20001220703125,9.5600004196167,38.224998474121094,338.20001220703125,9.5600004196167,38.224998474121094,367.79998779296875,9.979999542236328,39.497501373291016,333.29998779296875,9.529999732971191,37.69499969482422,365.8999938964844,9.880000114440918,39.192501068115234,4792060.0,7847800,4786000
2021-08-20,344.1000061035156,9.630000114440918,39.82500076293945,344.1000061035156,9.630000114440918,39.82500076293945,346.0,9.8100004196167,40.022499084472656,322.0,9.479999542236328,38.310001373291016,339.0,9.569999694824219,38.45000076293945,5543260.0,5342500,4619600
2021-08-23,367.79998779296875,10.140000343322754,41.22249984741211,367.79998779296875,10.140000343322754,41.22249984741211,379.29998779296875,10.239999771118164,41.8224983215332,344.0,9.670000076293945,39.88750076293945,350.29998779296875,9.699999809265137,40.595001220703125,7531930.0,8709300,5372000
2021-08-24,442.6000061035156,11.100000381469727,52.5724983215332,442.6000061035156,11.100000381469727,52.5724983215332,482.0,11.34000015258789,56.25,363.5,10.130000114440918,41.287498474121094,371.8999938964844,10.130000114440918,41.5724983215332,22848960.0,24435400,58608800
2021-08-25,439.6000061035156,10.739999771118164,49.912498474121094,439.6000061035156,10.739999771118164,49.912498474121094,483.0,11.680000305175781,56.75,431.70001220703125,10.65999984741211,48.25,449.0,11.229999542236328,51.662498474121094,20927150.0,26337600,51444400
2021-08-26,403.1000061035156,10.8100004196167,51.30500030517578,403.1000061035156,10.8100004196167,51.30500030517578,447.79998779296875,11.180000305175781,54.25,400.70001220703125,10.5600004196167,49.75,427.8999938964844,10.729999542236328,50.16999816894531,10971020.0,13356700,24954400
2021-08-27,408.3999938964844,11.300000190734863,51.23749923706055,408.3999938964844,11.300000190734863,51.23749923706055,415.79998779296875,11.399999618530273,53.25,393.8999938964844,10.800000190734863,50.005001068115234,400.1000061035156,10.8100004196167,51.92499923706055,7250740.0,12692200,12923200
2021-08-30,433.29998779296875,11.210000038146973,52.29999923706055,433.29998779296875,11.210000038146973,52.29999923706055,457.1000061035156,11.520000457763672,54.54750061035156,412.79998779296875,10.90999984741211,50.755001068115234,417.79998779296875,11.329999923706055,51.25,10837090.0,10341700,13238400
2021-08-31,471.29998779296875,11.40999984741211,54.560001373291016,471.29998779296875,11.40999984741211,54.560001373291016,471.6000061035156,11.539999961853027,55.57500076293945,440.5,11.109999656677246,52.8650016784668,441.6000061035156,11.220000267028809,53.17499923706055,12765960.0,8772600,14298800
2021-09-01,436.8999938964844,11.680000305175781,53.24250030517578,436.8999938964844,11.680000305175781,53.24250030517578,478.5,12.010000228881836,57.86000061035156,430.5,11.40999984741211,52.005001068115234,471.6000061035156,11.449999809265137,56.0,8277240.0,14304200,17815200
2021-09-02,443.79998779296875,11.25,53.380001068115234,443.79998779296875,11.25,53.380001068115234,449.0,11.84000015258789,53.70000076293945,423.70001220703125,11.069999694824219,51.57500076293945,438.70001220703125,11.770000457763672,53.46500015258789,6784880.0,8576400,7408000
2021-09-03,440.20001220703125,11.069999694824219,50.6875,440.20001220703125,11.069999694824219,50.6875,448.0,11.4399995803833,54.067501068115234,424.70001220703125,11.010000228881836,49.709999084472656,435.3999938964844,11.199999809265137,53.01250076293945,5210950.0,4783400,10634400
2021-09-07,478.29998779296875,10.829999923706055,49.75,478.29998779296875,10.829999923706055,49.75,479.29998779296875,11.220000267028809,52.474998474121094,448.79998779296875,10.760000228881836,49.025001525878906,450.0,11.09000015258789,51.5625,10213370.0,7675100,9985200
2021-09-08,474.0,10.390000343322754,49.70000076293945,474.0,10.390000343322754,49.70000076293945,494.0,10.84000015258789,51.720001220703125,457.29998779296875,10.380000114440918,47.66999816894531,470.29998779296875,10.789999961853027,50.46500015258789,9737290.0,6629200,20694400
2021-09-09,485.20001220703125,10.729999542236328,49.79499816894531,485.20001220703125,10.729999542236328,49.79499816894531,490.0,11.130000114440918,50.5,453.6000061035156,10.350000381469727,44.5,462.29998779296875,10.399999618530273,45.022499084472656,8596090.0,9318900,30046000
2021-09-10,501.6000061035156,10.420000076293945,47.602500915527344,501.6000061035156,10.420000076293945,47.602500915527344,517.0,10.859999656677246,50.540000915527344,489.5,10.369999885559082,47.5,491.5,10.75,49.602500915527344,9015270.0,4956300,12170400
2021-09-13,516.9000244140625,10.470000267028809,50.849998474121094,516.9000244140625,10.470000267028809,50.849998474121094,527.9000244140625,10.75,52.220001220703125,503.5,10.260000228881836,47.875,518.2000122070312,10.430000305175781,48.4375,7511100.0,6341400,17336400
2021-09-14,473.0,10.039999961853027,49.810001373291016,473.0,10.039999961853027,49.810001373291016,515.5,10.489999771118164,51.154998779296875,469.6000061035156,9.9399995803833,48.75,509.0,10.470000267028809,50.162498474121094,6585030.0,7090500,8566400
2021-09-15,468.3999938964844,10.130000114440918,51.130001068115234,468.3999938964844,10.130000114440918,51.130001068115234,477.3999938964844,10.149999618530273,51.217498779296875,437.70001220703125,9.899999618530273,48.4375,464.29998779296875,10.029999732971191,49.25,7621420.0,5364800,9241600
2021-09-16,460.3999938964844,10.15999984741211,51.592498779296875,460.3999938964844,10.15999984741211,51.592498779296875,486.8999938964844,10.170000076293945,54.13750076293945,459.5,9.960000038146973,50.287498474121094,464.79998779296875,10.130000114440918,50.58250045776367,5758190.0,6179500,12232800
2021-09-17,442.0,10.029999732971191,51.24250030517578,442.0,10.029999732971191,51.24250030517578,463.79998779296875,10.220000267028809,53.122501373291016,442.0,9.920000076293945,50.19499969482422,461.0,10.079999923706055,52.005001068115234,6854900.0,10459100,15783600
2021-09-20,402.8999938964844,9.430000305175781,48.04999923706055,402.8999938964844,9.430000305175781,48.04999923706055,433.29998779296875,9.789999961853027,50.712501525878906,385.29998779296875,9.239999771118164,46.13750076293945,419.5,9.760000228881836,50.0,7080760.0,12485500,15767200
2021-09-21,388.20001220703125,9.369999885559082,47.48749923706055,388.20001220703125,9.369999885559082,47.48749923706055,414.8999938964844,9.600000381469727,49.84000015258789,376.5,9.260000228881836,46.5,409.70001220703125,9.539999961853027,49.84000015258789,6469630.0,8769800,10535200
2021-09-22,400.79998779296875,9.5600004196167,47.53499984741211,400.79998779296875,9.5600004196167,47.53499984741211,405.70001220703125,9.789999961853027,48.375,377.3999938964844,9.40999984741211,46.5724983215332,385.0,9.5,47.40999984741211,5244130.0,14260500,9026400
2021-09-23,399.79998779296875,10.600000381469727,47.810001373291016,399.79998779296875,10.600000381469727,47.810001373291016,418.5,11.050000190734863,48.9375,398.5,9.960000038146973,47.650001525878906,410.6000061035156,10.199999809265137,48.08250045776367,4127110.0,40686100,6729200
2021-09-24,400.1000061035156,10.380000114440918,46.290000915527344,400.1000061035156,10.380000114440918,46.290000915527344,405.20001220703125,10.529999732971191,47.93000030517578,392.5,10.140000343322754,46.02750015258789,398.1000061035156,10.460000038146973,47.75,3255590.0,10571100,6743200
2021-09-27,393.0,10.140000343322754,47.369998931884766,393.0,10.140000343322754,47.369998931884766,406.29998779296875,10.350000381469727,48.01250076293945,392.1000061035156,9.960000038146973,46.467498779296875,401.20001220703125,10.319999694824219,46.47999954223633,3122550.0,9017300,5880400
2021-09-28,369.8999938964844,9.789999961853027,44.650001525878906,369.8999938964844,9.789999961853027,44.650001525878906,391.29998779296875,10.079999923706055,47.70249938964844,368.79998779296875,9.770000457763672,44.5,389.0,9.989999771118164,47.0,3952330.0,8733300,7082000
2021-09-29,355.3999938964844,9.600000381469727,43.97999954223633,355.3999938964844,9.600000381469727,43.97999954223633,382.6000061035156,9.930000305175781,46.119998931884766,353.70001220703125,9.5600004196167,43.65250015258789,372.5,9.829999923706055,45.022499084472656,4300780.0,6505000,7599600
2021-09-30,380.6000061035156,9.729999542236328,43.86750030517578,380.6000061035156,9.729999542236328,43.86750030517578,417.79998779296875,9.979999542236328,46.36249923706055,337.3999938964844,9.470000267028809,41.6974983215332,351.8999938964844,9.619999885559082,43.75,10281980.0,9539000,12682800
2021-10-01,384.6000061035156,9.699999809265137,44.227500915527344,384.6000061035156,9.699999809265137,44.227500915527344,401.29998779296875,9.90999984741211,44.872501373291016,377.5,9.579999923706055,43.0625,394.1000061035156,9.789999961853027,44.849998474121094,6591900.0,5291900,6204400
2021-10-04,367.70001220703125,9.600000381469727,42.84000015258789,367.70001220703125,9.600000381469727,42.84000015258789,390.29998779296875,9.720000267028809,44.23749923706055,363.29998779296875,9.350000381469727,42.692501068115234,389.0,9.65999984741211,43.98749923706055,3994320.0,9718800,4782800
2021-10-05,370.6000061035156,9.520000457763672,43.04499816894531,370.6000061035156,9.520000457763672,43.04499816894531,381.0,9.829999923706055,43.29249954223633,361.8999938964844,9.5,41.67499923706055,368.6000061035156,9.630000114440918,42.79750061035156,3770280.0,6225200,5263600
2021-10-06,368.29998779296875,9.359999656677246,42.76750183105469,368.29998779296875,9.359999656677246,42.76750183105469,376.5,9.449999809265137,43.2400016784668,356.3999938964844,9.100000381469727,41.45249938964844,363.6000061035156,9.369999885559082,42.51499938964844,3545050.0,9246600,4801200
2021-10-07,381.3999938964844,9.600000381469727,43.029998779296875,381.3999938964844,9.600000381469727,43.029998779296875,385.5,9.75,43.79999923706055,366.0,9.289999961853027,42.6349983215332,367.79998779296875,9.470000267028809,43.0,3770430.0,5519400,4637200
2021-10-08,371.8999938964844,9.390000343322754,43.16999816894531,371.8999938964844,9.390000343322754,43.16999816894531,387.79998779296875,9.59000015258789,43.93000030517578,370.6000061035156,9.359999656677246,42.779998779296875,379.20001220703125,9.5600004196167,43.125,2964310.0,4695900,3272800
2021-10-11,372.5,9.279999732971191,44.525001525878906,372.5,9.279999732971191,44.525001525878906,386.6000061035156,9.510000228881836,47.122501373291016,363.0,9.25,43.25,368.5,9.350000381469727,43.25,3735140.0,6246200,10739600
2021-10-12,368.20001220703125,9.34000015258789,43.95500183105469,368.20001220703125,9.34000015258789,43.95500183105469,375.70001220703125,9.479999542236328,45.44499969482422,362.20001220703125,9.25,43.45000076293945,372.5,9.329999923706055,45.125,2522340.0,4628800,4934800
2021-10-13,379.1000061035156,9.8100004196167,46.01499938964844,379.1000061035156,9.8100004196167,46.01499938964844,381.5,10.170000076293945,47.0525016784668,361.20001220703125,9.59000015258789,44.0,367.20001220703125,9.59000015258789,44.57500076293945,3348450.0,14299200,7711600
2021-10-14,400.70001220703125,10.260000228881836,45.95750045776367,400.70001220703125,10.260000228881836,45.95750045776367,411.0,10.460000038146973,47.54999923706055,377.5,9.8100004196167,45.650001525878906,378.0,9.930000305175781,45.939998626708984,6768820.0,14446500,6695600
2021-10-15,407.3999938964844,10.34000015258789,45.81999969482422,407.3999938964844,10.34000015258789,45.81999969482422,417.8999938964844,10.600000381469727,46.744998931884766,397.79998779296875,10.109999656677246,45.220001220703125,402.0,10.25,46.0,4652470.0,9097800,4800000
2021-10-18,430.29998779296875,10.100000381469727,46.505001068115234,430.29998779296875,10.100000381469727,46.505001068115234,436.29998779296875,10.359999656677246,47.467498779296875,404.8999938964844,10.079999923706055,45.63750076293945,408.0,10.25,45.73500061035156,5009630.0,6036000,6358400
2021-10-19,408.0,11.520000457763672,46.6974983215332,408.0,11.520000457763672,46.6974983215332,444.3999938964844,11.739999771118164,48.04499816894531,407.3999938964844,9.979999542236328,46.099998474121094,429.6000061035156,10.180000305175781,47.247501373291016,5276920.0,34926500,8282400
2021-10-20,408.79998779296875,11.40999984741211,46.130001068115234,408.79998779296875,11.40999984741211,46.130001068115234,417.5,11.5600004196167,47.0,403.0,10.960000038146973,45.494998931884766,406.5,11.380000114440918,46.58250045776367,3122000.0,17991300,9107600
2021-10-21,392.3999938964844,11.300000190734863,45.4275016784668,392.3999938964844,11.300000190734863,45.4275016784668,419.3999938964844,11.90999984741211,47.67499923706055,388.0,11.15999984741211,45.150001525878906,408.8999938964844,11.369999885559082,46.1775016784668,3397760.0,13188800,9609600
2021-10-22,366.0,10.920000076293945,42.45000076293945,366.0,10.920000076293945,42.45000076293945,376.70001220703125,11.5,44.872501373291016,359.6000061035156,10.880000114440918,41.95000076293945,373.1000061035156,11.149999618530273,44.525001525878906,4632420.0,8774800,11201600
2021-10-25,368.29998779296875,11.039999961853027,43.49250030517578,368.29998779296875,11.039999961853027,43.49250030517578,378.5,11.359999656677246,43.70000076293945,357.79998779296875,10.779999732971191,41.814998626708984,362.29998779296875,10.779999732971191,42.35499954223633,3090540.0,8106000,5771200
2021-10-26,360.5,10.829999923706055,44.459999084472656,360.5,10.829999923706055,44.459999084472656,374.0,11.149999618530273,46.25,357.79998779296875,10.800000190734863,43.125,365.29998779296875,11.149999618530273,43.34000015258789,2767480.0,6049500,8706800
2021-10-27,347.6000061035156,10.569999694824219,43.377498626708984,347.6000061035156,10.569999694824219,43.377498626708984,367.8999938964844,11.0,45.772499084472656,345.79998779296875,10.569999694824219,43.08250045776367,363.29998779296875,10.8100004196167,45.0,2590410.0,4912200,4428000
2021-10-28,352.29998779296875,10.789999961853027,45.712501525878906,352.29998779296875,10.789999961853027,45.712501525878906,360.70001220703125,10.880000114440918,45.78499984741211,348.6000061035156,10.5600004196167,43.75,350.8999938964844,10.600000381469727,43.790000915527344,2381220.0,4283800,6784800
2021-10-29,353.70001220703125,10.800000190734863,45.877498626708984,353.70001220703125,10.800000190734863,45.877498626708984,366.29998779296875,11.050000190734863,46.4375,345.29998779296875,10.630000114440918,44.5,353.3999938964844,10.699999809265137,45.70249938964844,3284150.0,5630900,9176000
2021-11-01,370.70001220703125,11.369999885559082,50.022499084472656,370.70001220703125,11.369999885559082,50.022499084472656,371.8999938964844,11.430000305175781,52.14250183105469,353.8999938964844,10.800000190734863,45.51250076293945,356.5,10.819999694824219,45.63249969482422,3405460.0,8445700,19776800
2021-11-02,387.8999938964844,11.399999618530273,51.747501373291016,387.8999938964844,11.399999618530273,51.747501373291016,388.0,11.520000457763672,52.98500061035156,366.29998779296875,11.079999923706055,47.92250061035156,376.20001220703125,11.329999923706055,49.837501525878906,4436170.0,11531400,15529200
2021-11-03,407.8999938964844,11.729999542236328,54.58250045776367,407.8999938964844,11.729999542236328,54.58250045776367,442.1000061035156,12.390000343322754,63.92250061035156,388.79998779296875,11.479999542236328,52.0625,409.8999938964844,11.729999542236328,53.5,8219800.0,22148500,45062400
2021-11-04,400.5,10.9399995803833,54.459999084472656,400.5,10.9399995803833,54.459999084472656,413.0,11.75,57.24250030517578,391.1000061035156,10.899999618530273,52.88750076293945,403.8999938964844,11.75,55.5,2855370.0,14456800,11632000
2021-11-05,417.0,11.050000190734863,53.3125,417.0,11.050000190734863,53.3125,419.70001220703125,11.15999984741211,55.25,399.29998779296875,10.739999771118164,52.252498626708984,411.6000061035156,11.0,55.15999984741211,4007700.0,8642500,7242800
2021-11-08,450.6000061035156,11.279999732971191,54.65999984741211,450.6000061035156,11.279999732971191,54.65999984741211,459.5,11.430000305175781,56.2599983215332,417.70001220703125,11.020000457763672,53.002498626708984,424.79998779296875,11.039999961853027,53.125,7034780.0,8136600,8631600
2021-11-09,399.29998779296875,11.1899995803833,51.650001525878906,399.29998779296875,11.1899995803833,51.650001525878906,426.0,11.239999771118164,55.872501373291016,392.5,10.84000015258789,51.11000061035156,424.29998779296875,11.239999771118164,55.5,3789350.0,6085800,7381200
2021-11-10,382.8999938964844,10.479999542236328,49.79750061035156,382.8999938964844,10.479999542236328,49.79750061035156,408.70001220703125,11.149999618530273,51.84749984741211,380.5,10.4399995803833,49.125,387.8999938964844,11.0,50.529998779296875,3246360.0,9071600,5237600
2021-11-11,394.6000061035156,10.539999961853027,51.08000183105469,394.6000061035156,10.539999961853027,51.08000183105469,402.0,10.739999771118164,52.022499084472656,375.0,10.479999542236328,49.537498474121094,380.0,10.59000015258789,50.0,3047410.0,4214700,4317600
2021-11-12,400.0,10.779999732971191,50.525001525878906,400.0,10.779999732971191,50.525001525878906,404.3999938964844,10.859999656677246,51.34000015258789,391.20001220703125,10.569999694824219,49.470001220703125,396.0,10.609999656677246,50.53499984741211,2362310.0,4312600,3712000
2021-11-15,426.79998779296875,10.819999694824219,52.28499984741211,426.79998779296875,10.819999694824219,52.28499984741211,432.29998779296875,10.989999771118164,52.875,402.1000061035156,10.619999885559082,50.42250061035156,403.5,10.800000190734863,50.96500015258789,3991880.0,5385300,5865600
2021-11-16,426.0,11.220000267028809,51.79499816894531,426.0,11.220000267028809,51.79499816894531,444.29998779296875,11.260000228881836,53.14250183105469,412.29998779296875,10.529999732971191,50.907501220703125,419.70001220703125,10.739999771118164,52.255001068115234,3838820.0,8274400,4858400
2021-11-17,421.29998779296875,10.960000038146973,52.5,421.29998779296875,10.960000038146973,52.5,440.0,11.329999923706055,54.42499923706055,420.20001220703125,10.920000076293945,51.5,423.3999938964844,11.140000343322754,51.57500076293945,2332200.0,5666300,5410800
2021-11-18,404.1000061035156,10.630000114440918,52.529998779296875,404.1000061035156,10.630000114440918,52.529998779296875,424.0,11.0600004196167,53.78499984741211,397.79998779296875,10.510000228881836,51.875,423.8999938964844,11.029999732971191,52.5625,2526200.0,6374000,4017600
2021-11-19,408.70001220703125,10.4399995803833,57.20000076293945,408.70001220703125,10.4399995803833,57.20000076293945,413.79998779296875,10.760000228881836,57.34749984741211,396.6000061035156,10.399999618530273,52.0625,402.0,10.649999618530273,52.28499984741211,2069230.0,5000400,12136800
2021-11-22,412.3999938964844,10.09000015258789,61.88750076293945,412.3999938964844,10.09000015258789,61.88750076293945,429.8999938964844,10.539999961853027,62.40999984741211,402.8999938964844,9.9399995803833,57.4375,415.1000061035156,10.5,57.6150016784668,2883180.0,7786000,17485600
2021-11-23,391.6000061035156,10.109999656677246,53.474998474121094,391.6000061035156,10.109999656677246,53.474998474121094,420.29998779296875,10.329999923706055,63.04999923706055,380.70001220703125,9.90999984741211,53.13999938964844,412.5,10.09000015258789,60.959999084472656,2738650.0,5255200,13380800
2021-11-24,388.8999938964844,10.210000038146973,52.94499969482422,388.8999938964844,10.210000038146973,52.94499969482422,393.29998779296875,10.300000190734863,55.997501373291016,375.5,9.869999885559082,52.0,391.3999938964844,10.050000190734863,54.3125,1827080.0,4304400,5237600
2021-11-26,376.29998779296875,9.970000267028809,49.93000030517578,376.29998779296875,9.970000267028809,49.93000030517578,381.6000061035156,10.079999923706055,52.932498931884766,361.29998779296875,9.819999694824219,49.79999923706055,362.8999938964844,9.949999809265137,52.02000045776367,1973180.0,4343300,4941200
2021-11-29,368.3999938964844,9.850000381469727,50.502498626708984,368.3999938964844,9.850000381469727,50.502498626708984,384.29998779296875,10.079999923706055,51.977500915527344,359.20001220703125,9.600000381469727,50.23500061035156,382.6000061035156,10.0,51.0,2406380.0,8130600,4435200
2021-11-30,339.3999938964844,9.520000457763672,49.0525016784668,339.3999938964844,9.520000457763672,49.0525016784668,370.5,9.890000343322754,50.98749923706055,327.5,9.319999694824219,47.0,367.70001220703125,9.75,50.025001525878906,4135480.0,7618900,6895600
2021-12-01,285.70001220703125,8.880000114440918,44.959999084472656,285.70001220703125,8.880000114440918,44.959999084472656,349.3999938964844,9.6899995803833,50.02750015258789,268.5,8.829999923706055,44.252498626708984,347.1000061035156,9.6899995803833,49.849998474121094,6329610.0,12120300,9406000
2021-12-02,302.79998779296875,9.279999732971191,45.38999938964844,302.79998779296875,9.279999732971191,45.38999938964844,312.20001220703125,9.380000114440918,46.85749816894531,270.1000061035156,8.819999694824219,43.26750183105469,292.70001220703125,8.899999618530273,46.25,5490130.0,10937600,8348400
2021-12-03,290.1000061035156,8.9399995803833,43.09749984741211,290.1000061035156,8.9399995803833,43.09749984741211,310.6000061035156,9.390000343322754,45.98249816894531,253.10000610351562,8.6899995803833,39.76250076293945,308.29998779296875,9.279999732971191,45.25,6618860.0,12810300,16386800
2021-12-06,287.8999938964844,9.029999732971191,41.779998779296875,287.8999938964844,9.029999732971191,41.779998779296875,304.70001220703125,9.100000381469727,43.334999084472656,271.5,8.739999771118164,40.79999923706055,281.0,8.800000190734863,41.5,4506740.0,6232300,8914400
2021-12-07,310.3999938964844,9.289999961853027,44.45249938964844,310.3999938964844,9.289999961853027,44.45249938964844,316.79998779296875,9.489999771118164,45.494998931884766,295.0,9.180000305175781,42.627498626708984,300.29998779296875,9.25,43.79499816894531,4792710.0,6331600,7889600
2021-12-08,323.5,9.3100004196167,43.412498474121094,323.5,9.3100004196167,43.412498474121094,339.20001220703125,9.470000267028809,45.0625,297.70001220703125,9.079999923706055,42.9900016784668,307.79998779296875,9.319999694824219,44.150001525878906,4624150.0,6044800,10444800
2021-12-09,294.6000061035156,9.010000228881836,38.939998626708984,294.6000061035156,9.010000228881836,38.939998626708984,329.5,9.329999923706055,43.17250061035156,293.1000061035156,8.9399995803833,37.75,317.5,9.199999809265137,41.75,3655680.0,4532500,20337200
2021-12-10,274.3999938964844,8.789999961853027,39.752498626708984,274.3999938964844,8.789999961853027,39.752498626708984,299.29998779296875,9.180000305175781,40.57500076293945,260.0,8.6899995803833,37.0,293.5,9.100000381469727,39.95750045776367,5885890.0,7188800,18107600
2021-12-13,232.39999389648438,8.65999984741211,34.220001220703125,232.39999389648438,8.65999984741211,34.220001220703125,276.29998779296875,9.010000228881836,40.22249984741211,224.60000610351562,8.520000457763672,33.76750183105469,274.8999938964844,8.789999961853027,40.08250045776367,8419980.0,7882500,21944800
2021-12-14,245.0,8.600000381469727,36.92250061035156,245.0,8.600000381469727,36.92250061035156,251.1999969482422,8.8100004196167,37.592498779296875,208.0,8.489999771118164,32.375,209.10000610351562,8.5,32.75,10704580.0,8079400,26048400
2021-12-15,246.60000610351562,8.930000305175781,37.147499084472656,246.60000610351562,8.930000305175781,37.147499084472656,252.8000030517578,9.069999694824219,38.0,225.3000030517578,8.420000076293945,35.279998779296875,246.0,8.90999984741211,36.8650016784668,5320820.0,15904400,11064000
2021-12-16,244.5,8.779999732971191,36.147499084472656,244.5,8.779999732971191,36.147499084472656,258.70001220703125,9.1899995803833,38.61000061035156,240.8000030517578,8.670000076293945,35.532501220703125,253.5,9.0,38.23249816894531,4370240.0,8521800,8659200
2021-12-17,291.20001220703125,9.170000076293945,38.90999984741211,291.20001220703125,9.170000076293945,38.90999984741211,307.1000061035156,9.300000190734863,39.64250183105469,236.5,8.630000114440918,34.83250045776367,243.89999389648438,8.680000305175781,35.9375,14475310.0,13789600,17226800
2021-12-20,297.0,8.880000114440918,39.28499984741211,297.0,8.880000114440918,39.28499984741211,307.0,8.989999771118164,39.91999816894531,281.1000061035156,8.649999618530273,37.42499923706055,289.6000061035156,8.960000038146973,38.29750061035156,6693820.0,10381200,7314400
2021-12-21,303.0,9.25,39.529998779296875,303.0,9.25,39.529998779296875,322.29998779296875,9.40999984741211,40.0625,290.5,8.989999771118164,38.78499984741211,294.0,9.0,39.26499938964844,4685250.0,15025300,5720800
2021-12-22,286.79998779296875,9.40999984741211,38.5,286.79998779296875,9.40999984741211,38.5,304.79998779296875,9.489999771118164,39.787498474121094,280.3999938964844,8.609999656677246,38.029998779296875,299.3999938964844,9.050000190734863,39.58250045776367,3698380.0,20581000,4188800
2021-12-23,285.20001220703125,9.479999542236328,38.03499984741211,285.20001220703125,9.479999542236328,38.03499984741211,294.29998779296875,9.520000457763672,38.75,268.20001220703125,8.989999771118164,36.505001068115234,288.6000061035156,9.260000228881836,38.5,3700590.0,9882600,4222000
2021-12-27,287.0,9.399999618530273,37.07749938964844,287.0,9.399999618530273,37.07749938964844,293.8999938964844,9.569999694824219,38.154998779296875,270.1000061035156,9.25,35.0,283.5,9.430000305175781,38.0,3078560.0,8183100,6454400
2021-12-28,277.20001220703125,9.4399995803833,36.6150016784668,277.20001220703125,9.4399995803833,36.6150016784668,297.3999938964844,9.539999961853027,39.352500915527344,275.8999938964844,9.319999694824219,36.602500915527344,281.79998779296875,9.430000305175781,36.875,3158810.0,6407900,5324400
2021-12-29,279.5,9.210000038146973,38.48249816894531,279.5,9.210000038146973,38.48249816894531,283.5,9.520000457763672,38.872501373291016,266.20001220703125,9.180000305175781,35.53499984741211,277.5,9.399999618530273,36.962501525878906,3098340.0,6489400,8149600
2021-12-30,289.3999938964844,9.489999771118164,38.83250045776367,289.3999938964844,9.489999771118164,38.83250045776367,301.8999938964844,9.670000076293945,40.0,276.79998779296875,9.170000076293945,37.5,279.1000061035156,9.180000305175781,37.75,3605640.0,10226000,6247600
2021-12-31,272.0,9.350000381469727,37.09749984741211,272.0,9.350000381469727,37.09749984741211,294.0,9.630000114440918,39.182498931884766,271.1000061035156,9.329999923706055,37.025001525878906,287.6000061035156,9.5,38.404998779296875,2340800.0,7523100,5576000
2022-01-03,265.20001220703125,9.369999885559082,38.209999084472656,265.20001220703125,9.369999885559082,38.209999084472656,281.29998779296875,9.390000343322754,39.845001220703125,264.20001220703125,9.100000381469727,37.3025016784668,274.20001220703125,9.319999694824219,37.307498931884766,2674090.0,5074700,5654800
2022-01-04,254.89999389648438,9.329999923706055,37.227500915527344,254.89999389648438,9.329999923706055,37.227500915527344,266.70001220703125,9.489999771118164,38.247501373291016,246.39999389648438,9.119999885559082,35.76250076293945,266.70001220703125,9.369999885559082,38.04249954223633,3334790.0,6166400,7339600
2022-01-05,227.5,8.779999732971191,32.342498779296875,227.5,8.779999732971191,32.342498779296875,253.0,9.350000381469727,37.212501525878906,223.60000610351562,8.779999732971191,32.287498474121094,251.6999969482422,9.270000457763672,37.09749984741211,4517210.0,9432700,13585600
2022-01-06,224.60000610351562,8.779999732971191,32.75749969482422,224.60000610351562,8.779999732971191,32.75749969482422,237.6999969482422,9.020000457763672,34.42499923706055,208.0,8.470000267028809,30.28499984741211,229.60000610351562,8.789999961853027,33.209999084472656,5911270.0,11285300,24206000
2022-01-07,229.89999389648438,8.859999656677246,35.154998779296875,229.89999389648438,8.859999656677246,35.154998779296875,243.0,9.229999542236328,40.07749938964844,224.39999389648438,8.800000190734863,33.125,236.10000610351562,8.970000267028809,39.942501068115234,4948100.0,6329700,48549200
2022-01-10,227.8000030517578,8.84000015258789,32.787498474121094,227.8000030517578,8.84000015258789,32.787498474121094,228.6999969482422,8.84000015258789,33.92250061035156,212.5,8.510000228881836,30.0,224.1999969482422,8.819999694824219,33.747501373291016,3778400.0,7247600,22048000
2022-01-11,227.89999389648438,9.199999809265137,32.57500076293945,227.89999389648438,9.199999809265137,32.57500076293945,237.5,9.350000381469727,34.20000076293945,220.89999389648438,8.84000015258789,31.84749984741211,224.0,8.84000015258789,32.525001525878906,3606380.0,8447500,10332400
2022-01-12,227.1999969482422,9.199999809265137,32.01499938964844,227.1999969482422,9.199999809265137,32.01499938964844,233.60000610351562,9.350000381469727,32.83000183105469,220.5,9.039999961853027,31.612499237060547,228.60000610351562,9.260000228881836,32.5,2747210.0,5020700,6298000
2022-01-13,206.60000610351562,8.9399995803833,30.6200008392334,206.60000610351562,8.9399995803833,30.6200008392334,231.5,9.289999961853027,32.625,205.3000030517578,8.90999984741211,30.422500610351562,226.5,9.229999542236328,32.125,4100500.0,4328900,8901200
2022-01-14,205.6999969482422,9.039999961853027,29.162500381469727,205.6999969482422,9.039999961853027,29.162500381469727,210.8000030517578,9.079999923706055,30.575000762939453,195.10000610351562,8.84000015258789,28.0049991607666,203.3000030517578,8.869999885559082,30.037500381469727,5699660.0,5482600,15402000
2022-01-18,188.39999389648438,9.09000015258789,27.227500915527344,188.39999389648438,9.09000015258789,27.227500915527344,198.89999389648438,9.289999961853027,28.4375,178.0,8.850000381469727,26.100000381469727,197.89999389648438,8.9399995803833,28.27750015258789,5567970.0,7450200,15022400
2022-01-19,183.1999969482422,8.930000305175781,26.642499923706055,183.1999969482422,8.930000305175781,26.642499923706055,194.1999969482422,9.319999694824219,28.262500762939453,180.3000030517578,8.90999984741211,26.102500915527344,185.3000030517578,9.130000114440918,27.502500534057617,3509680.0,8747600,9614400
2022-01-20,180.6999969482422,8.890000343322754,25.667499542236328,180.6999969482422,8.890000343322754,25.667499542236328,201.60000610351562,9.3100004196167,28.799999237060547,179.5,8.869999885559082,25.399999618530273,185.89999389648438,9.010000228881836,26.975000381469727,5107870.0,8433700,11680400
2022-01-21,179.6999969482422,8.539999961853027,26.59000015258789,179.6999969482422,8.539999961853027,26.59000015258789,185.60000610351562,8.90999984741211,27.552499771118164,162.1999969482422,8.520000457763672,23.18000030517578,177.6999969482422,8.850000381469727,25.25,6518570.0,10221200,22120000
2022-01-24,166.39999389648438,8.199999809265137,25.037500381469727,166.39999389648438,8.199999809265137,25.037500381469727,172.89999389648438,8.329999923706055,25.71500015258789,142.3000030517578,7.619999885559082,21.572500228881836,162.39999389648438,8.229999542236328,24.7549991607666,8242470.0,18067000,25039600
2022-01-25,160.1999969482422,8.079999923706055,24.947500228881836,160.1999969482422,8.079999923706055,24.947500228881836,166.1999969482422,8.220000267028809,26.24250030517578,155.5,7.820000171661377,23.752500534057617,158.89999389648438,7.980000019073486,24.229999542236328,4243460.0,8155500,14297200
2022-01-26,159.39999389648438,7.909999847412109,25.815000534057617,159.39999389648438,7.909999847412109,25.815000534057617,181.60000610351562,8.380000114440918,29.75,156.5,7.869999885559082,25.077499389648438,162.10000610351562,8.289999961853027,25.274999618530273,7672290.0,8418500,33330000
2022-01-27,145.1999969482422,7.550000190734863,23.3799991607666,145.1999969482422,7.550000190734863,23.3799991607666,165.89999389648438,8.050000190734863,26.75,144.0,7.5,23.22249984741211,161.10000610351562,7.980000019073486,26.03499984741211,5053020.0,10348200,14644400
2022-01-28,150.60000610351562,7.880000114440918,24.477500915527344,150.60000610351562,7.880000114440918,24.477500915527344,152.5,7.889999866485596,24.5,134.0,7.440000057220459,21.90250015258789,146.0,7.53000020980835,23.850000381469727,5395160.0,8896400,16430400
2022-01-31,160.60000610351562,8.229999542236328,27.232500076293945,160.60000610351562,8.229999542236328,27.232500076293945,162.5,8.329999923706055,27.454999923706055,150.0,7.400000095367432,24.46500015258789,151.39999389648438,7.519999980926514,24.467500686645508,4144790.0,19786600,13997200
2022-02-01,168.60000610351562,8.130000114440918,28.149999618530273,168.60000610351562,8.130000114440918,28.149999618530273,187.10000610351562,8.350000381469727,29.162500381469727,165.1999969482422,8.050000190734863,27.065000534057617,181.5,8.239999771118164,28.252500534057617,12442770.0,9295300,13847600
2022-02-02,154.1999969482422,7.71999979019165,25.010000228881836,154.1999969482422,7.71999979019165,25.010000228881836,170.6999969482422,8.180000305175781,27.96500015258789,153.8000030517578,7.610000133514404,24.514999389648438,165.5,8.180000305175781,27.587499618530273,4862600.0,12319600,13116400
2022-02-03,148.6999969482422,7.269999980926514,24.8075008392334,148.6999969482422,7.269999980926514,24.8075008392334,158.5,7.670000076293945,26.735000610351562,146.5,7.269999980926514,24.427499771118164,150.39999389648438,7.570000171661377,25.375,3921510.0,14579800,10710000
2022-02-04,153.5,7.369999885559082,25.584999084472656,153.5,7.369999885559082,25.584999084472656,157.0,7.449999809265137,26.0,147.39999389648438,7.130000114440918,23.770000457763672,150.0,7.269999980926514,24.752500534057617,3239650.0,8067600,7627200
2022-02-07,149.10000610351562,7.239999771118164,25.584999084472656,149.10000610351562,7.239999771118164,25.584999084472656,160.0,7.510000228881836,26.344999313354492,146.8000030517578,7.230000019073486,24.6924991607666,156.1999969482422,7.409999847412109,25.747499465942383,2975520.0,5392500,7037600
2022-02-08,164.3000030517578,7.289999961853027,28.899999618530273,164.3000030517578,7.289999961853027,28.899999618530273,168.1999969482422,7.349999904632568,29.417499542236328,146.5,7.139999866485596,25.137500762939453,149.0,7.210000038146973,25.440000534057617,5127250.0,5377400,19839600
2022-02-09,189.39999389648438,7.389999866485596,31.072500228881836,189.39999389648438,7.389999866485596,31.072500228881836,190.0,7.559999942779541,31.177499771118164,161.39999389648438,7.28000020980835,28.25,163.0,7.349999904632568,28.522499084472656,7586740.0,10347700,15467600
2022-02-10,185.89999389648438,7.230000019073486,30.61750030517578,185.89999389648438,7.230000019073486,30.61750030517578,209.60000610351562,7.590000152587891,32.94499969482422,178.5,7.179999828338623,29.0,179.0,7.25,29.487499237060547,9895740.0,8253500,14826000
2022-02-11,188.10000610351562,7.039999961853027,31.0625,188.10000610351562,7.039999961853027,31.0625,196.60000610351562,7.349999904632568,32.467498779296875,183.3000030517578,6.989999771118164,30.1924991607666,186.1999969482422,7.21999979019165,30.6200008392334,6842590.0,8309700,11299200
2022-02-14,177.5,6.900000095367432,29.272499084472656,177.5,6.900000095367432,29.272499084472656,193.60000610351562,7.179999828338623,31.375,176.60000610351562,6.860000133514404,29.037500381469727,188.3000030517578,6.980000019073486,30.732500076293945,4610670.0,7303200,9102800
2022-02-15,194.8000030517578,7.190000057220459,31.540000915527344,194.8000030517578,7.190000057220459,31.540000915527344,195.5,7.21999979019165,31.8075008392334,179.60000610351562,6.980000019073486,29.815000534057617,180.5,7.070000171661377,30.239999771118164,3985200.0,5678600,7911600
2022-02-16,196.6999969482422,7.150000095367432,32.08250045776367,196.6999969482422,7.150000095367432,32.08250045776367,205.8000030517578,7.179999828338623,33.212501525878906,192.60000610351562,7.0,30.979999542236328,193.5,7.159999847412109,31.107500076293945,4944460.0,4278400,8007600
2022-02-17,189.39999389648438,6.829999923706055,30.852500915527344,189.39999389648438,6.829999923706055,30.852500915527344,202.10000610351562,7.110000133514404,32.712501525878906,184.6999969482422,6.829999923706055,30.55500030517578,194.8000030517578,7.079999923706055,31.6924991607666,4013020.0,5926800,6256400
2022-02-18,179.0,6.650000095367432,30.38249969482422,179.0,6.650000095367432,30.38249969482422,192.0,6.949999809265137,31.412500381469727,176.8000030517578,6.639999866485596,29.532499313354492,189.89999389648438,6.849999904632568,31.049999237060547,3195350.0,7584900,6214000
2022-02-22,164.6999969482422,6.420000076293945,29.514999389648438,164.6999969482422,6.420000076293945,29.514999389648438,181.3000030517578,6.690000057220459,30.832500457763672,161.10000610351562,6.329999923706055,28.547500610351562,173.60000610351562,6.46999979019165,29.549999237060547,4296850.0,8646700,6156400
2022-02-23,157.3000030517578,6.260000228881836,28.717500686645508,157.3000030517578,6.260000228881836,28.717500686645508,170.1999969482422,6.659999847412109,30.84000015258789,156.1999969482422,6.239999771118164,28.56999969482422,167.3000030517578,6.53000020980835,30.30500030517578,3015590.0,7586200,5393200
2022-02-24,176.8000030517578,6.619999885559082,31.145000457763672,176.8000030517578,6.619999885559082,31.145000457763672,177.6999969482422,6.639999866485596,31.427499771118164,149.60000610351562,5.800000190734863,26.030000686645508,149.6999969482422,5.849999904632568,26.38249969482422,5440570.0,11565600,9024800
2022-02-25,176.60000610351562,6.71999979019165,29.645000457763672,176.60000610351562,6.71999979019165,29.645000457763672,178.60000610351562,6.71999979019165,31.24250030517578,165.3000030517578,6.400000095367432,29.122499465942383,177.10000610351562,6.599999904632568,30.892499923706055,3694410.0,5892100,6841200
2022-02-28,188.60000610351562,6.869999885559082,30.834999084472656,188.60000610351562,6.869999885559082,30.834999084472656,193.39999389648438,6.900000095367432,31.572500228881836,176.10000610351562,6.619999885559082,29.22249984741211,180.0,6.679999828338623,30.25,4277230.0,5733300,6458000
2022-03-01,183.1999969482422,6.78000020980835,29.7549991607666,183.1999969482422,6.78000020980835,29.7549991607666,194.3000030517578,7.0,31.467500686645508,178.3000030517578,6.71999979019165,29.587499618530273,190.0,6.880000114440918,30.547500610351562,4400300.0,6755200,4384000
2022-03-02,185.3000030517578,6.840000152587891,30.49250030517578,185.3000030517578,6.840000152587891,30.49250030517578,186.89999389648438,6.880000114440918,30.667499542236328,173.10000610351562,6.639999866485596,29.092500686645508,180.10000610351562,6.78000020980835,29.875,3503820.0,5708900,5242800
2022-03-03,180.60000610351562,6.730000019073486,29.602500915527344,180.60000610351562,6.730000019073486,29.602500915527344,187.0,6.900000095367432,30.934999465942383,178.0,6.610000133514404,29.3075008392334,186.3000030517578,6.829999923706055,30.739999771118164,2482590.0,4440700,4382400
2022-03-04,165.6999969482422,6.480000019073486,27.915000915527344,165.6999969482422,6.480000019073486,27.915000915527344,183.1999969482422,6.769999980926514,30.127500534057617,163.5,6.449999809265137,27.645000457763672,180.5,6.730000019073486,29.502500534057617,3947460.0,5353900,5911200
2022-03-07,152.10000610351562,6.300000190734863,24.837499618530273,152.10000610351562,6.300000190734863,24.837499618530273,171.0,6.599999904632568,28.75,149.0,6.289999961853027,24.024999618530273,169.10000610351562,6.510000228881836,28.75,3950730.0,5291700,12591600
2022-03-08,153.89999389648438,6.360000133514404,25.752500534057617,153.89999389648438,6.360000133514404,25.752500534057617,162.60000610351562,6.550000190734863,27.247499465942383,143.8000030517578,6.199999809265137,24.272499084472656,151.5,6.269999980926514,25.25749969482422,3537040.0,5713200,8536000
2022-03-09,157.10000610351562,6.739999771118164,26.302499771118164,157.10000610351562,6.739999771118164,26.302499771118164,162.6999969482422,6.769999980926514,27.21500015258789,154.3000030517578,6.480000019073486,25.875,157.1999969482422,6.489999771118164,26.7450008392334,2520640.0,5228400,5598400
2022-03-10,153.1999969482422,6.510000228881836,25.139999389648438,153.1999969482422,6.510000228881836,25.139999389648438,158.10000610351562,6.760000228881836,26.014999389648438,147.8000030517578,6.449999809265137,24.5625,156.3000030517578,6.610000133514404,25.979999542236328,2566650.0,10825100,5582000
2022-03-11,143.0,6.239999771118164,23.172500610351562,143.0,6.239999771118164,23.172500610351562,154.0,6.630000114440918,25.725000381469727,142.6999969482422,6.230000019073486,23.172500610351562,153.10000610351562,6.559999942779541,25.665000915527344,2920290.0,4120800,8822000
2022-03-14,135.60000610351562,5.940000057220459,19.52750015258789,135.60000610351562,5.940000057220459,19.52750015258789,141.60000610351562,6.25,23.579999923706055,129.0,5.900000095367432,19.395000457763672,140.5,6.239999771118164,23.357500076293945,3295980.0,6084400,18134400
2022-03-15,144.8000030517578,6.090000152587891,20.65999984741211,144.8000030517578,6.090000152587891,20.65999984741211,146.89999389648438,6.099999904632568,21.889999389648438,131.6999969482422,5.880000114440918,19.670000076293945,137.60000610351562,5.949999809265137,20.524999618530273,4085310.0,7559400,14115200
2022-03-16,152.3000030517578,6.570000171661377,21.71500015258789,152.3000030517578,6.570000171661377,21.71500015258789,156.89999389648438,6.579999923706055,22.502500534057617,142.3000030517578,6.210000038146973,20.5,145.10000610351562,6.210000038146973,21.27750015258789,3910450.0,7085200,10615600
2022-03-17,151.89999389648438,6.820000171661377,21.924999237060547,151.89999389648438,6.820000171661377,21.924999237060547,156.10000610351562,6.849999904632568,22.395000457763672,148.60000610351562,6.489999771118164,20.862499237060547,149.10000610351562,6.539999961853027,21.274999618530273,2413040.0,5341300,13796400
2022-03-18,158.0,7.03000020980835,22.697500228881836,158.0,7.03000020980835,22.697500228881836,159.0,7.119999885559082,24.362499237060547,149.6999969482422,6.789999961853027,19.725000381469727,149.8000030517578,6.820000171661377,19.934999465942383,3199210.0,7879100,35688400
2022-03-21,158.60000610351562,7.130000114440918,23.549999237060547,158.60000610351562,7.130000114440918,23.549999237060547,165.5,7.449999809265137,24.850000381469727,152.8000030517578,7.079999923706055,22.440000534057617,156.89999389648438,7.28000020980835,22.5,3425670.0,8861100,15812400
2022-03-22,182.60000610351562,7.480000019073486,30.78499984741211,182.60000610351562,7.480000019073486,30.78499984741211,189.10000610351562,7.570000171661377,31.447500228881836,157.5,7.130000114440918,23.612499237060547,158.8000030517578,7.130000114440918,23.850000381469727,8179890.0,12656800,60068800
2022-03-23,207.39999389648438,7.550000190734863,35.25,207.39999389648438,7.550000190734863,35.25,223.5,7.860000133514404,37.73249816894531,181.8000030517578,7.389999866485596,31.637500762939453,187.5,7.46999979019165,32.5,17014260.0,10960400,98399200
2022-03-24,202.3000030517578,7.650000095367432,35.59749984741211,202.3000030517578,7.650000095367432,35.59749984741211,205.6999969482422,7.670000076293945,35.869998931884766,188.60000610351562,7.389999866485596,31.690000534057617,200.5,7.559999942779541,33.502498626708984,6847170.0,6099000,36400800
2022-03-25,202.39999389648438,7.389999866485596,37.98749923706055,202.39999389648438,7.389999866485596,37.98749923706055,217.0,7.639999866485596,39.540000915527344,197.10000610351562,7.329999923706055,34.54999923706055,199.5,7.630000114440918,35.0099983215332,7181470.0,7341900,53535600
2022-03-28,293.29998779296875,7.670000076293945,47.397499084472656,293.29998779296875,7.670000076293945,47.397499084472656,297.29998779296875,7.78000020980835,47.709999084472656,205.3000030517578,7.300000190734863,37.8849983215332,206.10000610351562,7.349999904632568,37.994998931884766,22670410.0,15377300,65266000
2022-03-29,294.3999938964844,7.829999923706055,44.974998474121094,294.3999938964844,7.829999923706055,44.974998474121094,343.29998779296875,7.96999979019165,49.852500915527344,264.1000061035156,7.610000133514404,40.75,300.29998779296875,7.71999979019165,47.060001373291016,21229310.0,16883600,72046000
2022-03-30,256.79998779296875,7.590000152587891,41.712501525878906,256.79998779296875,7.590000152587891,41.712501525878906,292.29998779296875,7.820000171661377,45.834999084472656,253.5,7.53000020980835,41.25,285.6000061035156,7.75,43.75,9538420.0,10155100,36676800
2022-03-31,246.39999389648438,7.460000038146973,41.64500045776367,246.39999389648438,7.460000038146973,41.64500045776367,259.20001220703125,7.619999885559082,43.9375,232.60000610351562,7.369999885559082,39.627498626708984,247.6999969482422,7.599999904632568,40.775001525878906,8923900.0,12854500,44968800
2022-04-01,233.0,6.75,41.25,233.0,6.75,41.25,252.8000030517578,6.960000038146973,47.442501068115234,223.39999389648438,6.519999980926514,38.814998626708984,251.3000030517578,6.900000095367432,47.224998474121094,6573570.0,21689100,52758400
2022-04-04,233.10000610351562,7.059999942779541,42.682498931884766,233.10000610351562,7.059999942779541,42.682498931884766,237.5,7.059999942779541,43.310001373291016,219.39999389648438,6.679999828338623,39.127498626708984,234.8000030517578,6.800000190734863,41.744998931884766,5145840.0,8940200,18519200
2022-04-05,212.10000610351562,7.110000133514404,38.397499084472656,212.10000610351562,7.110000133514404,38.397499084472656,239.60000610351562,7.179999828338623,42.10749816894531,210.0,6.900000095367432,38.0,231.8000030517578,7.03000020980835,42.0,4162410.0,8772300,15825200
2022-04-06,203.89999389648438,6.920000076293945,39.15999984741211,203.89999389648438,6.920000076293945,39.15999984741211,219.1999969482422,7.03000020980835,39.8224983215332,200.10000610351562,6.829999923706055,37.42499923706055,206.5,6.929999828338623,37.752498626708984,5221220.0,7026200,16268000
2022-04-07,197.3000030517578,6.769999980926514,37.5,197.3000030517578,6.769999980926514,37.5,209.39999389648438,6.940000057220459,39.17499923706055,186.3000030517578,6.599999904632568,35.39250183105469,206.3000030517578,6.880000114440918,38.52750015258789,5337050.0,6628500,15311200
2022-04-08,182.39999389648438,6.800000190734863,36.54750061035156,182.39999389648438,6.800000190734863,36.54750061035156,197.0,7.010000228881836,37.6775016784668,181.3000030517578,6.710000038146973,35.50749969482422,197.0,6.789999961853027,37.272499084472656,4267470.0,5471800,10371600
2022-04-11,187.1999969482422,6.760000228881836,36.73249816894531,187.1999969482422,6.760000228881836,36.73249816894531,188.1999969482422,6.820000171661377,37.05500030517578,177.1999969482422,6.599999904632568,35.15250015258789,180.3000030517578,6.730000019073486,35.7599983215332,3755460.0,5477200,9812000
2022-04-12,174.1999969482422,6.699999809265137,36.217498779296875,174.1999969482422,6.699999809265137,36.217498779296875,190.10000610351562,7.03000020980835,38.0625,172.0,6.639999866485596,35.41749954223633,188.8000030517578,6.829999923706055,36.625,4207310.0,5649200,7996400
2022-04-13,185.3000030517578,6.849999904632568,37.67499923706055,185.3000030517578,6.849999904632568,37.67499923706055,185.8000030517578,6.909999847412109,38.032501220703125,169.39999389648438,6.599999904632568,35.505001068115234,175.5,6.710000038146973,36.025001525878906,3674880.0,4255100,8032800
2022-04-14,180.1999969482422,6.679999828338623,37.692501068115234,180.1999969482422,6.679999828338623,37.692501068115234,186.89999389648438,6.929999828338623,39.125,179.0,6.659999847412109,36.80500030517578,182.6999969482422,6.880000114440918,37.317501068115234,2533370.0,4630800,10002400
2022-04-18,174.8000030517578,6.5,35.3650016784668,174.8000030517578,6.5,35.3650016784668,181.89999389648438,6.670000076293945,37.810001373291016,169.6999969482422,6.429999828338623,34.310001373291016,181.0,6.639999866485596,37.5,2389260.0,4809500,9871200
2022-04-19,186.8000030517578,6.639999866485596,38.11750030517578,186.8000030517578,6.639999866485596,38.11750030517578,189.1999969482422,6.739999771118164,38.244998931884766,171.0,6.449999809265137,34.96500015258789,173.8000030517578,6.519999980926514,35.712501525878906,3174490.0,4913800,9416800
2022-04-20,173.39999389648438,6.409999847412109,37.212501525878906,173.39999389648438,6.409999847412109,37.212501525878906,186.60000610351562,6.670000076293945,38.08250045776367,173.0,6.389999866485596,36.662498474121094,184.0,6.670000076293945,38.0,2391350.0,4635800,4648000
2022-04-21,168.5,6.159999847412109,35.38999938964844,168.5,6.159999847412109,35.38999938964844,180.6999969482422,6.550000190734863,38.279998779296875,166.60000610351562,6.139999866485596,34.977500915527344,174.10000610351562,6.46999979019165,37.5,2637270.0,5939600,6737600
2022-04-22,165.1999969482422,6.059999942779541,34.55500030517578,165.1999969482422,6.059999942779541,34.55500030517578,176.10000610351562,6.210000038146973,36.57500076293945,161.0,5.909999847412109,33.88750076293945,171.1999969482422,6.150000095367432,35.63750076293945,2643170.0,8267300,6278400
2022-04-25,169.60000610351562,6.079999923706055,33.98749923706055,169.60000610351562,6.079999923706055,33.98749923706055,170.3000030517578,6.099999904632568,34.9275016784668,162.89999389648438,5.940000057220459,33.31999969482422,163.89999389648438,5.96999979019165,33.852500915527344,2644420.0,5446500,6139200
2022-04-26,155.0,5.699999809265137,31.899999618530273,155.0,5.699999809265137,31.899999618530273,170.89999389648438,6.059999942779541,34.20000076293945,154.89999389648438,5.670000076293945,31.540000915527344,168.89999389648438,6.03000020980835,33.90999984741211,2473280.0,7247000,6182800
2022-04-27,158.5,5.599999904632568,32.459999084472656,158.5,5.599999904632568,32.459999084472656,162.5,5.829999923706055,33.16999816894531,152.5,5.579999923706055,31.145000457763672,153.89999389648438,5.650000095367432,31.8174991607666,2660590.0,6054100,5223600
2022-04-28,156.39999389648438,5.880000114440918,32.32749938964844,156.39999389648438,5.880000114440918,32.32749938964844,161.3000030517578,5.929999828338623,33.150001525878906,147.0,5.570000171661377,30.125,157.10000610351562,5.670000076293945,32.56999969482422,2985770.0,5344800,7070000
2022-04-29,153.0,5.71999979019165,31.267499923706055,153.0,5.71999979019165,31.267499923706055,160.5,6.019999980926514,32.72249984741211,152.1999969482422,5.71999979019165,30.752500534057617,156.3000030517578,5.840000152587891,31.825000762939453,2134270.0,5996900,5143600
2022-05-02,152.60000610351562,5.860000133514404,29.892499923706055,152.60000610351562,5.860000133514404,29.892499923706055,154.89999389648438,5.869999885559082,31.34749984741211,146.10000610351562,5.610000133514404,28.174999237060547,151.0,5.690000057220459,30.912500381469727,2388320.0,6701100,10172000
2022-05-03,155.10000610351562,5.880000114440918,30.107500076293945,155.10000610351562,5.880000114440918,30.107500076293945,161.10000610351562,5.980000019073486,31.107500076293945,147.3000030517578,5.800000190734863,28.604999542236328,151.60000610351562,5.860000133514404,29.6200008392334,3183430.0,5503200,7312800
2022-05-04,157.1999969482422,6.119999885559082,31.770000457763672,157.1999969482422,6.119999885559082,31.770000457763672,159.10000610351562,6.130000114440918,31.9375,146.8000030517578,5.71999979019165,28.93000030517578,152.1999969482422,5.889999866485596,29.802499771118164,2642170.0,5707100,6651200
2022-05-05,146.89999389648438,5.820000171661377,29.782499313354492,146.89999389648438,5.820000171661377,29.782499313354492,157.89999389648438,6.039999961853027,31.170000076293945,143.60000610351562,5.769999980926514,28.780000686645508,156.8000030517578,6.019999980926514,30.985000610351562,2698760.0,6448200,7015600
2022-05-06,137.60000610351562,5.610000133514404,28.674999237060547,137.60000610351562,5.610000133514404,28.674999237060547,148.39999389648438,5.849999904632568,30.139999389648438,135.1999969482422,5.550000190734863,27.5575008392334,146.60000610351562,5.739999771118164,29.31999969482422,3303310.0,7545400,7161600
2022-05-09,125.19999694824219,5.139999866485596,24.697500228881836,125.19999694824219,5.139999866485596,24.697500228881836,136.3000030517578,5.570000171661377,27.69499969482422,124.30000305175781,5.110000133514404,24.520000457763672,136.3000030517578,5.510000228881836,27.69499969482422,4073220.0,9641400,13264800
2022-05-10,118.4000015258789,5.190000057220459,23.375,118.4000015258789,5.190000057220459,23.375,140.10000610351562,5.309999942779541,26.514999389648438,115.0,4.989999771118164,22.0,131.5,5.21999979019165,25.7450008392334,5569340.0,11288900,16603200
2022-05-11,103.69999694824219,4.889999866485596,20.332500457763672,103.69999694824219,4.889999866485596,20.332500457763672,116.5,5.289999961853027,23.8174991607666,99.0999984741211,4.889999866485596,20.0,115.5999984741211,5.159999847412109,23.36750030517578,5850870.0,8047700,16681200
2022-05-12,112.0,5.130000114440918,22.392499923706055,112.0,5.130000114440918,22.392499923706055,137.10000610351562,5.28000020980835,27.014999389648438,97.0,4.699999809265137,19.4424991607666,100.5,4.75,20.760000228881836,10488780.0,15275900,40139600
2022-05-13,118.0999984741211,5.829999923706055,24.59749984741211,118.0999984741211,5.829999923706055,24.59749984741211,124.9000015258789,5.869999885559082,26.69499969482422,114.9000015258789,5.239999771118164,23.760000228881836,121.0999984741211,5.269999980926514,24.75,5812930.0,18835300,23930800
2022-05-16,117.0999984741211,5.690000057220459,22.950000762939453,117.0999984741211,5.690000057220459,22.950000762939453,126.5999984741211,5.929999828338623,24.795000076293945,115.0,5.679999828338623,22.69499969482422,119.0,5.769999980926514,24.700000762939453,4096000.0,8060700,11582000
2022-05-17,129.0,6.010000228881836,25.094999313354492,129.0,6.010000228881836,25.094999313354492,129.1999969482422,6.03000020980835,25.094999313354492,118.4000015258789,5.769999980926514,22.799999237060547,120.5999984741211,5.78000020980835,23.475000381469727,3818350.0,8153100,10444800
2022-05-18,127.5999984741211,5.880000114440918,22.8700008392334,127.5999984741211,5.880000114440918,22.8700008392334,142.1999969482422,6.25,24.959999084472656,125.0999984741211,5.829999923706055,22.542499542236328,127.30000305175781,5.929999828338623,24.094999313354492,5372940.0,11193800,11560000
2022-05-19,130.8000030517578,6.010000228881836,24.797500610351562,130.8000030517578,6.010000228881836,24.797500610351562,135.0,6.150000095367432,25.4950008392334,126.5999984741211,5.75,22.540000915527344,127.69999694824219,5.78000020980835,22.80500030517578,5044360.0,20904300,12720400
2022-05-20,120.30000305175781,5.889999866485596,23.915000915527344,120.30000305175781,5.889999866485596,23.915000915527344,133.5,6.210000038146973,25.602500915527344,114.30000305175781,5.739999771118164,22.4375,131.8000030517578,6.099999904632568,24.952499389648438,4138790.0,12836900,9972000
2022-05-23,115.80000305175781,5.949999809265137,24.032499313354492,115.80000305175781,5.949999809265137,24.032499313354492,120.19999694824219,5.96999979019165,24.31999969482422,114.5,5.730000019073486,22.875,120.0999984741211,5.909999847412109,24.142499923706055,2485440.0,6860600,6994000
2022-05-24,103.9000015258789,5.739999771118164,22.287500381469727,103.9000015258789,5.739999771118164,22.287500381469727,113.9000015258789,5.869999885559082,23.549999237060547,103.0,5.619999885559082,21.674999237060547,113.30000305175781,5.869999885559082,23.512500762939453,3768930.0,7297300,8879600
2022-05-25,118.80000305175781,5.909999847412109,28.792499542236328,118.80000305175781,5.909999847412109,28.792499542236328,118.80000305175781,5.96999979019165,28.86750030517578,104.0,5.679999828338623,22.53499984741211,104.80000305175781,5.679999828338623,22.53499984741211,5362800.0,11079800,40060000
2022-05-26,122.30000305175781,6.070000171661377,32.1150016784668,122.30000305175781,6.070000171661377,32.1150016784668,128.8000030517578,6.119999885559082,37.1150016784668,115.9000015258789,5.840000152587891,28.674999237060547,117.5,5.849999904632568,29.0,7100240.0,9886700,57892400
2022-05-27,144.3000030517578,6.570000171661377,34.3025016784668,144.3000030517578,6.570000171661377,34.3025016784668,144.6999969482422,6.769999980926514,35.92499923706055,124.0,6.050000190734863,31.75,126.5,6.130000114440918,35.25,8990600.0,22551400,30045200
2022-05-31,143.39999389648438,6.050000190734863,31.184999465942383,143.39999389648438,6.050000190734863,31.184999465942383,161.3000030517578,6.510000228881836,34.98249816894531,139.3000030517578,5.960000038146973,30.1299991607666,157.5,6.5,34.3025016784668,10697510.0,13174300,19084400
2022-06-01,128.10000610351562,5.730000019073486,30.350000381469727,128.10000610351562,5.730000019073486,30.350000381469727,143.1999969482422,6.159999847412109,32.397499084472656,128.0,5.639999866485596,29.252500534057617,140.10000610351562,6.039999961853027,30.704999923706055,5553970.0,11298700,14991600
2022-06-02,133.0,6.159999847412109,33.5,133.0,6.159999847412109,33.5,135.39999389648438,6.210000038146973,34.125,123.0,5.679999828338623,28.889999389648438,126.9000015258789,5.690000057220459,29.75,4530990.0,14918100,27918800
2022-06-03,124.5,5.829999923706055,33.42499923706055,124.5,5.829999923706055,33.42499923706055,130.60000610351562,6.110000133514404,34.525001525878906,121.80000305175781,5.809999942779541,31.0575008392334,127.80000305175781,6.050000190734863,32.5,3922600.0,9865800,18234400
2022-06-06,119.5,5.900000095367432,32.025001525878906,119.5,5.900000095367432,32.025001525878906,125.80000305175781,6.0,34.025001525878906,117.69999694824219,5.800000190734863,31.762500762939453,124.19999694824219,5.909999847412109,33.82500076293945,3453790.0,10476400,9532800
2022-06-07,130.6999969482422,6.119999885559082,36.625,130.6999969482422,6.119999885559082,36.625,132.5,6.130000114440918,37.47249984741211,118.0999984741211,5.789999961853027,31.582500457763672,120.19999694824219,5.840000152587891,32.5,4037060.0,11532700,24967600
2022-06-08,135.1999969482422,6.130000114440918,34.682498931884766,135.1999969482422,6.130000114440918,34.682498931884766,142.5,6.190000057220459,38.25,127.0999984741211,6.010000228881836,33.95750045776367,128.0,6.090000152587891,35.34749984741211,5174220.0,10667300,24473600
2022-06-09,127.80000305175781,5.789999961853027,32.244998931884766,127.80000305175781,5.789999961853027,32.244998931884766,135.3000030517578,6.110000133514404,34.974998474121094,125.69999694824219,5.789999961853027,31.834999084472656,133.6999969482422,6.110000133514404,34.6974983215332,3225480.0,8516800,13114400
2022-06-10,124.30000305175781,5.539999961853027,32.272499084472656,124.30000305175781,5.539999961853027,32.272499084472656,127.30000305175781,5.739999771118164,32.98249816894531,120.69999694824219,5.489999771118164,30.78499984741211,126.30000305175781,5.610000133514404,31.5,2650990.0,9195100,11820000
2022-06-13,114.80000305175781,5.130000114440918,29.5625,114.80000305175781,5.130000114440918,29.5625,122.0,5.360000133514404,31.142499923706055,110.9000015258789,5.119999885559082,28.575000762939453,119.0999984741211,5.300000190734863,30.127500534057617,2791600.0,7684900,13792800
2022-06-14,119.19999694824219,5.139999866485596,31.542499542236328,119.19999694824219,5.139999866485596,31.542499542236328,120.5,5.269999980926514,32.0,111.0999984741211,5.050000190734863,29.024999618530273,115.19999694824219,5.150000095367432,29.392499923706055,2572350.0,8841400,12739200
2022-06-15,127.69999694824219,5.429999828338623,32.3224983215332,127.69999694824219,5.429999828338623,32.3224983215332,129.6999969482422,5.510000228881836,32.9900016784668,115.4000015258789,5.190000057220459,30.90999984741211,115.5,5.21999979019165,31.237499237060547,3721360.0,7643100,10764400
2022-06-16,117.9000015258789,5.070000171661377,31.4325008392334,117.9000015258789,5.070000171661377,31.4325008392334,125.0,5.269999980926514,32.3224983215332,114.30000305175781,5.0,30.145000457763672,122.19999694824219,5.230000019073486,31.235000610351562,2651810.0,8237000,9995200
2022-06-17,125.30000305175781,5.190000057220459,33.78499984741211,125.30000305175781,5.190000057220459,33.78499984741211,127.0999984741211,5.300000190734863,33.96500015258789,118.5999984741211,5.010000228881836,31.579999923706055,118.5999984741211,5.090000152587891,31.71500015258789,3304230.0,9362600,12340800
2022-06-21,125.0,5.269999980926514,35.06999969482422,125.0,5.269999980926514,35.06999969482422,129.3000030517578,5.449999809265137,36.349998474121094,122.19999694824219,5.260000228881836,33.880001068115234,127.5,5.400000095367432,34.55500030517578,3035740.0,8792700,12512400
2022-06-22,126.0,5.320000171661377,34.6150016784668,126.0,5.320000171661377,34.6150016784668,132.1999969482422,5.440000057220459,36.182498931884766,123.69999694824219,5.130000114440918,34.10749816894531,125.0,5.159999847412109,34.66749954223633,2666070.0,6103800,7838000
2022-06-23,120.5,5.369999885559082,35.505001068115234,120.5,5.369999885559082,35.505001068115234,128.10000610351562,5.400000095367432,35.997501373291016,114.4000015258789,5.159999847412109,34.182498931884766,127.9000015258789,5.329999923706055,35.40999984741211,3607310.0,10104700,6682800
2022-06-24,124.69999694824219,5.75,33.8025016784668,124.69999694824219,5.75,33.8025016784668,125.69999694824219,5.760000228881836,37.092498779296875,119.30000305175781,5.260000228881836,32.88249969482422,121.69999694824219,5.269999980926514,35.75,8075900.0,14534900,16995600
2022-06-27,141.3000030517578,5.800000190734863,32.42250061035156,141.3000030517578,5.800000190734863,32.42250061035156,147.5,5.869999885559082,34.26250076293945,123.0999984741211,5.639999866485596,31.825000762939453,125.80000305175781,5.760000228881836,34.11750030517578,7760190.0,10081600,9745600
2022-06-28,133.8000030517578,5.739999771118164,31.094999313354492,133.8000030517578,5.739999771118164,31.094999313354492,143.0,6.0,32.83250045776367,133.10000610351562,5.739999771118164,30.56999969482422,140.0,5.860000133514404,32.752498626708984,3967710.0,9816100,6610000
2022-06-29,136.5,5.539999961853027,30.71500015258789,136.5,5.539999961853027,30.71500015258789,138.89999389648438,5.75,31.622499465942383,128.0,5.46999979019165,29.897499084472656,130.6999969482422,5.75,30.387500762939453,2769040.0,9675000,6826400
2022-06-30,135.5,5.389999866485596,30.575000762939453,135.5,5.389999866485596,30.575000762939453,138.5,5.46999979019165,31.647499084472656,129.10000610351562,5.260000228881836,29.440000534057617,134.0,5.420000076293945,29.842500686645508,2534830.0,10152200,6718800
2022-07-01,135.3000030517578,5.449999809265137,30.854999542236328,135.3000030517578,5.449999809265137,30.854999542236328,143.10000610351562,5.480000019073486,31.292499542236328,132.60000610351562,5.260000228881836,29.822500228881836,134.8000030517578,5.400000095367432,30.282499313354492,3095260.0,6689300,6617200
2022-07-05,127.80000305175781,5.639999866485596,30.0575008392334,127.80000305175781,5.639999866485596,30.0575008392334,135.8000030517578,5.639999866485596,30.6200008392334,125.5999984741211,5.260000228881836,29.752500534057617,135.5,5.360000133514404,30.375,3026100.0,8980300,6036000
2022-07-06,125.69999694824219,5.840000152587891,29.357500076293945,125.69999694824219,5.840000152587891,29.357500076293945,130.39999389648438,5.889999866485596,30.56999969482422,121.5999984741211,5.659999847412109,28.342500686645508,126.80000305175781,5.679999828338623,30.172500610351562,2576210.0,8001300,9988800
2022-07-07,144.8000030517578,6.059999942779541,33.779998779296875,144.8000030517578,6.059999942779541,33.779998779296875,146.89999389648438,6.110000133514404,33.875,124.0999984741211,5.829999923706055,30.452499389648438,125.4000015258789,5.869999885559082,31.122499465942383,6276320.0,5737600,30313600
2022-07-08,146.60000610351562,5.940000057220459,32.1349983215332,146.60000610351562,5.940000057220459,32.1349983215332,153.1999969482422,6.099999904632568,33.16749954223633,138.39999389648438,5.869999885559082,30.627500534057617,138.89999389648438,5.989999771118164,31.665000915527344,4892080.0,5846600,13199600
2022-07-11,149.5,5.710000038146973,32.522499084472656,149.5,5.710000038146973,32.522499084472656,149.89999389648438,5.940000057220459,32.935001373291016,140.6999969482422,5.670000076293945,31.162500381469727,144.89999389648438,5.849999904632568,32.13999938964844,3239440.0,5341700,7532800
2022-07-12,156.0,5.630000114440918,34.279998779296875,156.0,5.630000114440918,34.279998779296875,161.39999389648438,5.78000020980835,35.647499084472656,148.10000610351562,5.5,31.815000534057617,149.5,5.75,32.70000076293945,5283530.0,6414700,16899600
2022-07-13,151.39999389648438,5.789999961853027,35.31999969482422,151.39999389648438,5.789999961853027,35.31999969482422,159.3000030517578,5.800000190734863,36.337501525878906,149.0,5.510000228881836,33.75,150.5,5.53000020980835,33.75,3666670.0,7101400,13703600
2022-07-14,150.60000610351562,5.619999885559082,34.04999923706055,150.60000610351562,5.619999885559082,34.04999923706055,156.8000030517578,5.730000019073486,37.98749923706055,147.3000030517578,5.550000190734863,34.04999923706055,149.5,5.670000076293945,34.79750061035156,3530270.0,7137400,20970400
2022-07-15,153.6999969482422,5.75,35.40999984741211,153.6999969482422,5.75,35.40999984741211,153.89999389648438,5.78000020980835,35.592498779296875,147.10000610351562,5.559999942779541,33.50749969482422,152.6999969482422,5.71999979019165,34.86000061035156,2614440.0,7503800,9832400
2022-07-18,165.39999389648438,5.75,36.65999984741211,165.39999389648438,5.75,36.65999984741211,169.60000610351562,5.949999809265137,37.400001525878906,155.3000030517578,5.730000019073486,35.775001525878906,156.0,5.829999923706055,36.25,5404050.0,5372100,11155200
2022-07-19,163.60000610351562,5.96999979019165,37.92499923706055,163.60000610351562,5.96999979019165,37.92499923706055,178.1999969482422,6.010000228881836,39.209999084472656,162.5,5.809999942779541,36.587501525878906,174.10000610351562,5.849999904632568,37.435001373291016,5052150.0,4197400,12828000
2022-07-20,175.1999969482422,6.170000076293945,39.6875,175.1999969482422,6.170000076293945,39.6875,177.3000030517578,6.25,40.407501220703125,163.3000030517578,5.949999809265137,38.349998474121094,165.1999969482422,5.949999809265137,38.5,4758290.0,7160500,11400400
2022-07-21,170.0,6.210000038146973,38.36750030517578,170.0,6.210000038146973,38.36750030517578,183.6999969482422,6.25,40.0,169.5,6.079999923706055,37.290000915527344,179.0,6.139999866485596,39.93000030517578,3935000.0,3240200,9277600
2022-07-22,155.0,5.929999828338623,35.779998779296875,155.0,5.929999828338623,35.779998779296875,168.8000030517578,6.25,38.70000076293945,152.8000030517578,5.880000114440918,34.93000030517578,167.0,6.210000038146973,36.880001068115234,3146990.0,5561500,10060200
2022-07-25,149.10000610351562,5.860000133514404,33.97999954223633,149.10000610351562,5.860000133514404,33.97999954223633,155.6999969482422,5.929999828338623,35.5099983215332,148.0,5.769999980926514,33.25,155.5,5.920000076293945,35.0,2068440.0,4145400,5686300
2022-07-26,140.3000030517578,5.710000038146973,32.43000030517578,140.3000030517578,5.710000038146973,32.43000030517578,147.3000030517578,5.789999961853027,33.310001373291016,139.39999389648438,5.630000114440918,32.099998474121094,146.60000610351562,5.789999961853027,32.869998931884766,2131710.0,4544800,4866100
2022-07-27,144.8000030517578,5.960000038146973,33.779998779296875,144.8000030517578,5.960000038146973,33.779998779296875,145.39999389648438,5.96999979019165,34.119998931884766,138.1999969482422,5.800000190734863,32.15999984741211,142.3000030517578,5.840000152587891,32.959999084472656,2319200.0,4028700,4251200
2022-07-28,145.8000030517578,6.119999885559082,33.84000015258789,145.8000030517578,6.119999885559082,33.84000015258789,152.89999389648438,6.119999885559082,34.43000030517578,142.0,5.840000152587891,32.65999984741211,146.3000030517578,5.929999828338623,33.38999938964844,2461870.0,4576900,3207400
2022-07-29,145.60000610351562,6.130000114440918,34.0099983215332,145.60000610351562,6.130000114440918,34.0099983215332,148.6999969482422,6.170000076293945,34.790000915527344,140.39999389648438,6.0,33.060001373291016,143.10000610351562,6.090000152587891,33.68000030517578,1822250.0,6140600,3988800
2022-08-01,153.6999969482422,6.099999904632568,34.779998779296875,153.6999969482422,6.099999904632568,34.779998779296875,155.0,6.170000076293945,35.709999084472656,143.1999969482422,6.0,33.77000045776367,143.3000030517578,6.079999923706055,33.79999923706055,2391970.0,5165100,4196600
2022-08-02,168.60000610351562,6.300000190734863,35.84000015258789,168.60000610351562,6.300000190734863,35.84000015258789,169.89999389648438,6.380000114440918,36.79999923706055,153.10000610351562,6.010000228881836,35.119998931884766,154.5,6.019999980926514,35.900001525878906,4273420.0,6529900,4697100
2022-08-03,182.10000610351562,6.570000171661377,37.93000030517578,182.10000610351562,6.570000171661377,37.93000030517578,182.6999969482422,6.599999904632568,38.0099983215332,167.8000030517578,6.349999904632568,36.0,172.0,6.349999904632568,36.220001220703125,4195190.0,5451400,5186500
2022-08-04,186.60000610351562,6.650000095367432,38.36000061035156,186.60000610351562,6.650000095367432,38.36000061035156,197.5,6.670000076293945,39.88999938964844,182.5,6.5,37.88999938964844,189.8000030517578,6.570000171661377,38.34000015258789,6658550.0,4342300,5421500
2022-08-05,221.8000030517578,6.75,40.02000045776367,221.8000030517578,6.75,40.02000045776367,227.6999969482422,6.769999980926514,40.43000030517578,165.0,6.449999809265137,36.560001373291016,169.6999969482422,6.519999980926514,37.369998931884766,12578020.0,5746700,8124200
2022-08-08,239.60000610351562,6.900000095367432,43.45000076293945,239.60000610351562,6.900000095367432,43.45000076293945,275.0,7.150000095367432,47.9900016784668,231.0,6.840000152587891,40.75,240.60000610351562,6.840000152587891,41.290000915527344,13281920.0,9476400,17987100
2022-08-09,224.5,6.590000152587891,40.369998931884766,224.5,6.590000152587891,40.369998931884766,238.5,6.869999885559082,43.189998626708984,217.39999389648438,6.570000171661377,39.0,232.0,6.820000171661377,42.13999938964844,6236800.0,5293600,6954200
2022-08-10,236.6999969482422,6.929999828338623,40.529998779296875,236.6999969482422,6.929999828338623,40.529998779296875,238.0,6.980000019073486,42.0,207.3000030517578,6.760000228881836,38.630001068115234,233.89999389648438,6.800000190734863,42.0,6415700.0,4709500,5434700
2022-08-11,254.60000610351562,6.739999771118164,39.45000076293945,254.60000610351562,6.739999771118164,39.45000076293945,260.79998779296875,7.090000152587891,41.970001220703125,236.8000030517578,6.710000038146973,39.349998474121094,240.6999969482422,7.019999980926514,40.90999984741211,7933790.0,6966300,5140500
2022-08-12,244.39999389648438,6.78000020980835,40.7400016784668,244.39999389648438,6.78000020980835,40.7400016784668,272.0,6.860000133514404,41.43000030517578,239.60000610351562,6.710000038146973,39.150001525878906,269.3999938964844,6.800000190734863,40.0,7338600.0,4346900,5120000
2022-08-15,242.10000610351562,6.860000133514404,39.68000030517578,242.10000610351562,6.860000133514404,39.68000030517578,244.89999389648438,6.900000095367432,40.38999938964844,226.6999969482422,6.679999828338623,38.810001373291016,240.6999969482422,6.690000057220459,39.75,5018270.0,3344900,5243100
2022-08-16,248.10000610351562,7.019999980926514,42.189998626708984,248.10000610351562,7.019999980926514,42.189998626708984,261.6000061035156,7.199999809265137,45.529998779296875,234.0,6.699999809265137,38.599998474121094,240.10000610351562,6.820000171661377,39.16999816894531,7230110.0,11236900,23602800
2022-08-17,213.60000610351562,6.769999980926514,40.52000045776367,213.60000610351562,6.769999980926514,40.52000045776367,254.5,6.96999979019165,44.36000061035156,212.8000030517578,6.730000019073486,40.40999984741211,245.89999389648438,6.900000095367432,42.18000030517578,5941200.0,7287200,9766400
2022-08-18,192.89999389648438,6.75,37.93000030517578,192.89999389648438,6.75,37.93000030517578,220.89999389648438,6.789999961853027,40.06999969482422,191.1999969482422,6.650000095367432,37.34000015258789,218.60000610351562,6.739999771118164,39.27000045776367,5042900.0,3703300,8145400
2022-08-19,180.1999969482422,6.369999885559082,36.4900016784668,180.1999969482422,6.369999885559082,36.4900016784668,189.60000610351562,6.670000076293945,37.189998626708984,175.0,6.349999904632568,34.66999816894531,180.39999389648438,6.630000114440918,35.18000030517578,5246150.0,3578000,9551900
2022-08-22,104.5999984741211,6.099999904632568,34.5,104.5999984741211,6.099999904632568,34.5,130.5,6.25,36.20000076293945,103.0,6.019999980926514,34.20000076293945,113.30000305175781,6.21999979019165,34.310001373291016,15115870.0,4103800,5798600
2022-08-23,95.5999984741211,6.150000095367432,33.529998779296875,95.5999984741211,6.150000095367432,33.529998779296875,109.4000015258789,6.230000019073486,34.9900016784668,94.69999694824219,6.079999923706055,33.45000076293945,107.19999694824219,6.119999885559082,34.70000076293945,8018810.0,3522000,4836300
2022-08-24,95.80000305175781,6.269999980926514,32.5,95.80000305175781,6.269999980926514,32.5,99.0,6.329999923706055,34.939998626708984,92.30000305175781,6.150000095367432,32.439998626708984,95.9000015258789,6.179999828338623,34.0,5047830.0,2815100,5620300
2022-08-25,95.69999694824219,6.420000076293945,31.959999084472656,95.69999694824219,6.420000076293945,31.959999084472656,99.4000015258789,6.420000076293945,32.88999938964844,93.0999984741211,6.28000020980835,31.5,97.80000305175781,6.320000171661377,32.84000015258789,3159630.0,3409900,4726300
2022-08-26,91.69999694824219,6.090000152587891,30.940000534057617,91.69999694824219,6.090000152587891,30.940000534057617,96.69999694824219,6.420000076293945,32.380001068115234,89.5999984741211,6.079999923706055,30.6299991607666,95.80000305175781,6.409999847412109,31.5,3639550.0,4479000,4297300
2022-08-29,94.69999694824219,6.110000133514404,31.549999237060547,94.69999694824219,6.110000133514404,31.549999237060547,96.0999984741211,6.190000057220459,32.75,89.0999984741211,5.96999979019165,30.3799991607666,90.4000015258789,6.0,30.479999542236328,3960260.0,8974300,4292700
2022-08-30,92.69999694824219,6.039999961853027,29.84000015258789,92.69999694824219,6.039999961853027,29.84000015258789,96.4000015258789,6.260000228881836,31.8700008392334,90.30000305175781,6.0,29.420000076293945,95.9000015258789,6.099999904632568,31.6200008392334,2516750.0,5007200,5060200
2022-08-31,91.19999694824219,5.940000057220459,28.639999389648438,91.19999694824219,5.940000057220459,28.639999389648438,92.80000305175781,6.139999866485596,29.959999084472656,86.80000305175781,5.929999828338623,28.260000228881836,91.0999984741211,6.110000133514404,29.25,3300970.0,4144300,5157000
2022-09-01,85.80000305175781,5.760000228881836,27.6299991607666,85.80000305175781,5.760000228881836,27.6299991607666,90.30000305175781,5.889999866485596,28.90999984741211,83.0,5.659999847412109,26.950000762939453,90.30000305175781,5.889999866485596,28.0,2633560.0,4189200,5293900
2022-09-02,88.80000305175781,5.739999771118164,27.360000610351562,88.80000305175781,5.739999771118164,27.360000610351562,91.69999694824219,5.869999885559082,28.739999771118164,83.5,5.679999828338623,26.93000030517578,87.80000305175781,5.849999904632568,28.260000228881836,2761470.0,3693300,4680100
2022-09-06,81.9000015258789,5.579999923706055,25.139999389648438,81.9000015258789,5.579999923706055,25.139999389648438,87.5,5.75,26.719999313354492,81.69999694824219,5.559999942779541,24.670000076293945,86.5,5.730000019073486,25.75,2086660.0,4800900,7010200
2022-09-07,83.9000015258789,5.690000057220459,24.040000915527344,83.9000015258789,5.690000057220459,24.040000915527344,84.5999984741211,5.699999809265137,25.190000534057617,78.9000015258789,5.5,23.420000076293945,80.69999694824219,5.570000171661377,24.729999542236328,2174820.0,5852300,12504700
2022-09-08,86.4000015258789,5.789999961853027,25.829999923706055,86.4000015258789,5.789999961853027,25.829999923706055,87.19999694824219,5.820000171661377,26.739999771118164,82.4000015258789,5.579999923706055,24.06999969482422,83.0,5.639999866485596,25.0,1670860.0,4036600,14142200
2022-09-09,97.19999694824219,6.019999980926514,28.920000076293945,97.19999694824219,6.019999980926514,28.920000076293945,97.30000305175781,6.090000152587891,29.079999923706055,87.80000305175781,5.880000114440918,26.100000381469727,88.5999984741211,5.880000114440918,26.299999237060547,3635280.0,4197800,7899800
2022-09-12,102.19999694824219,6.199999809265137,29.239999771118164,102.19999694824219,6.199999809265137,29.239999771118164,107.5,6.210000038146973,30.34000015258789,98.5,6.070000171661377,28.0,100.0999984741211,6.070000171661377,29.030000686645508,4722560.0,3683200,6175200
2022-09-13,97.19999694824219,5.929999828338623,27.850000381469727,97.19999694824219,5.929999828338623,27.850000381469727,98.9000015258789,5.989999771118164,28.610000610351562,94.5,5.829999923706055,27.31999969482422,96.30000305175781,5.900000095367432,27.399999618530273,2491120.0,6715400,3657200
2022-09-14,99.0999984741211,5.960000038146973,28.1299991607666,99.0999984741211,5.960000038146973,28.1299991607666,99.30000305175781,6.050000190734863,28.450000762939453,92.0999984741211,5.829999923706055,26.649999618530273,95.19999694824219,5.940000057220459,27.559999465942383,2207820.0,7881800,3605800
2022-09-15,98.80000305175781,6.050000190734863,28.610000610351562,98.80000305175781,6.050000190734863,28.610000610351562,103.9000015258789,6.099999904632568,29.06999969482422,97.0999984741211,5.889999866485596,27.860000610351562,97.5,5.900000095367432,27.860000610351562,2506030.0,7950900,3329500
2022-09-16,89.80000305175781,5.71999979019165,28.639999389648438,89.80000305175781,5.71999979019165,28.639999389648438,96.80000305175781,5.920000076293945,28.799999237060547,89.80000305175781,5.659999847412109,27.780000686645508,96.19999694824219,5.920000076293945,28.329999923706055,3198960.0,5644400,4656000
2022-09-19,91.80000305175781,5.739999771118164,28.959999084472656,91.80000305175781,5.739999771118164,28.959999084472656,93.5,5.769999980926514,29.649999618530273,88.5,5.559999942779541,28.149999618530273,90.69999694824219,5.619999885559082,28.34000015258789,2354160.0,6396900,3404000
2022-09-20,87.0999984741211,5.579999923706055,27.540000915527344,87.0999984741211,5.579999923706055,27.540000915527344,93.19999694824219,5.699999809265137,29.329999923706055,86.19999694824219,5.559999942779541,27.18000030517578,92.30000305175781,5.690000057220459,29.280000686645508,1718690.0,2836400,3145900
2022-09-21,86.0,5.449999809265137,26.860000610351562,86.0,5.449999809265137,26.860000610351562,89.5999984741211,5.659999847412109,28.989999771118164,84.5999984741211,5.449999809265137,26.770000457763672,87.30000305175781,5.579999923706055,27.450000762939453,2021340.0,5727200,3859200
2022-09-22,78.5,5.239999771118164,24.700000762939453,78.5,5.239999771118164,24.700000762939453,86.5999984741211,5.46999979019165,27.270000457763672,77.30000305175781,5.239999771118164,24.3799991607666,86.19999694824219,5.449999809265137,27.170000076293945,2692730.0,4112400,4346500
2022-09-23,79.9000015258789,5.070000171661377,25.040000915527344,79.9000015258789,5.070000171661377,25.040000915527344,81.4000015258789,5.210000038146973,25.149999618530273,76.5,5.0,24.059999465942383,77.19999694824219,5.139999866485596,24.149999618530273,1991010.0,7571200,3622400
2022-09-26,68.30000305175781,4.96999979019165,24.479999542236328,68.30000305175781,4.96999979019165,24.479999542236328,79.69999694824219,5.230000019073486,25.8700008392334,68.0999984741211,4.96999979019165,24.1200008392334,76.5,5.03000020980835,24.65999984741211,4328480.0,8010200,3440300
2022-09-27,74.5,5.090000152587891,26.1299991607666,74.5,5.090000152587891,26.1299991607666,75.19999694824219,5.170000076293945,26.389999389648438,69.80000305175781,4.96999979019165,25.1299991607666,71.5999984741211,5.050000190734863,25.469999313354492,3336010.0,7366700,4487200
2022-09-28,76.69999694824219,4.989999771118164,27.309999465942383,76.69999694824219,4.989999771118164,27.309999465942383,77.0999984741211,5.119999885559082,27.5,71.0999984741211,4.809999942779541,25.6200008392334,73.0,4.940000057220459,25.889999389648438,2445950.0,7009600,2630100
2022-09-29,71.0,4.800000190734863,25.459999084472656,71.0,4.800000190734863,25.459999084472656,76.0999984741211,4.989999771118164,27.690000534057617,69.0,4.679999828338623,24.690000534057617,74.5999984741211,4.949999809265137,27.079999923706055,2250200.0,9233300,4118200
2022-09-30,69.69999694824219,4.699999809265137,25.1299991607666,69.69999694824219,4.699999809265137,25.1299991607666,72.80000305175781,4.880000114440918,25.81999969482422,68.19999694824219,4.699999809265137,24.440000534057617,69.69999694824219,4.769999980926514,25.030000686645508,1655700.0,5013900,3148300
2022-10-03,68.80000305175781,4.809999942779541,25.3799991607666,68.80000305175781,4.809999942779541,25.3799991607666,69.5,4.840000152587891,25.6299991607666,66.0999984741211,4.670000076293945,24.209999084472656,68.4000015258789,4.760000228881836,25.139999389648438,2149990.0,7211800,2653900
2022-10-04,78.30000305175781,4.989999771118164,27.600000381469727,78.30000305175781,4.989999771118164,27.600000381469727,81.30000305175781,5.050000190734863,27.829999923706055,69.69999694824219,4.909999847412109,25.950000762939453,69.80000305175781,4.929999828338623,25.950000762939453,4254830.0,5627300,4581900
2022-10-05,73.30000305175781,4.909999847412109,26.389999389648438,73.30000305175781,4.909999847412109,26.389999389648438,75.5,4.940000057220459,26.979999542236328,70.4000015258789,4.760000228881836,25.43000030517578,75.5,4.900000095367432,26.770000457763672,2269970.0,5164500,2986400
2022-10-06,71.19999694824219,4.809999942779541,25.989999771118164,71.19999694824219,4.809999942779541,25.989999771118164,76.19999694824219,4.929999828338623,27.0,71.19999694824219,4.75,25.799999237060547,73.80000305175781,4.869999885559082,26.290000915527344,1934560.0,4496600,2418700
2022-10-07,65.30000305175781,4.579999923706055,25.350000381469727,65.30000305175781,4.579999923706055,25.350000381469727,71.0,4.75,25.84000015258789,64.0,4.550000190734863,24.420000076293945,71.0,4.730000019073486,25.84000015258789,2343620.0,7060800,3270600
2022-10-10,63.5,4.429999828338623,25.0,63.5,4.429999828338623,25.0,69.30000305175781,4.570000171661377,26.5,62.70000076293945,4.329999923706055,24.75,64.5999984741211,4.559999942779541,25.3700008392334,2339270.0,7411200,2917600
2022-10-11,61.20000076293945,4.179999828338623,25.270000457763672,61.20000076293945,4.179999828338623,25.270000457763672,64.80000305175781,4.409999847412109,26.299999237060547,60.70000076293945,4.139999866485596,23.950000762939453,64.0,4.380000114440918,24.8700008392334,2262150.0,8606600,4195900
2022-10-12,58.5,4.199999809265137,25.360000610351562,58.5,4.199999809265137,25.360000610351562,62.400001525878906,4.25,26.889999389648438,56.20000076293945,4.110000133514404,25.270000457763672,61.20000076293945,4.159999847412109,25.959999084472656,3249180.0,9178700,3284400
2022-10-13,60.400001525878906,4.199999809265137,25.559999465942383,60.400001525878906,4.199999809265137,25.559999465942383,62.79999923706055,4.309999942779541,26.59000015258789,54.70000076293945,3.940000057220459,23.90999984741211,56.29999923706055,4.019999980926514,24.420000076293945,2956550.0,10076800,3516200
2022-10-14,60.0,3.9800000190734863,24.6299991607666,60.0,3.9800000190734863,24.6299991607666,63.5,4.25,26.3700008392334,59.5,3.950000047683716,24.6299991607666,62.099998474121094,4.230000019073486,25.770000457763672,2189850.0,17027600,2773500
2022-10-17,63.599998474121094,4.300000190734863,25.959999084472656,63.599998474121094,4.300000190734863,25.959999084472656,64.80000305175781,4.400000095367432,26.40999984741211,60.900001525878906,4.090000152587891,25.239999771118164,61.79999923706055,4.090000152587891,25.3700008392334,1858070.0,10098500,3172200
2022-10-18,65.0999984741211,4.380000114440918,26.670000076293945,65.0999984741211,4.380000114440918,26.670000076293945,68.0,4.550000190734863,27.739999771118164,63.70000076293945,4.349999904632568,26.1299991607666,66.0,4.460000038146973,27.100000381469727,2204140.0,5139800,4402600
2022-10-19,61.099998474121094,4.21999979019165,24.540000915527344,61.099998474121094,4.21999979019165,24.540000915527344,65.0,4.369999885559082,26.18000030517578,60.5,4.21999979019165,24.270000457763672,64.0999984741211,4.320000171661377,26.0,1366610.0,3376400,5318400
2022-10-20,63.5,4.340000152587891,24.40999984741211,63.5,4.340000152587891,24.40999984741211,65.80000305175781,4.46999979019165,25.450000762939453,61.29999923706055,4.199999809265137,24.06999969482422,62.0,4.230000019073486,24.649999618530273,1730940.0,4368200,5148600
2022-10-21,64.9000015258789,4.400000095367432,25.299999237060547,64.9000015258789,4.400000095367432,25.299999237060547,65.69999694824219,4.440000057220459,25.329999923706055,62.20000076293945,4.28000020980835,24.100000381469727,63.5,4.340000152587891,24.149999618530273,1494440.0,6645300,3036300
2022-10-24,63.599998474121094,4.420000076293945,24.709999084472656,63.599998474121094,4.420000076293945,24.709999084472656,65.5,4.429999828338623,25.190000534057617,62.0,4.289999961853027,24.110000610351562,64.5999984741211,4.400000095367432,25.0,1436310.0,4645600,3114300
2022-10-25,67.5,4.570000171661377,26.8700008392334,67.5,4.570000171661377,26.8700008392334,70.0,4.619999885559082,27.790000915527344,62.70000076293945,4.409999847412109,24.799999237060547,63.0,4.420000076293945,24.81999969482422,2679820.0,3592800,7791600
2022-10-26,66.4000015258789,4.53000020980835,25.420000076293945,66.4000015258789,4.53000020980835,25.420000076293945,71.0999984741211,4.610000133514404,27.479999542236328,65.0,4.460000038146973,25.31999969482422,65.4000015258789,4.5,26.3700008392334,2217760.0,4139100,3858200
2022-10-27,65.0999984741211,4.53000020980835,25.93000030517578,65.0999984741211,4.53000020980835,25.93000030517578,69.30000305175781,4.619999885559082,26.329999923706055,64.9000015258789,4.5,25.200000762939453,68.30000305175781,4.550000190734863,25.75,1387330.0,3079700,2422900
2022-10-28,65.0999984741211,4.630000114440918,28.170000076293945,65.0999984741211,4.630000114440918,28.170000076293945,67.0,4.639999866485596,28.790000915527344,63.599998474121094,4.480000019073486,26.420000076293945,65.5,4.5,26.8799991607666,1566860.0,3878200,8089600
2022-10-31,66.5999984741211,4.659999847412109,28.309999465942383,66.5999984741211,4.659999847412109,28.309999465942383,72.5,4.710000038146973,34.9900016784668,65.4000015258789,4.570000171661377,27.90999984741211,68.19999694824219,4.599999904632568,31.219999313354492,3485910.0,3332000,24027600
2022-11-01,61.5,4.659999847412109,28.389999389648438,61.5,4.659999847412109,28.389999389648438,68.5,4.789999961853027,29.690000534057617,61.29999923706055,4.619999885559082,27.6200008392334,67.5999984741211,4.75,29.399999618530273,2135430.0,3565000,5147500
2022-11-02,58.099998474121094,4.409999847412109,26.6200008392334,58.099998474121094,4.409999847412109,26.6200008392334,63.29999923706055,4.659999847412109,28.75,57.900001525878906,4.389999866485596,26.5,62.599998474121094,4.659999847412109,27.899999618530273,2211280.0,4300400,4143900
2022-11-03,57.0,4.269999980926514,26.290000915527344,57.0,4.269999980926514,26.290000915527344,58.5,4.409999847412109,27.290000915527344,55.79999923706055,4.260000228881836,26.0,57.5,4.360000133514404,26.0,1654320.0,3986700,3384400
2022-11-04,56.5,4.409999847412109,26.510000228881836,56.5,4.409999847412109,26.510000228881836,58.5,4.409999847412109,27.030000686645508,54.20000076293945,4.190000057220459,25.34000015258789,58.29999923706055,4.360000133514404,26.600000381469727,1813460.0,5946300,4138000
2022-11-07,53.29999923706055,4.75,25.760000228881836,53.29999923706055,4.75,25.760000228881836,56.099998474121094,4.789999961853027,26.299999237060547,51.70000076293945,4.360000133514404,24.799999237060547,55.599998474121094,4.409999847412109,26.25,2003790.0,8414900,3303600
2022-11-08,56.20000076293945,4.769999980926514,25.139999389648438,56.20000076293945,4.769999980926514,25.139999389648438,56.20000076293945,4.869999885559082,25.850000381469727,53.0,4.659999847412109,24.110000610351562,53.79999923706055,4.75,25.329999923706055,2718980.0,7801100,4695100
2022-11-09,51.900001525878906,4.650000095367432,23.110000610351562,51.900001525878906,4.650000095367432,23.110000610351562,53.900001525878906,4.739999771118164,24.670000076293945,50.5,4.570000171661377,21.889999389648438,53.70000076293945,4.730000019073486,24.549999237060547,2571120.0,5876100,8464800
2022-11-10,61.29999923706055,4.920000076293945,24.8799991607666,61.29999923706055,4.920000076293945,24.8799991607666,62.70000076293945,5.010000228881836,25.700000762939453,53.5,4.829999923706055,23.90999984741211,55.0,4.880000114440918,24.6200008392334,4005250.0,7342200,6107000
2022-11-11,72.0,4.96999979019165,26.100000381469727,72.0,4.96999979019165,26.100000381469727,72.80000305175781,5.139999866485596,26.1200008392334,59.29999923706055,4.849999904632568,24.149999618530273,60.099998474121094,4.949999809265137,24.780000686645508,4382230.0,29496800,3986200
2022-11-14,73.4000015258789,4.769999980926514,26.049999237060547,73.4000015258789,4.769999980926514,26.049999237060547,83.5,4.96999979019165,27.3799991607666,72.9000015258789,4.75,25.610000610351562,80.19999694824219,4.940000057220459,26.299999237060547,5308390.0,5871900,4352200
2022-11-15,79.5,4.840000152587891,27.59000015258789,79.5,4.840000152587891,27.59000015258789,81.9000015258789,5.010000228881836,28.239999771118164,74.5999984741211,4.840000152587891,26.270000457763672,78.30000305175781,4.869999885559082,26.59000015258789,4434980.0,6942300,5392000
2022-11-16,75.30000305175781,4.789999961853027,27.139999389648438,75.30000305175781,4.789999961853027,27.139999389648438,78.0,4.829999923706055,27.350000381469727,71.5999984741211,4.730000019073486,26.3700008392334,77.4000015258789,4.809999942779541,26.6200008392334,2992970.0,4026800,2452300
2022-11-17,73.9000015258789,4.730000019073486,27.760000228881836,73.9000015258789,4.730000019073486,27.760000228881836,74.19999694824219,4.75,27.760000228881836,71.0,4.610000133514404,26.149999618530273,72.9000015258789,4.679999828338623,26.299999237060547,1712000.0,3468900,2477700
2022-11-18,75.9000015258789,4.760000228881836,27.600000381469727,75.9000015258789,4.760000228881836,27.600000381469727,78.4000015258789,4.820000171661377,28.700000762939453,73.4000015258789,4.699999809265137,26.829999923706055,75.30000305175781,4.820000171661377,28.15999984741211,2157210.0,4086600,3087400
2022-11-21,72.69999694824219,4.590000152587891,25.15999984741211,72.69999694824219,4.590000152587891,25.15999984741211,75.5999984741211,4.730000019073486,27.829999923706055,70.5,4.519999980926514,24.860000610351562,73.0,4.71999979019165,26.65999984741211,1689270.0,4455000,4443300
2022-11-22,73.19999694824219,4.650000095367432,26.299999237060547,73.19999694824219,4.650000095367432,26.299999237060547,75.0999984741211,4.699999809265137,26.450000762939453,70.69999694824219,4.53000020980835,24.700000762939453,72.0999984741211,4.619999885559082,25.1299991607666,1459190.0,2622800,4240400
2022-11-23,76.4000015258789,4.809999942779541,26.700000762939453,76.4000015258789,4.809999942779541,26.700000762939453,79.9000015258789,4.880000114440918,27.139999389648438,72.80000305175781,4.590000152587891,25.920000076293945,73.5,4.639999866485596,25.920000076293945,3750900.0,3731800,2737500
2022-11-25,75.0999984741211,4.840000152587891,26.170000076293945,75.0999984741211,4.840000152587891,26.170000076293945,77.4000015258789,4.889999866485596,27.049999237060547,75.0,4.760000228881836,26.139999389648438,76.5999984741211,4.809999942779541,26.5,828760.0,1531000,1122700
2022-11-28,73.30000305175781,4.800000190734863,25.290000915527344,73.30000305175781,4.800000190734863,25.290000915527344,74.4000015258789,4.880000114440918,26.440000534057617,71.19999694824219,4.760000228881836,25.209999084472656,74.4000015258789,4.800000190734863,25.790000915527344,1787320.0,4980100,2440900
2022-11-29,74.30000305175781,4.840000152587891,25.600000381469727,74.30000305175781,4.840000152587891,25.600000381469727,76.19999694824219,4.880000114440918,26.350000381469727,70.80000305175781,4.699999809265137,25.31999969482422,72.9000015258789,4.809999942779541,25.579999923706055,1631780.0,4389600,2029500
2022-11-30,72.30000305175781,4.869999885559082,26.209999084472656,72.30000305175781,4.869999885559082,26.209999084472656,74.80000305175781,4.889999866485596,26.229999542236328,69.5999984741211,4.639999866485596,24.90999984741211,74.80000305175781,4.820000171661377,25.899999618530273,4491380.0,11391000,3731100
2022-12-01,81.69999694824219,5.079999923706055,26.600000381469727,81.69999694824219,5.079999923706055,26.600000381469727,91.5,5.139999866485596,27.5,72.0999984741211,4.880000114440918,25.18000030517578,72.9000015258789,4.880000114440918,26.0,9670850.0,8192200,7615200
2022-12-02,81.69999694824219,5.199999809265137,27.520000457763672,81.69999694824219,5.199999809265137,27.520000457763672,86.30000305175781,5.28000020980835,27.8700008392334,79.19999694824219,4.960000038146973,26.110000610351562,81.80000305175781,4.989999771118164,26.25,3476560.0,5928700,4577200
2022-12-05,74.5,4.840000152587891,25.559999465942383,74.5,4.840000152587891,25.559999465942383,85.4000015258789,5.190000057220459,27.479999542236328,74.0999984741211,4.820000171661377,25.440000534057617,81.80000305175781,5.170000076293945,27.309999465942383,2831340.0,4597400,4973700
2022-12-06,67.5,4.579999923706055,23.389999389648438,67.5,4.579999923706055,23.389999389648438,74.80000305175781,4.849999904632568,25.579999923706055,66.80000305175781,4.550000190734863,23.110000610351562,74.5999984741211,4.840000152587891,25.40999984741211,2618810.0,5868400,7699300
2022-12-07,60.5,4.369999885559082,22.260000228881836,60.5,4.369999885559082,22.260000228881836,71.30000305175781,4.590000152587891,23.610000610351562,60.0,4.369999885559082,21.969999313354492,67.69999694824219,4.579999923706055,23.399999618530273,3923440.0,5059800,10078200
2022-12-08,60.70000076293945,4.400000095367432,24.790000915527344,60.70000076293945,4.400000095367432,24.790000915527344,67.0,4.559999942779541,25.0,59.70000076293945,4.360000133514404,21.969999313354492,62.400001525878906,4.420000076293945,22.0,3049640.0,5427600,10252000
2022-12-09,59.400001525878906,4.400000095367432,22.6299991607666,59.400001525878906,4.400000095367432,22.6299991607666,61.29999923706055,4.429999828338623,24.59000015258789,58.099998474121094,4.349999904632568,22.59000015258789,60.5,4.380000114440918,24.59000015258789,2315640.0,3651700,5326700
2022-12-12,59.5,4.409999847412109,22.670000076293945,59.5,4.409999847412109,22.670000076293945,60.0,4.46999979019165,23.149999618530273,56.099998474121094,4.349999904632568,22.18000030517578,59.900001525878906,4.380000114440918,22.65999984741211,1752380.0,3290200,3750800
2022-12-13,57.20000076293945,4.429999828338623,21.0,57.20000076293945,4.429999828338623,21.0,65.0999984741211,4.71999979019165,23.700000762939453,55.29999923706055,4.429999828338623,20.829999923706055,65.0,4.599999904632568,23.549999237060547,3493240.0,5928900,6305600
2022-12-14,57.5,4.389999866485596,21.049999237060547,57.5,4.389999866485596,21.049999237060547,58.79999923706055,4.519999980926514,22.0,56.099998474121094,4.349999904632568,21.010000228881836,57.70000076293945,4.429999828338623,21.190000534057617,2215590.0,6101700,4604800
2022-12-15,56.0,4.260000228881836,20.579999923706055,56.0,4.260000228881836,20.579999923706055,60.5,4.329999923706055,21.440000534057617,55.29999923706055,4.21999979019165,20.239999771118164,56.0,4.329999923706055,20.739999771118164,2870650.0,9393200,6444500
2022-12-16,53.099998474121094,4.21999979019165,20.799999237060547,53.099998474121094,4.21999979019165,20.799999237060547,57.29999923706055,4.260000228881836,21.1200008392334,51.29999923706055,4.170000076293945,20.010000228881836,56.5,4.21999979019165,20.479999542236328,2969450.0,6318700,9379700
2022-12-19,48.900001525878906,4.110000133514404,19.920000076293945,48.900001525878906,4.110000133514404,19.920000076293945,53.20000076293945,4.21999979019165,20.889999389648438,47.79999923706055,4.019999980926514,19.59000015258789,52.29999923706055,4.199999809265137,20.549999237060547,2949140.0,8847600,3700600
2022-12-20,50.79999923706055,4.150000095367432,20.260000228881836,50.79999923706055,4.150000095367432,20.260000228881836,51.5,4.230000019073486,21.31999969482422,47.400001525878906,4.070000171661377,19.6200008392334,48.70000076293945,4.099999904632568,19.860000610351562,2227380.0,7513300,4479000
2022-12-21,53.0,3.75,20.559999465942383,53.0,3.75,20.559999465942383,53.70000076293945,4.050000190734863,20.899999618530273,50.5,3.640000104904175,20.18000030517578,51.400001525878906,3.9800000190734863,20.399999618530273,1960760.0,23819300,2793600
2022-12-22,49.099998474121094,3.430000066757202,19.809999465942383,49.099998474121094,3.430000066757202,19.809999465942383,49.79999923706055,3.690000057220459,20.5,41.099998474121094,3.369999885559082,18.5,41.400001525878906,3.690000057220459,20.5,5546140.0,11914700,5343100
2022-12-23,44.0,3.4000000953674316,20.079999923706055,44.0,3.4000000953674316,20.079999923706055,48.20000076293945,3.430000066757202,20.6299991607666,43.099998474121094,3.319999933242798,19.649999618530273,47.0,3.4200000762939453,20.0,3031110.0,10407900,3174800
2022-12-27,40.29999923706055,3.2899999618530273,18.200000762939453,40.29999923706055,3.2899999618530273,18.200000762939453,42.099998474121094,3.4100000858306885,19.989999771118164,40.0,3.2699999809265137,18.0,42.0,3.369999885559082,19.90999984741211,2167650.0,9346700,4233000
2022-12-28,38.400001525878906,3.180000066757202,17.920000076293945,38.400001525878906,3.180000066757202,17.920000076293945,41.29999923706055,3.3399999141693115,18.700000762939453,38.099998474121094,3.1700000762939453,16.979999542236328,40.099998474121094,3.3299999237060547,18.290000915527344,2974430.0,7038900,5672000
2022-12-29,41.400001525878906,3.259999990463257,18.329999923706055,41.400001525878906,3.259999990463257,18.329999923706055,41.900001525878906,3.2899999618530273,18.56999969482422,38.599998474121094,3.190000057220459,17.75,39.0,3.200000047683716,18.1200008392334,2122530.0,7616400,3442800
2022-12-30,40.70000076293945,3.259999990463257,18.459999084472656,40.70000076293945,3.259999990463257,18.459999084472656,40.900001525878906,3.259999990463257,18.579999923706055,39.0,3.180000066757202,17.899999618530273,40.400001525878906,3.2200000286102295,17.950000762939453,1845080.0,7189400,2669500
2023-01-03,39.29999923706055,3.309999942779541,17.200000762939453,39.29999923706055,3.309999942779541,17.200000762939453,43.900001525878906,3.509999990463257,19.260000228881836,38.70000076293945,3.2699999809265137,17.09000015258789,41.400001525878906,3.3499999046325684,18.639999389648438,2210050.0,9370900,5135200
2023-01-04,40.900001525878906,3.619999885559082,17.31999969482422,40.900001525878906,3.619999885559082,17.31999969482422,41.599998474121094,3.7100000381469727,17.93000030517578,38.400001525878906,3.3399999141693115,16.899999618530273,40.0,3.369999885559082,17.25,1799930.0,13007800,3939300
2023-01-05,39.599998474121094,3.5199999809265137,16.219999313354492,39.599998474121094,3.5199999809265137,16.219999313354492,40.599998474121094,3.640000104904175,17.260000228881836,38.599998474121094,3.4700000286102295,15.890000343322754,40.29999923706055,3.640000104904175,17.059999465942383,1275740.0,7880600,6066200
2023-01-06,38.5,3.5199999809265137,16.459999084472656,38.5,3.5199999809265137,16.459999084472656,39.900001525878906,3.5799999237060547,16.56999969482422,37.70000076293945,3.4200000762939453,15.40999984741211,39.79999923706055,3.549999952316284,16.0,1530540.0,7190300,4823400
2023-01-09,39.29999923706055,3.4600000381469727,16.3799991607666,39.29999923706055,3.4600000381469727,16.3799991607666,40.20000076293945,3.630000114440918,17.1299991607666,37.900001525878906,3.4600000381469727,16.360000610351562,39.20000076293945,3.559999942779541,16.649999618530273,1716400.0,7223200,3522600
2023-01-10,40.599998474121094,3.640000104904175,17.770000457763672,40.599998474121094,3.640000104904175,17.770000457763672,40.79999923706055,3.6600000858306885,18.09000015258789,39.099998474121094,3.4800000190734863,16.25,39.099998474121094,3.5,16.299999237060547,1284460.0,5468200,4402800
2023-01-11,49.20000076293945,3.7100000381469727,19.040000915527344,49.20000076293945,3.7100000381469727,19.040000915527344,49.79999923706055,3.7300000190734863,20.049999237060547,43.099998474121094,3.630000114440918,17.860000610351562,44.29999923706055,3.6700000762939453,18.190000534057617,5399500.0,3851300,8405800
2023-01-12,50.20000076293945,3.819999933242798,20.6299991607666,50.20000076293945,3.819999933242798,20.6299991607666,53.5,3.8399999141693115,20.6299991607666,47.400001525878906,3.609999895095825,18.34000015258789,50.900001525878906,3.7300000190734863,19.040000915527344,4196120.0,6386500,5877300
2023-01-13,50.599998474121094,3.809999942779541,20.489999771118164,50.599998474121094,3.809999942779541,20.489999771118164,51.400001525878906,3.869999885559082,21.110000610351562,47.70000076293945,3.740000009536743,19.799999237060547,48.400001525878906,3.75,19.8799991607666,2592030.0,5314100,5494400
2023-01-17,60.70000076293945,4.079999923706055,21.799999237060547,60.70000076293945,4.079999923706055,21.799999237060547,61.70000076293945,4.130000114440918,21.940000534057617,50.599998474121094,3.9000000953674316,20.3700008392334,53.70000076293945,3.9600000381469727,20.489999771118164,5760720.0,10111100,5407900
2023-01-18,56.5,4.159999847412109,20.790000915527344,56.5,4.159999847412109,20.790000915527344,65.5,4.349999904632568,22.149999618530273,54.599998474121094,4.070000171661377,20.5,63.70000076293945,4.110000133514404,22.010000228881836,6212540.0,10420400,5632200
2023-01-19,55.20000076293945,4.119999885559082,19.040000915527344,55.20000076293945,4.119999885559082,19.040000915527344,56.5,4.179999828338623,20.450000762939453,52.599998474121094,4.03000020980835,18.81999969482422,54.70000076293945,4.130000114440918,20.440000534057617,2973490.0,8773000,4519200
2023-01-20,55.20000076293945,4.170000076293945,19.610000610351562,55.20000076293945,4.170000076293945,19.610000610351562,58.099998474121094,4.21999979019165,20.06999969482422,54.5,4.079999923706055,18.899999618530273,55.29999923706055,4.139999866485596,19.049999237060547,3127190.0,7464700,3564300
2023-01-23,56.599998474121094,4.260000228881836,21.65999984741211,56.599998474121094,4.260000228881836,21.65999984741211,59.20000076293945,4.289999961853027,22.489999771118164,54.20000076293945,4.119999885559082,19.3700008392334,55.29999923706055,4.179999828338623,19.5,3409290.0,4313900,7181500
2023-01-24,55.0,4.269999980926514,21.399999618530273,55.0,4.269999980926514,21.399999618530273,59.5,4.320000171661377,22.09000015258789,54.0,4.199999809265137,21.0,54.0,4.269999980926514,21.299999237060547,2429390.0,4571200,2381600
2023-01-25,53.29999923706055,4.199999809265137,20.229999542236328,53.29999923706055,4.199999809265137,20.229999542236328,54.70000076293945,4.239999771118164,20.84000015258789,52.79999923706055,4.110000133514404,19.530000686645508,54.29999923706055,4.199999809265137,20.59000015258789,2297510.0,5579800,3515800
2023-01-26,52.79999923706055,4.21999979019165,20.010000228881836,52.79999923706055,4.21999979019165,20.010000228881836,56.099998474121094,4.320000171661377,21.170000076293945,51.0,4.170000076293945,19.3799991607666,55.0,4.269999980926514,20.610000610351562,2159770.0,5600100,3520000
2023-01-27,55.099998474121094,4.369999885559082,22.81999969482422,55.099998474121094,4.369999885559082,22.81999969482422,56.20000076293945,4.409999847412109,23.309999465942383,51.0,4.179999828338623,19.40999984741211,52.5,4.190000057220459,19.799999237060547,3346960.0,6439100,11897200
2023-01-30,50.099998474121094,4.21999979019165,21.25,50.099998474121094,4.21999979019165,21.25,53.400001525878906,4.349999904632568,23.479999542236328,49.5,4.179999828338623,21.1299991607666,52.79999923706055,4.289999961853027,22.5,3411680.0,9472500,4950600
2023-01-31,53.5,4.25,21.8700008392334,53.5,4.25,21.8700008392334,53.5,4.289999961853027,22.049999237060547,50.0,4.21999979019165,21.299999237060547,51.0,4.230000019073486,21.40999984741211,2188140.0,8157100,3128400
2023-02-01,57.099998474121094,4.489999771118164,21.829999923706055,57.099998474121094,4.489999771118164,21.829999923706055,58.0,4.53000020980835,22.1200008392334,52.70000076293945,4.239999771118164,20.549999237060547,53.0,4.260000228881836,21.489999771118164,3697090.0,8567200,4517200
2023-02-02,60.79999923706055,4.579999923706055,22.700000762939453,60.79999923706055,4.579999923706055,22.700000762939453,64.5,4.78000020980835,24.399999618530273,59.29999923706055,4.539999961853027,22.219999313354492,62.79999923706055,4.650000095367432,22.440000534057617,4969090.0,10282800,7655700
2023-02-03,60.79999923706055,4.460000038146973,22.25,60.79999923706055,4.460000038146973,22.25,67.69999694824219,4.610000133514404,23.93000030517578,60.29999923706055,4.409999847412109,21.799999237060547,61.0,4.440000057220459,22.010000228881836,5235340.0,8336100,4935900
2023-02-06,68.0,4.409999847412109,23.860000610351562,68.0,4.409999847412109,23.860000610351562,73.30000305175781,4.53000020980835,24.8799991607666,60.5,4.360000133514404,21.770000457763672,63.099998474121094,4.400000095367432,21.8799991607666,6251390.0,9426200,8708400
2023-02-07,61.79999923706055,4.440000057220459,21.219999313354492,61.79999923706055,4.440000057220459,21.219999313354492,69.5999984741211,4.460000038146973,23.049999237060547,60.5,4.309999942779541,20.5,69.4000015258789,4.420000076293945,23.0,4741100.0,6774200,9093700
2023-02-08,57.20000076293945,4.369999885559082,21.100000381469727,57.20000076293945,4.369999885559082,21.100000381469727,61.29999923706055,4.489999771118164,21.549999237060547,56.099998474121094,4.360000133514404,20.610000610351562,61.20000076293945,4.409999847412109,21.43000030517578,3142440.0,5841900,2846400
2023-02-09,53.599998474121094,4.21999979019165,19.670000076293945,53.599998474121094,4.21999979019165,19.670000076293945,58.79999923706055,4.489999771118164,21.649999618530273,51.400001525878906,4.21999979019165,19.670000076293945,58.70000076293945,4.440000057220459,21.25,2911330.0,5586300,4497400
2023-02-10,49.0,4.110000133514404,19.270000457763672,49.0,4.110000133514404,19.270000457763672,52.099998474121094,4.21999979019165,20.040000915527344,46.400001525878906,4.050000190734863,19.049999237060547,52.099998474121094,4.199999809265137,19.559999465942383,3867080.0,5506900,2902700
2023-02-13,46.79999923706055,4.179999828338623,19.690000534057617,46.79999923706055,4.179999828338623,19.690000534057617,49.099998474121094,4.210000038146973,19.940000534057617,45.79999923706055,4.119999885559082,19.010000228881836,47.5,4.139999866485596,19.299999237060547,2621940.0,3557800,2299300
2023-02-14,45.0,4.239999771118164,19.8700008392334,45.0,4.239999771118164,19.8700008392334,46.20000076293945,4.269999980926514,20.010000228881836,43.900001525878906,4.110000133514404,19.100000381469727,45.5,4.199999809265137,19.309999465942383,3619920.0,3864100,2746300
2023-02-15,51.70000076293945,4.369999885559082,21.799999237060547,51.70000076293945,4.369999885559082,21.799999237060547,52.70000076293945,4.369999885559082,21.799999237060547,45.29999923706055,4.170000076293945,19.59000015258789,45.599998474121094,4.170000076293945,19.799999237060547,4642310.0,4955400,7137800
2023-02-16,52.5,4.260000228881836,21.600000381469727,52.5,4.260000228881836,21.600000381469727,54.900001525878906,4.349999904632568,22.420000076293945,50.5,4.210000038146973,20.850000381469727,52.400001525878906,4.300000190734863,21.25,3208550.0,4391600,3879000
2023-02-17,52.400001525878906,4.150000095367432,21.989999771118164,52.400001525878906,4.150000095367432,21.989999771118164,55.29999923706055,4.25,22.06999969482422,52.099998474121094,4.099999904632568,21.149999618530273,53.20000076293945,4.230000019073486,21.270000457763672,2759240.0,4577400,2851000
2023-02-21,61.0,3.9000000953674316,20.65999984741211,61.0,3.9000000953674316,20.65999984741211,62.0,4.110000133514404,21.829999923706055,54.400001525878906,3.890000104904175,20.6299991607666,54.70000076293945,4.079999923706055,21.329999923706055,7351300.0,5589300,3100300
2023-02-22,62.599998474121094,3.869999885559082,20.520000457763672,62.599998474121094,3.869999885559082,20.520000457763672,67.9000015258789,3.9700000286102295,21.190000534057617,60.20000076293945,3.8499999046325684,20.329999923706055,64.19999694824219,3.930000066757202,20.530000686645508,6866720.0,5763800,2164900
2023-02-23,62.29999923706055,3.859999895095825,20.139999389648438,62.29999923706055,3.859999895095825,20.139999389648438,66.5,3.950000047683716,20.8700008392334,59.099998474121094,3.799999952316284,19.530000686645508,62.900001525878906,3.9100000858306885,20.65999984741211,4214430.0,4333500,2862000
2023-02-24,62.0,3.799999952316284,19.540000915527344,62.0,3.799999952316284,19.540000915527344,62.400001525878906,3.809999942779541,20.079999923706055,59.900001525878906,3.740000009536743,19.540000915527344,61.29999923706055,3.799999952316284,19.709999084472656,2339820.0,3683300,2277600
2023-02-27,76.0999984741211,3.880000114440918,19.100000381469727,76.0999984741211,3.880000114440918,19.100000381469727,81.9000015258789,3.930000066757202,19.700000762939453,61.900001525878906,3.8299999237060547,18.889999389648438,63.099998474121094,3.8499999046325684,19.610000610351562,12267760.0,5058200,4006700
2023-02-28,71.4000015258789,3.880000114440918,19.229999542236328,71.4000015258789,3.880000114440918,19.229999542236328,85.30000305175781,3.9200000762939453,19.520000457763672,71.0999984741211,3.8399999141693115,18.950000762939453,77.80000305175781,3.880000114440918,19.059999465942383,11345850.0,3810500,3373800
2023-03-01,65.69999694824219,3.8299999237060547,18.149999618530273,65.69999694824219,3.8299999237060547,18.149999618530273,71.0999984741211,3.930000066757202,19.09000015258789,64.5999984741211,3.819999933242798,18.139999389648438,68.0,3.880000114440918,18.920000076293945,4117740.0,2890800,4210100
2023-03-02,61.0,3.950000047683716,18.190000534057617,61.0,3.950000047683716,18.190000534057617,63.70000076293945,3.9600000381469727,18.399999618530273,59.0,3.799999952316284,17.6200008392334,62.400001525878906,3.809999942779541,18.149999618530273,2819120.0,3858300,2622100
2023-03-03,65.80000305175781,4.119999885559082,18.700000762939453,65.80000305175781,4.119999885559082,18.700000762939453,66.9000015258789,4.139999866485596,19.100000381469727,61.400001525878906,3.9600000381469727,18.100000381469727,62.0,3.9600000381469727,18.190000534057617,3406960.0,4564900,2505500
2023-03-06,62.5,3.990000009536743,18.649999618530273,62.5,3.990000009536743,18.649999618530273,67.5,4.210000038146973,19.5,62.5,3.990000009536743,18.520000457763672,65.80000305175781,4.119999885559082,18.520000457763672,2624280.0,4183500,2815300
2023-03-07,60.099998474121094,3.5,18.059999465942383,60.099998474121094,3.5,18.059999465942383,63.5,3.740000009536743,18.84000015258789,60.0,3.440000057220459,18.059999465942383,62.29999923706055,3.7300000190734863,18.540000915527344,1622990.0,16164500,2375300
2023-03-08,58.400001525878906,3.619999885559082,18.170000076293945,58.400001525878906,3.619999885559082,18.170000076293945,61.29999923706055,3.6600000858306885,18.3799991607666,56.70000076293945,3.430000066757202,17.6299991607666,60.400001525878906,3.509999990463257,18.049999237060547,1986210.0,7589600,3277800
2023-03-09,56.5,3.6600000858306885,17.520000457763672,56.5,3.6600000858306885,17.520000457763672,59.20000076293945,3.7100000381469727,18.3799991607666,55.599998474121094,3.549999952316284,17.479999542236328,57.400001525878906,3.609999895095825,18.06999969482422,1617850.0,10538000,2652600
2023-03-10,53.79999923706055,3.5899999141693115,17.25,53.79999923706055,3.5899999141693115,17.25,56.20000076293945,3.6700000762939453,17.770000457763672,53.0,3.5299999713897705,16.850000381469727,55.599998474121094,3.619999885559082,17.530000686645508,1557470.0,13495800,2845500
2023-03-13,54.599998474121094,3.5799999237060547,16.75,54.599998474121094,3.5799999237060547,16.75,55.599998474121094,3.6500000953674316,17.350000381469727,52.400001525878906,3.490000009536743,16.520000457763672,54.400001525878906,3.549999952316284,16.770000457763672,1551810.0,5247200,2959100
2023-03-14,46.400001525878906,3.7200000286102295,16.90999984741211,46.400001525878906,3.7200000286102295,16.90999984741211,55.099998474121094,3.759999990463257,17.40999984741211,43.599998474121094,3.619999885559082,16.399999618530273,54.79999923706055,3.630000114440918,17.3700008392334,6487130.0,5308800,3077400
2023-03-15,42.099998474121094,3.700000047683716,15.949999809265137,42.099998474121094,3.700000047683716,15.949999809265137,46.099998474121094,3.700000047683716,16.690000534057617,41.5,3.5899999141693115,15.699999809265137,45.29999923706055,3.619999885559082,16.5,3632330.0,5348200,4541500
2023-03-16,43.900001525878906,3.690000057220459,16.760000228881836,43.900001525878906,3.690000057220459,16.760000228881836,46.5,3.740000009536743,16.770000457763672,40.599998474121094,3.640000104904175,15.529999732971191,42.20000076293945,3.6600000858306885,16.0,2793170.0,4416600,4083000
2023-03-17,41.79999923706055,3.7200000286102295,16.600000381469727,41.79999923706055,3.7200000286102295,16.600000381469727,43.400001525878906,3.7300000190734863,16.719999313354492,41.099998474121094,3.6600000858306885,15.920000076293945,43.0,3.6600000858306885,16.6200008392334,2743360.0,6276000,5105500
2023-03-20,42.70000076293945,3.609999895095825,16.8700008392334,42.70000076293945,3.609999895095825,16.8700008392334,43.79999923706055,3.7100000381469727,17.270000457763672,41.400001525878906,3.5999999046325684,16.25,42.5,3.6700000762939453,16.649999618530273,1758130.0,3548600,4463700
2023-03-21,44.099998474121094,3.7699999809265137,17.649999618530273,44.099998474121094,3.7699999809265137,17.649999618530273,44.5,3.819999933242798,18.350000381469727,42.099998474121094,3.5899999141693115,17.139999389648438,43.29999923706055,3.6700000762939453,17.149999618530273,2084710.0,5087600,15882900
2023-03-22,43.400001525878906,3.6700000762939453,23.8700008392334,43.400001525878906,3.6700000762939453,23.8700008392334,47.5,3.799999952316284,27.0,43.099998474121094,3.6500000953674316,23.049999237060547,47.29999923706055,3.759999990463257,26.600000381469727,3144660.0,4220800,66764700
2023-03-23,44.70000076293945,3.8299999237060547,22.579999923706055,44.70000076293945,3.8299999237060547,22.579999923706055,46.79999923706055,3.8499999046325684,24.59000015258789,43.400001525878906,3.700000047683716,22.1299991607666,44.400001525878906,3.740000009536743,22.56999969482422,1945150.0,5776800,11168900
2023-03-24,44.70000076293945,3.8399999141693115,23.979999542236328,44.70000076293945,3.8399999141693115,23.979999542236328,45.400001525878906,3.9000000953674316,23.989999771118164,43.79999923706055,3.7899999618530273,22.100000381469727,44.0,3.809999942779541,22.31999969482422,1047760.0,4390300,8756400
2023-03-27,45.5,3.9100000858306885,23.0,45.5,3.9100000858306885,23.0,45.79999923706055,3.9200000762939453,24.010000228881836,43.0,3.8499999046325684,22.690000534057617,45.099998474121094,3.880000114440918,23.989999771118164,2031440.0,4644400,4580800
2023-03-28,51.5,3.8299999237060547,23.149999618530273,51.5,3.8299999237060547,23.149999618530273,55.0,3.9100000858306885,23.540000915527344,44.599998474121094,3.799999952316284,22.219999313354492,45.099998474121094,3.9000000953674316,22.969999313354492,8981150.0,5583600,5711700
2023-03-29,50.0,3.9800000190734863,22.459999084472656,50.0,3.9800000190734863,22.459999084472656,52.099998474121094,4.0,23.700000762939453,48.29999923706055,3.8499999046325684,22.219999313354492,51.400001525878906,3.859999895095825,23.079999923706055,2809780.0,5436600,4161400
2023-03-30,49.70000076293945,4.0,22.5,49.70000076293945,4.0,22.5,51.599998474121094,4.070000171661377,22.829999923706055,48.70000076293945,3.9600000381469727,22.110000610351562,51.099998474121094,4.0,22.600000381469727,2023350.0,8196600,3477600
2023-03-31,50.099998474121094,4.559999942779541,23.020000457763672,50.099998474121094,4.559999942779541,23.020000457763672,50.599998474121094,4.699999809265137,23.06999969482422,48.70000076293945,3.819999933242798,22.149999618530273,49.099998474121094,3.819999933242798,22.350000381469727,1900330.0,20638700,3880300
2023-04-03,51.099998474121094,4.53000020980835,23.170000076293945,51.099998474121094,4.53000020980835,23.170000076293945,51.5,4.690000057220459,23.850000381469727,49.400001525878906,4.519999980926514,22.65999984741211,49.900001525878906,4.639999866485596,22.940000534057617,3361660.0,10178400,4274500
2023-04-04,39.099998474121094,4.639999866485596,22.350000381469727,39.099998474121094,4.639999866485596,22.350000381469727,44.5,4.650000095367432,23.139999389648438,38.79999923706055,4.460000038146973,22.09000015258789,40.79999923706055,4.550000190734863,22.75,9039950.0,6384700,3421500
2023-04-05,40.5,4.519999980926514,22.06999969482422,40.5,4.519999980926514,22.06999969482422,40.900001525878906,4.670000076293945,22.469999313354492,39.400001525878906,4.510000228881836,21.229999542236328,40.70000076293945,4.630000114440918,22.469999313354492,3065720.0,3858300,3638100
2023-04-06,49.0,4.550000190734863,22.399999618530273,49.0,4.550000190734863,22.399999618530273,51.599998474121094,4.559999942779541,22.670000076293945,43.099998474121094,4.449999809265137,21.770000457763672,44.5,4.519999980926514,22.0,10155480.0,4283600,2506900
2023-04-10,52.400001525878906,4.53000020980835,22.3700008392334,52.400001525878906,4.53000020980835,22.3700008392334,53.70000076293945,4.539999961853027,22.43000030517578,47.400001525878906,4.429999828338623,21.81999969482422,47.70000076293945,4.46999979019165,21.850000381469727,5057570.0,3258600,2176100
2023-04-11,54.29999923706055,4.570000171661377,22.690000534057617,54.29999923706055,4.570000171661377,22.690000534057617,56.29999923706055,4.579999923706055,23.170000076293945,52.5,4.53000020980835,22.420000076293945,54.5,4.53000020980835,22.56999969482422,3663040.0,3087100,2540000
2023-04-12,53.400001525878906,4.380000114440918,22.260000228881836,53.400001525878906,4.380000114440918,22.260000228881836,57.400001525878906,4.639999866485596,23.280000686645508,53.400001525878906,4.380000114440918,22.260000228881836,56.20000076293945,4.590000152587891,22.899999618530273,3362080.0,5129600,2141100
2023-04-13,54.599998474121094,4.489999771118164,22.549999237060547,54.599998474121094,4.489999771118164,22.549999237060547,56.599998474121094,4.570000171661377,22.850000381469727,53.900001525878906,4.429999828338623,22.329999923706055,54.79999923706055,4.449999809265137,22.5,2048540.0,2990400,1803900
2023-04-14,51.20000076293945,4.510000228881836,22.459999084472656,51.20000076293945,4.510000228881836,22.459999084472656,57.599998474121094,4.519999980926514,23.25,49.0,4.420000076293945,22.31999969482422,57.400001525878906,4.460000038146973,22.739999771118164,3599800.0,2963600,2312400
2023-04-17,52.0,4.46999979019165,22.280000686645508,52.0,4.46999979019165,22.280000686645508,53.0,4.510000228881836,22.68000030517578,51.29999923706055,4.429999828338623,22.139999389648438,52.400001525878906,4.489999771118164,22.270000457763672,1621310.0,4210600,2066600
2023-04-18,50.5,4.400000095367432,21.610000610351562,50.5,4.400000095367432,21.610000610351562,52.29999923706055,4.539999961853027,22.31999969482422,49.79999923706055,4.400000095367432,21.5,52.29999923706055,4.460000038146973,22.139999389648438,1373230.0,3405000,2748700
2023-04-19,51.0,4.329999923706055,21.309999465942383,51.0,4.329999923706055,21.309999465942383,51.70000076293945,4.380000114440918,21.8700008392334,49.20000076293945,4.320000171661377,20.959999084472656,49.5,4.349999904632568,21.280000686645508,1281400.0,2620200,2539500
2023-04-20,49.70000076293945,4.210000038146973,20.219999313354492,49.70000076293945,4.210000038146973,20.219999313354492,50.20000076293945,4.289999961853027,21.56999969482422,48.900001525878906,4.179999828338623,20.059999465942383,50.0,4.289999961853027,20.8799991607666,1029580.0,3772800,2977400
2023-04-21,49.900001525878906,4.230000019073486,20.489999771118164,49.900001525878906,4.230000019073486,20.489999771118164,50.70000076293945,4.25,20.6200008392334,49.099998474121094,4.179999828338623,20.100000381469727,49.400001525878906,4.21999979019165,20.200000762939453,1397320.0,3951400,2085900
2023-04-24,49.599998474121094,4.079999923706055,19.93000030517578,49.599998474121094,4.079999923706055,19.93000030517578,50.29999923706055,4.21999979019165,20.40999984741211,46.400001525878906,4.050000190734863,19.809999465942383,49.0,4.190000057220459,20.149999618530273,2238440.0,3482100,2742400
2023-04-25,51.5,3.9700000286102295,19.0,51.5,3.9700000286102295,19.0,53.400001525878906,4.050000190734863,20.040000915527344,49.20000076293945,3.940000057220459,18.90999984741211,49.400001525878906,4.050000190734863,19.739999771118164,3303820.0,3739800,2560800
2023-04-26,51.900001525878906,3.9700000286102295,18.649999618530273,51.900001525878906,3.9700000286102295,18.649999618530273,53.20000076293945,4.059999942779541,19.229999542236328,50.5,3.9000000953674316,18.649999618530273,51.79999923706055,4.010000228881836,18.979999542236328,1427510.0,3434600,2287600
2023-04-27,53.70000076293945,3.940000057220459,18.940000534057617,53.70000076293945,3.940000057220459,18.940000534057617,55.599998474121094,4.0,19.34000015258789,51.599998474121094,3.9000000953674316,18.719999313354492,52.20000076293945,3.9600000381469727,18.75,2101510.0,3787800,2238900
2023-04-28,55.0,3.9100000858306885,19.290000915527344,55.0,3.9100000858306885,19.290000915527344,55.400001525878906,3.940000057220459,19.719999313354492,53.400001525878906,3.8299999237060547,18.8799991607666,54.599998474121094,3.890000104904175,18.920000076293945,1897560.0,3079800,2836600
2023-05-01,56.5,3.880000114440918,18.549999237060547,56.5,3.880000114440918,18.549999237060547,56.900001525878906,3.930000066757202,19.25,53.79999923706055,3.8499999046325684,18.459999084472656,55.29999923706055,3.890000104904175,19.15999984741211,2034120.0,2374000,2356600
2023-05-02,55.0,4.239999771118164,18.579999923706055,55.0,4.239999771118164,18.579999923706055,57.400001525878906,4.25,18.579999923706055,53.20000076293945,4.039999961853027,18.059999465942383,56.70000076293945,4.210000038146973,18.450000762939453,1623970.0,8902100,1918300
2023-05-03,57.400001525878906,4.369999885559082,18.899999618530273,57.400001525878906,4.369999885559082,18.899999618530273,58.20000076293945,4.429999828338623,19.200000762939453,54.099998474121094,4.099999904632568,18.530000686645508,54.099998474121094,4.150000095367432,18.559999465942383,2505720.0,6844700,3184000
2023-05-04,59.20000076293945,4.369999885559082,19.350000381469727,59.20000076293945,4.369999885559082,19.350000381469727,60.5,4.46999979019165,19.479999542236328,57.20000076293945,4.329999923706055,18.920000076293945,58.400001525878906,4.420000076293945,19.25,2500750.0,4315200,2041800
2023-05-05,58.900001525878906,4.690000057220459,20.420000076293945,58.900001525878906,4.690000057220459,20.420000076293945,61.099998474121094,4.75,20.8799991607666,56.599998474121094,4.369999885559082,19.510000228881836,61.0,4.369999885559082,19.6200008392334,2847930.0,6486200,4357200
2023-05-08,59.0,4.980000019073486,20.510000228881836,59.0,4.980000019073486,20.510000228881836,60.29999923706055,4.989999771118164,20.989999771118164,57.599998474121094,4.730000019073486,20.09000015258789,58.29999923706055,4.739999771118164,20.459999084472656,1703610.0,5756800,2402800
2023-05-09,55.400001525878906,5.019999980926514,20.239999771118164,55.400001525878906,5.019999980926514,20.239999771118164,59.5,5.070000171661377,20.649999618530273,55.29999923706055,4.880000114440918,20.1200008392334,58.099998474121094,4.909999847412109,20.15999984741211,1877280.0,5024600,1522700
2023-05-10,54.900001525878906,5.230000019073486,20.760000228881836,54.900001525878906,5.230000019073486,20.760000228881836,56.099998474121094,5.349999904632568,20.959999084472656,54.0,5.070000171661377,20.3799991607666,56.0,5.099999904632568,20.450000762939453,1456840.0,5905300,2139900
2023-05-11,53.400001525878906,5.139999866485596,20.8799991607666,53.400001525878906,5.139999866485596,20.8799991607666,54.79999923706055,5.369999885559082,21.15999984741211,51.900001525878906,5.070000171661377,20.510000228881836,54.20000076293945,5.239999771118164,20.690000534057617,1389160.0,4080900,1652500
2023-05-12,52.0,5.010000228881836,20.690000534057617,52.0,5.010000228881836,20.690000534057617,53.20000076293945,5.159999847412109,20.979999542236328,50.79999923706055,4.929999828338623,20.229999542236328,52.70000076293945,5.110000133514404,20.829999923706055,1339470.0,4789300,2006100
2023-05-15,51.400001525878906,5.139999866485596,21.6200008392334,51.400001525878906,5.139999866485596,21.6200008392334,52.400001525878906,5.159999847412109,21.6299991607666,50.29999923706055,4.96999979019165,20.489999771118164,51.0,5.0,20.6200008392334,1211510.0,2284700,2602000
2023-05-16,49.599998474121094,5.079999923706055,21.989999771118164,49.599998474121094,5.079999923706055,21.989999771118164,51.400001525878906,5.130000114440918,22.100000381469727,49.400001525878906,5.010000228881836,21.420000076293945,51.0,5.090000152587891,21.5,1191100.0,2482900,2498000
2023-05-17,51.0,5.380000114440918,22.8700008392334,51.0,5.380000114440918,22.8700008392334,51.5,5.380000114440918,23.25,48.70000076293945,5.099999904632568,21.899999618530273,49.70000076293945,5.139999866485596,21.989999771118164,1393770.0,9026900,4573000
2023-05-18,50.70000076293945,5.409999847412109,23.049999237060547,50.70000076293945,5.409999847412109,23.049999237060547,51.599998474121094,5.510000228881836,23.299999237060547,49.900001525878906,5.289999961853027,22.68000030517578,50.79999923706055,5.409999847412109,22.899999618530273,1069150.0,7268400,2144400
2023-05-19,50.29999923706055,5.380000114440918,22.059999465942383,50.29999923706055,5.380000114440918,22.059999465942383,50.900001525878906,5.480000019073486,22.989999771118164,49.599998474121094,5.349999904632568,21.75,50.900001525878906,5.440000057220459,22.940000534057617,1068200.0,2986900,2668200
2023-05-22,51.20000076293945,5.420000076293945,24.209999084472656,51.20000076293945,5.420000076293945,24.209999084472656,52.099998474121094,5.489999771118164,24.360000610351562,49.599998474121094,5.340000152587891,21.989999771118164,50.29999923706055,5.360000133514404,22.100000381469727,1400930.0,2789000,6251600
2023-05-23,50.29999923706055,5.28000020980835,23.15999984741211,50.29999923706055,5.28000020980835,23.15999984741211,51.400001525878906,5.440000057220459,23.899999618530273,49.79999923706055,5.260000228881836,22.799999237060547,50.900001525878906,5.380000114440918,23.889999389648438,1219730.0,3167000,3786500
2023-05-24,48.79999923706055,5.230000019073486,23.270000457763672,48.79999923706055,5.230000019073486,23.270000457763672,50.79999923706055,5.239999771118164,23.520000457763672,48.0,5.139999866485596,22.729999542236328,50.0,5.190000057220459,23.1299991607666,1708580.0,3629000,1901000
2023-05-25,47.0,5.179999828338623,23.350000381469727,47.0,5.179999828338623,23.350000381469727,49.29999923706055,5.320000171661377,23.690000534057617,46.20000076293945,5.170000076293945,22.709999084472656,49.29999923706055,5.25,23.5,1688410.0,2677600,2494400
2023-05-26,46.400001525878906,5.230000019073486,23.25,46.400001525878906,5.230000019073486,23.25,48.5,5.300000190734863,23.709999084472656,46.29999923706055,5.179999828338623,23.059999465942383,47.5,5.179999828338623,23.469999313354492,1176990.0,3174000,2261900
2023-05-30,46.29999923706055,5.190000057220459,24.56999969482422,46.29999923706055,5.190000057220459,24.56999969482422,47.79999923706055,5.340000152587891,24.690000534057617,45.0,5.130000114440918,23.299999237060547,47.400001525878906,5.269999980926514,23.350000381469727,1390050.0,3028700,5037800
2023-05-31,45.0,5.349999904632568,24.049999237060547,45.0,5.349999904632568,24.049999237060547,46.099998474121094,5.380000114440918,24.799999237060547,43.79999923706055,5.099999904632568,23.8799991607666,45.79999923706055,5.110000133514404,24.510000228881836,1337540.0,3931400,4265200
2023-06-01,45.5,5.369999885559082,24.100000381469727,45.5,5.369999885559082,24.100000381469727,46.599998474121094,5.449999809265137,24.65999984741211,44.70000076293945,5.289999961853027,23.780000686645508,45.099998474121094,5.300000190734863,24.040000915527344,1243100.0,2535800,3845000
2023-06-02,45.5,5.309999942779541,24.639999389648438,45.5,5.309999942779541,24.639999389648438,46.70000076293945,5.489999771118164,24.93000030517578,45.29999923706055,5.309999942779541,24.280000686645508,46.29999923706055,5.420000076293945,24.290000915527344,947790.0,3628400,3300700
2023-06-05,46.29999923706055,5.210000038146973,24.309999465942383,46.29999923706055,5.210000038146973,24.309999465942383,46.70000076293945,5.28000020980835,25.84000015258789,45.5,5.199999809265137,24.15999984741211,46.5,5.269999980926514,24.530000686645508,771720.0,2102100,4201900
2023-06-06,46.400001525878906,5.300000190734863,24.690000534057617,46.400001525878906,5.300000190734863,24.690000534057617,47.70000076293945,5.300000190734863,25.25,45.5,5.150000095367432,24.0,45.900001525878906,5.190000057220459,24.010000228881836,1513500.0,2594300,3984300
2023-06-07,47.29999923706055,5.179999828338623,26.110000610351562,47.29999923706055,5.179999828338623,26.110000610351562,47.599998474121094,5.369999885559082,26.549999237060547,46.099998474121094,5.150000095367432,25.06999969482422,47.599998474121094,5.340000152587891,26.200000762939453,1514850.0,3773800,18001100
2023-06-08,46.79999923706055,5.190000057220459,21.440000534057617,46.79999923706055,5.190000057220459,21.440000534057617,47.29999923706055,5.239999771118164,22.0,45.20000076293945,5.110000133514404,20.100000381469727,46.70000076293945,5.170000076293945,20.299999237060547,1571480.0,3803700,19213300
2023-06-09,47.70000076293945,5.150000095367432,22.68000030517578,47.70000076293945,5.150000095367432,22.68000030517578,48.20000076293945,5.230000019073486,23.43000030517578,46.5,5.139999866485596,21.5,46.5,5.199999809265137,21.780000686645508,1485530.0,2421800,10342600
2023-06-12,47.900001525878906,5.230000019073486,24.299999237060547,47.900001525878906,5.230000019073486,24.299999237060547,48.79999923706055,5.25,24.299999237060547,47.400001525878906,5.139999866485596,22.739999771118164,47.79999923706055,5.179999828338623,22.850000381469727,1032150.0,6567400,7131400
2023-06-13,50.0,5.210000038146973,26.950000762939453,50.0,5.210000038146973,26.950000762939453,51.5,5.289999961853027,27.649999618530273,48.20000076293945,5.170000076293945,25.030000686645508,48.599998474121094,5.269999980926514,26.200000762939453,2560280.0,6507700,17160600
2023-06-14,49.0,5.179999828338623,25.700000762939453,49.0,5.179999828338623,25.700000762939453,50.79999923706055,5.230000019073486,27.079999923706055,48.20000076293945,5.099999904632568,24.899999618530273,50.70000076293945,5.21999979019165,26.719999313354492,1554870.0,3012200,7243700
2023-06-15,47.599998474121094,5.159999847412109,24.84000015258789,47.599998474121094,5.159999847412109,24.84000015258789,48.5,5.179999828338623,26.170000076293945,46.79999923706055,5.079999923706055,24.639999389648438,48.5,5.119999885559082,25.40999984741211,1610360.0,3306300,5501800
2023-06-16,47.0,5.099999904632568,24.559999465942383,47.0,5.099999904632568,24.559999465942383,48.29999923706055,5.179999828338623,25.110000610351562,46.70000076293945,5.090000152587891,24.420000076293945,48.20000076293945,5.139999866485596,25.020000457763672,1876430.0,4861200,4443500
2023-06-20,45.900001525878906,4.949999809265137,24.579999923706055,45.900001525878906,4.949999809265137,24.579999923706055,47.29999923706055,5.099999904632568,24.649999618530273,44.900001525878906,4.909999847412109,23.719999313354492,46.900001525878906,5.070000171661377,24.40999984741211,1645020.0,3490000,3250700
2023-06-21,45.29999923706055,4.829999923706055,24.43000030517578,45.29999923706055,4.829999923706055,24.43000030517578,46.400001525878906,4.949999809265137,25.100000381469727,45.0,4.739999771118164,24.100000381469727,46.0,4.940000057220459,24.84000015258789,1302690.0,5876200,2404700
2023-06-22,41.70000076293945,4.96999979019165,24.31999969482422,41.70000076293945,4.96999979019165,24.31999969482422,42.79999923706055,4.989999771118164,24.329999923706055,40.70000076293945,4.710000038146973,23.760000228881836,42.5,4.829999923706055,24.1299991607666,3834310.0,7687300,1889600
2023-06-23,40.099998474121094,4.789999961853027,23.700000762939453,40.099998474121094,4.789999961853027,23.700000762939453,41.5,4.880000114440918,24.149999618530273,40.099998474121094,4.789999961853027,23.68000030517578,41.20000076293945,4.880000114440918,23.780000686645508,1457570.0,5160400,2261000
2023-06-26,40.29999923706055,4.78000020980835,23.020000457763672,40.29999923706055,4.78000020980835,23.020000457763672,41.29999923706055,4.889999866485596,24.030000686645508,40.099998474121094,4.739999771118164,22.90999984741211,40.79999923706055,4.739999771118164,23.3799991607666,1410250.0,4400800,2525200
2023-06-27,41.0,5.050000190734863,23.579999923706055,41.0,5.050000190734863,23.579999923706055,41.5,5.059999942779541,23.600000381469727,40.099998474121094,4.800000190734863,23.0,40.79999923706055,4.800000190734863,23.290000915527344,1594270.0,5856400,2141500
2023-06-28,44.099998474121094,5.010000228881836,24.979999542236328,44.099998474121094,5.010000228881836,24.979999542236328,45.5,5.099999904632568,25.100000381469727,40.79999923706055,4.960000038146973,23.399999618530273,40.900001525878906,5.03000020980835,23.440000534057617,2606440.0,7851700,3493900
2023-06-29,44.20000076293945,5.360000133514404,24.899999618530273,44.20000076293945,5.360000133514404,24.899999618530273,44.29999923706055,5.699999809265137,25.469999313354492,41.79999923706055,5.210000038146973,24.6200008392334,43.599998474121094,5.260000228881836,24.959999084472656,2828460.0,25394600,3101000
2023-06-30,44.0,5.53000020980835,24.25,44.0,5.53000020980835,24.25,44.0,5.71999979019165,25.1299991607666,42.5,5.320000171661377,24.25,43.29999923706055,5.389999866485596,24.969999313354492,1735520.0,12021100,2803300
2023-07-03,44.400001525878906,5.239999771118164,24.90999984741211,44.400001525878906,5.239999771118164,24.90999984741211,46.0,5.550000190734863,25.110000610351562,43.20000076293945,5.139999866485596,24.209999084472656,43.900001525878906,5.510000228881836,24.290000915527344,1608420.0,5897600,1806600
2023-07-05,42.5,5.139999866485596,23.899999618530273,42.5,5.139999866485596,23.899999618530273,44.400001525878906,5.449999809265137,24.850000381469727,42.20000076293945,5.119999885559082,23.790000915527344,44.400001525878906,5.340000152587891,24.639999389648438,2046840.0,8937000,2263100
2023-07-06,42.900001525878906,4.840000152587891,22.829999923706055,42.900001525878906,4.840000152587891,22.829999923706055,43.29999923706055,5.059999942779541,23.56999969482422,41.900001525878906,4.820000171661377,22.81999969482422,42.20000076293945,5.059999942779541,23.520000457763672,2065760.0,9032600,2384600
2023-07-07,42.0,4.760000228881836,22.709999084472656,42.0,4.760000228881836,22.709999084472656,43.599998474121094,4.889999866485596,23.530000686645508,42.0,4.75,22.670000076293945,43.099998474121094,4.829999923706055,22.969999313354492,1549880.0,5182900,2447200
2023-07-10,42.400001525878906,4.840000152587891,23.540000915527344,42.400001525878906,4.840000152587891,23.540000915527344,42.900001525878906,4.909999847412109,23.559999465942383,41.70000076293945,4.739999771118164,22.0,41.79999923706055,4.760000228881836,22.610000610351562,2346770.0,3855600,3318200
2023-07-11,43.900001525878906,4.920000076293945,23.90999984741211,43.900001525878906,4.920000076293945,23.90999984741211,44.400001525878906,4.949999809265137,24.440000534057617,42.5,4.809999942779541,23.200000762939453,43.0,4.880000114440918,23.200000762939453,2329400.0,2984900,3057100
2023-07-12,44.0,4.940000057220459,23.440000534057617,44.0,4.940000057220459,23.440000534057617,44.70000076293945,5.0,24.309999465942383,43.5,4.840000152587891,23.440000534057617,44.29999923706055,4.96999979019165,24.25,1884760.0,3659800,1742200
2023-07-13,44.400001525878906,5.050000190734863,23.459999084472656,44.400001525878906,5.050000190734863,23.459999084472656,45.20000076293945,5.050000190734863,23.979999542236328,43.900001525878906,4.929999828338623,23.420000076293945,44.29999923706055,4.960000038146973,23.540000915527344,2139150.0,4963900,1912200
2023-07-14,43.29999923706055,4.869999885559082,22.969999313354492,43.29999923706055,4.869999885559082,22.969999313354492,45.70000076293945,5.039999961853027,23.719999313354492,43.0,4.869999885559082,22.940000534057617,45.5,5.019999980926514,23.489999771118164,1739560.0,3924200,2178800
2023-07-17,43.70000076293945,4.829999923706055,22.81999969482422,43.70000076293945,4.829999923706055,22.81999969482422,43.900001525878906,4.940000057220459,23.309999465942383,42.70000076293945,4.800000190734863,22.700000762939453,43.400001525878906,4.849999904632568,22.8799991607666,1232720.0,4123600,2026000
2023-07-18,43.099998474121094,4.860000133514404,23.079999923706055,43.099998474121094,4.860000133514404,23.079999923706055,45.400001525878906,4.889999866485596,23.799999237060547,42.70000076293945,4.809999942779541,22.68000030517578,43.5,4.829999923706055,22.719999313354492,1842760.0,3350500,2342000
2023-07-19,43.70000076293945,4.829999923706055,23.170000076293945,43.70000076293945,4.829999923706055,23.170000076293945,44.0,4.920000076293945,23.579999923706055,42.79999923706055,4.789999961853027,22.959999084472656,43.5,4.880000114440918,23.420000076293945,2019830.0,4360500,2250100
2023-07-20,43.29999923706055,4.650000095367432,22.90999984741211,43.29999923706055,4.650000095367432,22.90999984741211,43.70000076293945,4.820000171661377,23.219999313354492,42.29999923706055,4.630000114440918,22.65999984741211,43.29999923706055,4.800000190734863,23.010000228881836,1989100.0,6647400,2256700
2023-07-21,44.0,4.699999809265137,22.18000030517578,44.0,4.699999809265137,22.18000030517578,44.79999923706055,4.760000228881836,23.219999313354492,42.900001525878906,4.639999866485596,22.15999984741211,43.400001525878906,4.739999771118164,23.049999237060547,8521020.0,6603800,3167900
2023-07-24,58.5,4.739999771118164,23.040000915527344,58.5,4.739999771118164,23.040000915527344,62.29999923706055,4.760000228881836,23.040000915527344,48.70000076293945,4.670000076293945,22.200000762939453,58.400001525878906,4.690000057220459,22.420000076293945,25691880.0,3762300,2970400
2023-07-25,51.20000076293945,4.699999809265137,22.850000381469727,51.20000076293945,4.699999809265137,22.850000381469727,54.79999923706055,4.769999980926514,23.100000381469727,50.29999923706055,4.699999809265137,22.530000686645508,53.599998474121094,4.71999979019165,23.100000381469727,5840460.0,2813700,1672000
2023-07-26,50.70000076293945,4.670000076293945,22.700000762939453,50.70000076293945,4.670000076293945,22.700000762939453,52.5,4.730000019073486,22.989999771118164,49.099998474121094,4.639999866485596,22.479999542236328,51.5,4.690000057220459,22.700000762939453,3119770.0,2853400,1489200
2023-07-27,45.20000076293945,4.639999866485596,22.219999313354492,45.20000076293945,4.639999866485596,22.219999313354492,51.5,4.760000228881836,23.489999771118164,45.099998474121094,4.619999885559082,22.1299991607666,51.099998474121094,4.739999771118164,22.940000534057617,4240850.0,3650800,3370900
2023-07-28,46.400001525878906,4.75,21.93000030517578,46.400001525878906,4.75,21.93000030517578,46.70000076293945,4.78000020980835,22.489999771118164,45.20000076293945,4.679999828338623,21.790000915527344,46.599998474121094,4.71999979019165,22.020000457763672,2481300.0,5061300,2642100
2023-07-31,49.70000076293945,5.099999904632568,22.200000762939453,49.70000076293945,5.099999904632568,22.200000762939453,50.79999923706055,5.119999885559082,22.3799991607666,46.400001525878906,4.78000020980835,21.850000381469727,46.599998474121094,4.78000020980835,22.0,3717620.0,11154300,1973400
2023-08-01,49.29999923706055,5.070000171661377,21.5,49.29999923706055,5.070000171661377,21.5,51.70000076293945,5.119999885559082,22.0,48.400001525878906,5.0,21.260000228881836,49.29999923706055,5.110000133514404,21.950000762939453,2388110.0,6151900,2567100
2023-08-02,48.0,4.739999771118164,20.829999923706055,48.0,4.739999771118164,20.829999923706055,48.79999923706055,4.980000019073486,21.149999618530273,46.79999923706055,4.739999771118164,20.34000015258789,48.5,4.96999979019165,21.149999618530273,1553290.0,4499300,2625800
2023-08-03,49.099998474121094,4.769999980926514,20.93000030517578,49.099998474121094,4.769999980926514,20.93000030517578,49.79999923706055,4.820000171661377,21.18000030517578,47.400001525878906,4.670000076293945,20.739999771118164,47.900001525878906,4.699999809265137,20.8799991607666,1471630.0,3805600,1318700
2023-08-04,49.29999923706055,4.769999980926514,20.979999542236328,49.29999923706055,4.769999980926514,20.979999542236328,50.79999923706055,4.900000095367432,21.889999389648438,48.20000076293945,4.730000019073486,20.889999389648438,49.099998474121094,4.789999961853027,20.950000762939453,2087540.0,3053800,2406000
2023-08-07,51.20000076293945,4.71999979019165,21.06999969482422,51.20000076293945,4.71999979019165,21.06999969482422,52.79999923706055,4.800000190734863,21.239999771118164,50.099998474121094,4.690000057220459,20.479999542236328,50.400001525878906,4.78000020980835,20.899999618530273,2703210.0,2086000,1441300
2023-08-08,50.900001525878906,4.639999866485596,20.739999771118164,50.900001525878906,4.639999866485596,20.739999771118164,54.599998474121094,4.690000057220459,20.899999618530273,49.900001525878906,4.610000133514404,20.280000686645508,54.599998474121094,4.639999866485596,20.700000762939453,3042300.0,2328100,1431300
2023-08-09,49.0,4.579999923706055,19.93000030517578,49.0,4.579999923706055,19.93000030517578,51.599998474121094,4.679999828338623,20.850000381469727,48.599998474121094,4.550000190734863,19.81999969482422,50.900001525878906,4.650000095367432,20.850000381469727,1809060.0,2980500,2929600
2023-08-10,49.79999923706055,4.679999828338623,20.190000534057617,49.79999923706055,4.679999828338623,20.190000534057617,51.0,4.739999771118164,20.290000915527344,49.0,4.630000114440918,19.8700008392334,49.5,4.659999847412109,20.0,1392340.0,2912600,1432400
2023-08-11,52.599998474121094,4.610000133514404,20.190000534057617,52.599998474121094,4.610000133514404,20.190000534057617,52.79999923706055,4.650000095367432,20.3799991607666,49.099998474121094,4.579999923706055,19.969999313354492,49.099998474121094,4.599999904632568,20.030000686645508,5967180.0,2126500,1522900
2023-08-14,33.900001525878906,4.610000133514404,19.959999084472656,33.900001525878906,4.610000133514404,19.959999084472656,36.400001525878906,4.650000095367432,20.010000228881836,31.799999237060547,4.519999980926514,19.079999923706055,33.29999923706055,4.570000171661377,19.75,13416120.0,2441900,3329300
2023-08-15,36.79999923706055,4.480000019073486,19.329999923706055,36.79999923706055,4.480000019073486,19.329999923706055,38.0,4.590000152587891,19.780000686645508,33.0,4.480000019073486,19.09000015258789,34.900001525878906,4.550000190734863,19.770000457763672,7040200.0,2092200,2290300
2023-08-16,37.5,4.409999847412109,18.59000015258789,37.5,4.409999847412109,18.59000015258789,38.400001525878906,4.46999979019165,19.34000015258789,34.70000076293945,4.400000095367432,18.549999237060547,36.79999923706055,4.449999809265137,19.18000030517578,5699250.0,2963700,3015600
2023-08-17,40.400001525878906,4.360000133514404,18.3799991607666,40.400001525878906,4.360000133514404,18.3799991607666,40.599998474121094,4.449999809265137,18.809999465942383,36.400001525878906,4.329999923706055,18.299999237060547,36.70000076293945,4.420000076293945,18.790000915527344,7147800.0,3532600,2056800
2023-08-18,40.900001525878906,4.369999885559082,18.360000610351562,40.900001525878906,4.369999885559082,18.360000610351562,41.900001525878906,4.420000076293945,18.65999984741211,38.599998474121094,4.28000020980835,18.139999389648438,40.599998474121094,4.300000190734863,18.18000030517578,5165850.0,2852100,2029100
2023-08-21,31.200000762939453,4.389999866485596,18.479999542236328,31.200000762939453,4.389999866485596,18.479999542236328,40.29999923706055,4.420000076293945,18.81999969482422,30.5,4.360000133514404,18.200000762939453,40.0,4.360000133514404,18.299999237060547,11371260.0,2592800,2864700
2023-08-22,25.5,4.46999979019165,17.260000228881836,25.5,4.46999979019165,17.260000228881836,31.100000381469727,4.480000019073486,18.6200008392334,24.600000381469727,4.329999923706055,17.25,31.0,4.420000076293945,18.6200008392334,10872410.0,3332700,3782100
2023-08-23,19.600000381469727,4.599999904632568,16.889999389648438,19.600000381469727,4.599999904632568,16.889999389648438,22.0,4.630000114440918,17.34000015258789,19.399999618530273,4.440000057220459,16.8799991607666,19.5,4.440000057220459,17.25,19985440.0,2469600,2909100
2023-08-24,14.369999885559082,4.429999828338623,16.360000610351562,14.369999885559082,4.429999828338623,16.360000610351562,16.600000381469727,4.610000133514404,16.979999542236328,13.329999923706055,4.429999828338623,16.18000030517578,16.309999465942383,4.579999923706055,16.940000534057617,26408000.0,2787600,3624500
2023-08-25,12.430000305175781,5.230000019073486,17.1299991607666,12.430000305175781,5.230000019073486,17.1299991607666,14.449999809265137,5.25,17.18000030517578,12.399999618530273,4.449999809265137,16.450000762939453,13.4399995803833,4.449999809265137,16.5,24061600.0,29005600,3423500
2023-08-28,11.069999694824219,5.340000152587891,17.56999969482422,11.069999694824219,5.340000152587891,17.56999969482422,12.350000381469727,5.369999885559082,18.110000610351562,11.050000190734863,5.019999980926514,17.25,11.989999771118164,5.25,17.350000381469727,24658900.0,11177300,3007400
2023-08-29,10.90999984741211,5.400000095367432,18.239999771118164,10.90999984741211,5.400000095367432,18.239999771118164,11.699999809265137,5.559999942779541,18.549999237060547,10.720000267028809,5.289999961853027,17.600000381469727,11.239999771118164,5.329999923706055,17.600000381469727,27312500.0,8079300,2709200
2023-08-30,12.729999542236328,5.519999980926514,18.3700008392334,12.729999542236328,5.519999980926514,18.3700008392334,13.640000343322754,5.610000133514404,18.520000457763672,10.729999542236328,5.369999885559082,17.90999984741211,11.100000381469727,5.400000095367432,18.200000762939453,55170300.0,6005000,1884500
2023-08-31,12.550000190734863,5.559999942779541,18.549999237060547,12.550000190734863,5.559999942779541,18.549999237060547,13.899999618530273,5.639999866485596,19.420000076293945,12.550000190734863,5.480000019073486,18.149999618530273,13.899999618530273,5.5,18.40999984741211,38962100.0,6623400,4674100
2023-09-01,13.100000381469727,5.599999904632568,18.420000076293945,13.100000381469727,5.599999904632568,18.420000076293945,13.229999542236328,5.75,18.729999542236328,12.119999885559082,5.53000020980835,18.31999969482422,12.680000305175781,5.619999885559082,18.65999984741211,22944900.0,4473500,2135900
2023-09-05,13.640000343322754,5.579999923706055,19.229999542236328,13.640000343322754,5.579999923706055,19.229999542236328,13.760000228881836,5.639999866485596,19.34000015258789,12.640000343322754,5.53000020980835,18.260000228881836,13.0,5.570000171661377,18.450000762939453,20097300.0,2991200,3781300
2023-09-06,8.619999885559082,5.539999961853027,18.75,8.619999885559082,5.539999961853027,18.75,11.699999809265137,5.650000095367432,19.149999618530273,8.430000305175781,5.519999980926514,18.420000076293945,11.699999809265137,5.53000020980835,19.059999465942383,84989600.0,3510400,6107200
2023-09-07,8.119999885559082,4.679999828338623,18.889999389648438,8.119999885559082,4.679999828338623,18.889999389648438,8.380000114440918,4.909999847412109,19.479999542236328,7.710000038146973,4.599999904632568,17.610000610351562,8.25,4.840000152587891,19.1299991607666,47792100.0,11811100,5021300
2023-09-08,7.179999828338623,4.559999942779541,17.709999084472656,7.179999828338623,4.559999942779541,17.709999084472656,8.0,4.690000057220459,18.5,7.099999904632568,4.489999771118164,17.350000381469727,7.960000038146973,4.679999828338623,18.149999618530273,32352800.0,5082300,4689200
2023-09-11,7.340000152587891,5.21999979019165,17.020000457763672,7.340000152587891,5.21999979019165,17.020000457763672,7.639999866485596,5.309999942779541,17.850000381469727,7.050000190734863,4.619999885559082,16.899999618530273,7.420000076293945,4.650000095367432,17.850000381469727,26368700.0,15120600,3543800
2023-09-12,7.570000171661377,5.320000171661377,17.229999542236328,7.570000171661377,5.320000171661377,17.229999542236328,8.140000343322754,5.360000133514404,18.5,7.21999979019165,5.059999942779541,17.190000534057617,7.380000114440918,5.139999866485596,17.530000686645508,37788100.0,9288300,5179400
2023-09-13,8.239999771118164,5.510000228881836,17.809999465942383,8.239999771118164,5.510000228881836,17.809999465942383,8.350000381469727,5.599999904632568,17.93000030517578,7.380000114440918,5.28000020980835,17.270000457763672,7.570000171661377,5.329999923706055,17.309999465942383,37600400.0,9053300,3012600
2023-09-14,8.140000343322754,5.380000114440918,18.329999923706055,8.140000343322754,5.380000114440918,18.329999923706055,9.100000381469727,5.650000095367432,18.520000457763672,8.050000190734863,5.380000114440918,17.600000381469727,8.90999984741211,5.53000020980835,17.799999237060547,46855400.0,9540700,3078000
2023-09-15,8.359999656677246,5.389999866485596,18.219999313354492,8.359999656677246,5.389999866485596,18.219999313354492,8.539999961853027,5.46999979019165,18.610000610351562,7.880000114440918,5.260000228881836,18.149999618530273,8.09000015258789,5.400000095367432,18.360000610351562,24215700.0,35578700,6166600
2023-09-18,7.800000190734863,5.21999979019165,17.549999237060547,7.800000190734863,5.21999979019165,17.549999237060547,8.319999694824219,5.389999866485596,18.100000381469727,7.679999828338623,5.21999979019165,17.350000381469727,8.25,5.349999904632568,17.989999771118164,18562200.0,3942400,3694600
2023-09-19,8.25,5.130000114440918,17.520000457763672,8.25,5.130000114440918,17.520000457763672,8.369999885559082,5.25,17.639999389648438,7.329999923706055,5.070000171661377,17.1299991607666,7.699999809265137,5.199999809265137,17.59000015258789,23462300.0,3150700,2584200
2023-09-20,8.15999984741211,5.110000133514404,17.520000457763672,8.15999984741211,5.110000133514404,17.520000457763672,8.6899995803833,5.230000019073486,17.93000030517578,7.96999979019165,5.099999904632568,17.450000762939453,8.050000190734863,5.150000095367432,17.6299991607666,23101700.0,2567100,2129800
2023-09-21,7.699999809265137,5.119999885559082,17.020000457763672,7.699999809265137,5.119999885559082,17.020000457763672,8.34000015258789,5.159999847412109,17.31999969482422,7.690000057220459,4.989999771118164,16.649999618530273,8.109999656677246,5.010000228881836,17.280000686645508,14920200.0,6150100,2910700
2023-09-22,7.619999885559082,5.159999847412109,17.18000030517578,7.619999885559082,5.159999847412109,17.18000030517578,8.09000015258789,5.210000038146973,17.350000381469727,7.590000152587891,5.059999942779541,17.0,7.769999980926514,5.179999828338623,17.18000030517578,13921800.0,5703200,2100300
2023-09-25,8.140000343322754,4.989999771118164,17.670000076293945,8.140000343322754,4.989999771118164,17.670000076293945,8.5,5.110000133514404,17.719999313354492,7.460000038146973,4.960000038146973,16.850000381469727,7.690000057220459,5.079999923706055,17.0,20448700.0,5907800,2181200
2023-09-26,7.909999847412109,4.880000114440918,16.780000686645508,7.909999847412109,4.880000114440918,16.780000686645508,8.460000038146973,5.010000228881836,17.81999969482422,7.769999980926514,4.849999904632568,16.780000686645508,8.079999923706055,4.929999828338623,17.3799991607666,16714200.0,5315300,2726800
2023-09-27,7.570000171661377,4.889999866485596,17.149999618530273,7.570000171661377,4.889999866485596,17.149999618530273,8.100000381469727,4.940000057220459,17.260000228881836,7.5,4.829999923706055,16.809999465942383,7.949999809265137,4.929999828338623,16.8700008392334,15769700.0,6406800,1681300
2023-09-28,7.789999961853027,4.760000228881836,16.84000015258789,7.789999961853027,4.760000228881836,16.84000015258789,7.789999961853027,4.900000095367432,18.100000381469727,7.309999942779541,4.760000228881836,16.440000534057617,7.5,4.900000095367432,18.020000457763672,15141000.0,7185500,7431900
2023-09-29,7.989999771118164,4.710000038146973,16.459999084472656,7.989999771118164,4.710000038146973,16.459999084472656,8.3100004196167,4.900000095367432,17.260000228881836,7.840000152587891,4.559999942779541,16.399999618530273,7.840000152587891,4.760000228881836,17.049999237060547,17752300.0,14370400,3397000
2023-10-02,8.149999618530273,4.400000095367432,15.390000343322754,8.149999618530273,4.400000095367432,15.390000343322754,8.399999618530273,4.699999809265137,16.309999465942383,7.769999980926514,4.349999904632568,15.260000228881836,8.0600004196167,4.690000057220459,16.299999237060547,17438900.0,8303800,6087700
2023-10-03,7.849999904632568,4.349999904632568,14.600000381469727,7.849999904632568,4.349999904632568,14.600000381469727,8.279999732971191,4.389999866485596,15.289999961853027,7.840000152587891,4.269999980926514,14.569999694824219,8.109999656677246,4.360000133514404,15.289999961853027,11379800.0,6189900,4510300
2023-10-04,8.34000015258789,4.269999980926514,14.869999885559082,8.34000015258789,4.269999980926514,14.869999885559082,8.5,4.409999847412109,14.9399995803833,7.730000019073486,4.230000019073486,14.4399995803833,7.880000114440918,4.349999904632568,14.770000457763672,18725900.0,5270900,2586400
2023-10-05,8.300000190734863,3.7899999618530273,14.710000038146973,8.300000190734863,3.7899999618530273,14.710000038146973,8.829999923706055,4.260000228881836,14.979999542236328,8.149999618530273,3.7799999713897705,14.579999923706055,8.25,4.239999771118164,14.699999809265137,20160600.0,11654300,1945100
2023-10-06,9.260000228881836,3.7699999809265137,15.079999923706055,9.260000228881836,3.7699999809265137,15.079999923706055,9.430000305175781,3.809999942779541,15.260000228881836,8.210000038146973,3.6700000762939453,14.579999923706055,8.260000228881836,3.7699999809265137,14.59000015258789,35656300.0,4647700,2467100
2023-10-09,9.819999694824219,3.5999999046325684,15.399999618530273,9.819999694824219,3.5999999046325684,15.399999618530273,9.859999656677246,3.7100000381469727,15.5,9.0600004196167,3.549999952316284,14.720000267028809,9.109999656677246,3.7100000381469727,14.770000457763672,26758500.0,4537400,2276300
2023-10-10,9.920000076293945,3.609999895095825,16.0,9.920000076293945,3.609999895095825,16.0,10.380000114440918,3.740000009536743,16.190000534057617,9.619999885559082,3.569999933242798,15.399999618530273,9.90999984741211,3.609999895095825,15.5,27390100.0,6416300,2915900
2023-10-11,10.420000076293945,3.5899999141693115,15.819999694824219,10.420000076293945,3.5899999141693115,15.819999694824219,10.520000457763672,3.680000066757202,16.09000015258789,9.8100004196167,3.549999952316284,15.739999771118164,10.0,3.680000066757202,16.010000228881836,23782900.0,3631800,2098200
2023-10-12,11.0,3.490000009536743,15.09000015258789,11.0,3.490000009536743,15.09000015258789,11.170000076293945,3.609999895095825,15.800000190734863,10.210000038146973,3.4800000190734863,14.819999694824219,10.640000343322754,3.609999895095825,15.770000457763672,31698600.0,4156800,3180300
2023-10-13,9.5,3.4700000286102295,14.920000076293945,9.5,3.4700000286102295,14.920000076293945,10.84000015258789,3.509999990463257,15.109999656677246,9.34000015258789,3.440000057220459,14.779999732971191,10.739999771118164,3.509999990463257,14.920000076293945,31240000.0,3758800,1823300
2023-10-16,9.329999923706055,3.7100000381469727,14.430000305175781,9.329999923706055,3.7100000381469727,14.430000305175781,9.539999961853027,3.759999990463257,14.930000305175781,8.960000038146973,3.450000047683716,14.149999618530273,9.229999542236328,3.5,14.8100004196167,19021200.0,7040000,3508600
2023-10-17,9.859999656677246,3.7200000286102295,14.119999885559082,9.859999656677246,3.7200000286102295,14.119999885559082,10.260000228881836,3.740000009536743,14.829999923706055,9.149999618530273,3.619999885559082,14.100000381469727,9.170000076293945,3.6500000953674316,14.25,23503200.0,4266800,3842400
2023-10-18,9.15999984741211,3.549999952316284,13.850000381469727,9.15999984741211,3.549999952316284,13.850000381469727,10.220000267028809,3.700000047683716,14.25,9.15999984741211,3.509999990463257,13.8100004196167,9.819999694824219,3.680000066757202,14.0,17228600.0,4642300,4045800
2023-10-19,9.359999656677246,3.440000057220459,13.15999984741211,9.359999656677246,3.440000057220459,13.15999984741211,9.829999923706055,3.569999933242798,13.850000381469727,8.970000267028809,3.4200000762939453,12.899999618530273,9.300000190734863,3.549999952316284,13.800000190734863,18145600.0,4824200,5808000
2023-10-20,9.079999923706055,3.369999885559082,13.4399995803833,9.079999923706055,3.369999885559082,13.4399995803833,9.699999809265137,3.440000057220459,13.800000190734863,9.0,3.3399999141693115,13.119999885559082,9.130000114440918,3.430000066757202,13.180000305175781,13827900.0,4589400,3661800
2023-10-23,9.15999984741211,3.3499999046325684,13.4399995803833,9.15999984741211,3.3499999046325684,13.4399995803833,9.619999885559082,3.380000114440918,13.59000015258789,8.90999984741211,3.2799999713897705,13.039999961853027,9.369999885559082,3.3399999141693115,13.279999732971191,17172900.0,4561300,2785500
2023-10-24,9.329999923706055,3.569999933242798,14.039999961853027,9.329999923706055,3.569999933242798,14.039999961853027,9.960000038146973,3.569999933242798,14.300000190734863,9.1899995803833,3.390000104904175,13.550000190734863,9.34000015258789,3.390000104904175,13.59000015258789,15333400.0,5018100,3738300
2023-10-25,9.279999732971191,3.4700000286102295,13.710000038146973,9.279999732971191,3.4700000286102295,13.710000038146973,9.539999961853027,3.5199999809265137,14.010000228881836,9.079999923706055,3.430000066757202,13.609999656677246,9.420000076293945,3.5199999809265137,14.010000228881836,12729100.0,3363800,1967300
2023-10-26,9.229999542236328,3.440000057220459,13.5,9.229999542236328,3.440000057220459,13.5,9.470000267028809,3.509999990463257,13.800000190734863,9.079999923706055,3.3399999141693115,13.40999984741211,9.34000015258789,3.4600000381469727,13.729999542236328,12472800.0,5837200,2036400
2023-10-27,9.149999618530273,3.4100000858306885,13.119999885559082,9.149999618530273,3.4100000858306885,13.119999885559082,9.65999984741211,3.509999990463257,13.619999885559082,9.130000114440918,3.380000114440918,13.020000457763672,9.270000457763672,3.4700000286102295,13.510000228881836,13892300.0,3921000,2481700
2023-10-30,9.960000038146973,3.630000114440918,12.800000190734863,9.960000038146973,3.630000114440918,12.800000190734863,10.010000228881836,3.7100000381469727,13.270000457763672,9.239999771118164,3.4200000762939453,12.59000015258789,9.289999961853027,3.450000047683716,13.149999618530273,16581400.0,14201600,3475900
2023-10-31,10.680000305175781,3.5799999237060547,13.770000457763672,10.680000305175781,3.5799999237060547,13.770000457763672,10.6899995803833,3.609999895095825,13.899999618530273,9.960000038146973,3.380000114440918,12.819999694824219,10.0,3.5799999237060547,12.850000381469727,18157000.0,5673500,4574600
2023-11-01,10.029999732971191,3.559999942779541,13.010000228881836,10.029999732971191,3.559999942779541,13.010000228881836,10.800000190734863,3.5899999141693115,13.800000190734863,10.010000228881836,3.4700000286102295,13.010000228881836,10.760000228881836,3.559999942779541,13.779999732971191,14634300.0,3077900,3430100
2023-11-02,10.489999771118164,3.7100000381469727,13.640000343322754,10.489999771118164,3.7100000381469727,13.640000343322754,10.670000076293945,3.7200000286102295,13.699999809265137,10.210000038146973,3.549999952316284,13.279999732971191,10.220000267028809,3.6500000953674316,13.369999885559082,14482100.0,4873600,3566600
2023-11-03,10.720000267028809,3.740000009536743,13.869999885559082,10.720000267028809,3.740000009536743,13.869999885559082,11.300000190734863,3.7899999618530273,14.399999618530273,10.529999732971191,3.700000047683716,13.829999923706055,10.640000343322754,3.7699999809265137,13.899999618530273,22573400.0,3832100,2966200
2023-11-06,10.949999809265137,3.680000066757202,13.529999732971191,10.949999809265137,3.680000066757202,13.529999732971191,11.430000305175781,3.7799999713897705,14.050000190734863,10.760000228881836,3.619999885559082,13.489999771118164,11.0,3.759999990463257,13.989999771118164,20742400.0,3689700,2164400
2023-11-07,10.220000267028809,3.799999952316284,13.640000343322754,10.220000267028809,3.799999952316284,13.640000343322754,11.029999732971191,3.8299999237060547,13.789999961853027,10.109999656677246,3.6500000953674316,13.229999542236328,10.979999542236328,3.6500000953674316,13.470000267028809,16037800.0,3254700,2354400
2023-11-08,10.09000015258789,3.740000009536743,13.279999732971191,10.09000015258789,3.740000009536743,13.279999732971191,10.359999656677246,3.799999952316284,13.760000228881836,9.960000038146973,3.690000057220459,13.279999732971191,10.300000190734863,3.7699999809265137,13.510000228881836,19309400.0,2192700,1705600
2023-11-09,8.710000038146973,3.5999999046325684,12.699999809265137,8.710000038146973,3.5999999046325684,12.699999809265137,9.369999885559082,3.7799999713897705,13.319999694824219,8.020000457763672,3.5799999237060547,12.699999809265137,8.180000305175781,3.75,13.25,63400600.0,3229800,2750100
2023-11-10,8.010000228881836,3.640000104904175,12.539999961853027,8.010000228881836,3.640000104904175,12.539999961853027,8.449999809265137,3.6700000762939453,12.970000267028809,7.840000152587891,3.549999952316284,12.350000381469727,8.420000076293945,3.619999885559082,12.8100004196167,29092200.0,5050000,3872400
2023-11-13,7.900000095367432,3.5199999809265137,12.140000343322754,7.900000095367432,3.5199999809265137,12.140000343322754,7.960000038146973,3.5999999046325684,12.529999732971191,7.610000133514404,3.4800000190734863,11.829999923706055,7.949999809265137,3.5899999141693115,12.5,17230500.0,2714600,4318500
2023-11-14,8.069999694824219,3.75,12.899999618530273,8.069999694824219,3.75,12.899999618530273,8.25,3.799999952316284,13.390000343322754,7.78000020980835,3.6500000953674316,12.6899995803833,8.180000305175781,3.6600000858306885,12.75,20005200.0,4754600,5187500
2023-11-15,7.889999866485596,3.6700000762939453,13.270000457763672,7.889999866485596,3.6700000762939453,13.270000457763672,8.300000190734863,3.7899999618530273,13.5,7.769999980926514,3.6500000953674316,13.029999732971191,8.180000305175781,3.75,13.149999618530273,20265500.0,3534600,4121600
2023-11-16,7.389999866485596,3.5999999046325684,12.529999732971191,7.389999866485596,3.5999999046325684,12.529999732971191,7.849999904632568,3.640000104904175,13.1899995803833,7.360000133514404,3.5199999809265137,12.520000457763672,7.840000152587891,3.5999999046325684,13.140000343322754,19837100.0,2617300,3425800
2023-11-17,7.429999828338623,3.700000047683716,13.029999732971191,7.429999828338623,3.700000047683716,13.029999732971191,7.5,3.700000047683716,13.0600004196167,7.260000228881836,3.5799999237060547,12.520000457763672,7.420000076293945,3.6500000953674316,12.520000457763672,13161900.0,2516700,3414200
2023-11-20,7.159999847412109,3.6700000762939453,12.800000190734863,7.159999847412109,3.6700000762939453,12.800000190734863,7.519999980926514,3.740000009536743,13.199999809265137,7.150000095367432,3.6600000858306885,12.800000190734863,7.5,3.6600000858306885,13.0,13311800.0,1744200,2294900
2023-11-21,6.650000095367432,3.609999895095825,12.550000190734863,6.650000095367432,3.609999895095825,12.550000190734863,7.090000152587891,3.690000057220459,12.720000267028809,6.519999980926514,3.5899999141693115,12.260000228881836,7.070000171661377,3.6600000858306885,12.649999618530273,26428300.0,1570000,3710100
2023-11-22,6.989999771118164,3.619999885559082,12.289999961853027,6.989999771118164,3.619999885559082,12.289999961853027,7.110000133514404,3.6500000953674316,12.710000038146973,6.599999904632568,3.5799999237060547,12.1899995803833,6.71999979019165,3.609999895095825,12.5600004196167,18437000.0,1388400,2358800
2023-11-24,6.900000095367432,3.6500000953674316,12.199999809265137,6.900000095367432,3.6500000953674316,12.199999809265137,7.03000020980835,3.6600000858306885,12.40999984741211,6.820000171661377,3.5899999141693115,12.180000305175781,6.96999979019165,3.630000114440918,12.220000267028809,8594100.0,1609100,1232500
2023-11-27,6.800000190734863,3.7200000286102295,11.90999984741211,6.800000190734863,3.7200000286102295,11.90999984741211,6.889999866485596,3.7200000286102295,12.329999923706055,6.670000076293945,3.5899999141693115,11.890000343322754,6.880000114440918,3.640000104904175,12.180000305175781,11484300.0,2811500,3710600
2023-11-28,6.699999809265137,3.6700000762939453,13.489999771118164,6.699999809265137,3.6700000762939453,13.489999771118164,6.800000190734863,3.740000009536743,13.550000190734863,6.53000020980835,3.640000104904175,11.890000343322754,6.730000019073486,3.6700000762939453,11.899999618530273,17932100.0,2585100,14192900
2023-11-29,7.170000076293945,3.7699999809265137,16.25,7.170000076293945,3.7699999809265137,16.25,7.340000152587891,3.7699999809265137,17.559999465942383,6.860000133514404,3.6600000858306885,14.699999809265137,6.949999809265137,3.680000066757202,15.489999771118164,32449100.0,4024500,61172800
2023-11-30,6.650000095367432,3.6700000762939453,14.550000190734863,6.650000095367432,3.6700000762939453,14.550000190734863,7.179999828338623,3.7699999809265137,16.329999923706055,6.639999866485596,3.6500000953674316,14.319999694824219,7.150000095367432,3.759999990463257,16.290000915527344,20347100.0,3143400,16537200
2023-12-01,6.860000133514404,3.8499999046325684,15.300000190734863,6.860000133514404,3.8499999046325684,15.300000190734863,6.989999771118164,3.8499999046325684,15.989999771118164,6.53000020980835,3.630000114440918,14.5,6.659999847412109,3.680000066757202,14.520000457763672,24079300.0,3736500,13378700
2023-12-04,7.489999771118164,3.890000104904175,16.979999542236328,7.489999771118164,3.890000104904175,16.979999542236328,7.539999961853027,3.9200000762939453,17.40999984741211,6.809999942779541,3.7699999809265137,14.90999984741211,6.869999885559082,3.819999933242798,15.289999961853027,30553700.0,2987100,20098700
2023-12-05,7.019999980926514,3.950000047683716,14.90999984741211,7.019999980926514,3.950000047683716,14.90999984741211,7.449999809265137,4.0,16.719999313354492,6.880000114440918,3.7799999713897705,14.869999885559082,7.420000076293945,3.7799999713897705,16.469999313354492,21060400.0,5015700,14220100
2023-12-06,6.789999961853027,3.940000057220459,14.84000015258789,6.789999961853027,3.940000057220459,14.84000015258789,7.150000095367432,4.039999961853027,15.699999809265137,6.769999980926514,3.930000066757202,14.640000343322754,7.070000171661377,3.9800000190734863,15.359999656677246,17025000.0,3493000,12691300
2023-12-07,6.820000171661377,3.9200000762939453,16.360000610351562,6.820000171661377,3.9200000762939453,16.360000610351562,6.920000076293945,3.990000009536743,16.520000457763672,6.710000038146973,3.869999885559082,13.5600004196167,6.789999961853027,3.940000057220459,13.710000038146973,11599400.0,2809400,19840700
2023-12-08,6.929999828338623,4.119999885559082,15.550000190734863,6.929999828338623,4.119999885559082,15.550000190734863,7.039999961853027,4.170000076293945,16.479999542236328,6.789999961853027,3.890000104904175,15.470000267028809,6.820000171661377,3.9000000953674316,15.829999923706055,11951500.0,6811500,10401400
2023-12-11,7.110000133514404,4.099999904632568,15.069999694824219,7.110000133514404,4.099999904632568,15.069999694824219,7.119999885559082,4.179999828338623,15.6899995803833,6.730000019073486,3.809999942779541,14.979999542236328,6.860000133514404,3.819999933242798,15.449999809265137,14619100.0,7203300,4961200
2023-12-12,6.71999979019165,4.090000152587891,15.220000267028809,6.71999979019165,4.090000152587891,15.220000267028809,7.150000095367432,4.150000095367432,15.359999656677246,6.699999809265137,4.039999961853027,14.84000015258789,7.139999866485596,4.099999904632568,15.119999885559082,16793900.0,3035800,4210700
2023-12-13,6.809999942779541,4.269999980926514,16.690000534057617,6.809999942779541,4.269999980926514,16.690000534057617,6.920000076293945,4.269999980926514,16.799999237060547,6.5,4.050000190734863,15.1899995803833,6.769999980926514,4.059999942779541,15.220000267028809,21774800.0,6284900,9086900
2023-12-14,6.710000038146973,4.360000133514404,17.440000534057617,6.710000038146973,4.360000133514404,17.440000534057617,7.21999979019165,4.389999866485596,17.8799991607666,6.670000076293945,4.269999980926514,16.799999237060547,6.940000057220459,4.289999961853027,17.139999389648438,28592900.0,7760100,10750700
2023-12-15,6.650000095367432,4.369999885559082,17.260000228881836,6.650000095367432,4.369999885559082,17.260000228881836,6.809999942779541,4.440000057220459,17.579999923706055,6.619999885559082,4.309999942779541,17.010000228881836,6.789999961853027,4.360000133514404,17.399999618530273,36845500.0,33483900,7119100
2023-12-18,6.739999771118164,4.150000095367432,17.860000610351562,6.739999771118164,4.150000095367432,17.860000610351562,6.840000152587891,4.360000133514404,18.510000228881836,6.46999979019165,4.139999866485596,17.100000381469727,6.659999847412109,4.349999904632568,17.239999771118164,17455500.0,4706800,7352200
2023-12-19,6.739999771118164,4.210000038146973,17.719999313354492,6.739999771118164,4.210000038146973,17.719999313354492,6.820000171661377,4.309999942779541,18.59000015258789,6.630000114440918,4.170000076293945,17.229999542236328,6.78000020980835,4.210000038146973,17.889999389648438,16633600.0,6288200,5447100
2023-12-20,6.170000076293945,4.099999904632568,16.93000030517578,6.170000076293945,4.099999904632568,16.93000030517578,6.699999809265137,4.269999980926514,18.3799991607666,6.170000076293945,4.079999923706055,16.889999389648438,6.690000057220459,4.179999828338623,17.530000686645508,26820100.0,6795700,5553000
2023-12-21,6.070000171661377,3.5799999237060547,16.979999542236328,6.070000171661377,3.5799999237060547,16.979999542236328,6.380000114440918,3.890000104904175,17.34000015258789,5.929999828338623,3.5199999809265137,16.59000015258789,6.329999923706055,3.880000114440918,17.190000534057617,28731800.0,16642200,3975300
2023-12-22,6.099999904632568,3.569999933242798,16.969999313354492,6.099999904632568,3.569999933242798,16.969999313354492,6.199999809265137,3.630000114440918,17.200000762939453,5.960000038146973,3.5399999618530273,16.450000762939453,6.050000190734863,3.609999895095825,16.780000686645508,15846500.0,6720400,3329900
2023-12-26,6.110000133514404,3.609999895095825,17.360000610351562,6.110000133514404,3.609999895095825,17.360000610351562,6.190000057220459,3.619999885559082,17.40999984741211,5.960000038146973,3.4800000190734863,16.81999969482422,6.079999923706055,3.569999933242798,16.979999542236328,13107000.0,5798600,3079600
2023-12-27,6.159999847412109,3.549999952316284,18.3700008392334,6.159999847412109,3.549999952316284,18.3700008392334,6.260000228881836,3.630000114440918,18.3700008392334,6.039999961853027,3.549999952316284,17.3700008392334,6.110000133514404,3.5999999046325684,17.43000030517578,11129300.0,4452700,4800100
2023-12-28,6.210000038146973,3.559999942779541,18.06999969482422,6.210000038146973,3.559999942779541,18.06999969482422,6.5,3.619999885559082,18.31999969482422,6.139999866485596,3.509999990463257,17.850000381469727,6.179999828338623,3.549999952316284,18.049999237060547,18490600.0,5432700,3574800
2023-12-29,6.119999885559082,3.5399999618530273,17.530000686645508,6.119999885559082,3.5399999618530273,17.530000686645508,6.230000019073486,3.619999885559082,18.15999984741211,6.059999942779541,3.5299999713897705,17.459999084472656,6.199999809265137,3.549999952316284,18.040000915527344,15129600.0,7030700,4536700
