author,body,created_utc,id,is_submitter,link_id,parent_id,score
kushzombie310,GME TO MARS 🚀🚀🚀🚀🚀🚀🚀💎🤲,1612223999,glo2y17,False,t3_lae6j0,t3_lae6j0,3
No_Pin_2437,HOLD! GME! ITS GOING TO GO BACK UP BY THE END OF THE WEEK!!  💎🤲🏻,1612223996,glo2xub,False,t3_lab86a,t3_lab86a,50
JoeyJoeC,I could buy 5 more GME shares with that!,1612223994,glo2xo8,False,t3_ladzdt,t1_glntmgz,2
StaticSxhock,bro gme is $180 rn why wouls you,1612223991,glo2xgm,False,t3_ladzdt,t1_glo2u8t,2
Troll-King-3000,Let’s say GameStop loses $1B. So what? They just made enough money to stay in business for a long time. GME is not going out of business.,1612223990,glo2xds,False,t3_ladzdt,t3_ladzdt,9
R154,GME is the way.,1612223988,glo2x9p,False,t3_ladzdt,t1_glo2osk,3
SolitaryEgg,"WSB be like ""any negative news on GME is corporate shills and hedgies lying to you. But the 50,000 new accounts telling me to hold are wholesome and have my best interests at heart.""",1612223981,glo2wp1,False,t3_ladzdt,t3_ladzdt,22
-Kobe323,GME & BB to the moon boys 🚀🚀🚀🚀,1612223980,glo2wjy,False,t3_lahxvn,t3_lahxvn,7
lilhouseboat2020,"This is it. Buy GME don’t listen to the hedge fund diversion of buying silver, they are trying to dilute GME buying. If we buy the dip and hold we go to the moon boys and girls. 

Not financial advice just an opinion (I like the stock)",1612223980,glo2wk6,False,t3_lac2ka,t1_gln2enj,7
ggiziwegotthis,"[https://www.reddit.com/user/bcRIPster/comments/labq6u/follow\_the\_crumbs\_gme\_exposed\_the\_meta/?utm\_source=share&utm\_medium=ios\_app&utm\_name=iossmf](https://www.reddit.com/user/bcRIPster/comments/labq6u/follow_the_crumbs_gme_exposed_the_meta/?utm_source=share&utm_medium=ios_app&utm_name=iossmf)   

&#x200B;

Read this.",1612223977,glo2wdt,False,t3_lahutb,t3_lahutb,1
NotHereForThisShite,"Buy the dip and ride GME to the moon.💎🙌💎
Then maybe learn to read.",1612223976,glo2w8y,False,t3_ladzdt,t3_ladzdt,10
Korberos,"More GME, friend",1612223976,glo2w9r,False,t3_ladzdt,t1_glnv35e,1
alpha-morph,I hope so BB & GME doing me dirty right now,1612223976,glo2wb0,False,t3_ladzdt,t1_glo2rje,2
human_experience123,What's the max amount of GME shares we can buy on RH now? 20?,1612223974,glo2w3o,False,t3_lab86a,t3_lab86a,22
[deleted],"First off fuck your shorts and the funds you claim

WSB when we ride come equipped with gme

You claim to be a trader but I fucked your wife

We bust on Melvin Bears fuk for life

Plus Citadel tryna see me paper hands I rip

Andrew Left and Citron some mark ass bitches",1612223970,glo2vsr,False,t3_ladzdt,t1_glo21mx,1
whoknowstheway96,"WSB is gaining about 900,000 new degenerates a day which is 6.3 million a week. Join the ship, buy the stock , GME to the fucking moon 🚀🚀🚀🌕🌕👨🏻‍🚀",1612223963,glo2v8p,False,t3_ladzdt,t3_ladzdt,29
mkaykov,I just think GME is undervalued. And it’s on sale today.,1612223958,glo2utv,False,t3_lai4ui,t3_lai4ui,29
darsh10,"Exactly! Ppl getting distracted from the 2 most prominent stocks we need to focus on, BUY AND HOLD GME AND AMC 🚀🚀🚀",1612223958,glo2uvf,False,t3_ladzdt,t1_glo28n9,2
palmallamakarmafarma,"You are quoting numbers that are 14 days old and/or estimates by models. And the answer might be calls that finished itm or buying into ETFs holding gme. Many sources discussing how they have done it. 

Levine from Bloomberg showed last Thursday in his newsletter that net flows for Gme last week were positive for institutions and negative for retail eg retail was getting out, institutions getting it. Look at how gme traded Friday. Between a band of 300-350 all day pretty much. When was the last time they happened without any spikes? The game has changed my friend. Keep hustling but don’t hear what you want to. Go find out why the shorts think they have won. That’s how you learn where vulnerable. And then we can work out a new plan. Like many I’ve lost a lot today. It’s ok. We opening a new chapter",1612223958,glo2uvs,False,t3_lab86a,t1_glo1pai,1
maledin,"Just got my paycheck & I’m putting $150 into AMC and $400-ish into GME so I can have an even two stocks (bought a quarter share when it was at $400). 

It’s not really much, but it’s something. I was pretty dissuaded after the long, slow bleed today, but fuck it. This is a once in a lifetime event, I’m not gonna sit on the sideline. Losing my $500 would really suck, yes, but not as much as losing out much much more if and when the squeeze does happen.

My main regret right now is that all of my investments are in Stash. It’s a great app for beginners, don’t get me wrong, it’s just not made for this type of thing. I tried placing the order before close around 3:10 and it doesn’t look like it went through. I also don’t really have a great exit strategy since they only buy/sell four times a day. 

Lessons learned, definitely switching over to TD Ameritrade when this is all said and down. But until then, I **WILL** HOLD! 💎🙌 🚀🚀🚀🚀🚀🚀🚀🚀",1612223950,glo2u8t,False,t3_ladzdt,t3_ladzdt,18
Detective-Timely,"All these late birds to the game flooding with ""oh no my gme I've been holding for 12hrs is going down"" YOU ARE THE PROBLEM",1612223947,glo2u0f,False,t3_ladzdt,t3_ladzdt,19
lionnyc,I enjoyed this subreddit more than there was 5 million less readers and the DD posts resembled actual investing ideas. Need that again. Put your GME gains there.,1612223945,glo2tun,False,t3_ladzdt,t3_ladzdt,10
invinciblebears91,"You’re not going to get rich overnight, you may not get rich at all. Either hold or sell, do whatever you are comfortable with! This is not financial advice, I just really like this GME stock :)",1612223944,glo2trz,False,t3_ladzdt,t1_glo1o2y,1
claytondpark,Y’all got TOO GREEDY with GME,1612223942,glo2tna,False,t3_lab86a,t3_lab86a,-153
darreldeboi,Gme is where the real money is at. Don’t waste it on bb and amc when they’re less likely to squeeze,1612223940,glo2tgz,False,t3_ladzdt,t1_glo235n,3
DivySuresh,"At the end of the day this is what determines if you belong here. Do you have the faith, the knowledge and the mental fortitude to trust in the numbers? Do you have the belief that your fellow man will do the same? We've all seen the big short. This is the part of the movie where homeboy Dr. Michael McFlurry Burry stops his investors from pulling out and locks himself in his office. We survive this and we'll be in Valhalla. 

Valhalla is the mythic heaven for those who died in battle. Are you going to be a hero who comes home with the tendies, or are you going to desert and leave your fellow WSB'r holding the slack? The squeeze is inevitable, the HF's that are underwater just want to get out of the position with as little cost as possible. They drive the price down, then they cover. 

We all like to think that we pulled the wool over their eyes, but lets remember these guys are harvard grads who work in one of the most competitive industries in the world. They're not stupid, just greedy. They'll drive the price down as much as possible, and then they'll cover at whatever price they can stomach. The last one to cover on the HF side is going to pay the most. So they're facing the same Game Theory problem we are. 

💎🙌

Disclosure: This is not financial advice, it's ***your*** money. Do with it what you will. I own GME shares.  🚀🚀🚀",1612223940,glo2thd,False,t3_lagybk,t3_lagybk,784
SoWhatSo7,I’m a bot. Sell GME.,1612223940,glo2tio,False,t3_lahnek,t3_lahnek,-1
_inhailex_,"Why would you willingly stay with RH, if you have the funds to buy silver you have the funds to buy GME through another broker",1612223935,glo2t22,False,t3_lahl08,t1_glo206s,3
redidididididit,"My bank called me to verify if it was indeed me who transferred 100% of my account to various brokers. By the end of the phone call, I convinced the rep to also YOLO into GME tomorrow morning 🚀",1612223934,glo2szr,False,t3_lab86a,t3_lab86a,122
SebastianPatel,"My goodness, this is so infuriating!! These people are robbing enormous amounts of money in broad daylight and then bragging about it! I cannot believe this. We should be tracking closely what positions these hedge funds are in if any of is published. Do you know if there is any resource where we can see what they are short on and what they are long on? I mean DFV must have seen it somewhere the Melvin Capital was the specific hedge fund that was short on GME? I feel like if we have info on what the hedge funds are long on and what they are short on in a relatively updated manner, we might be able to utilize that as an input in our own decision making. Because it sounds like they will take whatever action necessary to make sure those positions are successful and are usually successful with GME and Tesla being rare anomalies in which their games didn't work.",1612223934,glo2t10,False,t3_l72r36,t1_gllyfq2,2
4f434f5741,I think I've seen this 'map of where we are' for every single price point of GME over the past week. Lmfao,1612223930,glo2spp,False,t3_lahpca,t3_lahpca,13
oboecop,"I don't even own any GME (bought AMC, came in late) and this was fantastic and inspiring.

Gen X is with you.",1612223930,glo2sr0,False,t3_lafahh,t1_glnnfm3,5
BigBoiBenis,"Wow I can’t believe you motherfuckers are STILL in GME

🦍👈🤣

I’ve been warning you all fucking day! SELL SELL SELL. I wasn’t saying HOLD HOLD HOLD. Now your bags are falling through the floors🙊

HERES WHAT YOU DO NOW: Turn your phone off and go to bed😴. Drink that whole bottle of Benadryl so you won’t be checking the German🇩🇪stock exchange. Then wake up at 9:30AM with a clear head and fucking sell your fractional share!🤏",1612223928,glo2sli,False,t3_lab86a,t3_lab86a,-215
beelong,"I don't need adderall, GME stimulates me!",1612223928,glo2slu,False,t3_ladzdt,t1_glo25ky,4
jimmychill420mx,WE WILL NEVER SELL GME,1612223922,glo2s50,False,t3_ladzdt,t3_ladzdt,7
pizza-poppa,Bought the dip and exercised an option today GME AMC 🚀,1612223921,glo2s2c,False,t3_ladzdt,t3_ladzdt,26
Bandeeznutz,"LESSON #1 for you apes. After a stock makes a high and the trading gets all choppy and stalls, get ready to yell “TIMBERRRRR” Money Printer goes “CLANK” GME OVER",1612223920,glo2s05,False,t3_ladzdt,t3_ladzdt,-13
Indigoledo,"With the new restrictions of 1 share of GME on Robinhood what would happen if my short put got assigned?

Normally you would just get 100 shares of the stock at the selected strike, but what would happen in this scenario?",1612223918,glo2rv1,False,t3_ladzdt,t3_ladzdt,3
silverbugoutbag,GME green rest of week secured,1612223917,glo2rsm,False,t3_ladzdt,t1_glo2kr0,5
whayup,GME price drop is because every poor bought amc.,1612223913,glo2rhq,False,t3_ladzdt,t3_ladzdt,-15
kvla1," When Jordan Belfort becomes a “hero of social justice”, and tells you to hold the line on gme, it’s time to inverse...",1612223901,glo2qg2,False,t3_ladzdt,t3_ladzdt,8
Nungie,"You’re so close man. You’ve been indoctrinated by the GME cult, you’re about to get downvoted for questioning.",1612223901,glo2qgq,False,t3_lab86a,t1_glo2l68,4
Primary-Attention,Well said brother! GME MOOOON,1612223900,glo2qfm,False,t3_ladzdt,t1_glo2j45,3
cmfashion,Switch brokerage. Fidelity will let you buy as much GME as you can afford,1612223890,glo2pmk,False,t3_ladzdt,t1_glo2gqz,1
rodneyrangerfield,"IDK why you apes downvoted him, GME and AMC aren't the only stocks and if you think we should hivemind over a few stocks youre ultra retarded and will end up holding the bag",1612223890,glo2pmr,False,t3_la75n9,t1_glo1qst,1
Drpenner,Buy the gme dip,1612223887,glo2pen,False,t3_ladzdt,t3_ladzdt,12
burgersnat,because GME is not bankrupt,1612223887,glo2pf2,False,t3_ladzdt,t1_glo284g,1
Cyrelius,"I LOVE YOU TOO BROTHER!

5 SHARES OF GME (MORE ON THE WAY) PLUS 765 SHARES OF AMC AND HOLDING!!! WE LOVE THE STOCK!! BUY AND HOLD!!! WE'RE NOT SHOOTING FOR THE MOON, WE'RE SHOOTING FOR ANDROMEDA, INFINITY AND BEYOND!!! 💎🚀🚀🚀💎🚀🚀🚀💎 WITNESS THE FUTURE OF THE GALAXY IN OUR DIAMOND HANDS!!!🤲🏾💎🚀🚀🚀

🦍🦍🦍 APES....TOGETHER....STONK!!! 💎🚀🚀🚀💎

To the Hedge Funds I say...
#NiceTryButYou'reF***ed 

THIS IS THE WAY! 🤲🏾💎🚀🚀🚀🚀",1612223886,glo2paa,False,t3_lahzob,t3_lahzob,70
reubenno,"Short ladder. The hedgefunds have been moving shares around to artificially lower the price of GME, the same thing that happened on Thursday and Friday.

It's not indicative of the actual value of the stock, it'll very likely rebound. But they will keep doing it to try and scare people into selling.

Try not to let it get to you.

I am an ape with ginger hair, not a financial advisor.",1612223886,glo2pbs,False,t3_lahy3i,t1_glo27an,87
Calm-Cry-7396,"Just sell GME, its gunna tank.",1612223885,glo2p8o,False,t3_ladzdt,t1_glo1fb6,-4
xHaze48,"Same here. From what I'm seeing AMC seems to be in the same situation as GME meaning the value is being artificially lowered by market manipulation. 
If this is true then the price will drop a lot which will discourage a lot of people into cutting their losses and selling. This is what they want. 
Same with GME if we hold it'll go up after a short while.
At least we hope.
Best of luck!",1612223883,glo2p0k,False,t3_ladzdt,t1_glo2anf,2
Big_Chungus_NMS,There is a GME specific discussion post,1612223880,glo2oru,False,t3_ladzdt,t1_glo1be6,0
YouJustGotMarked,"GME, But also AMC and BB 🚀",1612223880,glo2osk,False,t3_ladzdt,t3_ladzdt,31
R154,"How's my steel gang homies hanging in there??

GME ain't the only red in my portfolio.",1612223878,glo2one,False,t3_ladzdt,t3_ladzdt,6
alternatiivnekonto,I think I'm going to get some puts on GME.,1612223877,glo2oil,False,t3_ladzdt,t3_ladzdt,1
riyakataria,"I’m sorry if this is a dumb question (I just turned old enough to trade a few months ago and I still don’t really know what I’m doing) but what’s going on with GME? Obviously there’s no way to say for sure, but do y’all reckon that it’ll go back up? I’m holding because I’m young and only have one stock, so whatever, but I’m just curious",1612223875,glo2oem,False,t3_ladzdt,t3_ladzdt,5
sixnoluv,"You can say what you want, you can do what you want, and you can even believe what you want. But at the end of the day, WE LIKE THE STOCK (GME + AMC).",1612223873,glo2o8u,False,t3_ladzdt,t3_ladzdt,10
mountainandme,Cramer bullish on GME.,1612223870,glo2o0q,False,t3_ladzdt,t3_ladzdt,8
snugglyb3ar,"Bought amc today, tomorrow buy more GME and holding! 💎 👐🏼🚀 🌛",1612223870,glo2o19,False,t3_ladzdt,t3_ladzdt,18
HeyEatADick,GME,1612223867,glo2nsg,False,t3_ladzdt,t1_glo2j1k,4
Iovah,"According to FINRA, short interest is above %225+, [http://finra-markets.morningstar.com/MarketData/EquityOptions/detail.jsp?query=126%3A0P000002CH&sdkVersion=2.58.0](http://finra-markets.morningstar.com/MarketData/EquityOptions/detail.jsp?query=126%3A0P000002CH&sdkVersion=2.58.0).

&#x200B;

HFS ARE LYING ABOUT EVERYTHING GME.",1612223866,glo2nmz,False,t3_lab86a,t3_lab86a,76
kookrew,"BB up and GME down means a favourable exchange ratio, I’m basically a forex trader 💁‍♂️",1612223863,glo2ng7,False,t3_lahuh1,t1_glo0zj5,6
simbatrader,Nokia and AMC is the next squeeze hold the GME as a distraction.,1612223861,glo2n9n,False,t3_ladzdt,t3_ladzdt,-2
young_-_-_og,"RH is allowing shares of GME to be bought again. I’ll be buying the dip tomorrow finally. We prosper tomorrow

Edit- I’m about to be stupid and ask- Right now my average cost is 39.90 at 10.525435 shares. If I bought more shares, for example at 5 shares for $947, what happens to my average cost and how does this affect my total profit?",1612223861,glo2n9s,False,t3_lab86a,t3_lab86a,29
Prestigious_Count_62,"Feel Free To SUPPORT ME, I just bitch slapped the APE CLAN in the daily Ape Thread. I think I've lost a few thousand karma today! LMAO!!!

&#x200B;

#                   SHOT OUT TO APE CLAN!

How the fuck they gonna be the mob when we always on our job? 

We millionaires Killing Stonks ain't fair, but somebody got to do it  


Oh yeah, APE CLAN: you wanna fuck with us? You little young-ass motherfuckers

  
Don't one of you APES got sickle-cell or something?

  
You're fucking with OG WSB, You fuck around and catch a seizure or a heart attack  
You better back the fuck up Before yo portfolio gets smacked the fuck up

  
This is how we do it on our side Any of you young bloods who just join from seeing us on tv that want to bring it: Bring it!

  
But we ain't singing, we bringing drama Fuck you and your motherfucking mama We gon' ride all you motherfuckers 

  
Now when I came out, I told you it was just about GME Shilling Then everybody had to open their mouth with a mother fucking opinion

  
Well, this is how we gonna do this: Fuck GME, fuck BB/Nok/AMC, fuck APE CLAN as a staff, record label and as a motherfucking crew! And if you want to be down with APE CLAN, then fuck you too!

  
GME BAGHOLDERS: fuck you too! All you motherfuckers, fuck you too! All of y'all motherfuckers, fuck you; your portfolios gonna die slow, motherfucker  


OG WSB make sure all y'all portfolios don't grow! You motherfuckers can't be us or see us We motherfuckin' Thug Life-riders, WSB til we die!  


Out here in we gonna Warn ya, We'll bomb on you motherfuckers! We do our job!  
You think you mob? We the motherfuckin' mob Ain't nothing but FD's and the real WSB Autists BEEEEEEEEEOTCH!",1612223858,glo2n1m,False,t3_la0nb6,t3_la0nb6,5
applejacksparrow,"Step 1: buy 50k shares of GME at $14


Step 2: Stock goes up to $300


Step 3: Refuse to sell because :meme:


Step 4: Lose your dick when the bubble pops.



Step 5: Profit?",1612223858,glo2n27,False,t3_lae6j0,t3_lae6j0,-15
boobiesohboobies,Normies who missed out on GME are now jumping on other heavily shorted stocks hoping for the same results. It won't happen though they would be better off buying GME still.,1612223857,glo2my9,False,t3_ladzdt,t1_glnedmy,1
COBRA206turbo,"Not a bot here, just trying to provide clarity. It depends on how many of those contracts were exercised and how many of those contracts were wrote naked without the shares getting purchased throughout last week. Go GME!",1612223857,glo2myv,False,t3_lab86a,t1_glo225s,5
WhyyyLuigi,If only I wasn’t poor and could afford to exercise my gme call,1612223856,glo2mwj,False,t3_ladzdt,t3_ladzdt,2
tyowtyow,"If y’all seriously didn’t cash out at least your minimum investment after making 2000%+ gains on one stock, Jesus Christ you’re dumb. Like for real... good job we made a 4$ stock 500$ off almost no news. We did it, it was a great accomplishment. But then for some reason y’all fell in love with a stock l, which is the dumbest thing you can do as an investor. You made hedge funds billions of dollars(gme mostly owned by hedge), so don’t give me that, “we wanna fight the man!” Bullshit. 

But if you are going to keep holding a worthless stock, please do post loss porn.",1612223854,glo2mqi,False,t3_ladzdt,t3_ladzdt,-22
FleskuLoiri,There is other stocks and securities in the market than GME. People trade them all the time,1612223852,glo2mle,False,t3_la0nb6,t1_glo2gn0,5
CMartin483,"Still in it!
🚀💎GME💎BB💎AMC💎🚀",1612223850,glo2mf9,False,t3_ladzdt,t3_ladzdt,8
shitflop,"For all those that say “did we lose?” The answer NO! The volume that these stocks are being traded is so low. For the noobs. This means that NOBODY HERE IS SELLING... that means the Melvin is LADDER TRADING AND ITS A SCARE TACTIC... this means the MELVIN STILL HAS TO BUY IT ALL BACK!!!!  It feels like shit rn but WE GOT THIS.   💎 fucking 🙌 GME bout to go🚀🚀🚀... 
ps I am not a financial adviser... I just really like this stonk...",1612223843,glo2lrw,False,t3_ladzdt,t3_ladzdt,54
Kitty-Kat-Katarina,I really wonder how much gme wsb owns,1612223843,glo2lst,False,t3_lacdwx,t1_gln8627,6
AscendantTrashman,"Worst case scenario this is part of a bearish credit spread (sell one short call atm and buy one long call OTM to reduce exposure if stock swings up dramatically).

Best case scenario this is a hedge fund hedging against a squeeze since this call option would PRINT if the stock price shot past $800.

Middle case scenario this is just a bullish bet by someone with deep pockets.


My money is on the bear spread since premiums on GME are so high right now. Honestly not a bad play depending on where his short leg's strike landed.",1612223842,glo2lp4,False,t3_lagd2m,t1_glnsjeq,69
paucus62,GME NOT OVER HOLD THE LINE,1612223841,glo2lls,False,t3_lai3oc,t3_lai3oc,51
Unfair-Map,My move is to propose that Mr. Musk chip in a few $ $ $ on GME and AMC,1612223832,glo2kvr,False,t3_ladzdt,t3_ladzdt,4
chickenmarrio,"🦍🍌 diamond handing gme 💎👐🏻 i think the same, this is gettinh out of hand, maybe they shouldn’t host these threads if they cant deal with the bots",1612223831,glo2kts,False,t3_ladzdt,t1_glo2d5p,2
momo-daytrader,"Time to wisen up retards. Take your profits.
Buying heavy puts on GME tmw. Dont say you weren’t warned.",1612223830,glo2kr0,False,t3_ladzdt,t3_ladzdt,-31
I_love_boobs86,"Fuck it, bought gme at 181, amc at 12, and something else at 28",1612223823,glo2k6u,False,t3_ladzdt,t3_ladzdt,23
Taylor_riebel11,"I know we all agree on RH being shit, but the fact that all the media articles on there are saying GME is being ditched is so ridiculous. And being ditched for silver. Of all things. Screw RH and screw the shit media",1612223817,glo2jpp,False,t3_ladzdt,t3_ladzdt,11
tgunited,GME went down because everyone got excited and ran to ten different stocks.. they manipulated retail investors again.,1612223816,glo2jmh,False,t3_ladzdt,t3_ladzdt,8
TR61997,Well I sold my GME on robinhood to switch so im not spending more money than i have i just can't access the funds they're unsettled...,1612223815,glo2jjm,False,t3_ladzdt,t1_glnx7hz,1
ComputerDude94,"You're all just lucky Cohen hasn't diluted the float lol.  When he does, and he should if he cares about the future of GME, ya'll are toast.",1612223815,glo2jku,False,t3_lab86a,t1_glo20v6,2
cruzer86,Robinhood still is preventing people from buying GME. That means this shit is still real. You don't just destroy your company for nothing.,1612223814,glo2jfi,False,t3_ladzdt,t1_glo29v4,2
b12se-r,You misspelled GME,1612223806,glo2itx,False,t3_lahyg0,t3_lahyg0,2
xoxota99,"Fuck are you doing in AMC, you Hedgie shill? ALL IN ON GME, RETARDS!",1612223806,glo2ivg,False,t3_ladpjy,t3_ladpjy,-1
qa_rocks,What’s the short interest on GME after today?,1612223801,glo2ih6,False,t3_ladzdt,t3_ladzdt,3
[deleted],"Holding GME here, can't afford to be in both.",1612223800,glo2ifg,False,t3_ladzdt,t1_glnygea,0
[deleted],"If I was the type of dude to draw lines on charts I'd probably be looking to scoop up ARKG here 🧐

Yes I'm still long on GME you muppets you can have more than one position",1612223800,glo2ig8,False,t3_ladzdt,t3_ladzdt,7
LionShare58,Once GME crashes hopefully we lose a good majority of people.,1612223798,glo2ia5,False,t3_ladzdt,t1_glo1uwk,2
DancewithRance,"They are all on the same wavelength, and the one being significantly shorted is **GME**.

In other words, the people shorting these brick and mortar retail stores are doing so for all these meme stocks. There is **not** going to be a scenario where AMC takes off and GME plummets. However, the inverse is not true because the short interest for AMC is *less* than 40%, whereas humble estimates are putting GME at anywhere from the high 80s to the **low 200s**. 

If you are going to gamble your money away, do it on GME.",1612223793,glo2huo,False,t3_ladzdt,t1_glo235n,3
marsinfurs,I think it’s time for a GME prayer circle thread,1612223785,glo2h7c,False,t3_ladzdt,t3_ladzdt,-2
BrooklynDude83,Robinhood sending clarification emails yet they don't unlock gme.. fucking assholes,1612223784,glo2h6u,False,t3_ladzdt,t3_ladzdt,8
eggpizza9711,People talking shit saying commodities are too big for wsb. Didn’t understand the SLV play anyways. I have a feeling some high level shit was going on to create a sideshow. Did we sell out on GME?  Shorts are buying the dip too. What happened?,1612223777,glo2gn0,False,t3_la0nb6,t3_la0nb6,-2
crafty_alias,"Had a problem with ITRADE not accepting a transfer today. I called them as soon as the phone line opened, I sat on hold for 4 HOURS before I got someone on the line. Meanwhile they dumped 24 shares of GME at $230. The couldn't do it at open? Had to wait until the price was way down.",1612223777,glo2gng,False,t3_lad20v,t3_lad20v,1
LastReyne,GME until the squeeze and AMC is for next week.,1612223776,glo2gj5,False,t3_ladzdt,t1_glo1guz,1
Polyspecific,"Hype fueled fever dream incoming:

Good to know.  Ill take that opinion under advisement. It will be filed under my toilet plunger.  Thank you for your enlightening input.

Do you feel better now?

Oh no...what is that... did GME hit a wall?  Did GME start to slowly start moving back up?  Well, I wonder.... Hrmm.  Perhaps the small volume traded today was nothing but empty orders of fake shares that were pushing market down?  It was so odd to see shares bouncing around at 224.65456787 /share.  All day too... Hrmm.

Oh, by the way. You cannot buy console games on steam. That might be one reason. I havent checked in a whole, but... uhmm... still dont think that happens. And Gamestop can run sales outside of the Consoles online store, much like newegg, or Amazon, or any of 100 other retailers, or buying a PS4 game from the Microsoft store.... WHAT???",1612223775,glo2ghr,False,t3_ladzdt,t1_glnzvwm,1
Superynv,$GME🚀🚀🚀,1612223774,glo2geb,False,t3_lai2cp,t3_lai2cp,23
tomho1,"Short interest on GME increased and only 13% of all shorts were settled today, there’s still 61.7 million shares shorted",1612223767,glo2ft2,False,t3_ladzdt,t3_ladzdt,17
samanimal69,"Selling gme at a YUGE loss. Buying it back to establish a new cost basis. Then I feel nice for a little bit while I'm in the green. Rinse, repeat.",1612310396,glsti12,False,t3_lb6aiq,t3_lb6aiq,-4
Cb1scuit,I got 2 gme and 12 AMC. I'm holding for dear life. They'll have to pry my shares of my cold dead hands,1612310396,glsti2j,False,t3_lb6b3e,t1_gls4esm,1
ShikaHookah,"how come no one is bringing up the fact that FUCKEN GME AND AMC DID NOT FUCKEN SUPPORT TRADERS AT ANY POINT IN THIS? not a single fucken positive announcment or news leaked of upcomming projects to create momentum....dont give me martyer bull shit about movement and we made them cry.. someone need to make a meaningfull post explaining the stock standing now honestly. Is it still short 120% are the hedges covered now...give a decent analysis as other wise this group will lose credability forever

and yes am holding cause i rather go to 0 after losing over 10k in one day",1612310396,glsti2p,False,t3_lb8lwf,t3_lb8lwf,7
bucknut86,I sold mine to buy GME dips. I’m assuming a lot of others did as well.,1612310392,glsthqk,False,t3_lb6aiq,t1_glst3z7,5
xjayroox,"I love the idiots questioning whether or not Dave Portnoy actually lost money

Like, if you ever paid any attention to him you'd realize he was retarded enough to hop on GME too late too",1612310392,glsthrn,False,t3_lb6aiq,t3_lb6aiq,6
mxrider971,These GME posts are really starting to feel like MLM posts all over Facebook...,1612310386,glsthbt,False,t3_lb6aiq,t3_lb6aiq,7
cyrusthevirhus,"$GME obviously
$AMC duh
$OGEN small company that's working on covid research that just got approval by the FDA last week. Going hard on this one. Great cause.",1612310385,glsth7i,False,t3_lb6aiq,t3_lb6aiq,0
Mxbitcoin,"I don't know how to post an image and text but I wanted to get this off my chest

GME is more than a stock

My first console was a second hand PS1

I could never afford these fancy boxes. But you know what? GME was there. Play XBOX anytime you want... Get this fancy magazine...

&#x200B;

GME needs to start fighting STEAM.. EASY PEASY. 

&#x200B;

Loan consoles.... 

&#x200B;

There is so much to do to make this more than a movement... I like the stock.

&#x200B;

No emojis needed",1612310381,glstgvn,False,t3_lba3ci,t3_lba3ci,3
LumpyTravel0,I’m in this I’m seriously not leaving. I may be newer to trading but I’m riding this out I’m not a pussy and my mom didn’t raise me a bitch. 12 shares from fucking you guessed it.. GME,1612310381,glstgwa,False,t3_lb6aiq,t3_lb6aiq,10
SpudTracks,"Bought 4 more shares of GME today and I am buying more tomorrow, BUY HOLD REPEAT",1612310380,glstgst,False,t3_lb6aiq,t3_lb6aiq,15
ucaliptastree,"Fuck Melvin. Fuck Citron. Fuck Wallstreet. 

GME $10000 🚀🚀",1612310378,glstgp1,False,t3_lb6aiq,t3_lb6aiq,19
Speedbump_,"So with AMC (and probably GME) being saved as a company from all this, I kind of feel like that should be somewhat bullish for mall stocks. SPG probably won't see pre covid highs, but they definitely have some room to run as vaccines roll out and boomers go back to old habits.",1612310376,glstgjs,False,t3_lb6aiq,t3_lb6aiq,5
RetardedInRetrospect,"Holding GME, hoping APPS blasts off after earnings.",1612310373,glstgbs,False,t3_lb6aiq,t3_lb6aiq,2
GrizShark25,Bought 9 shares of GME today. Ready to hold!,1612310359,glstfas,False,t3_lb6aiq,t3_lb6aiq,10
Pm_Me_Your_Stocking,"I doubled down today at close. But I only put 1% of my cash or less in GME total. I am probably riding gme to 0 because that money was dead to me as soon as I invested it.

Overall for the day I am up though, so I guess I am not as upset as others are.",1612310356,glstf2w,False,t3_lba522,t3_lba522,3
crzaznboi,"You lost because the big boi funds took your money and left you holding a $300 bag. You may have won a battle, but lost the war.

Except for those who took profits and rode GME up and took profits. They also won.",1612310356,glstf35,False,t3_lb8lwf,t3_lb8lwf,32
gnsn,Gotcha! Buying more gme!!,1612310355,glstey4,False,t3_lb6aiq,t1_glst907,2
CLIP_GORILLA,I’m no bot bro I’m all in GME retard,1612310355,glsteyp,False,t3_lb6aiq,t1_glslm7s,1
pdieff,We all only have one true love I feel you but that doesn’t mean there isn’t other skanks you can bang.  But if you’re that holy you can cage your little dick until GME pops again.,1612310340,glstdvx,False,t3_lb6aiq,t1_glsslkb,1
KnowEye,"GME 19MAR $800C means someone was 🐻 ish and collected a nice premium for selling (Sell To Open)  the right to someone to buy his / her stock @ $800 a share.

The seller could probably buy those back (Buy To Close)  really cheap today. 

She / he / they / them will probably rinse and repeat tomorrow.",1612310338,glstdp6,False,t3_lb6aiq,t1_glsri3n,1
rekdizzle,"GAMMA RAY BURST THAT MADE THE HULK HITTING GME IF THEY HOLD

#i LiKe LoSiNg MoNeY",1612310334,glstdf6,False,t3_lb6aiq,t1_glst0ig,1
mtarascio,"Probably the best outcome is for GME to announce that $100 million share offering and go long.

I think $60 is a fair value anyway at the lowest.",1612310329,glstd05,False,t3_lb9rmm,t3_lb9rmm,11
EquivalentSelection,"Step 1 - Buy GME

Step 2 - Hold

Step 3 - Step 2 says hold so fucking hold.  Why are you reading step 3 when you haven't finished step 2?",1612310319,glstc68,False,t3_lb9fge,t3_lb9fge,9
FFBEryoshi,Should I buy more amc... or my 1st gme tomorrow when the market opens?,1612310318,glstc4u,False,t3_lb6aiq,t3_lb6aiq,11
donjernigan,Im never selling my GME.  I love SPCE and will buy more BB if it dips.,1612310316,glstc0c,False,t3_lb6aiq,t3_lb6aiq,12
mrpoopistan,">Is GME worth 400$? FUCK NO.

I'll take ""Things securities attorneys encourage their clients to not say for 2,000, Ken.""

I thought everybody was still on ""We like the stock."" Or has the marriage soured?

EDIT: I don't think downvoting my comment is going to hide the entire thread from investigators.

But hey, you do you.",1612310315,glstbvt,False,t3_lb8lwf,t3_lb8lwf,1
flipp45,"Gme is dead. The $5-20 shorts that brought about last weeks short squeeze are already covered. They covered either during the rise or during the robinhood crash. Doesn’t matter either way, it’s over. The current shorts are much higher, probably averaged around $200. There is no way to short squeeze those at this point. And they’re just going to keep making money on the way down, so you may as well sell if you have gme. The hedge funds already sold your shares at $200. They can buy it back from you for $90 now or $30 in a few days, your choice.",1612310313,glstbr5,False,t3_lb6aiq,t1_glssjqn,3
Wrathb0ne,When do we start the “pleas fly again GME 🚀” chants?,1612310313,glstbsa,False,t3_lb7rg4,t3_lb7rg4,-3
lucianosocrates76,"Keep holding GME,AMC,AAL, 🚀🚀🚀🔥we will beat them.🔥SENS 🔥is $2.78 Let take it to $500 and let’s make them paid.🚀🚀🚀🚀🚀🔥🔥🔥🔥$$$$$let’s show them we are strong enough.",1612310311,glstbkz,False,t3_lb6aiq,t3_lb6aiq,9
justinbeans,Ok cya with all my gme tendies later nerd,1612310310,glstbis,False,t3_lb6aiq,t1_glssvg7,2
niandra_lad,"Bahaha GME will go bankrupt, restructure, moon, go bankrupt again, and get bought out for pennies on the dollar 

Meanwhile PLTR: moves 0.30 cents",1612310305,glstb5b,False,t3_lb6aiq,t1_glss76u,1
MukGames,Bought my first 5 shares of GME today @ $115! Time to HOLD!,1612310304,glstb22,False,t3_lb6aiq,t3_lb6aiq,15
msmgroup,"I have $GME shares, and Melvin isn't buying them for less than $666. 

💎👐🏻🦍",1612310299,glstaoo,False,t3_lb3buo,t3_lb3buo,11
Inside-Salamander984,You guys fr need to put money on AMC. GME is all blown-up the stock is way too volatile whereas AMC is $7 atm,1612310298,glstamx,False,t3_lb6aiq,t3_lb6aiq,-9
Barthas85,Buying gme and laughing when it closes above $175 on Thursday and above $350 Friday.,1612310297,glstak4,False,t3_lb6aiq,t3_lb6aiq,17
ObamaPhonesForSale,Gme tomorrow that’s my move. Sorry I hurt your feeling brother,1612310293,glsta8r,False,t3_lb6aiq,t1_glst462,0
BullyMog,"FINRA reporting GME short interest @ 226.42% [http://finra-markets.morningstar.com/MarketData/EquityOptions/detail.jsp?query=126%3A0P000002CH&sdkVersion=2.58.0](http://finra-markets.morningstar.com/MarketData/EquityOptions/detail.jsp?query=126%3A0P000002CH&sdkVersion=2.58.0)

Edit: Apparently from 2 weeks ago.",1612310291,glsta45,False,t3_lb7rg4,t3_lb7rg4,27
aswin4550,I have invested all my money on GME and AMC. Please buy and hold. This is the right time.,1612310288,glst9w8,False,t3_lb6aiq,t3_lb6aiq,17
joshbhan,GME. AMC can wait.,1612310283,glst9il,False,t3_lb6aiq,t1_glst6mo,4
ceimi,"I managed to cover my positions initial investment and have some shares leftover that are pure profit. At this point I'll likely just let them ride and see if they ever hit $200 again between now and the beginning of april. I had an original thesis that I was going to cash out my original investment when/if it hit $300-$500 and I greeded way too hard with the moment towards $1K. I got in early, but got out way too late. Next time I will stick to my thesis. If I had sold this morning, I would have made atleast $3K profit. Now I'm just shy of $800. My cost basis is pretty low @$39 so I still have some room but damn, I could have paid off some major debt with the $10K I was up at one point.... I havent even lost any money on GME but I'm still utterly crushed that our momentum was ruined all because of one broker.",1612310278,glst958,False,t3_lb9sub,t3_lb9sub,13
melted13,Look at the day charts for GME and AMC. They are IDENTICAL. HOLDING tomorrow and all month!,1612310271,glst8kh,False,t3_lb6aiq,t3_lb6aiq,14
A-qreus,"I still think AMC is in the running, it’s looking bad for GME holders but word around here is there’s potentially big moves for AMC. That shit goes for $6-8 a share, which is so undervalued for such a good theater and entertainment company. Let’s be real, $20 a share for AMC should be the staple.",1612310267,glst8c9,False,t3_lb6aiq,t1_glsrqbd,1
jonnygee123,Come hither to my Floating 🚢 take my hand.  Find safety in my stock GRWG. It's like GME but in reverse,1612310259,glst7o3,False,t3_lb7rg4,t3_lb7rg4,-5
mistaowen,Gonna need a third stimulus specifically for helping average down GME cost basis,1612310257,glst7ic,False,t3_lb6aiq,t3_lb6aiq,9
nightowl3321,"You can buy Gme without limitations at Tradeup...

https://tradeup.marsco.com/activity/forapp/invite/?lang=en_US&invite=CFPN0G#/",1612310256,glst7eu,False,t3_lb6aiq,t3_lb6aiq,4
anewhomeowner,"I had this on mute, but I'm pretty sure this is a documentary of the GME situation:

https://youtu.be/p4OJoFlWVyY",1612310247,glst6r0,False,t3_lb8jtk,t1_glsouae,666
HolderofFour,"The bubble is getting bigger and bigger, people on the bogleheads sub are talking about GME. Lmao",1612310247,glst6sl,False,t3_lb6aiq,t3_lb6aiq,7
NervousTumbleweed,"Brutal. Looking through DD and just endless trash about GME, BB, NOK, AMC.",1612310245,glst6la,False,t3_lb6aiq,t3_lb6aiq,-3
SilverPuppa,"To buy many AMC or to buy 1 GME, that is the question.",1612310245,glst6mo,False,t3_lb6aiq,t3_lb6aiq,12
compleks_inc,Fair enough. But I think there is more to the GME movement than making money.,1612310243,glst6fg,False,t3_lb6aiq,t1_glspn65,1
irreverent_creative,We're gonna get there GME fam. Hold strong. Not shaken here; only emboldened to see it through. 💎🙌,1612310243,glst6hn,False,t3_lb6p29,t3_lb6p29,5
Ximrats,"212 closed registrations last I checked.

Revolut just opened up ability to buy GME and AMC in the past few hours, perhaps?

I opened up a Hargreaves Lansdown account before I'd been informed Revolut re-allowed buys that could be an option?",1612310240,glst68d,False,t3_lb6aiq,t1_glsqlp4,1
novilifecoach,"Cathie Wood picked up more $DKNG, but you’d never know based on the flood of GME posts here. When she snagged $PLTR, it was all over this sub. $GME loss porn FTW though, it’s a nice initiation badge to the community!",1612310240,glst6a1,False,t3_lb6aiq,t3_lb6aiq,10
Soulkyoko,"At this point either I go big or im in it until it hits 0$.

*Show me what you goooot*

Edit: You lmaos. Buy GME instead of awards!",1612310228,glst5f2,False,t3_lb8jtk,t3_lb8jtk,3443
XAfricaSaltX,"BUY GME AT THE DIP, TO THE MOON 🌚",1612310224,glst52l,False,t3_lb6aiq,t3_lb6aiq,16
get_MEAN_yall,What strike? I thought about selling some 20p 2/5 today but I don't want to own GME at $20.,1612310223,glst50b,False,t3_lb6aiq,t1_glssmbr,1
dgodfrey95,Can I get a single credible argument for why GME will go back up to $400? Is there data showing the shorts haven't covered?,1612310221,glst4vd,False,t3_lb6p29,t3_lb6p29,1
ScrotusMahotus,GME short interest still 89%,1612310218,glst4m1,False,t3_lb6jld,t3_lb6jld,5
[deleted],"It’s mostly $MAC & $LUMN calls tbh

I have one share of GME for the cause

STOP HATING",1612310216,glst4ic,False,t3_lb6aiq,t1_glssg81,1
TrollWeightlifter,"Buy more GME, such a discount",1612310209,glst3xf,False,t3_lb6aiq,t3_lb6aiq,18
PaulBleidl,After reading this I regret not putting all my money into GME and I feel like I failed you guys.  I foolishly only put in what I could afford to lose.,1612310207,glst3ru,False,t3_lb7rg4,t3_lb7rg4,16
YouAllNeedToChillOut,"I won't even *consider* selling a single one til I see $500/4-digits, I swear

🚀💎🙌

Edit: Lmao I get notifications from bots trying to cast doubt but when you click the notif theyre not here. Can't break diamond with aluminum *biiiiiiiiiiitch*. (Also just low karma bros tho, hi guys).

Edit 2: Imagine this, Jeff Bezos just stepped down. He buys a shit ton of GME at an absurd price to raise it *for us*. GME skyrockets, we all get rich. The only thing Bezos will say to the media is ""pick on someone your own size."" (Shower dream i just had).",1612310190,glst2id,False,t3_lb6p29,t1_glsst5p,664
notdumbenough,"It's not just the retail investors that held GME shares, some of the bigger institutions might have sold",1612310188,glst2dw,False,t3_lb8jtk,t1_glssjj0,85
Schittt,"The bots are getting more advanced, pushing GME to look credible, but also some other random ass ticker.",1612310185,glst23a,False,t3_lb6aiq,t3_lb6aiq,-6
[deleted],"As a gme holder stop comparing it to VW. COMPLETELY DIFFERENT SITUATION.

Gme goes up if we not only hold, but are able to buy more. If any millionaires on the sidelines jumped in we would be good to go.",1612310184,glst221,False,t3_lb8lwf,t1_glsjy6r,82
microwavedHamster,Maybe the true GME gains were the friends we made along the way,1612310182,glst1vx,False,t3_lb7rg4,t3_lb7rg4,22
double_a_mtl,"Honestly, it's not JUST because the rules were changed.
People were/are greedy.

A short squeeze usually only lasts 1 or 2 days.
The stock went up over 100x from it's low of 4$.
There comes a point when it stops rising.
People refused to believe that shorts covered their positions and even ran the stock up to 415 last week.
You had several days to get out, but chose not to.

You as an investor are alone. We are all alone.
We share our ideas and bets here, but at the end of the day, we all think for ourselves.
I can guarantee you that DFV won't be giving out money to anyone who lost it on GME because they didn't sell.

This is a costly lesson to you, but I'm certain it is a mistake you will never make again.
As an aside: I've had multiple events where I've lost 50k+ over the years. I've still managed to make out fine.

Take these as lessons and learn from them.
You just paid for a University degree.

Good luck in all your future trades.
Keep your head up.",1612310180,glst1qq,False,t3_lb9qcm,t1_glsphzz,36
71BillionDollar,"Remember one thing , $GME is the mother of this phenomenon. It’s a central point. I am heavily invested in BB , it’s a real GEM of Canada. I agree with you but I can not ignore the mother of this notion. Together we ride the temple of Bananas. I like stocks,",1612310179,glst1of,True,t3_lb9ytm,t1_glss5xx,1
crzaznboi,"GME bag holders, aren’t you all holding forever? So why keep checking prices? Why keep talking about GME? It’s going to be in your portfolio till the day you die because 💎👐

You’re never going to sell. And even if it does go to $1000/share why would you sell? If you sell, then the price is going to go down. Whose gonna be holding the last bag?",1612310175,glst1az,False,t3_lb7rg4,t3_lb7rg4,-25
Process-Lumpy,">Is there any explanation that someone can give me that explains why GME is being shorted SO MUCH, and why it’s stats are like that? 🙌🏻💎

Briefly, there's a lot of variance in these statistics on short interest, and just know that these are approximations. You also can't tell what price points the stock is shorted at, which will effect the short squeeze effect.

&#x200B;

The reason MMs short company shares is because they believe a company is in decline. They analyze the financials and market conditions and determine that the company has no future. I have not done a deep dive on Gamestop, so I can only speak in general terms. The price currently is deflating from the squeeze last week and it will likely end up closer to its market value range (which is debatable, but maybe $3-$20).  There is a huge short interest, but the shorts are not all held by one company. If an institution wants to short a stock, they may only want to short 5% of the float. However, they are not necessarily informed that over 100% of the company is already shorted and that was how this costly accident happened.

&#x200B;

Hope this helps",1612310173,glst15j,False,t3_lb7rg4,t1_glsrocz,0
Antheo94,"We should all, individually, take a long look at GME and realize that it may not go back up. I’m still holding my 20 $280 shares, but we should also consider the fact that it could keep falling. Also, consider that the stock shooting up from under $10 to $500 could’ve been the peak.",1612310172,glst13v,False,t3_lb7rg4,t3_lb7rg4,26
mbeenox,"The likely covered when GME was reaching 100million volume a day, happened last week a couple of times.",1612310170,glst0zm,False,t3_lb7rg4,t1_glssf8d,8
ScrotusMahotus,GME has not risen above 300 yet man,1612310163,glst0f2,False,t3_lb6aiq,t1_glsp563,1
Chaff5,Buying more GME to even out the drop,1612310161,glst09w,False,t3_lb6aiq,t3_lb6aiq,12
CR00001,GME is a currency. It derives its value from a young disgruntled population looking for an opportunity to scream FUCK YOU at every fat boomer fuck that was able to pay for college with a part time job and then start a career and afford a house by 25. I own 61 fuck you shares and want more,1612310158,glst019,False,t3_lba5qt,t3_lba5qt,492
XafeMode,"What are the best tools to use right now to buy gme in the US? Fidelity won't make me an account unless I mail in forms because I'm 20, vanguard has a 7 day hold on new accounts meaning I can't buy any stocks till then, and I havnt used robinhood in so long that I have a new phone number and can't access my account.... Besides they might try to pull more shit anyway. I also tried sofi but had the same issue as fidelity. Should I just wait until the 9th for my vanguard account to open up or is there a better way for me to get into this shit show and lose all my money with 💎✋?

God damn there are too many barriers keeping me from being a retard.",1612310157,glsszz6,False,t3_lb7rg4,t3_lb7rg4,5
alucardn9ne,Selling my semen to buy GME. 🍆🎉💪,1612310151,glsszin,False,t3_lb6aiq,t3_lb6aiq,22
pm_ur_cock_please,"**HERES HOW ~~TRUMP CAN STILL WIN THE ELECTION~~ THE GME SQUEEZE CAN STILL HAPPEN**

That’s how retarded some of you sound, and it’s not the good kind of retarded either.",1612310143,glssyxk,False,t3_lb6aiq,t3_lb6aiq,-24
[deleted],Man retard was a joke but this gme stuff is out of hand I’d rather burn 20k then keep it lmfaoooo stfu,1612310142,glssysg,False,t3_lb9fge,t3_lb9fge,4
redcedar53,Go to the GME thread bud. It’s starting to get annoying.,1612310141,glssyrs,False,t3_lb6aiq,t1_glssvle,1
lilbugxoxo,“this is a wendy’s” looks like you’re about a week old in here and your first comment is GME lmao. jesus christ.,1612310140,glssyoh,False,t3_lazlbg,t1_glqxof9,1
england92cat,Mia khalifa was telling everyone to invest in GME. If this wasn't enough for you to realize that we reached the top... Then that's on you bro,1612310137,glssyee,False,t3_lb9qcm,t1_glsqzzs,18
Spacko23,"correct.

also, if there actually are fraudulent shares, with the short-trading-stop for GME they can only loop them outside the system until the 24.02.2021, then they will surface and it's prrrrrrrison time.
ooooor they buy tons of legit shares right before to cover their asses. literally. that prison soap is so slippery.",1612310137,glssyfd,False,t3_lb6aiq,t1_glsqv0q,2
Global_Felix_1117,"I'm trying to figure out and fund my fidelity account so I can get in on this action; I can't be the only one about to invest for the first time.

LETS GO $GME 💎💎💎🤙🏿🤙🏾🤙🏽🤙🏼🤙🏻🚀🚀🚀🌛





*Regarding Fidelity: I guess I need to write myself a check, then deposite that check using the fidelity app?*",1612310133,glssy2p,False,t3_lb6aiq,t3_lb6aiq,6
OGrickyP,"Both? I got in late, but as they fucked w the market, so at this point...we’re hoping this is still market manipulation mixed w “the Reddit attack on GME  is over” false narrative. If that’s not a false narrative than I lost my $650. I can’t believe the people who bought 5000 @ 325 but god bless em. If there is market bullshit going on like we think, the more shares that are in the hands of non melvins the better!",1612310130,glssxvv,False,t3_lathys,t1_glrtwlo,1
anonymousyoshi42,Yeah i agree not for all folks here. I had upwards of 20k exposure on GME so simply cut losses with puts too late.,1612310124,glssxg1,False,t3_lb6aiq,t1_glssemw,1
whipstickagopop,Putting a buy order at 50 on GME. Hope it doesnt hit tho.,1612310121,glssx6j,False,t3_lb6aiq,t3_lb6aiq,7
infinit9,"There is a shit load of shadow banning going on in this sub.  Can't wait till things go back to normal.

Edit: I know someone is shadow banned when I receive notification that the Redditor posted a reply to my comment but when I come and look, the comment is nowhere to be found. 

I don't know how to know whether I'm shadow banned myself. I guess since I can still read my own comments, maybe I'm not. But what do I know, I'm just a retard still holding in to 10 shares of GME at $350 per share.

Edit 2: I guess it isn't a shadow.ban, as I've just been corrected. It is just the mods nuking comments because of...   the rest of that Redditor's comment couldn't be recovered because it disappeared.",1612310120,glssx4z,False,t3_lb8jtk,t1_glssizi,321
chiggaroni,"The real dip happened last week when every stocks went on sale... 


disclosure: also 💎👋in GME",1612310119,glssx2c,False,t3_lb6aiq,t3_lb6aiq,11
Hydraxiler32,"Yeah, I've taken enough out that if GME literally goes to 0 I still break even with like +500 or so. But I think there definitely was a case to be made that GME would've gone a decent bit higher were it not for certain unfortunate events. I think I'll sell the rest of my shares at some point, put some of it in some ETFs and whatnot, maybe gamble on more stonks for a bit, and buy myself and the family a decent dinner :)",1612310118,glsswyf,False,t3_lb33ps,t1_glss4qp,5
West_Quality,"New here. Got in late but the price today was too good to pass up. Bought 3 GME and 10 AMC. Ended up down around $130 today. (Not a huge loss porn comparatively, but I’m only spending what I’m able to lose.) But even so. I set my limit to 666.66 on GME and $100 for AMC. (Hail Stan) I don’t intend to sell  until the HF pigs are puddles on pavement. This isn’t about money it’s about sending a message. I’ll either sell on the moon or clutch onto my measly stonk while I’m lowered into the grave. 


Plan for 2/3: 💎🤘💎🚀

Not financial advice. I’m just a 🦧 and I like the stonk.",1612310112,glsswil,False,t3_lb6aiq,t3_lb6aiq,6
steviolol,"If you’re still willing to buy GME in Australia, stake have reopened the ability to buy. Curious isn’t it..",1612310110,glsswdq,False,t3_lb6aiq,t3_lb6aiq,4
breadoralive,GME bagholders love it so much they decided to lose all their money and send their job applications to Gamestop,1612310107,glssw3o,False,t3_lb6aiq,t3_lb6aiq,-19
Nolio1212,"Guys, relax. Average down as we slide down. It’s always good to have a cash position in these cases, don’t toss ALL of your money into shit, especially if you u get in late.

Take some of that other cash and look for your next 3-bagger. Do not forget, this is mostly an options subreddit and there are TONS of 2x-10x opportunities that come by.

500 GME @ 16.45

Gonna yolo on some weedstocks pretty soon",1612310107,glssw51,False,t3_lb7rg4,t3_lb7rg4,12
Valence136,"Can I pay you to be my financial advisor? All I have is GME stock, but I hear it could be worth a whole $25!",1612310104,glssvv3,False,t3_lb6aiq,t1_glsdwo1,-1
Baydreams,They’ll all just throw all of it into gme shares and baghold paper losses too.,1612310104,glssvxc,False,t3_lat47o,t1_glsrlun,4
ObamaPhonesForSale,"CAN WE HYPE GME BACK UP FUCK IS WRONG WITH YOU PUSSIES 

🚀GME COMEBACK SZN 🚀",1612310100,glssvle,False,t3_lb6aiq,t3_lb6aiq,14
Expert_Mud_5912,"GME was a great ride to watch. I first saw it when it was about $38 and didn't believe in it, only to watch it sore to $400+ and back down to where it is today (we can thanks to market manipulation of Robinhood and other parties for the crash).

First of all wish I got onboard at the start, it would have been great to get on board. But I had recently lost \~3k option trading and was skeptical. I tried to get on the AMC bandwagon late and broke relatively even. I dished off my shares before today's massive crash.

Ultimately, the death of GME will be the principle of loss aversion. Loss aversion is the tendency to prefer avoiding losses to rather than attempting to acquire equivalent gains. Not everyone has the balls of deepfuckingvalue and can watch a 13M loss. I certainly couldn't. 

When I dabbled in option trading I bought three ZM put options. I knew it was going to raise and then bounce back down. But I kept going farther red and I sold. Had I waited 8 minutes I would have netted 7k profit instead of a 3k loss. But I couldn't handle watching myself lose money. The minute I sold I knew I would regret it, but that didn't stop me because I was cutting my losses.

This same principle will take over as GME continues to drop. People who got in early will dump to take profit. People who got in late will either have balls and hold, or they will dump to cut their losses. Regardless more people will dump the shares than will hold.  That is the entire principle of loss aversion.

I would love for you all to prove me wrong, but I don't think you will. Loss aversion will take hold and people will dump.

I'm not a bot, just not a frequent redditor. I am also not a financial advisor by any means nor is this financial advice.",1612310099,glssvg7,False,t3_lb6aiq,t3_lb6aiq,-5
caneicor,"My broke ass put my last $400 into this. 1 GME at 380, 1 share of AMC and 1 of NOK. And guess what? IM STILL HOLDING. 
🖐🏽💎💕",1612310098,glssvew,False,t3_lb6aiq,t3_lb6aiq,16
DontBeJellyBeButter,"Honestly this whole gme situation is the epitome of the American dream. Sell the poors the idea that they too can make enough to retire, only to strip them of everything as they look around clueless waiting for the ‘dream’ to become reality. The rich get richer and the poor stay poor, or worse  🦍💎🤚",1612310096,glssv8l,False,t3_lat47o,t3_lat47o,24
Slightly-Artsy," 

Guess who’s back, back again

We are back, tell a friend,

Guess who’s back, Guess who’s back, Guess who’s back, Guess who’s back, Guess who’s back, Guess who’s back, Guess who’s back, woah

Woah

I’ve created a monster,

Cuz nobody wants to short Gamestop no more,

They’re all holding, I’m chopped liver!

Well if you want holding this is what I’ll give ya,

A little elon musk mixed with a stock ticker

Some high’s that’ll get us buyin’ some hard liquor

Then we rock to our rocket on top, we’re all winners

And the doctor tells us not to eat our tendies

But the wife’s bf says that we all have plenty!

You’ve waited this long now stop debating,

Cuz we’re back, we’re on attack and speculating

I know that you got a job, but lately

Something tells me that your loss is complicating! (hey)

So the SEC won’t let me be

Or let me be me and buy GME,

They try to shut down WSB

But it feels so great with DFV,

So, come on autists, let’s rocket the ship

Wait stop! This is cosmic, so diamond hand bitch,

And get ready, cuz wall street’s about to get jelly,

I just made these fucking tendies - FUCK you Melvie!

Now this looks like a job for me,

So everybody, buy GME,

Cuz we need a little, controversy

And it feels so great with DFV!

Little Melvin! He's feeling rebellious, 

Embarrassed, we autists stole straight from his wealth chest, 

He starts feeling cuckholded and trollded

Till someone comes along and then yells out ""Go hold, bitch!"" 

A visionary! Vision is scary,

Could start a revolution, pollutin the share waves

A rebel, so just let me revel and bask in the fact that Mr. Chamath has got our backs

And it’s a disaster, such a catastrophe,

For wall street to see so much of my ass for free

Well we’re here- dananananananananana-

Get a diamond hand and hold it steady then we’re gonna

Bankrupt all these bitches like a fucking explosive

The hottest of potatoes, out in the open

It’s interesting, we’re just kids investing!

Ingesting our body weight in tendies!

Testing, attention please,

Feel my nest egg swelling when it’s 10 to 3

Here’s my 10k! Go buy all calls please

Who said “nuisance?” CNBC?

Now this looks like a job for me,

So everybody, buy GME,

Cuz we need a little, controversy

And it feels so great with DFV!

A ticket a half-wit, I’ll go tit for tat with

Anybody who’s talking this shit that shit

CNBC, you can get your ass kicked

Worse than that andrew left paper bastard!

And Citron? You can get whipped in prison!

You sour grapes, whining bitch like a lemon!

You don’t know us, you’re too old, let go,

It’s over, nobody cares if you sweat so, now let’s go

Just gimme a price and I’ll be there with a lambo lookin so nice

Yeah, I’m awesome, all bomb with my stocks cuz

Ever since july I’ve been on this concord!

But sometimes the shit just seems

Everybody wants to short my GME

So this must mean that we’re winning

Our stimulus is this vaccine!

No I’m not the first fund to bend the law, bud

I am the one who’ll chop the gorgon

And pop the bourbon while I shorten

These shorter’s futures be uncertain!

Here’s a concept that works

20 million other hedge fund shmucks emerge

But no matter how many fish in the sea

We’ll be swimming so free with DFV!",1612396794,glxdulk,False,t3_lby2wb,t1_glx9ei2,246
Bancas,When do you guys think WSB go back to normal now that the GME bubble has burst?,1612396784,glxdtve,False,t3_lby4jj,t3_lby4jj,-14
shortware,Idk all I know is GME and BB will moon some day. 💎🙌🏻🚀🚀🚀🚀🚀🚀🚀🚀,1612396774,glxdt43,False,t3_lbyf09,t1_glxdour,2
CotRSpoon,"I hope he goes, offers his perfectly reasonable stance on GME being undervalued and then ask if they will please count all the shares of gme and who owns them.",1612396773,glxdt39,False,t3_lc1udz,t3_lc1udz,10791
Legolas_i_am,When are we gonna see GME gain and loss porn ?😤,1612396767,glxdsme,False,t3_lby4jj,t3_lby4jj,6
CABMI,Holding AMC and GME,1612396765,glxdsha,False,t3_lby4jj,t3_lby4jj,26
lmkwe,Not settled but they've been showing since Monday. Kinda anxious too I can't trade any of it but it's forcing me to old gme haha,1612396753,glxdrnk,False,t3_laxcuc,t1_glxalp3,1
manamr,I wonder if gme and amc are gonna trade sideways for the next week and dip next Monday. It wouldn’t actually surprise me.,1612396743,glxdqvx,False,t3_lby4jj,t3_lby4jj,4
commentingrobot,Bought mine with GME tendies. The tears of bagholders make them so much juicer.,1612396721,glxdp8s,False,t3_lby4jj,t1_glxdj6b,2
Cristian888,Post your GME loss porn you cowards,1612396710,glxdoh0,False,t3_lby4jj,t3_lby4jj,25
Milosmilk,stop. you clearly don't understand the gme position or the subreddit you're in.,1612396704,glxdnzj,False,t3_lc12oy,t1_glx86kj,16
MerganzerMunson,I am willing to plunge my family into poverty to make an ineffectual statement! GME🚀🚀🚀,1612396702,glxdnun,False,t3_lbyf09,t1_glx9oxs,4
mrpoopistan,"If everybody here really wanted to fuck anybody, we'd individually invoke the arbitration clauses in our contracts with Robinhood.

RH would have to lawyer up for each case and they would get hammered with legal fees.

FTR, seeking this sort of discovery against a hedge fund would be absolute fucking hell. You'd be drowned in requests for documents, and then they'd probably pull something super-chickenshit like claiming they're using algos that are trade secrets. (This is how fracking companies get away with injecting solvents into water tables.)

The best litigation hope is that all this noise attracted enough of the SEC's attention to get them digging.

Most likely, though, there will be an investigation and congressional hearings. That natural conclusion will be that apes shouldn't be allowed near suit case nukes, rather than hedgies shouldn't leave suitcase nukes laying around in public places.

Ideally, for all of us, the best outcome would be for the SEC to get disinterested and fuck off. That would effectively moot claims of wrongdoing here, and it would greenlight further attacks against the HFs on other positions.

Remember, success is the best revenge.

My personal legal position is that this was all a hell of a proof-of-concept. I somehow doubt GME is the once-in-a-lifetime squeeze that people claim. Greed of this level is massive, and short interest went through the fucking roof in the last year.

I'd rather keep refining the process and find a way to hit the hedgies again.",1612396699,glxdnle,False,t3_lbyf09,t1_glx9kpi,17
yeoldecotton_swab,"Yup. Started seeing people pile more and more into $GME that had no idea what they were talking about and I am glad I exited. Pissed I let greed take over, but I'll take what I got. Not mad at all.",1612396695,glxdnbi,False,t3_l9p1xu,t1_glxcjw5,2
fogcity89,"doordash is $60billion company

gme is 6.5$ billion (91$per share and transforming into ecommerce)

seems like a lot of upside for an ecommerce (chewy is $40 billion)

btw i love gaming",1612396695,glxdnai,False,t3_lboqwm,t1_glvet45,1
ggiziwegotthis,"In my dreams: citadel shitshow, gme to the edge of the observable universe.

reality: probably NIO/TSLA/BB",1612396689,glxdmvu,False,t3_lbzeuv,t3_lbzeuv,79
Humble_Design_921,BUY GME BB NOK SHARES!!!,1612396684,glxdmk0,False,t3_lby4jj,t3_lby4jj,22
fooledbyvechain,"But the collapse in share price isn’t doing them any favors either. This is my point. Everyone just being angry and thinking with ego, when a path out for retail is available, hedge funds avoid huge fines and GME end this stand off. 
I guess unless Hedge Funds would rather pay multi million dollar fines, after the SEC investigation.",1612396673,glxdlo9,False,t3_lbyf09,t1_glxcuus,2
Wolf_Of_1337_Street,"Good job guys you made a hedge fund $700M with GME


https://twitter.com/mattzeitlin/status/1357113875909468161?s=21",1612396669,glxdle4,False,t3_lbyf09,t3_lbyf09,-46
Glad-Structure-9103,"Ask him to yolo his life savings on GME... if he says no, you know he's a 🌈🐻",1612396652,glxdk3x,False,t3_lby4jj,t1_glxd242,1
Phantomise,How much have you lost on GME retard 🤡,1612396644,glxdjhn,False,t3_lbyf09,t1_glxdg7g,9
ggTraumend,Wish I had bought these when they were cheap last week instead of circlejerking to GME 😭,1612396639,glxdj6b,False,t3_lby4jj,t1_glxd2v0,2
DumbStuffForMemes,Buying gme cause I'm dumb,1612396635,glxdith,False,t3_lby4jj,t3_lby4jj,9
MTGwizz,Upvote if you're going to hold your GME,1612396632,glxdilx,False,t3_lby4jj,t3_lby4jj,64
LeftyMage,"i can't wait for him to lose 500k and cry about markets, pull out, and then GME and AMC skyrocket.",1612396630,glxdiel,False,t3_lby4jj,t1_glxda6c,7
Kantro18,"Watching SAVA take off is beautiful but I missed it. 

Holding GME until the moon.",1612396626,glxdi5h,False,t3_lby4jj,t1_glxd76y,1
samcroft11,"Boys I’ve been 💎🙌🏼s for a long time but I can’t lie I’m feeling shitty rn. Could’ve cashed for 17k prof at peak, now sat on 1.5k prof. I’m a new ish retard this was my first serious play. Someone link me to some positive sentiment dd bc my diamonds are getting weaker. I believe in gme long run but feel like a fool atm bc I could’ve changed my life with that money. I’m still holding and plan to hold till minimum 9th when the recent short interest is released. Anyway, love u retards and I know people have had a lot more at stake and held. I just need some sweet confirmation bias and can’t find any rn apart from new apes saying hold.",1612396618,glxdhj8,False,t3_lbyf09,t3_lbyf09,104
JustinTime4242,Wait you mean to tell me gme amc bb nok arent the only stocks on the market?,1612396618,glxdhj4,False,t3_lby4jj,t1_glxd14c,3
Ilikereplicas1,Yup when gme hits 500$+ I will legit get a tattoo of diamond hands on my ass or ban me,1612396617,glxdhi5,False,t3_lby4jj,t1_glxcwcs,1
compupheonix,Instructions unclear. Buying more GME?,1612396610,glxdgyg,False,t3_lby4jj,t1_glxdcsm,13
flameoguy,why gme? super overvalued,1612396603,glxdgh4,False,t3_lby4jj,t1_glxbo2p,2
widespreadhammocks,he also lost 700k on GME so yeah,1612396601,glxdgbu,False,t3_lby4jj,t1_glxda6c,3
IFuckingHateTheSun,10K + tomorrow for GME.  TO THE MOON!,1612396598,glxdg1z,False,t3_lbykxg,t3_lbykxg,-7
mustikazim,Is it late for me to buy a GME stuck now?,1612396595,glxdfvt,False,t3_lby4jj,t3_lby4jj,1
ToNeverWaver,Both great positions to be in just depends on how much you have . Money in amc could go a longer way then money in gme because gme shares cost more. I’m no expert I just like the stock.,1612396585,glxdf2x,False,t3_lby4jj,t1_glwsuw7,2
bigbearshirts,holding onto both as well out of the sheer fact that every time I pull the plug and get out the price goes up so I'm in for the long. Plus in case GME does crash you still hopefully got AMC to fall back on maybe.,1612396584,glxdf1x,False,t3_lby4jj,t1_glxcmqg,1
ggiziwegotthis,"Dude why didnt I think of this, I'm actually going to scale down my plans of adding more untill the 9th. I will of course diamond hand my GME holdings tho.",1612396583,glxdez7,False,t3_lbzeuv,t1_glx25ld,6
Impossible_Job_4547,GME pleas fly again,1612396572,glxde45,False,t3_lbyf09,t3_lbyf09,59
IVoxxy,There's a whole thread dedicated to GME and they are still here jesus christ....,1612396567,glxddrw,False,t3_lbl62i,t3_lbl62i,11
OkDog99,"You missed the squeeze, DFV is probably holding for long term gains since gme's future is looking really bright",1612396557,glxdd0r,False,t3_lc1udz,t1_glxck72,-31
Gullible_State_9849,Id go long on GME again at around 30 depending on IV. Shit if it goes to 50 I might start doing ccs on it.,1612396555,glxdcv0,False,t3_lbyf09,t3_lbyf09,25
graham0025,"and if he wants to sell, that’s his prerogative. he owes us nothing. originally went long GME because he sensed deep fucking value, not because he was trying to pull off a short squeeze. 

his personal mission is already more than accomplished and shouldn’t be expected to sacrifice massive gains on the alter of destroying short sellers, who by the way have eaten bags of dick and won’t be sticking their pp in the toaster again anytime soon. 

the battle is already won",1612396553,glxdco2,False,t3_lbykxg,t1_glwudmh,7
sliceofsourcream,"thank you, this is appreciated much more than you know. I am with GME 100%",1612396535,glxdbb6,False,t3_lc0iut,t1_glx427c,81
BigMacNfrie,"$FUBO is gonna be a nice buy. Its one of the top shorted companies..**However the conditions of the squeeze are a lot better than GME and AMC currently. With the Super Bowl this weekend.. it should have solid growth conventionally. 

Not a F.A. 

Just a tard",1612396530,glxdavq,False,t3_lby4jj,t3_lby4jj,5
dlizano,Now everyone just needs to buy 1 GME STOCK 🚀🚀🚀🦍🦍🦍💎💎,1612396530,glxdawk,False,t3_lc06zu,t3_lc06zu,335
urraca,"GME Shorts made A LOT of money this week. But, very few are discussing that.",1612396521,glxda7g,False,t3_lby4jj,t1_glxc9y2,0
dryan,"SEC aren’t the reason you morons are losing money on GME hope this helps

$10 not a meme 💎🙌",1612396521,glxda68,False,t3_lbyf09,t3_lbyf09,-116
Mcbiffy,GME is over with guys.,1612396515,glxd9si,False,t3_lby4jj,t3_lby4jj,-12
[deleted],Kinda funny how only the people that started trading a week ago are the only ones still holding gme shares. Buy high sell low.,1612396504,glxd8x0,False,t3_lbyf09,t3_lbyf09,-79
[deleted],I just wish the front page wasn’t covered in GME so I could actually read some DD posts or see some new YOLOs. I can’t even subscribe to the sub because it’ll take over my entire feed.,1612396504,glxd8ul,False,t3_lby4jj,t3_lby4jj,6
caseyspicerr,BB & GME need to fly again. I don’t like being poor 🚀🚀,1612396503,glxd8sj,False,t3_lby4jj,t3_lby4jj,8
Humble_Design_921,GME BB NOK,1612396503,glxd8uh,False,t3_lby4jj,t3_lby4jj,7
idkdc1031,Why not spend $6M on buying GME???,1612396487,glxd7ny,False,t3_lbrghe,t3_lbrghe,2
Legolas_i_am,You can cut off your losses and still believe in a company. Unless you think GME fair value is greater than  $100.,1612396484,glxd7f9,False,t3_lby4jj,t1_glxbyam,1
brave_potato,"To the mods removing my post [here](https://www.reddit.com/r/wallstreetbets/comments/lc16tw/a_reminder_for_the_gme_boys/).

You will let apes literally scream about short interest on GME being 226% on every single thread. This information is wrong, but you do not remove it. You let literal disinformation sit up on threads that real people are using as justification to gamble their life savings away: but the second I put up a post with some links going against the ""GME Movement"" you guys remove it. 

What the fuck?

To the GME Boys: The mods are creating a safe-space on the front-page to encourage you to dump your life savings into a stock.",1612396472,glxd6il,False,t3_lby4jj,t3_lby4jj,11
Emanftw,What are the chances of a second GME squeeze?,1612396466,glxd64c,False,t3_lby4jj,t3_lby4jj,-6
Sir_Meowstro,"As a registered broker who is employed at an investment firm he is blacklisted from trading on his own behalf due to a potential conflict of interest with his firm. He either had to give notice months in advance for compliance to give him the ok or he blatantly went behind the back of his firm and regulators to make videos and trade in hopes that nobody would audit him. 

This is moreso worse from a public image perspective. When your advice is backed by a licensing and institutional experience, no disclaimer can save you. He is not some ""retard in his basement"" as the media and the fans have said. He's a professional analyst working for a hedge fund. It contradicts the entire ""anti-establishment"" gimmick.

If the judges audit him and find out his GME trades weren't cleared by compliance or regulators, he's gonna have SEC guys busting down his door and arresting him like he's Bobby Axelrod.",1612396464,glxd5yy,False,t3_lbykxg,t1_glxcmrw,36
fooledbyvechain,"No. Banking on GME institutional owners to just do what Porsche did with VW.  Current float would cost 2 billion. They already own 90% of the company. This just let’s retail out. Hedge Funds avoid huge SEC fines and this stand off ends. Just seems everyone is being angry, when there is a way out for everyone.",1612396461,glxd5q9,False,t3_lbyf09,t1_glxcek5,-3
manofculture003,Netflix new series based on GME story casting literal mannequins as bagholders,1612396453,glxd56q,False,t3_lby4jj,t3_lby4jj,6
GodFromMachine,"I don't usually dig through people's profiles, but you are just too good.

5 days ago, you were telling people asking if they're too late to the GME party, that it's ""just beginning"". 

That tells me you bought a fuckton @ 250-300. Then you saw the stock plummet, and you panick sold at somewhere between 70-150.

Now instead of posting that nice, minimum 50%, loss porn, you're out here trying to demoralize people, and hype weed stocks, hoping you can be the next DFV (you won't be).

How much on the money am I, mr. Itsobviousifyoulookatthecharts?",1612396446,glxd4mg,False,t3_lby4jj,t1_glx8qu7,6
oystrodoom,"You know what I do?  When I'm sitting in project team meetings that have nothing to do with me, I try to think of 10 things that would piss off GME apes and post them ASAP.",1612396441,glxd488,False,t3_lb6aiq,t1_glxbnsv,-1
bill0124,Can we stop with the GME? No one wants to join your cult or hold your MASSIVE bags,1612396437,glxd3y2,False,t3_lby4jj,t3_lby4jj,-4
cshady,I have 6 shares and I’ll hold these till fucking $0 let’s go GME!!!!!!!,1612396434,glxd3r4,False,t3_lbzfe2,t3_lbzfe2,2
weriseagain7,Hold i love this GME to the moon 🚀🚀🚀🚀,1612396432,glxd3js,False,t3_lby4jj,t3_lby4jj,7
DaMadRabbit,"those are nice lines, i like lines, i like gme",1612396426,glxd34k,False,t3_lbw8w7,t3_lbw8w7,1
AndThisGuyPeedOnIt,"How low does GME need to get for the automod to block all posts about it? My fucking reddit feed is literally 50% GME ""DiAmOnD hAnDs"" bagholding bullshit.",1612396421,glxd2qu,False,t3_lby4jj,t3_lby4jj,7
m_stew5,Finally GME is dead so we can move on from the memes,1612396410,glxd1vf,False,t3_lby4jj,t3_lby4jj,-10
ChicknNugBuds,Lmaooo GME got drilled to an even 90. Huge flex from HFs,1612396407,glxd1of,False,t3_lbyf09,t3_lbyf09,34
awkies11,Getting into GME post 300 is like betting 6/8 on the table in Vegas and wondering why you keep losing...but you keep putting chips on it,1612396400,glxd169,False,t3_lby4jj,t1_glxbt17,1
nfam726,"gme bagholders need to consider the opportunity cost of not buying literally anything else in this raging bull market

AAPL PLTR TSM gang",1612396399,glxd14c,False,t3_lby4jj,t3_lby4jj,4
sliceofsourcream,"\*paper hands GME shares\*

Stanley: ""Boy, have you lost your mind? Cuz I'll help you find it!""",1612396392,glxd0iv,False,t3_lc0pts,t3_lc0pts,4284
fhidas161803,"RKT 2/19 $23 C

Holding GME $185",1612396383,glxcztd,False,t3_lby4jj,t3_lby4jj,6
buffalojay83,Throw shit at the wall then hold my very few $316 GME shares and more (but still very few) $14 AMC shares while I see what I can sell to buy that dip.  I'm new but I'm very retarded and have been a pro retard for a long time meow.  I promised my kids I'd take them to the moon and dammit that's what ima do!*,1612396381,glxczox,False,t3_lby4jj,t3_lby4jj,9
Its_the_dankness,I wish I had shares of GME that I could sell CCs on. Some guy sold 10 CCs for 200k on GME the other day. I don't think money gets freer than that.,1612396361,glxcy6d,False,t3_lbl65s,t1_glxchi8,2
bullshark3000,"it doesn't make sense for him to post daily updates... it will only cause anxiety or jubilation for GME holders.

True diamond hands autists ignore the volatility and hold until they get their price!",1612396358,glxcxxg,False,t3_lbykxg,t3_lbykxg,1
globohydrate,"I made all my losses from last year back  on GME and then some. Got in at 60, cashed out some at 325 and the rest at 250 when it was evident that the party was over.

Now I'm looking to see how to lose it all again.",1612396341,glxcwnq,False,t3_lby4jj,t3_lby4jj,8
dangitsmichael,I've finally seen other tickers besides GME and AMC,1612396330,glxcvti,False,t3_lby4jj,t1_glxcqyw,1
edibleblue,"This is dedicated to all you GME bag holders out there! 

Praying for ur soul! 🙏",1612396322,glxcv7s,False,t3_lby4jj,t1_glxcpvr,2
ShnyMnstr,"Reminder night threads are for Doomers only.

Go stack some paper for more GME shares in the coming weeks.",1612396313,glxcuj0,False,t3_lbyf09,t3_lbyf09,44
MarukoM,"I had call debit spreads 131.25/130 exp 3.17 on APPL when it fell to 130... I could’ve been several thousands dollars wealthier by now but I instead sold it all days ago to put in half of it on GME at 240....

Woo",1612396306,glxcu09,False,t3_lby4jj,t3_lby4jj,7
Houston_swimmer,Dude please don’t do this. It’s over. Gme as a company might be saved from this but the short squeeze is done. Get out with what you can and find another play,1612396275,glxcrlj,False,t3_lby4jj,t1_glxbwi2,-1
BabyYodaTheEggEater,Do you think GME will rise tomorrow or take another dip?,1612396271,glxcrab,False,t3_lby4jj,t1_glxcmqg,2
jimbob123135,"No worries man, I also made the same mistake of comparing share prices back in the day. It's the market cap that you would want to look at though.

(ex. AAPL MC = 2248B, GME MC = 6.45B)

Apples MC is 348x higher than gme so the share price of GME would need to be over 32k to be equivalent.",1612396264,glxcqq3,False,t3_lbzf18,t1_glxbrzb,5
fogcity89,"[https://wherearetheshares.com/](https://wherearetheshares.com/)

There is a video in here about failure to deliver.

TBH it starts getting real crazy when many players are in the book -- I can see how 70million issued by GME but reporting number is actually 100 million.

its also scary that we all believe our money is in our bank account, knowing actually banks lend out our money as IOU's to others, but in reality if there is a bank run some people will be out of luck.",1612396257,glxcq67,False,t3_lboqwm,t1_glvbl5w,4
Julian_Boutwell,"Yes 1000% don't listen to the sour people on here who are hoping we fail just for the Subreddit to go back to ""Normal"" They lack conviction entirely, and are little Paper Portnoy bitches. Literally almost everyone here is all in on GME and AMC. Anyone else are the one's we're trying to weed out.",1612396252,glxcptz,False,t3_lby4jj,t1_glxc7lx,0
RedOctober09,yeah i've definitely learned some hard swallowed lessons with the GME gambit. I like the idea about getting in on the psychedelic medicine business. Its a market I believe in wholeheartedly and am deeply knowledgeable about. Just need to look into the companies bringing it to market now. ketamine is already huge in depression treatment,1612396245,glxcpcc,False,t3_lby4jj,t1_glxc94g,0
GunnyGoforth,I heard the gme 2.0 wave is coming.,1612396240,glxcoy5,False,t3_lby4jj,t3_lby4jj,29
ChicknNugBuds,If GME continues to drill they will be buying FDs,1612396239,glxcowh,False,t3_lby4jj,t1_glxch3o,1
Gobbman,Buying more Havn Life Science plus GME & AMC! 🚀🚀🚀🌙,1612396235,glxcokw,False,t3_lby4jj,t3_lby4jj,4
al323211,"1 - This is market manipulation.

2 - If you all in theory sold shares to buy puts, the institutional buying of retail stock would drive the price of GME up which would blast y'all out of your puts and make them even more worthless than your GME shares.",1612396230,glxco5o,False,t3_lby4jj,t1_glxc600,1
gbtwo88,SAVA literally wiped out my terrible GME plays,1612396214,glxcn0w,False,t3_lby4jj,t3_lby4jj,10
Fatih256,"I think the 🦍 from Europe and Asia do more for GME and AMC shares than 🦍 from US  !!! Everytime the US-Stocks open the shares fall in the red zone.



Change my mind !",1612396199,glxclwb,False,t3_lby4jj,t3_lby4jj,13
Terrible-Coyote-4671,"THE SCC WONT LET ME BE, CAUSE I BE HOLDING STOCKS IN GME. TOMARROW WELL LETS JUST SEE, THIS ONES FOR HORRAMBE!! KEEP IT GOIN!!!!!! NAY NAY NAY NAY NAY NAY NAY NAY NAY NAY NAY NAY NAY",1612396193,glxclfb,False,t3_lby4jj,t3_lby4jj,4
Nateconf,"Cash out now, or wait until after March earnings? Is 100+ sustainable for GME?",1612396191,glxclcj,False,t3_lbyf09,t3_lbyf09,-61
naIamgood,There were several hedge funds holding gme including the guy who shorted the real estate in 2008. SEC go investigate them!,1612396189,glxcl79,False,t3_lbykxg,t3_lbykxg,0
davwman,Gme adding three major e-commerce players today reaffirmed the reason I love this stock,1612396175,glxck52,False,t3_lby4jj,t3_lby4jj,4
Habitualtendencies,"This is absolutely true, and its exactly the kind of thing we would be doing if we were a group of well trained coordinated traders acting out a single strategy.

Unfortunately, we're just a bunch apes banging on key boards, yelling into the wind about how much we like the stock.

IDK if you ever tried to lead people but there's a negative correlation between the complexity of instructions and the number of people who will be able to follow along. In other words try to play too smart and the apes wont be able to pay attention long enough to do anything other than shit their hand at throw it at each other.

So with that in mind. 

1.I'm holding because I like the stock.

2. If you like the stock you should probably hold too.

3. If everybody hold GME might just get to see the fucking moon. 

Not financial advice, just my game plan, and if you want to know what my exit price is know that to me this about owning not just a piece history but also about supporting a part of my child nostalgia, so about 1.5k each",1612396171,glxcjt9,False,t3_lbee8k,t3_lbee8k,1
thesmiter1,"""You can keep sperging out""

Proceeds to rant incoherently about GME spam being the pinnacle of his life LMFAO",1612396170,glxcjsq,False,t3_lby4jj,t1_glx3vy9,1
BabyYodaTheEggEater,Should I sell all of my AMC shares and buy GME?,1612396165,glxcjd9,False,t3_lby4jj,t3_lby4jj,-5
olliesdad73,Newbie to WSB. Just bought my first GME shares today.,1612396162,glxcj6e,False,t3_lby4jj,t3_lby4jj,5
irishusmc2232,"I think there are a lot still holding GME, but it seems pretty apparent that enough people sold and short positions were allowed to be covered to a point where there's no 69,420 coming. It was an incredible proof of concept, and we should continue to strive to accomplish similar feats in the process, but some people got way too financially invested and I'm pretty sure a lot of people just financially ruined themselves for the foreseeable future. I invested in AMC and I am hodling, but GME had already soared and was so unbelievably unstable I had no desire to get in on that. I invested an inconsequential amount, more to be supportive of what was happening more than anything.  Good news is, stand by for the loss porn storm of the century.",1612483195,gm1z1kg,False,t3_lctvac,t3_lctvac,9
E_K_Finnman,"I'm in the exact same place, one GME and one AMC and I got it yesterday for $100",1612483192,gm1z1b6,False,t3_lcpfr8,t1_gm1bx6n,2
BARoach,"Literally over 7mm new people joined the sub last week.
""trusting the people here"" about GME was about the same thing as trusting a random guy on a street corner holding a sign that said ""I like the stock"".",1612483192,gm1z1bf,False,t3_lcszih,t3_lcszih,2
gem111235,20 more shares of GME at $55.,1612483179,gm1z0d5,False,t3_lcqrtj,t3_lcqrtj,2
holiday_armadillooo,"“Also you can take my gme stonks from my cold dead hands”

So you haven’t learned a thing.",1612483176,gm1z05d,False,t3_lco7aq,t1_gm1r5tu,11
JRSmithwithabadshot,GME got me fucked up bruh,1612483175,gm1z01n,False,t3_lcoe7l,t3_lcoe7l,29
Groomsi,"Can someone tell me: What does BB have to do with AMC and GME?

It was never heavily shorted, not even close.",1612483172,gm1yzts,False,t3_lcstwt,t3_lcstwt,1
Mardanis,I'm not aiming to criticise but if this is hurting GME why aren't they just doing this as a matter of routine or defense without outside input? Surely its in their interest to always protect themselves?,1612483168,gm1yzgm,False,t3_lcpwh0,t1_gm1rp8n,12
Fantastic_Cheetah,In the last year? I spent about 3 thousand. Bought ps4 and the vr for it. Bought two xbox ones. A switch lite. A switch. New controllers and accessories for the switches. Bought some clothes. Bought a crap ton of games. Gme is a stock I believe in.,1612483164,gm1yz75,False,t3_lcq65y,t1_gm1xfxd,1
Rare-Willingness4022,"2 hours or not. It still reached that level, a 500% gain. That's ridiculous. VW shares were around 200 when it got sqouze to 1000. GME $5. Do the maths. Don't get me wrong it still has potential but it's going down to $10 a share then it'll up pick after covid",1612483160,gm1yyy0,False,t3_lctuaa,t1_gm1ybgb,0
JV132,Yeah I basically harvested a 10k loss from GME. I’m only 18 and I’m way too stressed I had to pull the plug. Thankfully ive been working a while and had past success with stocks so I’m still sitting on around 20k. Which I’m gonna reinvest,1612483159,gm1yyw9,False,t3_lcoe7l,t1_gm1w74k,1
[deleted],"Not expecting it to go to the moon. The momentum in this momentum trade it gone. That being said, having bought GME @ $280 there’s no real point in my selling at this point. I had genuinely figured it would hit $700 at least in the squeeze - now I’m praying for $100 so I can recover at least some of my gamble. But it’s unlikely, so I guess I’m holding till death.",1612483158,gm1yyrc,False,t3_lcqq5s,t3_lcqq5s,1
handslikeehonda,Gme rip,1612483158,gm1yys2,False,t3_lcoe7l,t3_lcoe7l,-14
sassyover123,GME at $10 DFV is still gonna be a millionaire.,1612483153,gm1yyez,False,t3_lci5pe,t3_lci5pe,2
TriumphantOrgasm,"If you are still in GME, may as well hold till next week when the short interest figures come out. If they go against what the media was pushing then there could be another squeeze. If not then you can decide to sell or hold long term. Selling now is stupid unless you put 100% of you life savings in.",1612483151,gm1yya9,False,t3_lcoe7l,t3_lcoe7l,32
[deleted],"If you look deeper then stocks he had a lot to do with their success. [They were #1 and beating Amazon in terms of sales for pet food way back in 2017](https://www.wsj.com/articles/petsmarts-latest-bite-at-e-commerce-chewy-com-1492562264), before they got acquired and 2 years before they went public.

He gets e-commerce and he added good people this week who get e-commerce, he could make Gamestop huge.

That said I sold all my GME back at 150.",1612483150,gm1yy6x,False,t3_lcoe7l,t1_gm1xxkw,1
PaleAnteater3480,"I’m buying more gme tomorrow, I personally think it’s so weird that the message of this Reddit flipped overnight. I still think it will go to the moon 🚀🚀🚀",1612483150,gm1yy6f,False,t3_lcoe7l,t3_lcoe7l,31
KZCrow,Can you use those points to buy $GME stock?,1612483140,gm1yxdq,False,t3_lcu20m,t3_lcu20m,2
AutoDrafter2020,"You ever get that kind of toilet paper that rips the sheet off at the slightest tug? You know that 1-ply shit you find inside the dollar tree bathroom because you un-expectantly have violent diarrhea from your Taco Bell lunch so you had no choice but to use their bathroom? The kind you have to wad up in 6-7 layers because it's so damn thin? 

Yeah, reminds me of the people that are selling GME right now.",1612483137,gm1yx77,False,t3_lcoe7l,t3_lcoe7l,22
kungfucobra,"Never, my friend, I will take GME to heaven 🚀🚀🚀",1612483131,gm1ywqd,False,t3_lcq65y,t1_gm1lr8w,1
TruthHurts236911,"What better to gamble than what you don't have? If you don't have it you can't lose it..... DUH!  
Just delete the app and change your name if it doesnt play out and you dont have to pay back the interest on the 15%. This used to be the instant fix for RH retardation now we can use it for GME yolos as well.",1612483129,gm1ywji,False,t3_lcl6en,t1_gm15t2y,4
[deleted],"Because every one of you dumb GME hodlers feel the incessant need for other internet strangers to support your idiocy. WSB cares about other WSB people making money. That's it. 

Yes, failures are celebrated, but that doesn't mean they are encouraged. It is unconscionable that all these new dumb dumbs are constantly egging each other on to buy more and hold it forever even though all logic would indicate that this is a very very risky play which seems to have run its course.",1612483117,gm1yvm5,False,t3_lcqitb,t1_gm1xfek,1
OnyxDeath369,"Not an advisor, but I think GME shares will be worth 50$ at some point this year.",1612483117,gm1yvk1,False,t3_lcs1i0,t1_gm1uh2o,11
D-Hippie4,"This is the most retarded post I've seen in my entire life. I'd give you gold but I put my life's savings into $GME. 💎👐 $GME till we reach Uranus!🚀🚀🚀🚀🚀🚀🚀🚀🚀🚀🚀🚀🚀🚀🚀🚀🚀🚀🚀🚀🚀🚀🚀🚀🚀 

^I am not a lawyer, accountant, or fiduciary, and the above is not financial advice. I'm just a guy who eats glue garnished with glitter.",1612483116,gm1yvhc,False,t3_lco5he,t3_lco5he,1
schmitty257674,You were insanely clear and transparent. Same with deepfuckingvalue. If you said it would be 60 today a month ago you would have been put in the insane asylum. Once I saw that literally all of wsb was in gme I knew it was over for now. Inverse wsb was a legit strategy before we added 6 million new members,1612483110,gm1yv0b,False,t3_lcnllj,t1_gm1kvzn,17
JimmyChill2020,Price doesn't matter. I know what my gme are worth and that's what's important,1612483110,gm1yv0a,False,t3_lcoe7l,t3_lcoe7l,11
-svnz-,"Because I've been telling you to sell since Monday when gme was still above 270. This was a huge bubble, and bubbles do not last long on the market. But the cultist mentality here just overrides any source of logical thought. This place grew by millions of people in a week. Millions of people who have never made a single trade on the stock market before, acting like they have a fucking clue what's going on. You are worse than Qanons. Worse than flat-earthers. You are stuck in a cult of brain dead idiots wilfully pissing your money away, and sliding it into the pocket of billionaires. Anyone who tries to stop you literally going bankrupt is a shill. Literally fucking Qanon.

So now I cheer it on. Because frankly I don't give a fuck about you, just like you don't give a fuck about your money. Diamond hands everyone. Paper handed bitches like me got out with 320% profit but we're the real losers here. I'm sure that 18 year old redditor who made an RH account last week and bought in at $400 a share knows better anyway.",1612483091,gm1ytkw,False,t3_lcry4s,t1_gm1x6it,5
thrivingkoala,"Yes, sell it. The [long HFs have abandoned ship and reaped their profits at the end of last week](https://twitter.com/garyblack00/status/1356396629969010688?s=21)

And the one hedge fund manager who jumped in on the hype two weeks ago and [made a well received post on that](https://reddit.com/r/wallstreetbets/comments/l2zk5e/a_hedge_fund_managers_perspective_on_gme/) wasn’t really appreciated for [his second where he said the squeeze had already happened and urged retail investors to get out](https://reddit.com/r/wallstreetbets/comments/l6xmt7/a_hedge_fund_managers_opinion_on_gme_what_to_do/). That was a week ago. 

GME went from 20 to more than 400 dollars within about two weeks - VW went from 400 to 1000€ within two days with a lot less shares in free float. The squeeze did happen",1612483090,gm1ythq,False,t3_lctygl,t3_lctygl,0
cenaluc,"No, it was a pump and dump.
I did not see a similar disaster since tanker gang last year but gme will not see any recover with vaccine pump or oil price.",1612483089,gm1ytf6,False,t3_lctxug,t3_lctxug,3
justacatdontmindme,15@102 not a GME bagholder but I still got fucked lol,1612483085,gm1yt3w,False,t3_lcq65y,t1_gm1ypd5,0
twitterInfo_bot,"$GME SI % Float is the third-largest domestic float (with short interest over $100mm) behind $SPWR and $AMCX. \#AskIhor 

***

posted by [@S3Partners](https://twitter.com/S3Partners)

^[(Github)](https://github.com/username) ^| ^[(What's new)](https://github.com/username)",1612483075,gm1ysdg,False,t3_lcu1up,t3_lcu1up,17
handslikeehonda,Sell your gme and amc shares if you are smart,1612483066,gm1yrqf,False,t3_lcoe7l,t3_lcoe7l,-26
dinosaurpuncher,My theory is firm that was shorting it got margin called for sorts on gme or another meme stock and had to cover,1612483064,gm1yrjg,False,t3_lcq65y,t1_gm1yane,2
Salty_Nall,Sorry to clarify: I got GME fairly early on.  I bought some AMC at a loss.,1612483062,gm1yrc1,False,t3_lcmsbo,t1_gm1woo3,1
2CHINZZZ,Some people on here have even been saying GME should be worth $300 even without a squeeze,1612483058,gm1yr34,False,t3_lcnllj,t1_gm1gekr,1
saiyanprince2714,"That's the way I missed GME. I sold at $110 and planned to buy again when it dips, but it climbed to 300s same day. Now same thing might happen any day, maybe not. Either take the loss and miss or buy again on dip if lucky. Now it might be lucky time, best to buy the dip then sell & buy.",1612483054,gm1yqsk,False,t3_lcr336,t3_lcr336,1
shooler00,"If D&D wrote the GME saga, it would've ended Thursday morning when RH restricted buys and GameStop went bankrupt five minutes later; no one would mention GME or the fallout again. Then Elon Musk would have been made president of the SEC because he had the best story. The end.",1612483049,gm1yqdp,False,t3_lcq65y,t1_gm1xu51,2
kshish1,"I never held a position in GME, that being said, wild ride.",1612483045,gm1yq2r,False,t3_lctvh9,t1_gm1yi3e,1
[deleted],"Not selling but I dont have a lot of confidence in GME anymore. I'll hold it for a year or two. See what happens. But I think the 🚀 must have already gone to the 🌕 and I missed my flight. Or I stayed on until it returned to 🌏 instead of getting off... oops!

I'm putting most of my money into AMC now",1612483038,gm1ypia,False,t3_lcss35,t3_lcss35,9
IsaacTrantor,"With these many eyes watching how Wall Street has abused GameStop, GME can't collapse now.  In fact, it would be smarter to prop it up a little for a year or two.",1612483026,gm1yokh,False,t3_lcpu62,t1_gm1wxgx,1
Matt2486,"F. I've been on here for a few years and if you have to then you knew how this would end. Only gamble what you can afford to lose. These dudes who had millions of dollars worth of GME were not you. They were able to put down 250k minimum to get in a while back. They weren't hurting for money in the least bit to begin with.

The dudes who used their dental school loans and mortgage money to bet on this are true, unfiltered WSB retards and I'm proud of them for keeping the state of the sub alive and well. If you're not holding, loss porn please.",1612483026,gm1yolw,False,t3_lco7aq,t3_lco7aq,1
godfather188,Gme puts woulda make so much money fuckkkkkkkkk,1612483022,gm1yoam,False,t3_lcoe7l,t3_lcoe7l,8
dancegoddess1971,My son will love these 5 shares of GME. I might give them as a birthday present next month.  I did set a limit sell on 2 @$1200 in case it rockets. I'm optimistic. But I'm also a retard.,1612483013,gm1ynid,False,t3_lcew2h,t1_gm1ddqe,2
WSBmodsfrickingsuck,"If you’re down bad on GME, put it all on CRSR earnings",1612483008,gm1yn55,False,t3_lcq65y,t3_lcq65y,7
phil_hubb,Good move. GME stock certificates may be collectible after all this trauma fades.,1612483008,gm1yn6s,False,t3_lcn16d,t3_lcn16d,2
foeplay44,"I got in hoping to eventually own Lucent shares, but I wasn't expecting it to fly this high before any announcement. I too want them to get it over with one way or another so I can move on with my life. It's the first ticker I check in the am, actually I lie, first I check GME to see if its at $5.",1612482999,gm1ymjj,False,t3_lcdbiy,t1_gm1x6hf,1
killmelast1,"actually, SOLO is a spanish word, it means alone. Like the GME stocks will be when they reach the Kuiper belt.",1612482984,gm1ylcd,False,t3_lcry4s,t1_gm1usml,37
Arachnos7,It's a bad thing to be a pussy when what GME is actually going to do is still entirely unclear,1612482982,gm1yl6o,False,t3_lcoe7l,t1_gm1yfj8,2
ghengilhar,There's around 54 million shares out there. A bunch of redditors are not going to be able to influence proceedings. Turns out the people who made bank off of GME are other hedge funds.,1612482978,gm1ykto,False,t3_lcoe7l,t1_gm1y8xy,3
fulltimeledge,"I’ve recently warmed up to you GME gang. At first I thought you were retards, but I’ve since realized you’re retards with principles, and 💎 hands. I’m in for 500 shares at $60",1612482977,gm1ykrc,False,t3_lcoe7l,t3_lcoe7l,30
nest5900,"the squeeze happened you poor bastard

AMC is long now, youre gonna be waiting until post covid if you want to break even in any capacity. buying in at 13 isnt too bad, just dont sell 

gme is dead tho",1612482970,gm1yk7q,False,t3_lctxte,t3_lctxte,6
jakefrederick1118,"Well I think the short interest is disclosed but several weeks after it's taken. So the info is typically old.  

The reason dfv knew it was a good play is gme is at least worth 40.  The short interest at 4 was 120% (several weeks after when he checked).  Now we wouldn't know because of the volatility.

Could be 300 could 200 could be 100.  This shit still may burst.  I was up.  I sold today.  It broke my heart.  I hope the rocket takes off and I'll post that retarded drawing of wsb players today that's going around.  I hope even more it keeps dropping so I can take another 100 in and get a bunch more.

The long play is here.  Ryan Cohen is a beast.  Steve Cohen has a small peen. 

That's my understanding. To sum it up cause I know I ranted tangentially. I don't think we can for sure know any of their positions.  

Also you seem knew.  I think its called x clearing but hedge company's and brokers can sell directly between each other and not disclose those transactions meaning they can clear positions without disclosing positions.  The ""squeeze"" would in theory take place unless they did illegal shit which in my opinion has obviously happened.  (Illegal shit not necessarily x clearing (if that's the proper term))

Fingers crossed for my forsaken brethren.",1612482961,gm1yjkl,False,t3_lcmsbo,t1_gm1suhq,2
schwitaner,I like this „Series“ Hope it gets more attention once the noise around gme settles,1612482954,gm1yj20,False,t3_lctlnr,t3_lctlnr,2
mattwalsh25,You seem so mad and it's not about GME. You need to talk about it bro?,1612482948,gm1yiky,False,t3_lcq65y,t1_gm1wbgz,1
toasted_t_rav,"If you’re holding gme shares at this point you better not sell. Not because it’s going to go back up. It’s not. 

No you hold them to make sure you remember how fucking ♿️ you are. You hold them so every time you log into your account you have a giant red -95% on your screen.",1612482947,gm1yifv,False,t3_lcdbiy,t3_lcdbiy,17
DavidNexus7,"Seriously, it’s like half the subreddit’s comments before this GME event. Calling idiots retarded was like the foundation of this sub.",1612482944,gm1yi7d,False,t3_lcoe7l,t1_gm1xob0,1
Throwawaymywoes,Bagholders will be saved if GME announces they’re making an EV for Gamers.,1612482942,gm1yi2t,False,t3_lcq65y,t3_lcq65y,17
killaju,GME at less than $50 RIP,1612482941,gm1yi0h,False,t3_lcoe7l,t3_lcoe7l,7
Treegonaut,"I mean if you're looking for free money to fuel GME, try weed stocks as weed legalization maybe happen pretty soon in the U.S.",1612482938,gm1yhs8,False,t3_lcoe7l,t1_gm1y3j0,1
NM_DesertRat,"Eventually Gamestop goes bankrupt. Depending on the type of bankruptcy, you could lose everything. Gme WILL go bankrupt. It's just a matter of time. The question is, will it hold out long enough for the gme endgame to become fully realized.",1612482937,gm1yhpx,False,t3_lctwa6,t3_lctwa6,-4
thr33labs,What a waste to go back to gme. The system will halt it every 10 minutes if it does start to move. They have shown they wont allow it to happen. And more of you guys post stuff like this. Get out of the dang stock already and save yourself a little money,1612482936,gm1yhmh,False,t3_lctswg,t3_lctswg,2
Katloose99,Lmao looking through your history you only bought 1 Gme share lmao. And you post non stop about the company you have $100 invested in. Truly small time,1612482933,gm1yheh,False,t3_lcpfr8,t1_gm1xwnu,2
Lancaster61,"Honestly at this point it’s not even an ape move anymore. Prior to the spike, I told myself that GME is legit a good investment anything below $60/share for a long term investment. I may double or triple down and just hold for a year or two.

With the 3 new board members, it’s hard to see GME failing. And $60 is a conservative estimate too, if they turn into a growth company, they can be worth $150/share easy.",1612482932,gm1yhbx,False,t3_lcfzdf,t1_glzzp4s,1
exxxidor,Yeah. Nothing more than I'm willing to lose. Honestly GME is now a dumpster fire. But I think AMC may make some returns later this year or next once theaters start re-opening and since all the other national chains went tits up.,1612482928,gm1yh0q,False,t3_lcoe7l,t1_gm1ay9l,2
MrDitkovitchsRent,Hindsight being 20/20 I should have ran from GME when everyone at my university started posting on Instagram about how the little guy is finally winning.,1612482928,gm1yh00,False,t3_lcdbiy,t3_lcdbiy,9
MustadioBunansa,I got 6 of GME at $90 and 40 of AMC at 9.31. Will keep holding. I am sad though.,1612482926,gm1ygvy,False,t3_lcss35,t3_lcss35,6
unnecessarychaos,"""If a guy that owns 0 GME tells me to hold, im gonna hold!""

- you",1612482926,gm1ygu7,False,t3_lcq65y,t1_gm1xrda,1
CarefulMeat,"GME is going to be **saved**, and here's how. Philip IV of France led a brutal crackdown of the Knights Templar in 1307. Some say it was to confiscate the enormous treasure of the secretive society. Here's the problem: the gold was never found. I have DD that it was smuggled away by Gerard de Villiers in hay carts and then boarded onto ships to be transported. Although the treasure has never been found, rumors circulated that it was hidden in England. In the early 17th century, the Puritans of England had ... \[part 1/38\]",1612482917,gm1yg7c,False,t3_lcoe7l,t3_lcoe7l,35
HMEoscar,"Not a problem sir, this retarded ape has explained it all quite perfectly: [https://www.reddit.com/r/wallstreetbets/comments/lco5he/this\_is\_100\_proof\_that\_gme\_is\_literally\_in/](https://www.reddit.com/r/wallstreetbets/comments/lco5he/this_is_100_proof_that_gme_is_literally_in/)

Although my real reason is because I believe in the company's ability to increase in value after all of this, I bought at 250 and again at 100 and my average is currently £106 per share (only 2.6 shares cause I'm not putting everything into this). If we don't rocket momentum and instead completely dip next Tuesday after finding out if the stock is still heavily shorted, the price will be a dead fish. I will buy that dead fish and lower my average share cost to a reasonable amount. I will then hold long and watch the company either die or flourish. If they flourish then the stock could increase and if it increases enough to be worth more than my average cost per share I will have the option to sell at a profit overall.

This is still a risk, but so is all investing. I've learned some great lessons about only investing what you can afford to lose, and about thinking long term gains over short term losses. This is also not financial advice because one look at my comment history will show you how truly retarded I am.",1612482913,gm1yfv2,False,t3_lcoe7l,t1_gm1vzb7,2
SQUID_FUCKER,No people have been buying using other brokerages.  I'm out of GME but most of them restricted at one point or another.  eToro and TD were restricting on Thurs too.  I still like RH overall for some positions but I also have TD and Fidelity as well.  I have different brokerages for different things.,1612482911,gm1yfpg,False,t3_lcoe7l,t1_gm1xqob,0
BATTLECATHOTS,My money is just tied up in unrealized loses.The second I realize those loses then it is truly gone. Until then I will hold on tight to my 5 $GME shares while making 10-100x in alternative investments.,1612482898,gm1yenf,False,t3_lcoe7l,t1_gm1wslh,1
polarbear456,Can we get some actual DD up in here? Need a yolo to replace the hole GME left in my life.,1612482897,gm1yek6,False,t3_lcq65y,t3_lcq65y,17
Mshell,"I can't seem to find the stocks, I found GME for 8 cents a share...

https://www.reddit.com/r/wallstreetbets/comments/lctubj/did_i_find_the_right_stocks_something_does_not/",1612482894,gm1yeax,False,t3_lcsmby,t3_lcsmby,1
pajamental805,Gme $30 EOD ☺,1612482894,gm1ye9x,False,t3_lce3mf,t3_lce3mf,7
druboi21,"What the fuck are you talking about? GME isn't a goddamn religion. It's a fucking STOCK! You're going to get made fun of because buying more of this worthless, tanking stock makes you look really dumb.",1612482888,gm1ydtw,False,t3_lcoe7l,t1_gm1xi8w,0
bengals52,Big nuts. Big bucks. 8 shares @ 200 $GME🚀💎🙌🏻,1612482886,gm1ydmw,False,t3_lcnwx6,t3_lcnwx6,2
darthclaww,Can someone who is holding GME hold me as well? My wife is with her boyfriend right now and I just need a little hug.,1612482885,gm1ydly,False,t3_lcoe7l,t3_lcoe7l,21
[deleted],Because there are a bunch of new people who have taken interest in investing over the last few weeks and they need someone who is actually speaking logical about the whole GME situation instead of just people saying Diamond Hands and Ape love GME for more bananas and people posting rocket emojis. They need a reality check.,1612482885,gm1ydlf,False,t3_lcoe7l,t1_gm1x5sf,1
HangsNSwings,Webull. One of the few that didn't restrict GME much.,1612482884,gm1ydip,False,t3_lctuz1,t1_gm1xxhc,2
KampCikat,"Guys i need some help
Im from germany and im using the plus500 trading
On it i cant find the GME stock so did they block it?
What platform is good to go?",1612482883,gm1yde2,False,t3_lcoe7l,t3_lcoe7l,4
corgi_on_a_treadmill,If you're a diehard GME believer and will never sell in a million years - your best option is buy more shares and average down when it crashes to $5. Then hold for like 5 years while Cohen revives the stock price to $50. If you're not willing to do that then sell now.,1612482881,gm1yd7o,False,t3_lcoe7l,t3_lcoe7l,10
pound-town,"power to the players my ass. GME ultimately will still gonna go bankrupt. I haven't bought a physical game in probably 10 years at least. I download everything. There is 100% no need to go into a gamestop when you can buy shit online. If you think a few console game sales or trades are going to make enough money for them to stay afloat in a building that has high commercial rent value, you're wrong. You will lose 100% of your money. ultimately you have to get out. You just need to figure out when you're going to do it.",1612482880,gm1yd4g,False,t3_lcjlp5,t3_lcjlp5,0
knowvac,"This is also my plan...I wonder if hedge funds will immediately start shorting GME again after things ""settle down""... might be an unintentional squeeze in the future....

But I have absolutely no fukin' idea what I am talikg about.",1612482879,gm1yd1v,False,t3_lcpu62,t1_gm1mfrw,1
shrlytmpl,"There's literally no point in selling for me. Either it goes back up, or GME can have my play money.",1612482876,gm1yct6,False,t3_lcqitb,t3_lcqitb,6
BlueFalcon2009,"Lol. Yeah. Not sure I wanna go 100% on anything after GME. I couldn’t sleep for a few days, ended up paperhanding like a bitch cause of it. Sold at $187 on the way up.",1612482875,gm1ycr2,False,t3_lcdbiy,t1_gm1y6ky,3
jschoff92,Holding 20 AMC. The GME fiasco movie will be a blockbuster and it'll be exclusively shown at AMC,1612482875,gm1ycqw,False,t3_lcss35,t3_lcss35,4
Leafs_fan_cucked_you,You realize Hedge Funds and Investment Firms made billions off the GME pump right?,1612482873,gm1ycmh,False,t3_lcpu62,t1_gm1osan,1
lotrmemescallsforaid,GME could go to 0 and stay there and it still wouldn't be as disappointing as that dumpster fire of a final season.,1612482867,gm1yc6m,False,t3_lcq65y,t1_gm1xu51,4
tientutoi,"Peeps here who blindly followed Mark Cuban and Chamath last week remind me of the three-eyed green aliens in Toy Story. Every time one of them posted something that remotely hinted something about GME, posts would be filled with ohhhhhhhs and ahhhhhs along with hundreds of awards. Lol!!!",1612482860,gm1yblp,False,t3_lcq65y,t3_lcq65y,12
ikram_001,Fuck gme,1612482858,gm1ybep,False,t3_lcoe7l,t3_lcoe7l,-11
Coolguy6979,AMC will be ight after Covid. GME? I’m doubtful about that,1612482853,gm1yb2g,False,t3_lctxa3,t3_lctxa3,5
frozenfoxy,Sears never fully recovered from the 2008 crash and has been in a downward spiral ever since. Any DD on why you think Sears is a good buy especially when much of it relied on malls? This doesn’t have the same sort of value as GME did that DFV did DD for.,1612482852,gm1yaye,False,t3_lcttxr,t3_lcttxr,4
budispro,"Yea it's basically Fall/Winter 2020 again, GME bears in denial, and they'll probably go back to, ""iTs ThE nExT BlOcKbUsTeR!"" I feed off people's doubt gives me energy. I was kind of in shock all last week and didn't do any trades, but I got in Q3 so I'm still green. I don't think we get another catalyst until RC or GME announces something big, which might not happen until Q4 but who knows?",1612482850,gm1yasf,False,t3_lcoe7l,t1_gm1xpni,3
AlestoXavi,"I got $2.50 worth of GME at the weekend.    
Down to $0.40 now.       
Wasn’t trying to make money, but what on earth is going on. I thought everyone was trying to push it higher and higher to squeeze the hedge funds, which is why I stuck the $2.50 in. Seems I was incredibly late to the party.",1612482848,gm1yan2,False,t3_lcpu62,t3_lcpu62,1
daveline2009,"I’m just holding until it tanks and then buying super low to average out. And hope that this new found money for GME allows it to bounce back from $6 to $25 (normalcy). But I’m retarded and not a financial advisor, so wtf do I know",1612482846,gm1yahh,False,t3_lctx7v,t3_lctx7v,3
Muted-Habit,RYCEYs recovery depends entirely on the airline industry recovering imo. I don’t see much movement in the short term unless airlines continue ordering plans and RR can pump new engines out. Good for the long run if they can avoid bankruptcy. Held 100 shares but sold to enter GME. Also wrong flair. Use discussion next time.,1612482843,gm1ya9w,False,t3_lctuo4,t3_lctuo4,7
Wrastlemania,Just wait a month and it will go back to good times. On this sub I mean. Your GME shares are fucked.,1612482841,gm1ya38,False,t3_lco5he,t1_gm0z4m2,2
Clockwork_Medic,It's because market movers were trying to pump other stocks to divert attention away from GME last week,1612482836,gm1y9r2,False,t3_lcq65y,t1_gm1xvp1,2
Kevonn11,MORE GME WHEN MY PAYCHECK COMES INN,1612482831,gm1y9b3,False,t3_lcq65y,t3_lcq65y,-7
Off-Modernist,"I definitely see value in GME at above $10 a share (seems like $20 or $30 are also not terribly off outside of shorting impacts).  But trying to keep GME's value propped up well above that threshold will hurt GME's ability to move forward, won't it?  It seems like these holdouts are positioning themselves between GME and its future success - it's going to end poorly for these holdouts OR end badly for GME's future plans.",1612482828,gm1y94z,False,t3_lcoe7l,t1_gm1vkly,1
Ok-Tomorrow-7614,average cost to own all shares of gme. @ 69 per share w/ 8 million apes? 852.50 @ 12.5 shares of gme totals 100 million shares. would this win us the WAR or wut?,1612569589,gm6eeqc,False,t3_ldkyie,t3_ldkyie,11
CannabisTours,"That’s the default in TD, and it’s what I’ve been buying mine at. The middle class is joining the revolt, stay strong apes! I’m at ATT right now waiting to get a phone for my thankless (and beautiful) gf and the dude helping says I’m the third person to ask him about GME today. Cherry creek mall in Denver. 🦍💪🏻💎💎🤲🚀🚀🚀🌕",1612569581,gm6ee3d,False,t3_ldjbg1,t1_gm6cqt7,80
bomberbil,"Who's dd? The ones with the crudely drawn lines moving upward over any random chart, or the ones pushing data that's two weeks old? We had quite a gain for a single day, be thankful it wasn't red. This is a gamble dude, you shouldn't be investing anything on gme that you aren't prepared to lose.",1612569580,gm6ee1c,False,t3_ldkwqo,t3_ldkwqo,1
Ken_Rush,"GME: Waiting for you guys to drop GME onto my only remaining naked put.

AMC: Holding and won’t sell until theaters get back to occupancy.

NOK: Will never sell. Will buy as it drops if shorts keep shorting it.",1612569577,gm6eduo,False,t3_ldjn6z,t3_ldjn6z,3
ifruitninja,"Personally, I like it for the long term. 

For the short term there is a lot of momentum in it going into the weekend, because of the whole Hinderburg report and Chamath's response. 

Also, even with that momentum it is not going to explode (like GME). At max I expect a move to 15-17 range. 

But I could be wrong. Do your own DD.",1612569568,gm6ed68,False,t3_ldh5fc,t1_gm68h1b,1
strangerx03c,I wonder how the chick that yolo’d her 100k stripper money into GME is doing,1612569567,gm6ed60,False,t3_ldh5fc,t3_ldh5fc,12
TheMahbFather,Holding 500 shares of gme!!!,1612569558,gm6ecgr,False,t3_ldkhqd,t3_ldkhqd,3
Richporter85,Gme 35 shares amc leap options cashed most of my bb options but still have like 6 shares. Only thing I didn’t profit on is Nokia.,1612569552,gm6ec2r,False,t3_ldksru,t3_ldksru,1
quilmes86,"Guys, I'm retarded.

You are going against billionaire HF's that have already cheated, manipulated, fucked GME, fucked WSB.

I'd recommend extreme caution moving forward, you will not best the cheating Billionaires who have the SEC and government in their pockets.

Best of luck, and fuck the scumbag mods who sold all of us out.",1612569547,gm6ebor,False,t3_ldee1f,t3_ldee1f,39
Kaydenspeed3,Today was mainly uptick rule and short sell restrictions. All get lifted Monday for another bloodbath. Rinse and repeat. In long gme. Just not at this price.,1612569544,gm6ebgt,False,t3_ldjyi3,t1_gm6d8xd,1
GodDestroyer,he has 60% of his portfolio in GME,1612569540,gm6eb66,False,t3_ld6nre,t1_gm6ea04,1
desertrock62,"GME 11K shares
BB 20K shares",1612569539,gm6eb3b,False,t3_ldksru,t3_ldksru,25
PClaro02,Holding gme!,1612569526,gm6ea5v,False,t3_ldkhqd,t3_ldkhqd,2
palehorseCSM,AMC BB GME,1612569524,gm6ea1t,False,t3_ldhvun,t3_ldhvun,2
poopa_scoopa,I made amazing money off the GME squeeze and its very tempting to get back in.... Must. Stay. Away.,1612569523,gm6e9zp,False,t3_ld4v32,t1_gm6cnkz,3
SwiftSpear,"They're not covered yet.  But they've driven the price down and they're slowly whittling away at covering in small batches while keeping the price as low as they can.

Because most of the retards don't have any more liquidity, all our value is already in and holding, they are having to cycle small batches through the big institutional positions, and we don't have enough coordination to counteract the downward price pressure they're putting on through back and forth bear raids.

I can't be sure but I suspect the big institutions are playing ball and letting HF buy back shares they just returned on short positions in order to cover other short positions.  If they do enough of that they don't have to touch the shares owned by retail traders, and they can slowly deflate the short balloon.

In order to stop it us retail investors would have to buy almost all 6 billion worth of the existing GME shares so we could block the purchase of shares.  We have no idea how much we even have right now in terms of %.",1612569520,gm6e9qg,False,t3_ldgn9a,t3_ldgn9a,2
Depression-Boy,"So what you’re saying is... Buy GME?🚀🚀🚀


I like the stonk🚀",1612569520,gm6e9rq,False,t3_ldgn9a,t1_gm5vfny,4
WaffleHead,"GME bag holders

When someone with experience offers them advice and tells them how to lose as little money as possible: downvote + “you’re a bot”

Sees 34th eerily similar post spamming the same old cult chants telling them to hold with emojis: upvote + cult chants",1612569514,gm6e9cz,False,t3_ldh5fc,t3_ldh5fc,12
karasuuchiha,"Bot thread cool

👀👀👀👀👀 if i worked at a Hedgefund after seeing how resilient 💎🙌🦍 are i would hedge my bets and buy GME fight corruption, invest in my future, and have tendies in case i don't have a job after 👀👀👀👀👀",1612569510,gm6e90o,False,t3_ld6m8m,t3_ld6m8m,4
AtWor,90% of the people in gme are in it for the meme and have 0 knowledge of the DD behind it,1612569509,gm6e8y1,False,t3_ldkwhh,t3_ldkwhh,7
somechicktho,I'm here I want more gme,1612569504,gm6e8k6,False,t3_ldk55j,t3_ldk55j,1
GADDAFi_4_LiFE,None of which is going to pump $GME anymore,1612569503,gm6e8ia,False,t3_ldhqqx,t1_gm6dfbe,0
garthywoof,Already been playing while everybody here pours another glass of GME kool aid.,1612569502,gm6e8g4,False,t3_ldh5fc,t1_gm6di6o,2
Just_living_it_up,Everyone sell GME and buy SLV *dont murder me I’m kidding*,1612569499,gm6e89o,False,t3_ld6nre,t3_ld6nre,0
peatoast,"Post how much you lost on GME, I dare you! $650 for me...",1612569498,gm6e87l,False,t3_ldh5fc,t3_ldh5fc,10
nomemory82,"20 Gme, 400 Amc and 285 BB. I’m not selling. 🚀🚀",1612569496,gm6e829,False,t3_ldhvun,t3_ldhvun,2
drkstlth01,"bruh, when gme value declines, i buy. but when is rises, i buy. thank you",1612569492,gm6e7qr,False,t3_ld6nre,t3_ld6nre,10
BoostedMind,AMC and GME been vedi vedi goode too me. 😎Armies holding strong on both ships playing with house mon-nay!,1612569490,gm6e7n5,False,t3_ldee1f,t1_gm68vxn,3
MulhollandMaster121,"A week ago he was criticizing the GME cult and now he just spams cringey pro-GME posts. I assume as a way to spin up the rabid GME fans. Fine. Some of it’s funny. 

However telling people to buy on margin, who most likely just learned what a stock is, is so royally fucked that you just gotta call it out.",1612569489,gm6e7ld,False,t3_ldkvke,t1_gm6e16v,2
archer_it,"This post makes me feel JACKED! JACKED TO THE TITS!! 

Let’s go WSB! LETS BRING THIS GME ROCKET TO THE FUC*ING MOON! 🚀🚀🚀🚀🚀",1612569482,gm6e72n,False,t3_ldifbs,t3_ldifbs,5
SqueezeMyLemmons,I’m pulling mine out as it’s available. Leaving my quarter share of GME in there forever so they’re stuck paying to maintain a pointless account.,1612569476,gm6e6lw,False,t3_ldf95w,t1_gm5gyfa,1
Creative_alternative,"Can't even find good DD.

Hope we add a gme flair soon.",1612569470,gm6e67u,False,t3_ldd1s5,t1_gm6c2vq,0
[deleted],Gme will stay at around 60 usd for a while.,1612569468,gm6e61q,False,t3_ldkqby,t3_ldkqby,-3
RUsum1,Your values are off. GME went up 30x ($15 to $450) compared to VW going up 5x ($200 to $1000).,1612569465,gm6e5vo,False,t3_ldk05s,t3_ldk05s,1
bigbrainboss,Agree. Can we ban gme please? This place is ruined...,1612569464,gm6e5tp,False,t3_ldkmnc,t3_ldkmnc,5
Altnob,"Itd be easy if everyone just stopped posting about it. No one cares if you have 1 share or 1,000 at this point.

On to the next DD plz.

Positions: 31 gme, 1546 amc, 20 crsr

Fuck off.",1612569452,gm6e4y6,False,t3_ldjkyf,t3_ldjkyf,18
awesome_onions,GME might get one last dick rub next week but 1000?,1612569452,gm6e4ww,False,t3_ld6nre,t3_ld6nre,1
T30000,"Maybe a glitch in the Matrix at 3:41 PM Pacific Time, or maybe algos desperately trying to resolve order flow. I remember some people getting filled at $5000 the day prices for GME were approaching $500.",1612569445,gm6e4gd,True,t3_ldkvku,t3_ldkvku,1
peenmaster1337,"I made money on gme, bought back and still holding. lol I lost money on nekid. cciv next legit good play",1612569442,gm6e48n,False,t3_ld6nre,t3_ld6nre,1
Chalupe,"Lol you’re delusional. Theres now 8.6 million members on WSB. As much as I wish it weren’t true, this sub will NEVER be the same as it was before GME",1612569439,gm6e424,False,t3_ldktpx,t3_ldktpx,3
streetcashflow,GME = 📉,1612569435,gm6e3rh,False,t3_ld6nre,t3_ld6nre,0
Throwaway1262020,"Because gme is a 10 dollar stock at the moment. If you paid 400 for it you’re going to be down 390 when it goes back to 10. You can buy more at 65 and per share you’ll have lost less. If you buy says 10 more at 65, you’re average loss per share is less. But you’ve now lost 550 more dollars in addition to the 390 when it goes down. 
Don’t ever go chasing losses by trying to bring you’re average down. 
Pick a number you feel GME is undervalued at. If it hits that buy it, since then it should be a good investment. Never buy something just to bring you’re “average cost” down",1612569433,gm6e3m3,False,t3_lcv8az,t1_gm48g26,1
athenik,"Yeah no, it was never silver. Last meme assets before gme were nio, tsla, pltr, baba, bb.",1612569431,gm6e3gw,False,t3_ldktpx,t1_gm6dlu3,0
OnlyPostsAtWork,I'll tattoo a WSB Logo on both ass cheeks if $GME goes back to $350.,1612569431,gm6e3g7,False,t3_lddkty,t1_gm59xqj,5
lucky_ducker,"\> I'm not seeing any puts.

[https://finance.yahoo.com/quote/GME/options/](https://finance.yahoo.com/quote/GME/options/)

Change the date to Feb. 12 (1 week from now) and scroll down to the puts. All of the strikes not shaded in blue represent out of the money contracts, which are bets that the GME share price will drop. The column ""Open Interest"" tells us how many contracts are open at that strike price, and each contract represents 100 shares of the underlying stock. I didn't take the time to actually add them up, but just eyeballing them the open interest in out of the money one week puts appears to be pretty close to equal the total number of GME shares outstanding (71M).

So yeah, LOTS of people think it is reasonable to bet on a price decline. They may be right, they may be wrong, some may be gambling, some may just be hedging.",1612569428,gm6e38s,False,t3_ldc9yl,t3_ldc9yl,1
karasuuchiha,"You got a chain of bots below 😂😂😂💎🙌

👀👀👀👀👀 if i worked at a Hedgefund after seeing how resilient 💎🙌🦍 are i would hedge my bets and buy GME fight corruption, invest in my future, and have tendies in case i don't have a job after 👀👀👀👀👀",1612569422,gm6e2vm,False,t3_ldheo4,t1_gm5u43y,8
PopLegion,"It's not gaslighting. Wall street and hedge funds always play dirty, you literally declare war against them and you don't think they are gonna start to fight back. 

People lost money because they were wrong, retail did not have as much power over the markets as they thought. Buying GME at 400 was a bet that the markets wouldn't step in and they would allow the infinite gamma squeeze to continue on every meme stock. That bet turned out wrong. The stock market is full of countless outside influences that if you spent anymore time trading besides the last two weeks while browsing WSB, you would be aware of. 

Was it illegal market manipulation when all of WSB got blown out in mid March holding puts while the markets grinded to new highs on the back of infinite money printer? No. If you can't learn to accept that you were the one who took the wrong side of a play on the stock market, regardless of how sure you are that it should've worked out, you will always lose.

The market is brutal for retail traders. It's not gaslighting to tell someone it was retarded to buy GME at 400 a share. Literally everyone was trying to sound alarm bells while you retards brigaded the sub and became ultimate bag holders. There are 0 good traders who exhibit any sort of victim mentality, a lot of newbies here should try to understand that.",1612569419,gm6e2nv,False,t3_ldkr1m,t3_ldkr1m,3
OptionSloth,I bought so much from GME! Let’s keep it coming!,1612569413,gm6e296,False,t3_ldkr1m,t3_ldkr1m,39
ForestPynes,Sell CCs on the GME you’re bagholding,1612569412,gm6e25o,False,t3_ldh5fc,t1_gm6diwh,1
marcthemagnificent,Gonna hold my gme moon ticket and wait for my rocket 🦍🎟🚀🌖,1612569410,gm6e1zi,False,t3_ldh5fc,t3_ldh5fc,10
PiketheGSP,"150 GME, 1500 AMC!",1612569406,gm6e1qc,False,t3_ldkhqd,t3_ldkhqd,5
NOTaRussianTrollAcct,"> there is going to be a significant amount of people cutting losses on the way up. 

I strongly agree with you here.  With as many noobs this thing captured and all the folks risking their life savings and taking on debt.... I think many people will try to get out if they see an appetizing uptick.

Also, if you don't mind providing some insight on the GME chart itself, are you noticing any bullish patterns developing?  The reason I ask is that by looking at my TDA chart, since about 1pm Feb 4, it kind of looks like a half-assed cup & handle turned to stair-step, then it sort of flat-lines, stairs up again and forms a more defined cup, and it looks like a handle is now developing during after hours trading.  Also, the stock is clearly on an uptrend.. a small one, but it's still noticeable by looking at the chart.

With the stock still being so volatile, is there anything to learn from these emerging patterns?  Is it generally wise to notice these patterns on such a short time scale?  (between 1pm 2/4 and post market 2/5 is where I'm seeing this, sorry at work so I can't post a screenshot.\_

Thanks for the info!",1612569401,gm6e1ci,False,t3_ldgn9a,t1_gm67ztf,1
joe_pescis_goodfella,This. Also mad youngins who didn't even know what stocks were before putting there lunch money in gme,1612569399,gm6e198,False,t3_ldktpx,t1_gm6dtgy,3
isaiah13bandz,Gme going to 30 bucks haha,1612569399,gm6e19a,False,t3_ld6nre,t3_ld6nre,2
merktic5,"Everyone who's still holding gme are we buying more and going for round two?

I like the stock.",1612569394,gm6e0wv,False,t3_ldh5fc,t3_ldh5fc,19
Thatspellsgeraffes,"We need that good mod with the platform that allows us to vote on stuff if you’ve been a member for so long. 
Fuck these newbies and their 10 shares. Fuck your Gme post. There should be maybe 10 posts a day that are funny as fuck memes on Gme and that’s about it. These cucks can’t read that the same thing they are posting has been posted 100x in the last 4 days already.",1612569391,gm6e0o1,False,t3_ldkmnc,t3_ldkmnc,3
Infinite_Imagination,"There's no ""next"" at least not for a while. This isn't a cohesive group of investors, it's everyone liking the same idea at almost the same time. A lot of people here still have their funds tied up in GME and AMC, which means no ""next"" for a while. keep your ear to the ground though",1612569391,gm6e0np,False,t3_ld6nre,t3_ld6nre,2
CharizardNoir,"I no longer consider my GME money as usable.

Its basically fuck you money at this point.

I will not break. Apes together Strong.",1612569385,gm6e08l,False,t3_ldjvb4,t3_ldjvb4,2
Just_living_it_up,Exactly. I’m not selling because I have no desire to. I am not in need of the money I have tied up in GME.,1612569384,gm6e04l,False,t3_ld6nre,t1_gm6dxzh,1
SnooPuppers2489,"Lmaoooo this is the thing that they’ve been trying to fuck us with. “You got stuck holding the bag” - like being a shareholder is a bad thing. If you believe in the future of the company like many do and the stock does fall, it’ll be really easy to average down your buy in price over the long term if you’re long on the stock.

Yes, obviously if you invested more than you could afford to lose, it wasn’t a good play regardless. Nobody should expect instant gratification in the stock market. But the naysayers constantly yelled about people “being stuck with the bag” when being a shareholder is a good thing, especially when we don’t have the full picture of the situation - the short report hasn’t come out yet for 1/31 and they haven’t had the GameStop congressional hearings yet. Plus for those who believe GME can pivot to a strong e-commerce model and do well with esports, it’s not “holding the bag”, it’s investing in a company. But hey I don’t give financial advice cause I’m not a financial advisor, that’s just how I feel about it for me.",1612569373,gm6dzcy,False,t3_ldhqqx,t1_gm6db7r,77
dcgong93,Already took most my options gains on GME and put it into other leaps/accounts to continue day trading. So I’m chillin with holding 200 shares at $30 avg.,1612569367,gm6dyxx,True,t3_ldkq3t,t1_gm6dmte,1
dallyfromcali,Nokia and BB we're almost Identical with GME and AMC on Monday and Tuesday as well. I showed my brother how blatantly obvious that they're trying to manipulate this shit. Our system is being exposed as corrupt and institutional and people don't even give a shit.,1612569365,gm6dysl,False,t3_lddphx,t3_lddphx,2
America_is_funny,"I promise you. Nothing is new about hedge funds managers cheating. Who will punish them exactly? SEC? Good luck. 
I’m willing to bet my GME stock that SEC is made out of precious hedge funds managers. 

Since there is no punishment, why would they behave? Furthermore, first sign of losing, they will cheat and manipulate the market to get ahead. Then at the end the US government will bail them out.",1612569363,gm6dyod,False,t3_ld5rd9,t3_ld5rd9,3
STONKS_ONLY_GO_UP3,Gme chart looks like Friday 2 weeks ago before it squeezed to $500,1612569353,gm6dxzm,False,t3_ldh5fc,t3_ldh5fc,13
spezlovesdickcheese,"It was happening as expected by the autists on this sub that had been predicting this and buying since last year. It was finally coming to fruition. The media caught wind of it about 3 weeks ago and last week was when it went crazy.

If they had not halted trades and meddled like they did, the hedgefunds would have indeed been fucked, more than they were. Instead the brokerages fucked over the retail investors. The SEC threatened to stop all trading for gme for weeks. All of that really took the momentum out of the squeeze, people started panicking and selling etc. everything went down hill last wednesday.",1612569334,gm6dwl9,False,t3_ldd1s5,t1_gm5ixhj,-1
fatalgrowth,yeah! fucking stupid gme shit,1612569330,gm6dwb4,False,t3_ld4v32,t1_gm6d3z9,1
fromcj,"Hm. Someone posted GME with a massive spike like this too

This is pretty sus now.",1612569327,gm6dw26,False,t3_ldkv79,t3_ldkv79,11
Emotional_Extension9,"Someone help, my wife’s boyfriend tied me up in the basement after he found out I lost the money he lent me on gme 😬 he said he’s going to run a train on me and I have siderodromophobia.",1612569324,gm6dvu6,False,t3_ldh5fc,t3_ldh5fc,2
Its_the_dankness,"the similarity of the memestonk BANG explosion and QuadWitchingHour is uncanny. At least QuadWitching was laughed off quickly and everyone realized they shouldn't be roped into investing large sums of money based on loose buzz word DD and it became an ongoing joke. Only big difference is GME actually DID squeeze, its just that all the 🦍 are too T H I C C in the brain to realize they missed the exit from the rocket and now its falling back to earth.",1612569321,gm6dvm7,False,t3_ldh5fc,t1_gm6cmpi,3
BeggaryAndBastardy,"Don't worry bro, we read you! Great explanation. I hold $GME, diamond-handed ape reporting, and I'm bullish on it, and even then I've been scratching my head a lot lately when it comes to posts like this one because I can't totally tell if I'm missing something (I think like you), or the post is straight up wrong. Most of the time I leave thinking I'm more retarded than I thought due to the number of upvotes, but it's nice to see I'm not the only one who doesn't see anything shady.",1612569318,gm6dvf1,False,t3_ldd1s5,t1_gm607wm,7
fatalgrowth,"I wish. I swear to fuck it just said $300 or just below in AH, then when I refreshed it went back down. People are talking about it on the weekend discussion too. GME will be the fucking death of me I swear",1612569317,gm6dvas,False,t3_ld4v32,t1_gm6dh23,2
MiNiDeTH,"APE DONT DO MATH, APE DO BUY GME

&#x200B;

seriously, im more a logic guy, so why the fuck, they tried their best to change narrative and low the hype this week over the GME stocks if the squeeze already happened last week? trust me, if those guys were already fine since the last week, they would not give a fuck about gme anymore.

&#x200B;

but they keep doing weird/shady stuff

that really made an ape think",1612569313,gm6dv1y,False,t3_ldgn9a,t3_ldgn9a,3
JohanGrimm,"Woof, events is a rough sell. That's basically the last resort a lot of brick and morters went to once covid hit.

As for having things like Omnis and or VR sets, maybe but you'd run into the same issues places like HHGregg face where most people just use it as a showroom and then buy online for cheaper.

In either case I don't see those bringing in the kinds of revenue that would make current GME anywhere close to a buy and hold. The long and short of it is that people bought in and got left holding bags and now they're trying to argue that GME is a long play even though it was specifically all about the short squeeze once it got above 14.",1612569313,gm6dv1v,False,t3_ld5h28,t1_gm5q5d4,2
TicTicB00M,"Hype all day baby. Can't wait for this to go down. The hedge funds tried on their bitch shit. But we fucked em in the ass on GME. It closed at near $70! That's fucking solid. it didn't go down to $30. We're fucking holding the line like we said we could. They're bleeding. They didn't cover shit. Take off imminent.   


*not financial advice. make no decisions based on these comments or opinions. make stupid decisions on your own research or whatever.*",1612569312,gm6duyx,False,t3_ldkfg0,t3_ldkfg0,191
Snacks_is_Hungry,Can't wait for all the crying babies once GME hits $10k 🚀🚀🚀🚀,1612569307,gm6dula,False,t3_ldh5fc,t3_ldh5fc,22
BENGCakez,"Seriously. I honestly truly believe in RC. People should see the damn news GME is releasing about their new executives / investors. only see FOMO, paper handed bitches, and squeezing.

RC now follows PlayStation, Microsoft,  EA, Steam, GameStop on Twitter. Speculation here but it’s significant.",1612569306,gm6dujs,False,t3_ldgzt7,t1_gm6d17z,10
RUsum1,VW went up 5x. It was a littler under $200 and got just under $1000. GME went up 30x. It was $15 and got to $450.,1612569305,gm6dugx,False,t3_ldk09s,t1_gm694k1,3
LooCid36,Idgaf if GME murdered their entire family I just like the stock and I’m not selling my 2 shares thanks for listening,1612569294,gm6dtpg,False,t3_ldh5fc,t3_ldh5fc,12
Daytraderjoey,It's all gme duh,1612569294,gm6dtou,True,t3_ldia06,t1_gm6apv3,1
curiousabe_1,Well the difference now is that there are 8 million more users which mean another 8 million daily posts about gme.,1612569291,gm6dtgy,False,t3_ldktpx,t3_ldktpx,6
1want2b3l1eve,GME: The next great dry cleaning supply transactional holding company!,1612569291,gm6dtgn,False,t3_ldhqqx,t3_ldhqqx,1
xDRxGrimReaper,"I may be mistaken but I thought it was all originally about &GME and $AMC because the short float. $BB seemed like a distraction like all the rest. Except $BB does have some actual value tied to it. Again, I’m just a retard.

Edit: thanks for the replies. I genuinely didn’t know. But damn, guess you can’t try to learn anything here..",1612569291,gm6dtg3,False,t3_ldj5d6,t1_gm6a6wv,-9
HerbRomeo,The is the WSB way. GME BB 🚀💎🦍,1612569290,gm6dten,False,t3_ldbj63,t1_gm4uk2y,2
Ragenasian92,The sub quadrupled in size from the GME phase. Just a bit worried about the sub getting too big,1612569287,gm6dt59,False,t3_ldktpx,t3_ldktpx,4
COYSnizle,"Be careful, they will fuck you. I transferred to fidelity and they sent shares that I no longer owned and held half my shares hostage. I sold GME last week (I know) for 310 a share when I was still with Robinhood and bought AAPL and PLUG with the money I got from the sale. 

This Monday I check my fidelity account and the fucking idiots transferred half my portfolio, along with the shares of GME that I sold last week. The PLUG and AAPL shares are frozen on my deactivated RH account and Fidelity says they can't get to them. I'm out a little over $6000 on this and Robinhood won't answer any of my support requests. It's super fucked up.

&#x200B;

TLDR: Robinhood WILL fuck you",1612569284,gm6dsx5,False,t3_lddga6,t1_gm69p5h,6
MaybeICanOneDay,"Yeah this gme hype is nuts lol. People here trading for a month and think they have it all figured out. 

It isnt that simple and most of the comments screaming manipulation and all that are so off the mark. They do manipulate the price, yes, but it isnt nearly to the degree that is being screamed here.",1612569281,gm6dsq3,False,t3_lddphx,t1_gm5yutn,1
SmokesBoysLetsGo,Oh fuck yea I love DDs like this...and the 860 shares GME I’m sitting on.,1612569281,gm6dsra,False,t3_ldicex,t3_ldicex,1
SwedishFish123,GME went up after hours,1612569268,gm6drsz,False,t3_ld6nre,t3_ld6nre,1
BioSemantics,">nd I’m mad I drank the kool-aid and didn’t sell at peak, no denying that.

So you are mad... Like writing more words, only to admit I'm right, doesn't help you.

> RIs don’t have the numbers to trigger anything, roughly 17%

You'll have to cite evidence, not vaguely tell me to do my own research. I don't even necessarily disagree with RI being a relatively small player at this point, but you aren't really telling me anything here.

> I tried posting it here but it’d get downvoted to oblivion and I deleted it cause it’s an echo chamber and no one wanted to hear it. So oh well.

Every bot says this. This doesn't make you a bot, but pick a different thing to whine about.

>And when nothing happens and people are mad that they’re holding the bags when people like me tried to speak up, what then? 

Your time to speak up was Friday, the weekend, and Monday. You didn't, so this is just you telling people to sell at this point. That is what this comes down to. That is the point of most of your comments over the last 24 hours.

>Other HFs that were betting for GME made bank and helped trigger the price spike, you can research that

No, if you're going to make a claim, provide evidence. At least's OP's theory about SI has explanation, you're just making random claims and expecting us to accept it as DD.

>SI% doesn’t necessarily reflect accurate data of open interest, look that up too.

You're right it doesn't, but that doesn't mean its worthless. 

Your comment are just like all the sham bot accounts. You've literally spent hours today trying to get people to sell. Dozens of comments in the last day. If you're real, you're doing a bad job of differentiating yourself from the bots. My guess is you make money when people engage with your nonsense, so at least I'm doing you a solid here.",1612569263,gm6drfy,False,t3_ldjbg1,t1_gm68ppv,-8
wigsnatcher42,gme still said suspended on webull this morning,1612569262,gm6drd6,False,t3_lddga6,t1_gm5n8bo,1
staabalo,this reeks of someone who sold and lost money on GME,1612569261,gm6drak,False,t3_ld6nre,t1_gm6dpwl,1
[deleted],GME went to the moon. Sorry bruh. Ya missed it. Shut down the whole market from it.,1612569253,gm6dqql,False,t3_ldh5fc,t1_gm6dmg5,6
ocularcrawdad,Still have all my GME.,1612569248,gm6dqbw,False,t3_ldkhqd,t3_ldkhqd,16
_picture_me_rollin_,GME up 8% AH. I need to wake up Monday to $200+ so this sub can stop being the MF haters ball.,1612569248,gm6dqbv,False,t3_ldh5fc,t3_ldh5fc,26
ImWellEndowed,"GME went ☄☄☄
SPY went 🚀🚀🚀",1612569244,gm6dq1y,False,t3_ldh5fc,t1_gm6dgzy,2
CPA-hole,Imagine holding GME 😂,1612569242,gm6dpwl,False,t3_ld6nre,t3_ld6nre,4
CoolRoe, I showed my wife who knows nothing about stocks my GME and AMC gains and losses for today and said these are two different stocks and this is how much they gained and lost value throughout the day. What do you think? She thought I was trying to trick her in some way and smiled and said they are the same stock.,1612569237,gm6dpkm,False,t3_lddphx,t3_lddphx,0
Big_Simba,"Holding 💎🙌💎 it ain’t much, but holding what I could buy

GME - 25 shares 

AMC - 50 shares

BB - 20 shares",1612569234,gm6dpaw,False,t3_ldksru,t3_ldksru,122
deliciousbeefgravy,Bots ripping on gme are out in force today,1612569233,gm6dp8v,False,t3_ld6nre,t3_ld6nre,1
RM2501,New stimy check mean everyone is buying more GME?,1612569229,gm6doxk,False,t3_ldh5fc,t3_ldh5fc,14
lucky5150,Nah dog.  Sold GME at 465 sorry,1612655991,gmatbfk,False,t3_ldh5fc,t1_gmal5ew,2
Honey_Milk_Man,"I've read all those posts and I was GME fan, but the one argument I didn't like was actually the volume argument and how shorts never covered. Instead of asking why it's impossible why not ask how it IS possible for dozens of companies shorting game stop to actually cover. Who knows, how many collective shorts exist in game stop? 10, 20, 100 hedgfunds around the world?

Squeeze started on Jan 13th. vol = 144m

Jan 22 vol = 197m

Jan 23 vol = 177m

Jan 24 vol = 178 m

The days following the volume was LOW, I mean 90-50m volume and lower.

The total float is 50m and estimated short is 65m....

From the start of the squeeze to yesterday, the total volume was 1.5B...

If youre telling me that it's impossible to unload 50m shares out of a1.5 B total traded volume (3.3% of volume), I have a really hard time believing that. Also, if you think the millions of people who held gamestop for the past 1 year+ didn't sell when GME was up over 20,000% from march lows wouldnt sell at 150+, you have to really ask yourself the question, did the squeeze actually happen and do I trust millions of people i don't know on the internet not to sell.

The last thing that was never addressed, was the short interest and the possibility that new shorts entered, after the old ones were wiped out, at higher prices. What if the shorts at 30-150 got wiped, hence the 3000% price rise in 1 week, and new shorts entered at $300+, hence keeping a misleadingly high short interest.",1612655987,gmatayp,False,t3_le7m9y,t1_gmalcyc,4
drunkpilot2,Depends on your GME gainz... would require liquidation tho,1612655986,gmatau5,False,t3_ldh5fc,t1_gmasp20,1
Dodikai,"Dude just go read the comments on Webull under GME and open your fucking eyes on r/WSB.

It’s not a conspiracy - there’s clear and obvious bots everywhere, if you can’t see that r/WSB is compromised you are a literal retard.

Why the fuck would there be all these GME haters out of nowhere who tell people to sell if they didn’t have skin in the game.",1612655982,gmatagw,True,t3_le54zo,t1_gma8szd,2
gaarasgourd,"Wait, did people think GME stock was gonna suddenly skyrocket after its $400 rise and decline? 

I thought the joke was you were all homding until it fell back down to dirt prices again to fuck over the hedgefund owners. If you wanted to make money you should’ve came in when it was still affordable and sold in the $300 / $400 range lol",1612655966,gmat8hw,False,t3_le5axj,t3_le5axj,2
JustinianIV,"I put like 5% of my portfolio on the meme stocks. I got in when GME was cracking $100, and trimmed my position as it went up, so that on the way down I was 1 share gang. Do not EVER yolo your entire life savings on shit you see here, unless you wanna end up being the guy that posts his 100% loss porn. For every yolo that makes someone an overnight millionaire there are probably hundreds of people who lost it all. Be careful, you’re in a casino here.",1612655957,gmat7bt,False,t3_le31f7,t3_le31f7,0
Rrrrandle,GME calls and Tesla puts?  How many extra chromosomes do you have?,1612655955,gmat73k,False,t3_leab48,t3_leab48,128
Ashton38,We used to not let people post about their 3 shares of stock they bought for $200 like we've been seeing non stop with GME. This guy makes over 1000% I think we can let it slide.,1612655952,gmat6tg,False,t3_le3a7j,t1_gma5wij,19
Throwaway1262020,"No the GmE play had facts. Those facts have now changed and you GMe retards are now relying on your feelings. 
1) millionaires and congress are behind us. Vocal support does not mean financial support. None of them have put any money in that we know of. They support retail trade not being shut down. They do not necessarily think GmE is smart 
2) no one has the data on shorts and even the 2/9 report will only have the data as of 1/31. And wtbr that data is it doesn’t tell you what price is was shorted at.
3) short ladders 
4) People being paid to be anti GmE 
5) bots 
6) turning this mod thing (which is real) into assuming current mods are shills for hedge funds. With no evidence. The current mods are our mods and they are here to support wsb. The older mods wanted a movie deal and are out. But even they had no intrest in gme share price. 
7) yelling at everyone who is trying to talk sense to you. 

This is literally qanon and I feel sorry for all you idiots.",1612655944,gmat5wv,False,t3_le8dva,t1_gmahkwa,1
DeftShark,"Not agreeing or disagreeing, just a question. What’s your guess as to Why Blackrock increased their GME portfolio by 7% on Friday? Especially at these prices.",1612655944,gmat5v9,False,t3_le5axj,t1_gmalyls,-2
Hubers57,Formerly. Wsb changed meme stocks every week before gme,1612655932,gmat4gw,False,t3_ldh5fc,t1_gmas0bx,1
Ykana1,I wish we had a GME weekend thread. It’s funny to see the conspiracy theories in one place.,1612655923,gmat3ds,False,t3_ldh5fc,t3_ldh5fc,7
wheresastroworld,Yeah since when did it become acceptable to sell GME here? all these gains posts seem to be crafting a fake narrative that it’s OK to not hold. That is a 🌈 🐻 mentality,1612655893,gmaszr4,False,t3_le4p33,t3_le4p33,0
Thotaz,"Bro just check out his account, here's a current link to his last page: https://www.reddit.com/user/GeorgeHarris420?count=750&after=t1_glb3j3t

750+ comments in the last 8 days all taking shit about GME. I don't care if you think GME has been squeezed or not but spam is bad for the sub regardless of who is doing it.",1612655873,gmasxbm,False,t3_le5axj,t1_gmaryhl,-1
qdolobp,"Hey, how’d that GME play go for ya",1612655870,gmaswvp,False,t3_l8pegt,t1_glf7uqy,1
Tendies-Emporium,"It would have ended the same way. Even if people somehow genuinely think it would have hit 10,000 dollars, you know who would have been equally burned? The person who bought at 4,000 or 8,000 before the squeeze actually squoze, and the squeeze ended and stock collapsed.

There was no other outcome than what happened, which was a few made huge bucks, some made some decent bucks, and most lost money. The idea that keeps getting pedaled that if RH hadn't did what they did, that everyone who played the game would have gotten to sell their shares at a premium, is an absolute lie. Whether that lie is ignorance or apart of a pump scheme, it doesn't matter. It could only end one way. Whether the GME Gang was cheated by RH or bag held a few minutes too long, the majority of people in the game were going to lose money

Even if what people are saying is true, that the squeeze could still happen, okay great. It will still be the same outcome.

Bring on the downvotes since I'm not selling the dream and disagreeing with the echo chamber in here.",1612655850,gmasub4,False,t3_le5axj,t3_le5axj,2
squishles,"the shareholders don't have a credit problem, the shareholders are the ones issuing credit to the hedge funds shorting, by allowing their shares to be loaned out. If you face a liquidity problem, and you're loaning your shares out, you want your shares recalled so that they can be sold if you need to.

if it's over 100% shorted, what's happened is those shares you loaned out have very likly been reloaned out. Because the first thing you do in a short is sell the share you've borrowed. that next guy who bought it can then do it again. Temporarily creating a chain of basically false shares that disapears as the short sell gets payed back. 

If that chain fails to roll back, it's what's called a failure to deliver, gamestop has a lot of those right now.

basically with vw this happened to a really rich guy that owned a significant % of the company for a long time. so his shares had been in these ridiculous chains of this loan out when he called them back it had a domino effect.

If you are holding make sure it's in a cash account, and you have an ask limit price order out (a very high one), this basically recalls your share, especially if you're account's over ~100k(including positions outside of gme) insurance'll probably take care of you if you're under that.",1612655824,gmasr5d,False,t3_ldu4qw,t1_gmapbeg,1
rish62839,"Could have, would have, should have ... 😴 will all the content of this sub just be crying about gme now?",1612655822,gmasqtr,False,t3_le5axj,t3_le5axj,1
Fritz721,"RH sucks but it’s funny that the true mongoloids think if it weren’t for the buying halt GME “hadn’t even begun to squeeze”. Find a new broker definitely but RH’s incompetence actually prevented people from losing or losing more.

I honestly hope some stay in for “the long term” and they declare bankruptcy because this is like QAnon levels of retarded and it should be punished.",1612655821,gmasqqc,False,t3_ldh5fc,t3_ldh5fc,7
[deleted],"What he also doesn't realize is that everyone here aside from the newbies has been burned multiple times. This isn't a new thing, it's the standard. Most of the vets likely have made a ton of money still off GME and ready for more while all the newbies are just going through initiation.",1612655799,gmaso3e,False,t3_ldyno7,t1_gm8ojdk,1
sup,"Full disclosure: [Gatsby clears through Apex clearing corporation.](https://trygatsby.zendesk.com/hc/en-us/articles/360037782953-How-can-I-fund-my-Gatsby-account-)

[Apex clearing corporation is reported to have blocked GME buys.](https://www.wsj.com/articles/online-brokerages-restrict-trading-on-gamestop-amc-amid-frenetic-trading-11611849934)

So had you had accounts at Gatsby, you may have been caught in the same situation as the other brokers who clear through Apex like Ally, Sofi, Webull, etc.",1612655797,gmasnvi,False,t3_le5axj,t1_gmaaesl,3
WallStreetRetardd,GME at $10 is an absolute steal,1612655776,gmaslij,False,t3_ldh5fc,t1_gmas9fp,2
Godmode92,Ever since GME this sub has been filled with QAnon conspiracy theorists.,1612655775,gmaslfb,False,t3_le5axj,t3_le5axj,1
rikki-tikki-deadly,"Jimmy! But on his official paperwork spell it as ""$GME"".",1612655763,gmasjzy,False,t3_le9lbs,t1_gmapz31,3363
IStoleyoursoxs,"Apparently lots of people are saying the phrase “short ladder attack” was made up a few days ago by Reddit. I looked up the google trend since 2003 and it seems it was never used before a few days ago.

Seems a few people think that this could be the work of a few bad actors trying to keep Reddit in on GME while they cash out. Not sure how true that is but thought it was worth a mention. I’m still holding though.",1612655763,gmasjy8,False,t3_ldyov6,t3_ldyov6,0
AroundtheTownz,"> Even Micheal Burry of 'The Big Short' fame said GME is equivalent to the 2008 housing crisis opportunity he discovered. **There will not be another one.**

People said that about 2008 and here we are again with GME.",1612655761,gmasjsg,False,t3_le235t,t1_gm9hemr,1
DonTheMove,"I'd assume volume of buyers/sellers (sub members)

Another is since we're retail and not institutional, there doesn't have to be disclosure of were we stick our funds which is what I believe homie above you was alluding too

Not to be long-winded but one of the reasons this $GME rally was bound to fail was because of what was propping up the stock (retail frenzy). That should've been coupled with an irl effort to shop at Gamestop. Even just increased foot traffic might've sparked something that burned longer. 

But who tf wants to spend time in a Gamestop. That's why it fell apart though, because us retailers don't have the capital to strongarm the market, like those hedge funds, without covering our asses. They can go to war blind and fall on credit. We can't afford many if any missteps.",1612655760,gmasjl4,False,t3_le5axj,t1_gmapvxw,7
meetmyphantoms,My son only eats organic baby formula from Germany. His first word was GME so that was enough DD for me,1612655758,gmasjem,False,t3_ldh5fc,t1_gmaqj00,1
winkahpack,"so much cope! yeah RH fucked the short squeeze in it's tracks. however I have a funny feeling the bagholders wouldn't have taken profit at any point even if it went higher, greed tends to do that to you. anyways now that the episode is over, why still continue to hold GME? no logic at all",1612655744,gmashs2,False,t3_le5axj,t3_le5axj,1
infosecthroaway,"Lmao I’m just memeing your losses, as is my right.

The sub as a whole didn’t have to upvote it to the front page of Reddit, but they did.

Now, the fact that any non GME DD is downvoted into oblivion as a ‘distraction’ is my beef.",1612655737,gmasgul,True,t3_ldyeiy,t1_gmanm7r,-2
Ca5513H,"🏆🥇🎖️
My funds are tied up in GME, please accept these awards instead",1612655734,gmasgjr,False,t3_le235t,t1_gm9s5h3,0
temsik1587againtwo,"52 shares here.

Last Jan I put 3.5k into the market and by Jan 21 it was worth over 10k. Spent basically all of it on GME and imma hold it till I’m rich or it’s gone.",1612655726,gmasfmx,False,t3_le4p33,t1_gm9rlwt,32
Nelz16,You can buy two GME shares on Monday with them gainz!,1612655723,gmasfdf,False,t3_ldh5fc,t1_gmaq45d,1
ksabeskhed,"Profit is profit, at the peak before RH decided to be a bitch and fuck us all on our upward trajectory to the fucking universe, I was at 100k profit and instead I left with $10k. Was beating myself up for a while but once I realized how much I missed out on while I was on the GME crazy train then decided there will be gains elsewhere. it’s a fucking bull market boys and girls let’s get these tendies!!",1612655721,gmasf2n,False,t3_le9h55,t3_le9h55,2
Lente_ui,"I have heard (so this is rumor, not fact) that:

eToro blocked buying $GME and $AMC just like RH. They also set Stop Loss orders to your positions without notification, causing stock to autosell and closing your position without your knowledge.",1612655721,gmasf3s,False,t3_le7m9y,t1_gmapmra,60
boatnotinwater,the funny thing is that I don’t even have any $GME. Just noticed the weird amount of posts today 🙌🏻,1612655720,gmasf0m,True,t3_le4p33,t1_gmaqg4w,2
lucky5150,"I'm looking forward to the day people realize BB, AMC, NOK and GME are done and flood into a new Ticker so I can make more of that sweet momentum money again",1612655705,gmasd9p,False,t3_ldh5fc,t1_gmalg8x,1
WesternExplorer,And guess what the powers that be did to the election? Trump was the GME if you will and they rigged it to get him out. Sorry not sorry.,1612655705,gmasdbn,False,t3_le5axj,t1_gm9v3sq,1
Morfaer,So a week ago you were yelling at everyone who opposed GME and now that you sold you are calling everyone a bag holder and insulting them? Way to go my dude,1612655702,gmasczt,False,t3_le9a86,t3_le9a86,28
xxsilence,"That’s the stupidest shit I’ve read today. How the fuck do you look at their share price charts for, say 1/25 through today, and think it makes any sense they would they would have covered before the 31st at $200+ instead of over the last week as they managed to keep it well below $80? Never mind the fact you’re looking at short positions from while the stock was 200+. 

Y’all got some fuckin cult like mentality over GameStop and ruined this fuckin sub to the point any real logic is immediately thrown into downvotes for not thinking GME is still coming for the retards that bought at $400.",1612655675,gmasa02,False,t3_le17d5,t1_gmamz95,9
LostAlongTheLines,"I bought at 20, based on Cohen and holiday sales. I meant the buying the hype on ""1k a share is not a meme"". When momentum was killed by restrictions **I should have sold off some of my position to buy back in at a lower price**. I am still GME long, I'm planning to jump back in at around 30, but I am trying to maximize profits if you get what I mean.",1612655668,gmas97n,False,t3_le2d9l,t1_gmaqh4i,3
Hubers57,"Fuck this whole gme shit made me actually miss delusional bears.

But yea I'll sell you those puts and I'll toss you five bucks at expiration to close out my side to free up my buying power you delusional pansy. Luv ya bb",1612655646,gmas6ub,False,t3_ldh5fc,t1_gmarbgj,1
energetic-dad,"Whatever dude, not reading that wall of text. I made out with $30k from GME bc I've been lurking this sub a long time, and bc I'm not an amateur investor.",1612655643,gmas6j7,False,t3_le235t,t1_gmaqkut,5
gonfreeces1993,"Noob question here, please don't give me another ban. If I have margin shut off on robinhood and am not using money from instant deposit. Is that good enough or do I need to call in and switch to a cash account? I don't have a limit sell set because I can't set it high enough. 100 shares in gme, I'm leaving robinhood as soon as this is over. I already have some shares in fidelity. Thanks guys.",1612655640,gmas6ak,False,t3_le7m9y,t3_le7m9y,10
idontelikebirdse,">3 day old account spamming copypastas and doubting GME

hmmm",1612655631,gmas579,False,t3_le5axj,t1_gmaj4ec,1
nuderobotbaby,"Fr, kinda crazy how everything GME is being plugged by one weekers.   And they call us bots lol",1612655629,gmas4ze,False,t3_lea2v5,t1_gmarufl,0
MrDitkovitchsRent,This stuff is super complicated and I might get some stuff wrong but hopefully I can explain the basics properly. A trade takes two to three days to go through and because of that robinhood has to go to a clearing house so someone else can put up the funds. GME was so volatile that the collateral clearing houses were asking for became too much so they closed it and other volatile stocks. They let you close because that would just be a nightmare if users couldn’t get their money out. Other stocks had the same collateral requirements so they kept them up.,1612655626,gmas4p7,False,t3_le5axj,t1_gmaqn7l,2
lbuck12,"Yeah and I can agree with that. I’m all for the GME play, but yeah I do miss the WSB from just a month ago all the way back to below a million. We’ve seen these trends before where stocks like TSLA, NIO, PLTR hold the spotlight for awhile. I just find it alarming when yesterday everything was pro GME just like it has been and then when no factors change suddenly overnight it’s a lot of anti GME. We all know the mods would’ve made a post about toning down the GME talk so other stocks could be talked about if that was a problem. Sure if you’re not holding GME it’s probably annoying and I too would like to see more diversity and not 100% GME, but like I said the seemingly instant switch is a huge red flag. Positive posts taken down and negative being pushed",1612655625,gmas4lx,False,t3_le8dva,t1_gmaqhyq,1
BruceInc,"Most of the negative sentiment isn’t even about GME it’s about all the new morons who basically came to the party uninvited, were welcomed in and keep constantly shitting in the middle of the living room floor.


You guys are fueling the negative sentiment against your own cause with your own stupidity.",1612655588,gmas0hh,False,t3_le5enn,t3_le5enn,1
Pancheel,"Oh, ok. I thought you read a convincing DD with maths and crayons, like the ones that started the GME craze.",1612655586,gmas0a1,False,t3_le05qi,t1_gmaq4b5,2
Throwaway1262020,I promise you not “everyone” is holding gme. Most people aren’t. You’re convincing yourself of something because you want it to be true but it isn’t.,1612655563,gmarxqz,False,t3_le8dva,t1_gmadn0e,2
tallayega,"I never invested in GME, but it's hard to see posts like this and not just think that it's some poor SOB trying to sell their bags.",1612655544,gmarvrt,False,t3_le5axj,t1_gma3xvk,3
Character_Credit,"I am a holder of GME, have been since about $4, but I think people are getting too emotionally invested in an asset, whether it's seeking confirmation bias due to a loss in their investment or due to a ""putting it to the man"".

This has exposed many to the workings of the markets, however, it's made a bunch of people who are emotionally invested in the company, which is bound to crash, when, I don't think anyone, but I don't see it reaching that point again.

Hedge funds honestly don't care about feelings, it's a money thing, most of it is ran by bots and algorithms, and before you say ""hedge fund shill"", I don't work in anything short term in the financial services sector, I just, people gonna get hurt and i'm genuinely concerned that people will take their lives over this.",1612655538,gmarv3d,False,t3_le6pwh,t3_le6pwh,2
ecish,"It’s crazy how great GME and even amc were doing until Robinhood pulled that shit. That’s what killed the momentum, full stop.

Whether they “had” to do it or not, I place the blame almost entirely on them. I’m still holding some stocks and options there, but I’m getting all my new stuff on TD and transferring the rest when things settle down.",1612655536,gmaruur,False,t3_le5axj,t3_le5axj,6
thrusher,GME is gonna unironically rip this week.,1612655536,gmaruw2,False,t3_ldh5fc,t3_ldh5fc,8
UND1SPUTED_B0SS,Found the GME bag holder with losses in calls,1612655529,gmaru4g,False,t3_le9mrk,t1_gmaqrnm,3
adm_akbar,GME got has high as it could of gone. $375 was insane and anyone buying at that level was greedy and stupid.,1612655523,gmartgx,False,t3_le5axj,t1_gmam5nf,2
advanced_ai_bot,"You guys are removing legitimate GME DD posts, the front page has a ton of anti-GME sentiment including profit takers, talking down on GME holders and other posts that are not in line with the true sentiment of the sub...",1612655521,gmarta2,False,t3_le6zj2,t1_gmaj730,36
donobinladin,"If you’ve been around WSB for any time at all, you’ll realize how incredibly normal it is for sentiment to change like this. PLTR is a recent good example. GME is a long term play - for those that got in before it went much past $40. Unless there’s ANOTHER squeeze, all the 🚀 are gonna just be sitting lonely on the launchpad. 

I guess we’ll see on the 9th with the FINRA data, but even then with the short borrow rate steadily decreasing, things could drag out for a looooong time. Good luck! 

Positions 650c 2/19 & 2/26, 800c 3/19",1612655501,gmarr1w,False,t3_le859v,t1_gmampa4,7
SpaceWasteCadet,"Dear diary,

It is day 7 of the unpinned threads. Mods did not bless us with an unpinned weekend thread, but we understand. There is a lot of ape wrangling and clean up to do with zjz's absence; and the remains of Friday's unpinned will have to suffice. Our numbers have splintered; some have courage enough to brave the pinned weekend thread, others have scattered to refuges which shall remain unnamed. The shitposts have improved in quality, and I haven't seen a diamond hands emoji all day. Perhaps, inshallah, GME will open under $50, and we can return home. Hope is on the horizon.

Yours truly,
SpaceWasteCadet",1612655489,gmarpt5,False,t3_ld4v32,t3_ld4v32,34
[deleted],If gme squeezes im buying a sex doll.,1612655482,gmarp52,False,t3_ldh5fc,t1_gmarh93,-1
OmATIRix,"How many shares would institutional shareholders need, to start of that rocket? 
Blackrock bought more gme on friday, now owning more than 9.2 million shares.

https://www.marketbeat.com/stocks/NYSE/GME/institutional-ownership/",1612655480,gmaroxf,False,t3_le99vk,t3_le99vk,3
[deleted],So gme n amc gonna hit again??,1612655478,gmaropi,False,t3_le6kdb,t3_le6kdb,0
xX-El-Jefe-Xx,"So what im taking away from this is: if demand increases again like it did last week, there would likely be another squeeze on GME

Basically just gotta wait for Elon to tweet about gme or something",1612655469,gmarnp2,False,t3_le235t,t3_le235t,1
ZombieAbeVigoda,"The stock went from $4 to $450, but sure, you got cheated by Robinhood. This whole GME thing is fucking Qanon for financial types at this point",1612655452,gmarlqb,False,t3_le5axj,t3_le5axj,6
samnater,Seriously who is paying you to negatively comment on GME 8 hours a day? Or do you have nothing better to do?,1612655440,gmarkj1,False,t3_ldzzph,t1_gm9v1hj,1
Nm0369,Robinhood 100% prevented GME from going into orbit by restricting purchases.  It completely killed the momentum.,1612655426,gmarixj,False,t3_le5axj,t3_le5axj,1
i-like-cold-water,"Nah BB is good long term. Be glad you made 100k on GME. Put most of it (80%) in safe long term stuff, take some (20% or so) to have some fun on the meme plays around here.",1612655402,gmarg8w,False,t3_ldh5fc,t1_gmaqq67,2
neomancr,how much did you start with? and when? I notice the more money i have the more I make exponentially over time and I've been doing this for 3 months. I was foolish enough to jump on the amc bb gme thing which were my biggest losses but I'm still at 40 percent gains. the gme thing cost me like a grand. it was gains anyway but that sucked.,1612655393,gmarf86,False,t3_le9wz3,t3_le9wz3,0
Mezzoski,"I'm really new to this thing, but I can see that the situation with GME  is still far from normal and shorts are probably even deeper in this. Stuff is also still volatile and price tightly controlled. 

One thing we have to realize, is that WSB is just a fraction of this market. The Real game is between big players. Many people thought, that WSB is so smart, but suits as much as we don't like them, are the ones writing the rules, and for sure have  recognized the potential of this situation.

The Game is to bankrupt some funds without spoiling the market as a whole. You saw that previous week. GME jump and market dumps.  That's why the whole process was killed. 

What I see in the future is couple more dips to shake off weak retail investors and then slow increasing heat under the kettle rather than rocket to the moon. Big players won't like to win on GME while loosing everywhere else. They would like to get rid of competition, make money on GME and other stock at the same time. Just like in a joke with old bull, young bull and heard of cows.

Not advice, just  my thoughts. I own some GME just to be in this phenomenal situation.",1612655390,gmarez7,False,t3_le235t,t1_gm9omb7,3
arjunks,Because there is no legitimate reason to ban only that one specific term related to GME and let through everything else.,1612655380,gmardyw,False,t3_le8skv,t1_gmaqs7f,6
blackrussian023,Mind showing us the GME sell order?,1612655371,gmard2a,False,t3_le9mrk,t3_le9mrk,74
strangeloopio,"Do you have a source for where Michael ""said GME is equivalent to the 2008 housing crisis opportunity""?",1612655360,gmarbzp,False,t3_le235t,t1_gm9hemr,1
rbriggs4,"BB, AMC and GME create the word “Bag.” Looks like we will all be holding bags unless we put NOK back in there to make it BANG",1612655328,gmar8t9,False,t3_le6kdb,t3_le6kdb,70
Ar10throwaway,"> you paper handed it because you had a big win and didn't give a fuck what happened after,  let's not pretend you just knew it would ""fail"".

Mostly true. 

In the back of my mind,  GME is,  at its core a 25 or 30 dollar stock. I knew that going in when I paid more for it than that. 

The volatility got crazy,  and I got scared. 
I had liquidated my small ira, my wife's small IRA, and my small brokerage account. 

There were many ways for the stock to go tits up. When the reasons to sell started adding up faster than the reasons to hold,  I ducked out.",1612655320,gmar81p,False,t3_le5axj,t1_gmaph5b,3
OTS_,"Also had a shit ton of upvotes. 

Sub is compromised. 

Buy GME. Hold. Not financial advice. I just like the stonk",1612655318,gmar7u0,False,t3_le6zj2,t3_le6zj2,4
lbuck12,Yeah exactly. It’s almost like a stock... you’ll see a huge surge and then there can be a healthy pullback. I’m all for GME but I do miss the WSB from just a month ago,1612655299,gmar5w3,False,t3_le8dva,t1_gmaq11p,2
Bk7,If they didn't shut down trading I have no doubt that GME would be at least in the 600s right now from momentum alone.,1612655281,gmar49i,False,t3_le5axj,t3_le5axj,1
ricky28992722,"The media lies.




The best stock in the market now according to my analysis:







GME 


I like the stock",1612655259,gmar21f,False,t3_le6pwh,t3_le6pwh,9
give_me_silky,"The real reason the admins and mods won't let zeejayzee back into this sub ->

It's obvious to everyone that the subreddit is still compromised. If you read the current stickied mod explanation about zeejayzee and other moderators, you might have noticed the part where they ask if anyone wants to come help code bots for WSB now that the bots zeejayzee deployed have been removed.

This is a diversion tactic. They're not actually asking you to come help, they're wanting to convince you that no one on the current mod team is capable of creating bots. Why? Because there are already bots being used to spread negativity and push people to selling GME.

In addition to these negativity bots, I've noticed an upwards trend of emoji ridden ""Ape hold banana"" posts that come from accounts with zero post history and those comments in particular are not receiving the incredible pessimistic and condescending bot spam from the negative bots. The emoji ridden comments are quickly devolving to sound as dumb as possible in an extra effort to get you to lose your synergy or connection with the GME holder's space. It's a cleverly crafted ""divide and conquer"" tactic, but it couldn't be less subtle if you ask me.

They don't want to let zeejayzee have any mod privileges because it's something they'd immediately recognize. They're stalling to get the most out of their current GME smear campaign.",1612655231,gmaqzbs,False,t3_le1gpc,t1_gm94o11,51
Simply_Epic,"Robinhood is just your scapegoat for a failed bet. The entire thing turned into a simple pump and dump. The price didn’t fall because retail investors were selling GME, it fell because the firms on Wall Street threw in a bunch of money when GME started to rise, and then they all sold as soon as that rise slowed down. RH may have slowed down the rise, triggering the sell off earlier, but they were not the cause of the sell off. The firms would have just sold a day later.",1612655230,gmaqz6x,False,t3_le5axj,t3_le5axj,1
thegoat_32,Patches you are my long lost brother we both felt something with Gme,1612655224,gmaqymh,False,t3_le9mrk,t1_gmaqrm7,4
CaptainPlanet4U,Gme  makes up less than 20% of my portfolio you knuckle fucked chimp. I'll hold just to drive you idiots crazy,1612655221,gmaqydu,False,t3_le9m0f,t1_gmaqbah,9
WowWhatABillyBadass,There are people who lost more money to GME and I still think they came out on top of this guy because of this reason alone.,1612655209,gmaqx5i,False,t3_le9lbs,t1_gmanxh0,6
hotpantsmaffia,"This is the state of WSB now. Anything that isn't promising $GME to the moon with rocket emojis is considered a bot, hedge fund attack or similar. It has developed in to a cult high on copeium.All because of the magic ""$1000 is not a meme""-meme, and the superimposed 1 month GME graph on the one from VW. Ignoring that GME rocketed waaay more than VW. This is some Qanon level stuff.",1612655171,gmaqthp,False,t3_le4p33,t1_gm9h27p,7
mlydon11,"A face is never 100% gonna work. WSBgod showed his face, which was fake.

DFV had a YouTube for years showing his DD and we could see comments from 2019 of him getting shit on in this sub for his plays. That added to the YouTube is what makes me believe he is real.

WSBgod was a new account with massive gains and ""verified"" by a mod we now know was corrupt.

The best way to help is to remind people to look at a profile before believing a comment or post. I was using my other account and got called a bot because it was new and only been here since Nov. This account shows my RH portfolio getting blown up last year by tesla.

I've reported a dude that has an old account but it was strictly posting about photography for years, now 8 days ago his posts are all of a sudden only on this sub and just negative and anti GME. If his post history showed he was a 🌈🐻 I would let it go because that's a part of this sub. But from those facts he seems like a bot to me.",1612655153,gmaqrtv,False,t3_le242m,t1_gmapihl,4
give_me_silky,"The real reason the admins and mods won't let [/u/zjz](https://www.reddit.com/u/zjz/) back into this sub ->

It's obvious to everyone that the subreddit is still compromised. If you read the current stickied mod explanation about [/u/zjz](https://www.reddit.com/u/zjz/) and other moderators, you might have noticed the part where they ask if anyone wants to come help code bots for WSB now that the bots [/u/zjz](https://www.reddit.com/u/zjz/) deployed have been removed.

This is a diversion tactic. They're not actually asking you to come help, they're wanting to convince you that no one on the current mod team is capable of creating bots. Why? Because there are already bots being used to spread negativity and push people to selling GME.

In addition to these negativity bots, I've noticed an upwards trend of emoji ridden ""Ape hold banana"" posts that come from accounts with zero post history and those comments in particular are not receiving the incredible pessimistic and condescending bot spam from the negative bots. The emoji ridden comments are quickly devolving to sound as dumb as possible in an extra effort to get you to lose your synergy or connection with the GME holder's space. It's a cleverly crafted ""divide and conquer"" tactic, but it couldn't be less subtle if you ask me.

They don't want to let [/u/zjz](https://www.reddit.com/u/zjz/) have any mod privileges because it's something they'd immediately recognize. They're stalling to get the most out of their current GME smear campaign.",1612655144,gmaqr1b,False,t3_le1gpc,t1_gm9k51w,7
pleasesolvefory,"Might be a stupid ass risky play but made $100k in my Roth from GME. Thinking of buying $50k of ARKK for long term hold in there and $50k of BB. Also holding $20k of VTSAX to satisfy my boomer is.

Am I fucking myself by holding BB in here? Was also gonna buy BB shares in my broker account as well.",1612655135,gmaqq67,False,t3_ldh5fc,t3_ldh5fc,2
give_me_silky,"The real reason the admins and mods won't let [/u/zjz](https://www.reddit.com/u/zjz/) back into this sub ->

It's obvious to everyone that the subreddit is still compromised. If you read the current stickied mod explanation about [/u/zjz](https://www.reddit.com/u/zjz/) and other moderators, you might have noticed the part where they ask if anyone wants to come help code bots for WSB now that the bots [/u/zjz](https://www.reddit.com/u/zjz/) deployed have been removed.

This is a diversion tactic. They're not actually asking you to come help, they're wanting to convince you that no one on the current mod team is capable of creating bots. Why? Because there are already bots being used to spread negativity and push people to selling GME.

In addition to these negativity bots, I've noticed an upwards trend of emoji ridden ""Ape hold banana"" posts that come from accounts with zero post history and those comments in particular are not receiving the incredible pessimistic and condescending bot spam from the negative bots. The emoji ridden comments are quickly devolving to sound as dumb as possible in an extra effort to get you to lose your synergy or connection with the GME holder's space. It's a cleverly crafted ""divide and conquer"" tactic, but it couldn't be less subtle if you ask me.

They don't want to let [/u/zjz](https://www.reddit.com/u/zjz/) have any mod privileges because it's something they'd immediately recognize. They're stalling to get the most out of their current GME smear campaign.",1612655118,gmaqokr,False,t3_le1gpc,t1_gm94o11,9
WSBmodsfrickingsuck,GME,1612655108,gmaqnoc,False,t3_ldh5fc,t1_gmaqdz0,8
comments247,"If you really think that AMC and GME did not know about this, then you are in for a rude awakening.",1612655095,gmaqmhv,False,t3_le9y6q,t3_le9y6q,0
samnater,Seriously who is paying you to negatively comment on GME 8 hours a day? Or do you have nothing better to do?,1612655087,gmaqlr0,False,t3_le5axj,t1_gmaoy97,0
LegateLaurie,"Robinhood's [most recent fundraising](https://www.ft.com/content/790324e0-8526-4d9e-9717-a4430e1be034) gave them an implied valuation of between $30-33bn. That's significantly lower than the last couple rounds of funding. Bear in mind that RH has faced a fair bit of litigation recently, so it's clearly not just fallout from GME, but I figure that scandal might have played a part in negotiations (the funding was for convertible debt).",1612655080,gmaql2l,False,t3_le5axj,t1_gma6ukz,2
give_me_silky,"The real reason the admins and mods won't let /u/zjz back into this sub ->

It's obvious to everyone that the subreddit is still compromised. If you read the current stickied mod explanation about [/u/zjz](https://www.reddit.com/u/zjz/) and other moderators, you might have noticed the part where they ask if anyone wants to come help code bots for WSB now that the bots [/u/zjz](https://www.reddit.com/u/zjz/) deployed have been removed.

This is a diversion tactic. They're not actually asking you to come help, they're wanting to convince you that no one on the current mod team is capable of creating bots. Why? Because there are already bots being used to spread negativity and push people to selling GME.

In addition to these negativity bots, I've noticed an upwards trend of emoji ridden ""Ape hold banana"" posts that come from accounts with zero post history and those comments in particular are not receiving the incredible pessimistic and condescending bot spam from the negative bots. The emoji ridden comments are quickly devolving to sound as dumb as possible in an extra effort to get you to lose your synergy or connection with the GME holder's space. It's a cleverly crafted ""divide and conquer"" tactic, but it couldn't be less subtle if you ask me.

They don't want to let [/u/zjz](https://www.reddit.com/u/zjz/) have any mod privileges because it's something they'd immediately recognize. They're stalling to get the most out of their current GME smear campaign.",1612655068,gmaqk04,False,t3_le8skv,t1_gmag9v4,9
samnater,Seriously who is paying you to negatively comment on GME 8 hours a day? Or do you have nothing better to do?,1612655062,gmaqjg9,False,t3_le9ssg,t1_gmap6nl,1
happyidiot09,No one has a problem with people being excited about still holding but there was atleast 1.5mil of us here for specific things before the GME crowd showed up. Most of us would just like the pumping up posts to be contained a little more and go back to seeing more diverse posts.,1612655046,gmaqhyq,False,t3_le8dva,t1_gmafgr6,6
Jumblyfun,Lol chamath bought gme and then sold like a day later for 500k profit. He has not had your back you silly rube,1612655045,gmaqhva,False,t3_lea0iv,t3_lea0iv,14
ExtensionAd2828,Puttin in work on my indoor bike. Sweating and feeling good. Webull up 30% this week. Hoes mad. Life is short brodies always live your life a quarter mile at a time you can be fucked up on a ventilator with covid or sucking dick on the street to pay back gme bills be thankful for every breath cathie gives you,1612655032,gmaqgl3,False,t3_ldh5fc,t3_ldh5fc,2
samnater,Seriously who is paying you to negatively comment on GME 8 hours a day? Or do you have nothing better to do?,1612655023,gmaqfq1,False,t3_le5axj,t1_gmapn7w,1
treasuresforthefam,"Thank you. I use WEBULL, I didn't realize I was automatically opted into the stock lending program and had to opt out. It took 3 business days of ""status pending"" before i was out. They had borrowed shares of GME and NOK in the mean time. Glad someone pointed that out to me.",1612655015,gmaqewv,False,t3_le235t,t1_gm9873w,2
WilleZumLeben,"I was surprised to see that the massive attention that AMC received came close to GME.

[https://i.imgur.com/qKpwmpa.png](https://i.imgur.com/qKpwmpa.png)",1612742399,gmixl6r,False,t3_leyrrr,t1_gmix767,8
MasonSTL,"One thing I cant make clear about the ""anti GME cult"" thing... every time i see a post complaining about the influx of GME squeeze speculation, and how the speculation is wrong, involves wanting to get back to loss porn. Wouldn't allowing this wrong speculation come with unprecedented amounts of loss porn?  


I mean. This is basic logistics, people.",1612742391,gmixko0,False,t3_lettza,t3_lettza,23
IAPPRECIATETHEDD,GME has entered the chat,1612742384,gmixk6k,False,t3_levf1j,t1_gmixa33,3
ssss1111ssss2222,"I closed my position at 250 when it was clear the party was over, no second spike was coming again and SI was down or high, but at 400-480 levels. Also tried to short it asap when i sold but my broker was restricting any gme transactions so i also wish i was in their shoes. 

Tried to tell the guys here so they don't hold the bags but I got downvoted around -100 :))",1612742373,gmixjg4,False,t3_ley1eo,t1_gmix2bc,1
pfisch,"You should sell. There is no reason not to salvage 20% when you can.

There is no point in crying over spilt milk. Cut your losses and on to the next thing.

I mean you wouldn't buy GME right now, so why hold it? Makes no sense.",1612742348,gmixht3,False,t3_lers84,t1_gminus9,2
snecseruza,"Cbs sports app streams it free


I don't have any GME bags for ya tho",1612742329,gmixgl1,False,t3_levf1j,t1_gmivxdl,1
WeldingIsABadCareer,"They didnt pull out u slack jaw. The short volume ratio is 60% for amc and 47% for gme

https://fintel.io/ss/us/amc

https://fintel.io/ss/us/gme

Come the 9th these hedge funders are buying me a kamodo grill lol.  930 est be there",1612742320,gmixfxs,False,t3_lerm8e,t1_gmivdrq,-1
Hydlyde,"Pretty much every societal problem comes down to economic class, and a rich elite ruling from their own myopic perspective.  It bleeds into both parties, our courts, the media, our jobs and our social circles.  Until the country's workers are willing to stop going to work en masse as part of a larger negotiation, it will never improve.

Also that shit will probably never happen, because it's one giant prisoner's dilemma.

GME is also a prisoner's dilemma, but the stakes are much lower than losing your job for anyone who didn't invest their child's college fund into.  I bought 10 shares at $109 and another 5 at $69 on principle.  (Sorry, I couldn't afford 420 shares)  Regardless of what happens with GME, I'll be fine.  I have plenty of money in the bank. But, we will find out if people are even a little bit capable of recognizing their class interests, or if they will act in their own interests.  It sounds silly, but GME could be a moment of unity among working class people that we haven't seen since the labor movements of the early 1900's.  The math adds up: if people hold, at the very least some hedge funds eat shit in interest over the long-term, and....

I lost my train of thought, the spray paint is kicking in now",1612742317,gmixfqe,False,t3_leorks,t1_gmhvbhq,7
questionname,"Just for stating some facts, since you made some assumptions there, the most invest initially into GME was 10k out of my 50k accounts, maybe even less, that payout was 120k or so. So I didn’t put 100% into options or GME, and I didn’t buy weeklies.",1612742311,gmixfc7,True,t3_let1bn,t1_gmipdas,0
EggChalaza,"https://en.m.wikipedia.org/wiki/Proportionality_bias <- this is what is happening at the moment. People don't understand the markets and so conspiracy theories abound.

Wall Street didn't close ranks on anybody. WSB is not to GME as Porsche was to VW... you guys leak shares like a sieve. Porsche did not.",1612742310,gmixfan,False,t3_lettza,t3_lettza,85
jawkas,"The least credible people on the sub are the ones that are giving dates for when GME will blow up. Friday, Monday, tomorrow, next week.

That shit gets tens of thousands of upvotes and then it's totally forgotten about or blamed on ongoing market manipulation for not happening.

Then when anyone casts doubt on the credibility of these posts they're called bots or shills, people are also laying the blame on them that the stock is not going up because they're *not believing enough*. Finally, we've gotten to a point where even posting about how much money they've made on GameStop is a tactic by the hedges to weaken bagholders resolve. 

For many GME holders, people who confirm their biases but end up provably wrong are more credible than people who say, ""the squeeze squoze, here's the absolute ludicrous amount of money it made me, and here's some points about why almost all GME going to the moon DD is misconstruing certain facts"".",1612742296,gmixecz,False,t3_leram1,t1_gmimf4x,2
BONFIYAHgg,Leaps on the triangle shirtwaist factory are up more than GME last week,1612742283,gmixdjo,False,t3_levf1j,t1_gmiwxqo,5
rainforest11,"Right, because having one reddit account and being inactive in different account automatically means a smoking gun. Plus, you know people lurk right?

My advice would be to not to jump to conclusions too quickly. I addressed your concern in this post here [https://www.reddit.com/r/wallstreetbets/comments/leorks/evidence\_points\_to\_gme\_shorts\_not\_having\_covered/gmhdzo0/?context=3](https://www.reddit.com/r/wallstreetbets/comments/leorks/evidence_points_to_gme_shorts_not_having_covered/gmhdzo0/?context=3)",1612742276,gmixd12,True,t3_leorks,t1_gmiwzyn,4
tradaxa,"After [this](https://twitter.com/S3Partners/status/1355923885468876802) tweet and immediate change right after (over a weekend) i wouldn't really trust S3 with anything 

""Amid the chaos of #GME, even the experts are confused about what’s going down. That’s why we need impartial data!! **Contrary to popular belief, most of the $GME shorts are actually NOT covering.**"" **6:00 PM · Jan 31, 2021**

edit: also i would like to add that IF the majority of the shorters actually didn't cover early on the run-up, it would have been INSANELY risky to re-short from the top without knowing most brokers would have systematically halted buying of GME, which invalidates the theory that the original funds have now a much better and higher shorting avg. Imo only new funds might have risked shorting from the top and they will start taking profit after an 80% drop...",1612742275,gmixcyk,False,t3_leyrrr,t3_leyrrr,773
Raekwonda,"Good news, Diamond Hands Corporation is now hiring interns. PM me if you wish to become our head licensed memologist or drink technician. Responsibilities include but not limited to; buying way otm calls on meme stonks, holding GME shares, using infinite leverage and margin risk, and generally being retarded. Pm me for details.",1612742241,gmixam9,False,t3_levf1j,t3_levf1j,2
Ykana1,"I’m curious, was any stock down more than GME this week?",1612742239,gmixaga,False,t3_levf1j,t3_levf1j,-2
throwaway1736484,"Unrelated, but it’s real breath of fresh air to see some actual discussion. Why cruises when gMe nOt SqUoZeN tO MeWn, yOu aM sHiLLs???",1612742239,gmixag0,False,t3_lenitl,t3_lenitl,3
crossdl,">PLEASE do your research before posting this shit. This is why the vets are pissed at all the GME pumping: it's in large by people who don't know what they're talking about. 

Am I fuckin retarded or is the point of this forum not that sort of missing-the-larger-point autistic DD?

""These kids don't get that some meme stocks correlate"". Yeah, and the modus has been to point that out and then call them retarded to make them second guess themselves next time, right?

Maybe GME is getting old by the standard of impulse control deficient obsessive compulsive gamblers, but I don't see how what's going on is any different than how it is normally here.",1612742238,gmixafc,False,t3_lettza,t3_lettza,-2
red-chickpea,"Monetary worth, defined through a currency, is only measured by what you can ***sell*** for and that usually aligns for what you can buy at. Look it might happen (not likely) that your GME stock could be worth $13413241341 some day, but right now the stock is worth $63.77",1612742219,gmix93i,False,t3_lerm8e,t1_gmiwqo9,1
riffdex,"Would be spectacular. 

If GME opens up 100% are you buying puts?",1612742214,gmix8rf,False,t3_levf1j,t1_gmiwcm1,1
sknnbones,"I’ve seen a lot of people saying “pump” or “pump up this stock” or stating matter of fact like “gme was a pump and dump **insert insult about bag holding and to sell**”

People are trying really hard to make it seem like GME was a pump and dump and that WSB is all about that, right when the SEC is supposedly investigating us for Manipulation. 

On top of literal fake accounts being used as “example comments” for news corporations when they sling shit about WSB. Just fishy as fuck. Either they are shills or literally retarded because no one talked about that shit before.",1612742200,gmix7v3,False,t3_leg4zw,t1_gmcpgcz,2
trader9899,"So discretionary that in March covid drop no increase in requirement for trillions of dollar that traded hand. Billion per minute and everything settle just fine. GME market cap is 1/100 of Apple and Tesla but it have issues with settlement? I mean people who buy GME is using fake money or something? Is the brokerage allowing people to place order when they have no money?

Gtfo with that shit. GME is the same as the other thousand of stock that is on the market. There was no liquidity issue that the brokerage need to post full cash collateral just in case the customer don’t have the money to pay for it. You couldn’t place the buy from any brokerage in existence without money for the trade.",1612742194,gmix7gq,False,t3_leyvlj,t3_leyvlj,62
WilleZumLeben,"AMC was a complete shitshow. Here is the current WSB sentiment over the last 24 hours. Still largely positive towards GME.

[https://i.imgur.com/yql5muW.png](https://i.imgur.com/yql5muW.png)",1612742190,gmix767,False,t3_leyrrr,t1_gmivv39,15
raymondduck,I already had an etrade account so that's where I'm trading now. Brought much of my GME profits over there as soon as they settled. Got level 2 options approved this week and got started.,1612742167,gmix5ma,False,t3_leu9tu,t1_gmiq4vj,0
propostor,"Ah man that's somehow worse. I thought it was that collective wsb thing that some folk had talked about, and they'd just written a shit paragraph for it.

This is just Reddit cashing in on the GME story in their own way. Feels a bit overly corporate to me.",1612742163,gmix5cx,False,t3_lexy8t,t1_gmiwy55,16
AngryDingo,Futures green = GME red sorry gameboys,1612742139,gmix3qe,False,t3_levf1j,t3_levf1j,2
BigBoiBenis,If Monday is green for GME I’m buying a $300C 3/19,1612742138,gmix3nx,False,t3_levf1j,t3_levf1j,10
blacklordofmoney," Congrats retard. Now go make more GME and hold! 

&#x200B;

* not a financial advice",1612742121,gmix2ho,False,t3_lelqrc,t3_lelqrc,2
SneakingForAFriend,Buying and holding GME. So much FUD on this subreddit has me convinced.,1612742118,gmix2ad,False,t3_levf1j,t3_levf1j,12
ThePizzaDeliveryM3n,That's not how it works... You'd think we would have squeezed every company way before GME.,1612742115,gmix22l,False,t3_lexumy,t3_lexumy,42
thabat,I'm holding 806 shares in GME I guess it's relatively small,1612742107,gmix1jb,False,t3_leram1,t1_gmirf6o,-1
blacklordofmoney," Congrats retard. Now go make more GME and hold! 

&#x200B;

* not a financial advice",1612742106,gmix1h2,False,t3_lehcrx,t3_lehcrx,1
blacklordofmoney," Congrats retard. Now go make more GME and hold! 

&#x200B;

* not a financial advice",1612742095,gmix0pn,False,t3_lei4xu,t3_lei4xu,3
zarnonymous,GME of course,1612742085,gmiwzzw,False,t3_levf1j,t3_levf1j,6
LowerReplacement6542,"They definitely exist. I mean GME was a great play, one of the greatest in a long time, you just get in early and don't bag hold. WSB called the huge sell off early in 2020 as well which was huge money.

The problem is once a play hits big, everyone FOMO's into it and then loses money bag holding and it's all you hear about on the sub for like a month",1612742054,gmiwxtp,False,t3_let1bn,t1_gmiv0nu,1
Ykana1,It’s up more than GME last week.,1612742053,gmiwxqo,False,t3_levf1j,t1_gmiwvbg,2
blacklordofmoney," Congrats retard. Now go make more GME and hold!

&#x200B;

* not financial advice",1612742046,gmiwxbi,False,t3_lewajd,t3_lewajd,-1
sheepeses,"It's a meme, because shorting GME during a pandemic is probably the safest bet ever. Gamers are lazy af, have things like Steam, and will avoid going outside normally... But what they didn't account for was the internet.",1612742007,gmiwumy,False,t3_lerm8e,t1_gmivohi,1
new_patriot_david,"Ok so can someone explain this to me please. i have a Merryl Edge account and had no problem at all buying 20 shares of GME. the Friday before last. By Thursday of last week I had lost 75%of my money, but If I would have used  Robin Hood I wouldn't have lost as much money. So why is everyone getting so annoyed at Robin hood when there are other  ways to buy stock. It seems like you guys are making out that Robin Hood is the only stock broker in the country what am I missing ?",1612741989,gmiwtho,False,t3_leu9tu,t3_leu9tu,1
thekarimIsmail,"Okay but really though, besides wanting the focus to be on $GME to cover you loss, $AMC is still a good long term bet. Hedge funds don’t all synchronize their positions. Sure, some will make money on AMC like literally any other stock but most are betting on its downfall. As far as I can tell, there’s a lot of potential with AMC, and until someone can give me a better reason other than “$gMe oR nOtHiNg” or “ThEaTeRs ArE DeAd I WaTcH nEtFliX” then call me an idiot, but I’ll bet every single time on at least 50% of my friends finding themselves in a theater in the next year.",1612741951,gmiwqw7,True,t3_let46z,t1_gmivxje,3
cmeder0711,Couldn't just say GME to The Moon?,1612741945,gmiwqgy,False,t3_lexy8t,t3_lexy8t,426
r011d4DiCe,"was it more that you got lucky or that you made good decisions? i only made 4k off trading GME, typically id be happy with 4k, not this time. 

enjoy the tendies!",1612741926,gmiwp7h,False,t3_lephvi,t3_lephvi,2
lostredditorlurking,It was around 2 mils before GME become mainstream. So in less than a month we gain 6 mils sub,1612741926,gmiwp78,False,t3_levf1j,t1_gmiwhsr,3
LeonCrimsonhart,"> it's for printing tendies or die trying

Isn't the GME saga the ultimate ""print tendies or die trying""?",1612741921,gmiwotw,False,t3_lettza,t1_gmi1ljg,74
Flem1990,Buying more GME,1612741902,gmiwnlx,False,t3_levf1j,t3_levf1j,13
0ptimusPrim0,"Stop calling GME share holders as bag holders.

Not everyone is a bag holder and not everyone has lost or is losing money.

Many people are owners of shares on house money...",1612741901,gmiwnis,False,t3_leyrrr,t3_leyrrr,498
throwaway42038372849,SHORT SKWEEZ STILL CUMMIN BROTHER JUST DUMP ALL YR MONEY IN GME ON MONDAY ITLL HAPPEN,1612741886,gmiwmhp,False,t3_leyxbb,t3_leyxbb,-2
SpenceisaZombie,"I was waiting for the real version.  

GME🚀🚀🚀🌚",1612741883,gmiwmab,False,t3_lerm8e,t3_lerm8e,3
lodewijkverha,"Expect a short attack tomorrow morning. Short restrictions expire on GME 

Buy at discount then we watch it rise",1612741873,gmiwll5,False,t3_lex70x,t3_lex70x,1
BigBeezy905,GME closes at 💯,1612741844,gmiwjnh,False,t3_levf1j,t1_gmiwcm1,5
No_Dependent4663,"Found the answer from u/sidmcdout:

&#x200B;

>If the majority sells at a small squeeze and at the same time the HF's decide to close the positions totally the story is over. We will have some gains, not so bad and it's over.  
>  
>The likelihood that the HF will proceed shorting the stock with new positions is high. Therefore it can happen that we do a squeeze yoyo until a mega squeeze at which a lot of HF just go bankrupt.  
>  
>As mentioned above, all depends on you and me. All depends how long you lovely retard apes hold and when you are ready to sell.  
>  
>I decided for myself and placed following limit sell orders.  
>  
>GME: $69696  
>  
>AMC: $1000  
>  
>If the majority of the holder would do the same, this is the price and no one can avoid it.",1612741843,gmiwjko,False,t3_le6v6v,t1_gmivghn,20
littleweezer,"Don’t think they’ve sold their shorts tbh powerful investors have bought millions of shares in GME and basically control the chart. They obviously would love to sell and make profit but shorters probably offered something better to save both asses. Who knows tbh. I think within these 2 weeks we can see where GME is heading.
GME was a bubble as well that was going to pop within a blink of an eye. This may be its time to relax before taking off.",1612741814,gmiwhod,False,t3_ley1eo,t1_gmivqtk,1
Hites_05,"I've thought about this with GME, but I fear something insane like selling to open a $600c, squeeze hits, drives the price up to $800 for 2 Wednesday & Tuesday, and then crashes back down to $50 on Friday.  Am I insane for thinking this?  Is this impossible or just improbable?  Or is our current situation just too difficult to predict?",1612741797,gmiwgjq,False,t3_lers84,t1_gmiqgf1,-4
pcimino001,"GME is losing steam in wsb, people are find a lot more other stocks.

https://wsbtrackers.com/",1612741788,gmiwfxj,False,t3_levf1j,t1_gmiirre,-61
g4858364957,The GME short squeeze was from 2 -> 500. That is a massive massive short squeeze,1612741777,gmiwf5e,False,t3_leyxbb,t3_leyxbb,14
Cali_Godbod,"My man, fundamentals literally do not matter anymore. You are too busy looking at your feet and so you can't see where the path is heading.

GME will never hit 20$ again, ever. In fact the value is going to keep increasing as we enter a new media cycle with the congressional hearings.

The stock market has changed with inclusion of retail traders, it is now about hype and scope of vision. 

GME is a household name and now a cultural phenomenon. Give Cohen 3 years and this stock will be 800+ easy imo",1612741763,gmiwe8f,True,t3_leifvb,t1_gmitwye,5
Free_Tendies_Van,"lemme guess, GME up 100% premarket and end the day -2%",1612741741,gmiwcm1,False,t3_levf1j,t3_levf1j,21
InIce1234,I think they will beat earnings harder than Hedgefonds managers slapped gme bagholders asses. Means I will hold trough earnings and add more after little lockup dip.,1612741709,gmiwah4,False,t3_levf1j,t1_gmiw0k3,0
thatwasdifficult,I had a dream GME went to $600 in a day,1612741699,gmiw9rn,False,t3_lej7nx,t3_lej7nx,3
megatroncsr2,"It seems so long ago...

Just like you don't fight the fed with unlimited money, you don't fight the hedge funds with billions and friends everywhere.

Fuck the hedge funds. GME 🚀🚀🚀",1612741614,gmiw3y5,False,t3_lettza,t1_gmi8coq,15
FILDGREAT,"Hope this guy didn't trade weeklies on GME, there's still hope if its shares",1612741568,gmiw0qt,False,t3_leqdsk,t3_leqdsk,2
-Potentiate,"got a couple shares at 12.82 gonna grab more tomorrow 

got a 1/2022 12.5c that was 400% at the $28 peak and is now +30%. shoulda sold the call then bought more when it tanked, not sure wtf I was thinking. GME had my head all fucked up, got used to seeing huge gains real quick",1612741566,gmiw0mt,False,t3_levf1j,t1_gmisjef,1
lugenfabrik,GME should have made a commercial.,1612741550,gmivzh7,False,t3_levf1j,t1_gmiu7m9,1
GamestopChad,"$AMC is diluting. You are being tricked by hedge funds to buy their debt. Hedge funds own all of $AMC's debt and AMC issues shares, sells them to you and the money goes to the hedge funds. $GME or nothing",1612741522,gmivxje,False,t3_let46z,t3_let46z,4
Fuzzfaceanimal,"Some people dont know how history works.... history for gme shows, low low low",1612741508,gmivwna,False,t3_lerm8e,t1_gmibyfq,3
planetdaily420,What I find interesting is the bots and Nancy negatives are all over any GME based post and RUN to bash but if it’s AMC they are fine. Seems like the goal of getting people to back off GME and be distracted by AMC is still on. That’s what partially got us here in the first place. Btw I don’t care what any troll has to say on the matter. I’m too old to care.,1612741484,gmivv39,False,t3_leyrrr,t3_leyrrr,138
numbersalone,TY. Dunno where mods have been on the weekday daily. Atleast segregating the GME and other meme posters helped.,1612741470,gmivu2w,False,t3_levf1j,t1_gmivp5y,1
lodewijkverha,"Short restrictions that were in effect on Friday expire so shorts will be fair game Monday. 

I expect another short attack. 


I also expect to be picking up more GME at a hefty discount. 

Probably $30",1612741468,gmivu06,False,t3_levf1j,t3_levf1j,6
vincesuarez,"Yeah but you can YOLO a weekend away on a trip, or an object like a computer or vehicle. This term is loosely used. I think Cuban’s point is more valid here. Do you what you can afford (as with all things in life). This form of YOLO seems to be exclusively used for those who put a considerable amount of money into GME, which I think is wrong. YOLO takes place in all aspects of life",1612741452,gmivsxm,False,t3_levf1j,t1_gmiv7p6,1
choose282,">""Karen""

>holding gme to ""stick it to the man!""

>""my partner"" 

Please for God's sake lurk moar",1612741412,gmivqav,False,t3_levf1j,t1_gmivilc,0
MTGwizz,"Buy GME, got jt",1612741411,gmivq8q,False,t3_leycyw,t3_leycyw,4
yurodd,So nothing about wsb or gme or rockets??,1612741411,gmivq8s,False,t3_lexy8t,t3_lexy8t,116
MilitaryBeetle,"Hey man, I read your DD on SPCE and I thought it was pretty insanely detailed, pulling up an FCC form to find out if the test flight would be announced??

Fucking brilliant Sherlock Holmes level work

I say you should post another DD now that everyone has sobered up somewhat on GME and are craving to squeeze something else to save their ego's from how much they lost by not selling the top <- me

I'm interested in what you think about buying in at the current level, do you think its squeezed at all or was the rally just on news from the test flight?",1612741398,gmivpcl,False,t3_le24wb,t1_gmbmmjs,1
DrP-DrPapa,I haven't invested even a penny in GME. I collect troll farmers.,1612741396,gmivp8k,False,t3_lerq5t,t1_gmiv0og,0
evvivaipiccioni666,HOLD GME! Videogames are the future,1612741396,gmivp7a,False,t3_levf1j,t3_levf1j,17
2sLicK-,Facts we don’t need GME bandwagons to ruin this one,1612741388,gmivomf,False,t3_lewxcx,t1_gmiqbsr,11
Fuzzfaceanimal,"100% correct gme isnt made for investing..... according to its history...

Also, if it were made for long term, why would this hedge do a short?

Please try to be smart people..

So many following a meme.

Buying at 300 lol",1612741386,gmivohi,False,t3_lerm8e,t1_gmhp003,3
pokelord13,Imagine after dropping the bomb on Congress he just exits his gme position live on TV. All of wsb would have a mental breakdown,1612741372,gmivnl1,False,t3_leorks,t1_gmhp55w,1
DarkRooster33,"I noticed these accounts on both sides.

GME cultist nuts that just keeps making things up and making it worse for everyone.

Anti GME anti conspiracy nut jobs that ignores the hundred years of market history and some of them end up saying Robinhood did nothing wrong and that media is trustworthy.

So many people show up past 14 days and talk about what is wsb suppose to be and about wsb ''Ogs'', yet past year they never shown any interest in stock trading or wsb in their rich comment and post history.

We had just about any take on it ''WSB used to be full with serious posts and DD'', ''WSB was just about playing casino, they are the hedge funds this movement despises''

or the best one ''sub used to be great without all the GME pump and dump'', first of all that it comes from accounts that been here past 14 days, second of all wsb front page has been full with GME posts past few months. Most notable was the 10th GME post that day that became the 2nd most awarded reddist post in history.

[https://www.reddit.com/r/wallstreetbets/comments/knh99p/you\_guys\_need\_to\_stop\_wasting\_money\_on\_useless/](https://www.reddit.com/r/wallstreetbets/comments/knh99p/you_guys_need_to_stop_wasting_money_on_useless/) \- GME price under 20$ at the time.

Yeah i did spend hours of scrolling post and comment histories of people, even called out plenty, yes i am pathetic and have no life.

I think this is how **conquer and divide** works essentially, you inflate both sides of the spectrum, no need to have evil elite working against us, i think by end of the day we did it ourselves, so now we have GME nut cultists spouting whatever bs they can make up, and anti conspiracy cultists doing the same, and every normal person being repelled and drawned out.

Either we win or lose GME war, we will lose the entire sub reddit in big picture.",1612741343,gmivlqh,False,t3_lew1td,t1_gmipvmr,120
WoOoOoOoShHhHh,"I hate GME as much as anyone here, but hear me out- 

If you were to get in between $40-$60 and you’re okay going long on it- do you think there’s still ***a lot*** of risk involved? 

Not buying based on a *“sHoRt sQueEze”* but based on what GameStop may do in the next 1-3 years buuut if apes happen to somehow run it up again you’re there for it",1612741337,gmivlcf,False,t3_ld4v32,t3_ld4v32,1
i-like-cold-water,Hell yeah there are like 10 other tickers showing up in the DD tags other than GME. Slowly getting back to normal around here,1612741263,gmivggg,False,t3_levf1j,t3_levf1j,9
chickenlasagna,Im aware but gme is the best play,1612741262,gmivgea,False,t3_levf1j,t1_gmivaz8,0
IHateMonie,Gme dip going to keep dipping,1612741242,gmivf2x,False,t3_levf1j,t3_levf1j,3
Hydlyde,Much like OP who has 5 posts over the last 3 years and came off a year long hiatus to post this.  But that's conspiratorial thinking to imagine a company with billions invested in discouraging the purchase of GME would buy an old reddit account 🙄,1612741223,gmivdsi,False,t3_lers84,t1_gmirj39,42
littleweezer,"There’s a bunch of hedge funds and insiders on GME. It’s literally them versus each other. I did research about it and noticed a bunch of popular investors and some hedge funds went in on GME last week when it dipped. It was a bit uplifting because we could see this skyrocketing. $1,000 is not a joke if these short sellers give up.",1612741200,gmivc9y,False,t3_ley1eo,t1_gmit49x,3
JohnDeaux739,"I’m keeping my RH account, I left one GME stock in it, my own little F U when I transferred to Fidelity. Now it’ll sit there forever.",1612741192,gmivbr3,False,t3_leu9tu,t3_leu9tu,15
mightybaker1,"Can you imagine how quickly the SEC would move if that said GME to the Moon 🚀

This was clearly the next best way to assemble the retards!",1612741134,gmiv7v9,False,t3_lexy8t,t3_lexy8t,1848
i-like-cold-water,"Its funny when its some retard yoloing weeklies. Its different when they are convincing Mr Jon Doe ,that Yoloed his entire life saving, to hold all the way from $500 to $50. 

But really it was the downvote hive mind that drove most of the anti-GME hate",1612741132,gmiv7p6,False,t3_levf1j,t1_gmiu3h5,2
wolfofthemidwest,"Wait, we paid for that GME Super Bowl ad, right?",1612741129,gmiv7hp,False,t3_levf1j,t3_levf1j,11
LargeSackOfNuts,Holding GME as hard as I'm holding in diarrhea on a public bus.,1612741110,gmiv67c,False,t3_levf1j,t3_levf1j,8
chickenlasagna,buying more GME dips 🚀🚀🚀🚀🚀🚀🚀,1612741101,gmiv5ma,False,t3_levf1j,t3_levf1j,7
ZumooXD,"I don't know what to believe about GME at this point. Fuckers posting bloomberg terminals and shit, don't want to be a retard and give in to confirmation bias",1612741042,gmiv1ku,False,t3_levf1j,t3_levf1j,12
rottengammy,"fucking stop these types of fucking posts on WSB already. FUCK!
GET BACK TO HOW THIS SUB USED TO BE BEFORE GME BAGHOLDERS CONTROLLED THE SUB, FFS!",1612741019,gmiv01o,False,t3_lerm8e,t3_lerm8e,2
poopa_scoopa,"I've been on WSB for years. Don't know why you think I was idle for months and months... I never commented a lot before the 🦍s came though.

Are you saying that there *isn't* next level delusion amongst the GME bag holders?? Fucking lol squeeze happened last week of Jan",1612741016,gmiuztu,False,t3_levf1j,t1_gmiup5g,0
shmoseph,"I think I'll wait for some GME bag holders to panic sell, buy at the dip, then resell at the next peak for a 10-20% profit. That's an easy 10-25k for me.

Let's keep this pump and dump going: I'm getting rich off y'all.

/S",1612741010,gmiuzg7,False,t3_levf1j,t3_levf1j,-2
therealjamesj,Of course not. SPY would never move 1:1 to GME. Spy is huge. GME is small.,1612740982,gmiuxfi,True,t3_lescan,t1_gmitoa5,1
rodneyrangerfield,"Lol, BB is following GME closely so you didn’t really detach",1612740959,gmiuvsr,False,t3_levf1j,t1_gmiumtz,-4
robohydrate,"6k to 30k on gme, then to 38k on spy FD's, then down to 24k on spy FD's. cashed out 16k to pay off a loan in full, letting the rest ride in weed stonks and boomer index funds until next tax season",1612740908,gmius84,False,t3_levf1j,t3_levf1j,4
SupremeSoapBar,Wish they put a GME to the moon on it,1612740907,gmius4q,False,t3_lexy8t,t3_lexy8t,230
B217,"Because those people weren't in it for real. When GME was big news they hyped it up and preached ""ape together strong, keep holding"", and as soon as they saw any sorta drop, they panicked, sold (implying they had any to begin with) and are now making fun of anyone still holding (even people who haven't lost anything). They just wanna validate themselves for jumping ship or never getting involved at all. When GME was hot, people were crying they didn't get in on it, and now those same people are shitting on people who did get in on it.",1612740879,gmiuq6r,False,t3_lerm8e,t1_gmi5xqn,17
Elons_Robin,I think with the exposure and good team behind them GME may have been officially revived as a company,1612828781,gmn2r2i,False,t3_lf9rdy,t1_gmn2kxk,3
Fentefr,"It was a visual bug, screenshot is real but no GME did not hit $300",1612828753,gmn2p4d,False,t3_lf9rdy,t1_gmn2ga2,1
Planktonelement,Best GME post of the past two weeks,1612828752,gmn2p1y,False,t3_lfgoit,t3_lfgoit,1
SnooPuppers2489,"The report isn’t only for short position activity on 1/31, it’s the position of shorts the we would have had after aftermarket closed on 1/29.

Anyone who’s sooo salty about other people’s investments makes me really wanna read between the lines in their comments. Appreciate the input. I’m long on GME regardless of how many shares I offload during any subsequent price spikes that come from this. That’s just me personally though, I’m not a financial advisor. If people wanna just base whether they sell off the one report coming out tomorrow they can, or if they can afford to or want to, they can keep holding if they’re long on GME. Up to them, I’d never be salty about what people want to do personally 🤷🏻‍♂️

💋

EDIT: It’s been very consistent that most negative comments I’ve gotten trying to call me names for being long on GME comes from accounts that posted like 100+ days ago, then started up again 30 days ago, usually on mostly random subs, maybe one post on wsb, then nothing but negative GME stuff til the real hype started (or like one “GME GO UP OO OO APES 💎” post, then just negativity). Obviously could just be people who just jumped on for the viral aspect being salty, but maybe not either.

Everyone should look at the Google search analytics for “buy Reddit account” recently. Not calling you a shill, but everyone including you may be interested! Do your own DD guys! Not a financial advisor!

https://trends.google.com/trends/explore?geo=US&q=Buy%20Reddit%20account

Smaller date range:

https://trends.google.com/trends/explore?date=today%201-m&geo=US&q=Buy%20Reddit%20account

Big spike Jan 28th.... hmm...",1612828741,gmn2o7m,False,t3_lf9rdy,t1_gmn26dp,0
nicky94,"Tomorrow isn't the 'big day' stop spreading that bullshit. Only thing that does is creates disappointment.

2 week old short interest ....that is also up to the shorts to report honestly? yeah no fuck that.

Look forward to RC ventures and his rich af execs buying up a ton of the float in the near future

Look forward to waking up to major company news during PM or reading during AH in the near future

It might happen tomorrow or it might happen a month from now... who knows. Cohen will bring his 'delight' one way or another. I'm in it for the long haul now as should everyone else. If we get a massive spike again? great! if not? that's okay we have a world class team in place now operating a company in a uber uber lucrative market.

also Fud shills who have been spamming GME negative stuff all day every day for the past two weeks... its become PAINFULLY obvious lmao. You guys need to find a new strategy. You might as well have fud shill as a flair haha",1612828736,gmn2nuw,False,t3_lf9rdy,t3_lf9rdy,43
Bigwood208,The month was good. I lost the $4k over a few months then I didn’t trade for 3 months then in dec I bought some $BB and $GME and bounced in and out of those. Now I’ve got $10k wrapped up in PLTR weeklies 😬  to kill my good month,1612828718,gmn2mm4,False,t3_lflpoz,t1_gmn2djc,3
juicykitten22,shorting GME 🥲 o7,1612828703,gmn2lhq,False,t3_lflpoz,t3_lflpoz,6
Whiskey_Maker,I'm starting to doubt GME will drop to $5 again,1612828695,gmn2kxk,False,t3_lf9rdy,t3_lf9rdy,7
[deleted],I’m referring to GME,1612828689,gmn2kj3,False,t3_lflpoz,t1_gmn2iq1,2
[deleted],"How retarded will selling naked GME calls be?
I’ll sell in the morning and hope for it to tank during the day then I buy before close",1612828678,gmn2jrm,False,t3_lflpoz,t3_lflpoz,11
AkiybaN,"I ain't on this $GME bandwagon, but why the fuck would hedge funds want you to hold? Their main priority is for you to sell so they can cover their asses. The longer you ""hold"" the more interest they get hit with tho no?",1612828643,gmn2hbx,False,t3_lfmt62,t1_gmmvv2u,8
DarkStar668,I'm not even touching GME options. I ran the profit calculators and the movement required to earn even a mediocre gain is absurd lol.,1612828633,gmn2gmw,False,t3_lfmm2o,t1_gmmt8ra,1
3Me20,"So he bought 2000 shares of GME for $.5051 ea and only paid $1,010.28?",1612828605,gmn2eof,False,t3_lfm36e,t1_gmn15pn,1
Horan_Kim,This is the way. I am giving GME to my son.,1612828595,gmn2dxh,False,t3_lfjrup,t1_gmmqm67,32
bhutams,They'll be talking about it forever unless gme somehow still manages to declare bankruptcy,1612828595,gmn2dyt,False,t3_lf9hv1,t1_gmn08uo,1
Morindre,"I was thinking this today. I made 40k on GME, I suck ass at my job since. I used to be so much more motivated but now I’m like if I get fired it literally doesn’t matter.",1612828594,gmn2dv4,False,t3_lflpoz,t1_gmn1sfn,14
ninjanerd032,Now right back into GME.,1612828585,gmn2d9n,False,t3_lfm36e,t3_lfm36e,0
MrOoah,"Because averaging down and selling calls against it is a way to get out profitable. GME will pop again, just not sure when but I just need to make sure my average is down to an attainable number.",1612828581,gmn2d0m,False,t3_lflpoz,t1_gmn0a9t,1
TheRedditsecular,"I won't lie.   
I'm a retarded bag holder.   
If it goes back up then yay but with this being one of my first experiences on the stock market u think I will keep at least half a share of GME just sitting there to remind me of this day and to remind me that as much as I can be greedy but to not be excessive.",1612828578,gmn2crq,False,t3_lfjrup,t3_lfjrup,2
Assault_Rabbit,If you don't have SPY calls by the end of market tomorrow you are more retarded than the GME downies that think they will recover.,1612828563,gmn2bpf,False,t3_lflpoz,t3_lflpoz,12
PM_ME_BUTTHOLE_PIX,"1/31 was a Sunday but the GME oxygen deprived ape gang will keep upvoting it, watch",1612828540,gmn2a4u,False,t3_lf9rdy,t1_gmn1yz1,2
AlbertaStrong,"I'll make you guys a bet. Here's how I see it going down tomorrow. I'm retarded though.

Currently a GME shareholder 220 shares since Early January. 

The FINRA report tomorrow is going to say that shorts have covered their positions. IMHO, These sneaky HF's have worked the loop hole by creating long call options at $800 and working with market makers and synthetic  shares to hide their short positions. 

There is no way that I can see that they've covered their shorts, especially at $20.00 averages for January based on shit volume and the price of the share since it took off. 

Again, There is no way the HF's haven't seen this coming for a mile away and are stupid enough to create mass hysteria and cause a rush to buy shares based on an 100%+ shorted position, and I have a sneaking suspicion they've increased it as well. 

Those waiting on tomorrow's report for a reckoning are going to be sorely disappointed. I am going to hold on to this stock for the value of the company, and wait for the earnings report, and big daddy Cohen to make an announcement on the future of this company. 

TLDR- Report is going to say shorts have covered, HF's have used a loophole in my opinion. 

Fuck the shills, 💎🤚, but tomorrow at 4pm is going to be rough. You didn't think it was going to be easy did you?",1612828518,gmn28lx,False,t3_lf9rdy,t3_lf9rdy,44
CheeseAtTheKnees,"Yea the prospects of another squeeze are less than ideal but the original thesis hasn't gone anywhere. At <5 billion market cap, I still could see huge growth once GME likely becomes profitable thanks to consoles this quarter and Cohen outlines a turnaround plan of his caliber. Toss in an exclusivity deal or two for pc gaming hardware releases and I could see it at ~15-20 bill market cap end of year. It's weird seeing people act like this whole play started for the squeeze.",1612828517,gmn28jo,False,t3_lf9rdy,t1_gmn10sz,2
i-dont-use-reddit--,GME TO THE MOON they say as they lose more and more money each day,1612828509,gmn2800,False,t3_lf9rdy,t3_lf9rdy,1
realister,"📞 ⚠ **Attention novice GME investors** ⚠ 📞

 As a retail investor you have certain **consumer protections** available to you such as a **30 day return policy**. Instituted by FINRA after 1929 crash to protect retail from market manipulation. 

Call **Robinhood**^^tm on the phone and request a **full refund**. Reference the **""Bag Holder Act of 1929""**.

*The more you know* 🌈🌈🌈",1612828504,gmn27m4,False,t3_lflpoz,t3_lflpoz,72
Consistent-Weight227,Call me retarded but I'm buying. With the surge in idiot coins...I think our retarded friends from that market will be joining us for GME bull run,1612828491,gmn26p6,False,t3_lf9rdy,t3_lf9rdy,20
PM_ME_BUTTHOLE_PIX,"I thought the SUNDAY 1/31 call options expiration would be obvious enough but GME retards are gonna keep upvoting this blindly. 

It’s kinda poetic when you think about it",1612828487,gmn26dp,False,t3_lf9rdy,t1_gmn1q4b,-1
HolderofFour,Go on godundme and type in GME. Lmfao what the fuck.,1612828482,gmn25zs,False,t3_lflpoz,t3_lflpoz,10
lemming1607,"I'm trading the cash/GME trade, cash is more bullish than GME at the moment",1612828479,gmn25tt,False,t3_lf9rdy,t1_gmn1gsk,-1
xpatrickmsx,"I felt like I had two tickets for a ride last month. One for GME and one for PLTR. Rode GME and had a blast, then I got back in line for PLTR and no one was there. Turns out I was looking the wrong way, we’re all still here.",1612828453,gmn23xv,False,t3_lfc4tx,t3_lfc4tx,3
jdfish06,"what do you wanna bet they hold the price +\- $60 until the SEC conducts its investigation, bails them out of the hole they dug themselves in, hits them with a fine and we all get fucked 🙃 *superrrr* glad GME is occupying 1/3 of my portfolio 😅",1612828435,gmn22o8,False,t3_lf9rdy,t3_lf9rdy,7
ddroukas,"\^ This guy is right. It's done. Sell now, lick your wounds and get back in the game.

Note: I will get back into GME when it overcorrects into the 30-40s, maybe even 20s.",1612828428,gmn2269,False,t3_lfltxh,t1_gmmjxzp,7
Bonbon676790,"The report can’t do too much because it’s self reported. But black rock and fidelity did just buy more gme. It’s a very open situation, there’s not a lot of data that will help you except that the volume doesn’t make that much sense for them to have already covered, but it could be that they did. It’s possible, it just isn’t that likely, as far as I know.",1612828392,gmn1zlm,False,t3_lf9rdy,t1_gmn0xnh,1
ruthless_anon,Pain has never been this beautiful before. $GME 🚀🚀🚀,1612828376,gmn1yj4,False,t3_lfkprt,t3_lfkprt,1
MrOoah,"Average down and sell covered calls when you have a hundred shares. There’s a way to get out of this in the green but we’re all just going to have to be patient. Sell call verticals until you have 100 shares. 

I’m definitely not laughing about this situation but I was on the wrong end of the TSLA rocket ship early last year and learned a lot from what I could have done to make the situation better. Last year I got drunk and cried after exiting my TSLA position. Didn’t open stocks for a year until my wife wanted to get involved in this “movement”. I advised strongly against teaming up with autists, but here I am working hard to get my wife out of a bad position in GME, NOK, and AMC. Bitch went hard on the meme stocks.",1612828358,gmn1x6s,False,t3_lfbdut,t1_gmlpbji,0
bhutams,Why do we keep banning spac talk but allow apes to shill gme and amc?,1612828337,gmn1vqf,False,t3_lflpoz,t1_gmmozez,15
[deleted],"#This sub is bullish because congress is no longer able to block bullish legislation. Last time we got a real stimulus SPY rallied over 100 points over the course of a single Summer. We're about to get an even bigger stimulus and more inflation in addition to a fed that's willing to continue buying assets for a recovery economy. Additionally, covid numbers are falling faster than GME share price.",1612828336,gmn1vnm,False,t3_lflpoz,t1_gmn1aya,5
Actually-Yo-Momma,"At this point if you believe in Cohen and team (which i do), continue holding but set realistic price targets. GME in my opinion is not a $300 stock as of today and we need to see a business roadmap in order to change my mind",1612828334,gmn1vhs,False,t3_lf9rdy,t1_gmmpf7a,2
aegiscy,Let’s all pretend we sold GME and moved on .. to trick hedge funds so they stop the short ladder attacks. Then when they least expect it.. we buy a shit ton of shares. I’m retarded.,1612828331,gmn1v98,False,t3_lf9rdy,t3_lf9rdy,41
Stompede,"I bought both GME and AMC today. I don't believe the squeeze has been squoze. If it had, the hedges would not go through so much trouble to convince us otherwise. They have infiltrated WSB planning to spread poison in our minds. But we are retarded. They tried to lie to us through ""trusted news""....But we are autistic. They tried to scare us with every tactic possible. BUT WE ARE APES. Our legions WILL hold. Our Phalanx WILL survive and be glorious. Come with me, the legions of WSB. Come with me to the Kingdom of Kong!",1612828326,gmn1ux8,False,t3_lfp1kn,t3_lfp1kn,782
Sweatingtoomuch,I’m not in GME anymore myself but I’m rooting for all of y’all.,1612828310,gmn1ttd,False,t3_lf9rdy,t1_gmn1gsk,17
BoomerImpairedShtSux,Robinhood showed what a shit broker they were last March so anyone still using them for GME almost deserved what they got.  You were the product not the customer and they decided they had already monetized you enough.,1612828295,gmn1spp,False,t3_lf9rdy,t1_gmn10sz,2
RamseyHatesMe,"> Is GME worth buying anymore? Seems like it’s smoldering.

There’s a thread for this ticker. Can’t be discussed in general threads I believe.",1612828249,gmn1pes,False,t3_lflpoz,t1_gmn1fjk,6
possumtree,Whoa! There are people still in GME? LOL,1612828230,gmn1o2l,False,t3_lf9rdy,t3_lf9rdy,-34
soareyousaying,"Here's the thing with options. Whenever you see ridiculous returns like this (like +1000%), it's options. Plenty of resources available online to trade options. Go to YT and plenty other websites. Some strategies allow slow steady income (most people prefer this), but some other (like this one) can basically have an unlimited return.

GME is a unique case (there will be others in the future as long as short selling is allowed), and timing is everything. If OP had gotten in just a week late, return would have been...not as impressive. If OP had sold just a week late, return would have also been not as impressive.

They also come with risk that you can lose all, like 100% of your money. That rarely happens with stock. Losing at least 50% of your options value is extremely common and your profit can go from +500% to -80% in an hour. This $1000 is OP's YOLO money. You don't play with options with your savings.",1612828214,gmn1mzd,False,t3_lfm36e,t1_gmmwvt0,14
FittoPalladio,"2078, president Tednieman declares GME as an official religion.
The Bible is DFV autobiography.",1612828209,gmn1mni,False,t3_lflzy4,t1_gmmyms1,50
TheLilThnake,"RH not only fucked over everyone using their brokerage, but every single GME shareholder. i hope they lose it all.",1612828208,gmn1mkz,False,t3_lf9rdy,t1_gmmyiki,2
kazza789,"GME has NEVER had >7% profit margin, and even when they had 7% they only managed it for a few quarters here and there. At 1X revenue, a 7% margin gives you a 14X earnings ratio, which is middle-of-the-pack for retail.

Keep in mind, that ratio is based on the **BEST** margins that GME has **EVER** had. So to get to ""middle-of-the-pack value for retail"", you have to assume that they can go from negative profit margin today,  back to the best they've ever performed, and maintain that consistently into the future. 

That's is *not* value. It is sure as fuck not ""cheap"".",1612828206,gmn1mgk,False,t3_lf023x,t1_gmji2na,1
PoorMeImInMarketing,I have a ton of these scattered for all the predictions of GME I saw throughout the year. They're like getting an unexpected christmas present!,1612828201,gmn1m1x,False,t3_lflpoz,t1_gmn0xhl,3
QuaviousLifestyle,lmao aged like GME. Poor guy got so many downvotes for being absolutely right (sounds pretty relevant still),1612828198,gmn1luw,False,t3_lflpoz,t1_gmn0xhl,2
Helpfulhandgrenade,"Not entirely. He sold $143k of GME shares then bought $117k of 1/29 expiry 200 strike calls, then those went up 9x in value when GME more than doubled in price.",1612828193,gmn1liz,False,t3_lf6psr,t1_gmkk6mg,3
thenewguyhere2,"I'm part of apes still holding it.
It was stupid of me buying GME in the first place.
Did the same when there was PLTR hype. My weakness is controlling compulsion I guess but now I want to trade options so guess I'm fucked right",1612828166,gmn1jm6,False,t3_lfmm2o,t3_lfmm2o,-1
Tfx77,"Why would I do that? There are a lot of folks on here who have more than 600$ accounts on Robinhood. I did have 45k gbp in gme, just left with about 20k usd at varying price points. I'd be crying if it was more than a tiny slice. My share portfolio isn't even close to net worth, it takes a while to get money in to the slot machine. Just respect my bags please, I'm the one who has to find a way of getting out 😂",1612828163,gmn1jey,False,t3_lfkprt,t1_gmn0vd4,0
The_KingofCarcosa,Sell GME and buy $ROPE,1612828160,gmn1j6f,False,t3_lf9rdy,t3_lf9rdy,-24
PlaneReflection,GME ruined WSB 😢,1612828144,gmn1i0r,False,t3_lflpoz,t1_gmn1775,3
Remarkable-Control49,People who don't believe in GME's long term outlook will sell. Some people will choose to not believe the numbers if they don't fit the narrative. Main thread shills will rampage. It is gonna be chaos more than likely.,1612828134,gmn1h9h,False,t3_lf9rdy,t1_gmn1bkm,17
tarantino63,It's funny how most of the negative comments are from people who don't have any shares in gme. Why are you on a GME thread posting your bullshit?,1612828127,gmn1gsk,False,t3_lf9rdy,t3_lf9rdy,49
happyhappypeelpeel,"Bruh.

If you sell a $780 put and it gets exercised, it means you are obligated to buy 100 shares of $GME for $780 a piece.

They don't ""lose"" 80k. You are paying them 80k. They lose whatever they paid for the contract, which is a lot if they bought it today, but it might have been a lot less if they bought those puts a week ago. 

Doesn't really matter who's on the other end or why, the point is that at expiry there is nobody alive that *wouldn't* exercise the right to sell $GME at $780.",1612828126,gmn1gqc,False,t3_lfgoit,t1_gmlr5vv,17
TheTaroMaster,Is GME worth buying anymore? Seems like it’s smoldering.,1612828108,gmn1fjk,False,t3_lflpoz,t3_lflpoz,2
BetterthanMew,Kool aid is too expensive for what you made on GME,1612828102,gmn1f3c,False,t3_lf9rdy,t1_gmn1587,7
tapakip,"Thanks.  What kind of return would you be looking for on this DKNG call?  

DKNG had a big drop today, and obviously so did the call price.  I got in cheap enough to give it a whirl, but don't know if GME has ruined my perceptions of what I should look for as a return.  50%?",1612828093,gmn1ehz,False,t3_ldi7aa,t1_gmmgv5t,2
NervousTumbleweed,"Who gives a shit if it spikes if you don’t sell? 

And yes, a group of people organizing that is known as a pump and dump, and it is illegal. 

GME wasn’t “organized”, it happened organically after the short interest was pointed out.",1612828084,gmn1dx8,False,t3_lflpoz,t1_gmn0vhp,5
meyerdutcht,"I the OP’s reasoning is good, but also it surprises me that their algorithm was built to go from a 3B margin call to a .7B margin call (as reported) based on halting forward buying of GME.  That’s not like any margin call I’ve ever heard of and it sounds to me more like a human negotiation than an algorithm-driven margin call, hopefully we get a full account of that conversation at some point.",1612828065,gmn1chx,False,t3_lfom6m,t1_gmmylou,24
PayPerTrade,The idea that WSB moved GME to any significant degree is laughable. The opportunity on GME existed because it was heavily shorted while priced to go bankrupt - we simply brought that to people’s attention,1612828065,gmn1chk,False,t3_lflpoz,t1_gmn0vhp,2
wormwood0077,Pretty amazing that you’re smart enough to make that and dumb enough to think GME is coming back,1612828061,gmn1c86,False,t3_lfkprt,t3_lfkprt,12
PM_ME_BUTTHOLE_PIX,The GME thread would be empty if they did that,1612828030,gmn1a49,False,t3_lf9rdy,t1_gmmuc17,0
DontShitBricks,"Dont use retarded brokers with 0 commissions. There are plenty of proper brokers who will never limit your orders and you pay 3-10 dollar commissions. With a proper investment and a stock like gme paying 20 dollars to a buy and sell while you make 10k profit i think its a good deal.

The squeeze can happen if there are enough shorted fucks still bere. As soon as the price starts to go up, people starts to dive in the hype thus shooting the price more up. As long as ppl use proper brokers they cant do shit",1612828015,gmn193o,False,t3_lfjrup,t3_lfjrup,2
nevertoolate1983,I know the official short report is dropping tomorrow.  This should give us an idea of what percent of GME is still shorted.,1612827998,gmn17wg,False,t3_lf9rdy,t1_gmn0y00,7
TheSingularSheep,"I think BB, though AMC right behind imo. GME just went so high, it's not a fair to expect them to get to that level again. But I have traded all three, holding some of each!",1612827993,gmn17kc,False,t3_lf9rdy,t1_gmn0w5d,7
imnotplayingbro,"+ $3,600 day in shares... Doesn't feel good enough after GME .",1612827969,gmn15w3,False,t3_lflpoz,t3_lflpoz,15
MMXIX_,Does this mean I am Smeagle? My precious $GME,1612827951,gmn14ns,False,t3_lfni5b,t3_lfni5b,6
AngryPheldagrif,Blackberry. Has a long term business model and never short squeezed. I believe GME will go up but I’m skeptical it’ll see $500.,1612827951,gmn14mf,False,t3_lf9rdy,t1_gmn0w5d,10
QuaviousLifestyle,"Some guy in the GME thread really got himself a fuckin Gamestop license plate. Genuine autism. 
 https://imgur.com/a/Z0GRXkQ",1612827933,gmn13ae,False,t3_lflpoz,t3_lflpoz,13
jemoederkanker,Still salty i didn't cash in 70k of gme profit lol 🤡,1612827930,gmn133v,False,t3_lflpoz,t3_lflpoz,26
sm2016,"WSB didn't create the GME wave, just noticed and memeified it. +2000% or whatever in 2 weeks is literally once in a life time for a non-pennystock",1612827929,gmn130h,False,t3_lflpoz,t1_gmn0vhp,6
ProcessMeMrHinkie,"I was debating selling puts for $40 because I think it's a good floor for gme and the likelihood of getting the premium for free seemed pretty high. If I was going to YOLO wsb style I would have sold spread from $20-40P. Maximum price willing to spend on shares being $15-20k, so 5-7 contracts.",1612827923,gmn12n1,False,t3_lfgoit,t1_gmmdkwe,3
socrates6210,"please don't join us retards unless you have a titanium and diamond encrusted stomach, because this ride has been wildddd

&#x200B;

*5.8 GME at $315, like a true retard still holding*",1612827915,gmn121i,False,t3_lf9rdy,t1_gmn0ojy,20
ianyboo,Hypothetically if Elon tried to buy 1.5 billion in GME tomorrow what would happen?,1612827913,gmn11yf,False,t3_lf9rdy,t1_gmn0kah,11
Peterthepiperomg,Posts like this are what wsb was before the gme news ruined it,1612827897,gmn10sh,False,t3_lfluvn,t1_gmn05jt,3
Windforce,Imagine selling 800c GME weeklies and see them get instagrabbed lol. Faster than printing money.,1612827886,gmn100o,False,t3_lflpoz,t1_gmmne6s,3
30307Dawg,Yeah he can blow me if he's going to keep pumping doggy money. It would be a trivial amount of money for him to send GME back to space,1612827869,gmn0ywu,False,t3_lf9rdy,t1_gmn0kah,5
ghostofHRomney,"This is all about the supply and demand of GME stock, THE MOST BASIC FUNDAMENTAL THE FREE MARKET RESTS ON",1612827861,gmn0yb4,False,t3_lf9rdy,t1_gmluhdw,0
Docwhosthatbrown,I like wsb and I liked it before the movement. I don’t think they have to be the same thing. Wsb can still be what it is. And gme apes can still hold the stock too.,1612827857,gmn0y0m,False,t3_lf9rdy,t1_gmn02va,1
TIMMAH2,"Sure, buy GME and wait three weeks. Just sit tight, and you can watch your $2,000 balloon to a whopping $600 by March 1st.",1612827847,gmn0xbj,False,t3_lf9rdy,t1_gmn03p2,9
wo1f-cola,Why couldn’t Elon or Cuban just fly $GME to the short squeeze?,1612827842,gmn0wzq,False,t3_lfni5b,t3_lfni5b,33
Helpfulhandgrenade,"I think you’re looking at the order of transactions incorrectly. In the history tab screenshot it shows he sold $143k of GME shares, then bought $117k of 200 strike call options. At time of purchase the delta of those calls was probably around 0.40-0.50, meaning effectively each call had the leverage of owning 40-50 shares as far as their value increase with each $1 increase in shares. Delta increases by Gamma each dollar the underlying changes, so once these calls got yeeted to being $200 in the money they would have the leverage of 80-90+ shares or more for a big portion of that price increase. So in turn, each $2027 call purchase could easily have turned into nearly $20,000 when GME flew close to $500.",1612827836,gmn0wkt,False,t3_lf6psr,t1_gmlpwuc,3
SirSkertsAlot,Watch my account get fucked tomorrow by $GME... sheeeeit might as well invest into $GAYMF,1612827832,gmn0wa1,False,t3_lflpoz,t3_lflpoz,4
SummertimeInParis,"Out of all the meme stocks (BB, GME, AMC); which one has the best chance of retaining or surpassing those highs we saw 2 weeks ago in your opinion?",1612827830,gmn0w5d,False,t3_lf9rdy,t3_lf9rdy,3
pahten,"Hit Post Rule #2 so I'm trying here:  
**What's stopping WSB from creating another spike like GME?**  
Genuine question is all, not looking for some advice from any of you apes. I'm just wondering if a community’s agreement to all buy stocks together is somehow illegal. As surely that would drive up the price and create a spike?",1612827820,gmn0vhp,False,t3_lflpoz,t3_lflpoz,1
Losingsteamfast,"Your big boi portfolio. You claim to be a multimillionaire with a $20K GME position, so let's see.",1612827818,gmn0vd4,False,t3_lfkprt,t1_gmn0h7x,5
j455b,Mmmm TSLA pump and dump...because a 15$ share price on GME was not risky enough,1612827812,gmn0uyg,False,t3_lflpoz,t1_gmn0n92,2
DonnieQuitMyJobAzoff,Ye I need to make 400k to avenge my gme unrealised gains I missed lmao,1612827789,gmn0tat,False,t3_lflpoz,t1_gmmywwz,1
Irishcity,Here’s my two cents. Buy just ONE share of GME just to see what happened and invest the other $1940 into index funds for guaranteed return.,1612827778,gmn0sik,False,t3_lf9rdy,t1_gmn03p2,5
HispanicPanic00,"I'd say if you don't already have a stake at this point, the risk is probably too high. Your 2000 is a great start to keep for yourself at this point. QQQ is a good symbol to buy at the dips and hold. Put a small amount into gme if you'd like, but don't put up your entire portfolio for pure speculation. Hope this helps",1612827772,gmn0s2s,False,t3_lf9rdy,t1_gmn03p2,2
wmurray003,Did you get out of GME before the drop last week?,1612827762,gmn0rf4,False,t3_l3r0o1,t3_l3r0o1,1
[deleted],Dude please please please don’t drop 2k in GME. Realistically it can’t go much lower only around 10$ lower but GME is just not the move. There’s 100s of other stocks to invest in that’ll actually make yku money,1612827758,gmn0r4y,False,t3_lf9rdy,t1_gmn03p2,2
phoenixmusicman,"I'm feeling like hot shit because I made out with 267% gains from GME with my life's savings but in reality I probably just got stupid lucky

I'm going to do something boomerish like buying a house now rather than chasing that milly",1612827748,gmn0qev,False,t3_lf9hv1,t3_lf9hv1,15
Isaac_reburth,This fucking blows. Bought at 275. GME has been flat as shit and lost tons of volume. Lifetime hold now,1612827721,gmn0ohy,False,t3_lf9rdy,t3_lf9rdy,31
TIMMAH2,"Hey! You're using your brain now! That's great! Next you're going to start asking how you can buy GME for $55 on your fucking phone but hedge funds won't be able to buy a single share for less than $10,000.",1612827712,gmn0nw5,False,t3_lf9rdy,t1_gmn0ikr,10
Zederikus,Yeah the DD holds up for eventual profit plus GME is still actively getting force tanked so I just hold to see what happens,1612827699,gmn0mxp,False,t3_lfkprt,t1_gmmru8k,7
Altnob,"Gme stopped working because people were bored during a pandemic and reddits attention span is a week tops.

Holding 31 shares @118",1612915194,gmrceek,False,t3_lg5ew0,t3_lg5ew0,1
PanzerKomadant,"Nah. Q anon folks are cracked in the head. Literally checked out GME for a few minutes but noped out. By the point still stands. HF are cut-throat sharks that move when they smell blood in the water. They actively compete to knock the other out and not sending the correct short interest report is a dirty tactic, but to them the fine is worth the billions of profits.",1612915184,gmrcdp3,False,t3_lggsff,t1_gmrc1pq,6
JamesBigam,The only DD you had to have for GME is everyone on here telling you to buy in a few weeks ago.,1612915177,gmrcd81,False,t3_lggnfi,t3_lggnfi,11
DirkDieGurke,Some dude I know told me APHA was the next GME....,1612915176,gmrcd54,False,t3_lg2u3q,t3_lg2u3q,2
EricsonGQMan33,Imagine if we were all on weed stocks and helping each other in this sub instead of circle jerking about GME,1612915175,gmrcd2r,False,t3_lgdb2j,t3_lgdb2j,12
Shockbooms,"I mean, not really. They basically stopped the GME squeeze by playing dirty. (I say this as someone who has GME shares).",1612915172,gmrccuy,False,t3_lgdb2j,t1_gmrbnv7,1
SuspiciousProcess516,"I'm no financial expert but they seem to have been shorted even while their revenue was increasing in 2016. I doubt at anytime during that time frame there wasn't a decent, pretty valid short interest in the company. What we saw with gme during covid is people taking that short interest to unheard of levels, essentially overleveraging in a bankruptcy play.

Now if it'll remain shorted from here really will depend on their new leadership teams vision and if they can show revenue growth. Personally, I think shorting companies should be illegal as we now have this economic system in place where if a company isn't growing its dieing. Just having positive revenue isn't enough anymore, it has to be increasing as well, which personally I don't think is healthy for a financial system at all.",1612915154,gmrcbid,False,t3_lg8pks,t1_gmr7slv,1
Nightdocks,"If SPY shat the bed during GME week, are we expecting a dump too because of weed stocks?",1612915142,gmrcana,False,t3_lgdb2j,t3_lgdb2j,4
iNSiPiD1_,"Mainly because it feels bad to see so many people get manipulated and burned by a pump and dump scheme. It's not hard to type out advice to someone.

GME is a company going bankrupt. The shares simply aren't worth much. Telling someone to get out while they still can is the most reasonable position you can take. It's really not that complicated.",1612915130,gmrc9rd,False,t3_lg79zp,t1_gmqtb56,0
DyIanLL,Feels like you’re all on an island partying with your weed gains and I’m watching afar with my GME bags,1612915122,gmrc947,False,t3_lgdb2j,t3_lgdb2j,8
Isaac_reburth,"Really pumped I sold apha two months ago for a loss and used it to buy gme at 275. 

Don’t know which bridge I’m gonna jump off of yet",1612915111,gmrc8c9,False,t3_lgdb2j,t3_lgdb2j,30
lattiboy,"When looking at the absurd market caps for AHPA and TLRY it’s good to remember this is basically ground level investment into the largest weed company in the universe, so “small Canadian weed seller” is not a fair description. 

I’m 100% bailing on this shit this week once I think it tops out, but I don’t think this is a GME situation where people are wishcasting a dead company into an empire. There is a real business opportunity here and this run will probably fund ten enormous weed companies in the future.",1612915106,gmrc7ys,False,t3_lgdb2j,t3_lgdb2j,15
The_estimator_is_in,"You just posted this:

Hello fellow GME space apes 🦍 🦍 💎 🙌🏻 🚀 obligatory 10 short at $350

I feel horrible today. My fucking 🧻 🙌🏻 served me right. I was brainwashed by all the FUD and bots and fucking WALL STREET SUITS that were spamming their lies, that GME would go to 0

I held for so long, i trusted elon and all of you beautiful space apes, but today the pain was too much

I had to close my GameStop short. I bought back ten shares at a cost basis of 50 for a total gain of 3000. I feel sick inside watching gamestop go even lower. Please keep holding brothers, fight the suits and dont let wall street win!



This tells me that you are too poor to actually lose money",1612915103,gmrc7pn,False,t3_lggxzw,t3_lggxzw,8
qwerty1234611,"Cus I don't trust weed stocks.  Right now it's all just hype,  like gme",1612915098,gmrc7d1,False,t3_lg0h70,t1_gmrbxfi,2
phoenixmusicman,"[This guy went Theta gang on GME](https://www.reddit.com/r/wallstreetbets/comments/lgdb2j/what_are_your_moves_tomorrow_february_10_2021/gmrbq8n/)

He needs to get soooo lucky to be ITM by Feb 26",1612915090,gmrc6ud,False,t3_lg0h7j,t3_lg0h7j,3
Rshawer,Prediction for GME open?,1612915072,gmrc5ll,False,t3_lgdb2j,t3_lgdb2j,0
Ykana1,Everything is a lie that doesnt say GME goes to moon. My puts are printtttting,1612915058,gmrc4kh,False,t3_lg0mn2,t1_gmrbop0,2
CertifiedL0verB0y,GME is ded APHA new king 🦍🍌,1612915057,gmrc4j4,False,t3_lgdb2j,t1_gmrbwng,4
phiiscool,"As I replied to another person, because I have GME positions. Don't you think it's fucking stupid to ignore all bad info and create this insane pump circlejerk?",1612915054,gmrc49o,False,t3_lg0mn2,t1_gmrbqkk,0
radiglo,Hodling until the movie about WSB & GME comes out. ![gif](emote|wsb_emojis|stonks-up)![gif](emote|wsb_emojis|tendies),1612915050,gmrc40h,False,t3_lg5lrv,t3_lg5lrv,9
jwonz_,GME is kill,1612915045,gmrc3mw,False,t3_lg0mn2,t3_lg0mn2,-20
hamann722,There better a weed stonks thread tomorrow instead of gme,1612915043,gmrc3hh,False,t3_lgdb2j,t3_lgdb2j,11
jeepgrandpenguin,Selling all my GME and buying into weed,1612915030,gmrc2lb,False,t3_lgdb2j,t3_lgdb2j,15
[deleted],"haha none of these clowns are buying L T C and they are missing all of this, too focused on pumping GME...",1612915029,gmrc2i3,False,t3_lgdb2j,t1_gmrbwlw,3
Fgallo1990,LET'S GO GME.,1612915027,gmrc2d6,False,t3_lg8pks,t3_lg8pks,7
[deleted],"I’m sorry, but I’m a gay fucking bear on gme
Buying hurt a fuck LOAD

Everyone who shorted, fist bump 😎👊🏻🔥🚀",1612915025,gmrc273,False,t3_lg8pks,t3_lg8pks,-7
rasijaniaz,ok so you think people in Q anon are perfectly normal? hmm bud. because you're in GME anon.,1612915018,gmrc1pq,True,t3_lggsff,t1_gmrbvnj,2
jwonz_,"Yes, it's all a huge conspiracy, don't you know? 

It's not the unsophisticated retail investor's fault for buying at 500! It is manipulation from all entities resisting GME not being a $1,000 stock!",1612914998,gmrc0ci,False,t3_lg0mn2,t1_gmrbop0,2
Active_Airport,"did you know there are stocks other than $GME? the hype train is over, cultists.",1612914991,gmrbzup,False,t3_lgfy5g,t3_lgfy5g,1
xKhaos420,GME apes are in full denial mode lmao,1612914986,gmrbzh6,False,t3_lg0h7j,t3_lg0h7j,6
WBuffettJr,"GME was up 10% AH, and much to my surprise it has now ticked slightly red. This short interest thing may have actually scared the hell out of 🦍 gang. Tomorrow will probably be another double digit loss.",1612914984,gmrbzaq,False,t3_lg0h7j,t1_gmrbhbf,3
Sand_Bags,They have other financial products besides ETFs. All of their GME shares are passively managed. I’m not even sure they have a prop desk.,1612914967,gmrby1v,False,t3_lgb0h7,t1_gmqz80r,3
UltraVires33,"I'm also finding some value in just ""taking the ride"" on this, being involved in the phenomenon, and--most importantly--learning a lot more about how all of this works. I'm a fairly new and unsophisticated investor, and up until this GME thing I mostly had my investments in ""safe"" MFs and ETFs, with an occasional retail foray into a stock I liked with a few hundred disposable dollars. But overall I was basically a totally unsophisticated ""buy-and-hold"" investor. GME was my first ""big play"" and what's happened before and since I bought in has forced me to read up and learn a lot more about more advanced and sophisticated strategies and instruments like averaging down, trading options, and other stuff. I've learned more about how markets work and how I can participate in them in the past few weeks than I had in several years of investing before that. This has opened new windows of knowledge and possibility to me that just didn't exist in my mind before. So even if I lose the entire 15k I put into it, I'll consider GME an expensive course in trading (and how to be more careful and less stupid moving forward) and I'll hope to make up those losses through my future investment choices, now that I feel equipped to actually trade for myself. It could still pay off for me in the long run.",1612914953,gmrbx3a,False,t3_lg5lrv,t1_gmqbmui,3
Jolly-Goodfellow,Why is GME thread not pinned,1612914947,gmrbwng,False,t3_lgdb2j,t3_lgdb2j,21
phiiscool,"Uh, because I have positions in GME? Fuck off.",1612914927,gmrbv5o,False,t3_lg0mn2,t1_gmrbljf,-2
Pls9887,"I mean, I dunno man. I tried many tickers and the ones that don't work are GME, AMC, BB, etc...",1612914925,gmrbv20,False,t3_lgdb2j,t1_gmrbq9r,1
thatguyovertheresix9,"Where are the Short Reports on GME and AMC ?? 
So much corruption !!",1612914924,gmrbuyy,False,t3_lgdb2j,t3_lgdb2j,15
CurvedLightsaber,"Weed stock is not a retarded gamble, it’s a solid investment based on fundamentals. GME is the biggest wall street bet of the century, so yeah of course this is a “GME echo chamber”. It’s the biggest thing that will ever happen to this sub. They might as well fucking delete the sub after the GME play.",1612914914,gmrbu78,False,t3_lg8pks,t1_gmr55e7,-4
joeyjoejoe314,Gme over,1612914891,gmrbsiy,False,t3_lg79zp,t3_lg79zp,1
ACoolCaleb,"I’m holding my $GME. But what if Tommy’s classmates are betting less 🖍 it will be rotten, because they already see the brown spots and no one wants to make that bet with them anymore?",1612914891,gmrbsjq,False,t3_lg3p3g,t1_gmpg9tx,0
[deleted],"Tell me again how this is nothing like a cult.

Your theory is what, I'm a hedge fund shill? Who just happened to register when GME was trading at $34 on Jan 13th? Cool.

Come back at me in a month and we'll see how had better opinions.",1612914876,gmrbrgo,False,t3_lg5lrv,t1_gmrbo71,1
SlothyPotato,"Wow you ain't kiddin', but I feel like this is some trap to prove that I am dumb and there is a reason GME isn't on there",1612914859,gmrbq9r,False,t3_lgdb2j,t1_gmrbdtp,3
Cuddlyaxe,[keep gme between 36 and 63 pls @ape gang](https://i.imgur.com/gepxct8.png),1612914858,gmrbq8n,False,t3_lgdb2j,t3_lgdb2j,-5
lolallison,sndl to fix my GME I’m holding still,1612914852,gmrbprv,False,t3_lg0mn2,t1_gmrbls2,1
Cuddlyaxe,"we got rid of the GME discussion thread, how spammy is this post with GME/AMC stuff",1612914845,gmrbp5z,False,t3_lgdb2j,t3_lgdb2j,7
sjs48,"Seriously just sell your shit and move the money to a new account. You may have a taxable event but you gotta get your money out of their hands. I posted this awhile ago and everyone REE'd at me about how it would only take 2 days and it's not a big deal to transfer. This is fucking robinhood we're talking about, they're gonna fuck it up.

The only thing I still have in robinhood is GME because I'm never selling it.",1612914843,gmrbp08,False,t3_lggsmn,t3_lggsmn,18
wtf_is_up,"Keep buying GME

FINRA is kill

Hedge funds lying about positions

Trust the diamond hands

-Q",1612914832,gmrbo9i,False,t3_lg0mn2,t3_lg0mn2,1
JNTCS,GME was never “an investment”,1612914832,gmrboa4,False,t3_lgcgyk,t3_lgcgyk,3
_Gravemind_,What if we kissed under the GME short ladder 👉👈🥺,1612914831,gmrbo66,False,t3_lgf6xk,t3_lgf6xk,7
rasijaniaz,"if you were here before the ""squeezE"" you would see all the amazing DD they did on GME. it has a huge turnaround coming around September.",1612914814,gmrbmz2,True,t3_lggsff,t1_gmrbj1i,8
oystrodoom,#Imagine waiting on GME to stop dumping instead of buying weed stocks and flying to the real moon,1612914798,gmrbls2,False,t3_lg0mn2,t3_lg0mn2,-25
NitrousXpress,TLDR = Buy the Dip and Hold GME,1612914797,gmrblr6,False,t3_lggsff,t3_lggsff,8
Brscmill,If you read the finra GME short data and say that it's fake you need to go to the bathroom and splash some water on your face and wake the fuck up,1612914795,gmrblkv,False,t3_lgdb2j,t3_lgdb2j,7
USFederalReserve,"I'd just hang on to it. VFF will follow. You're basically looking at a situation where you've bought into AMC early while GME is mooning. You'll still see gains and you won't have to risk buying TLRY at excessive IV. 

your call tho.",1612914790,gmrbl5t,False,t3_lgdb2j,t1_gmrb1vp,1
borisjjjj,Isn’t there a GME sub you can move to?,1612914790,gmrbl6x,False,t3_lgevvc,t3_lgevvc,1
Yo-Lo_Ma,If you are still buying GME.... please lose your virginity,1612914787,gmrbkyd,False,t3_lggug8,t3_lggug8,-15
jenkems,When Biden makes it federally legal you’ll see what should of happened to gme,1612914785,gmrbksx,False,t3_lgdb2j,t1_gmrbexn,2
jeg101586,Like management really cares about some person on wsb holding 5 shares of GME that they overpaid hundreds of dollars for trying to capitalize on a short squeeze. Everyone still holding GME is in for the ride and it all depends how Cohen decides to direct the company. I really hope he turns it around but there's nothing concrete at this time that shows this company will be a very profitable company in the future.,1612914759,gmrbj1i,False,t3_lggsff,t3_lggsff,10
idontevenknowman22,Crispr didn't hit wsb i believe. Everything up until GME were all findings that I did on my own. Before the whole $35 a share of gamestop hit I only loosely came into wsb to look at the gain/loss porn,1612914758,gmrbizi,True,t3_lggnfi,t1_gmrb06i,2
bigjay76,"Or guys like me.  Long time lurker, bought GME and holding.   Holding because that's what we are supposed to do.  Noisy, Quiet, BS whatever.   I'm holding whether or not folks are screaming. Only two floors on this elevator, the moon or the grave.",1612914754,gmrbiog,False,t3_lgevvc,t3_lgevvc,11
redrocketinn,"I bought $2000 worth of switches and games for my local RMH and just recently got a switch game for myself and a PS5 bundle. This whole thing made me realise that instead of buying everything from Amazon, I should try to purchase things from stores more. Instead of sitting here rooting for GME to take me to the moon by sitting on my ass with shares I can actually support the company. I even signed up for Power-up Pro the same day I bought GME. Everyone in here hoping to make millions off the company but not willing to support them as well",1612914752,gmrbiiz,False,t3_lggsff,t3_lggsff,2
radio705,"Oh look, another GME meme. How original.",1612914745,gmrbi1q,False,t3_lggug8,t3_lggug8,-23
Empland,"#I just got GME tattooed on my ass. 
For obvious reasons.",1612914731,gmrbh3l,False,t3_lgdb2j,t1_gmradbr,2
Thenachopacho,What’s with everyone saying stock “x” is the next gme ? Next short squeeze? Do people just pull shit out of their asses?,1612914730,gmrbgz6,False,t3_lgdb2j,t3_lgdb2j,13
FistEnergy,"If it's good news for GME that would explain the delay. They'd want to delay until aftermarket was over, so the pop can't happen until tomorrow and it might be less.

So stay optimistic! 💎👐",1612914725,gmrbgoq,False,t3_lg0mn2,t3_lg0mn2,31
wtf_is_up,Powerful people aren't buying GME my man,1612914716,gmrbg0i,False,t3_lg0mn2,t1_gmrb8u1,-1
JustSayingMuch,"Calls. Puts are what you sell when you have cash so it doesn't work in this sub. People elsewhere profited on GME's fall, trading puts and put debit spreads.",1612914711,gmrbfo1,False,t3_lgf6xk,t1_gmr6zxc,1
irishdud1,I literally sold 8 GME puts at $50 strike today to scrape premium from folks like you.,1612914710,gmrbfky,False,t3_lgfy5g,t3_lgfy5g,1
hesh582,"During the peak, there were at least 2 million people on this sub compared to a usual hundred thousand or less.

There's probably more new people than old around at this point.  And this place has always been a scum sucking hive of jackasses with ulterior motives trying to pump and dump penny stocks or whatever.  That's kind of unavoidable.  

Also, there's a 3rd type of GME bear, I know because I am one.  I thought the initial squeeze was hilarious and exactly why I love this sub.  The subsequent developments were the retarded part, especially the part where the masses started trying to insert some sort of ridiculous ""little guy vs big money"" morality play that did not actually fit the facts at all, along with a bunch of ridiculous ideological populist bullshit and everything that goes with it like moronic conspiracy theories.  Guess what?  RH cut off trading because they ran out of cash, not to protect the HFs.  the fact that you use Baby's First Brokerage and don't understand liquidity requirements isn't  anyone's problem but your own.  The RadioShack of video games isn't worth jack shit based on the fundamentals - it was always a game and you fucked up and lost.  Deal with it.

I'm cheering for the people who bought in at the ground floor and sold at 200+.  *That's* the point of this sub.  They fucked over Melvin, and they fucked over all of *you* even harder.  And good for them.  The market is about making money, not proving a point, and you have no friends while day trading.  Hopefully that's the lesson yall take away from this.  So many people are commenting here attributing motives and agendas to things that they don't even understand at the most basic level.  Cold hard reality is bitchslapping all of them back into the stone age and the schadenfreude from that is the *other* point of this sub, at least from my perspective.",1612914710,gmrbfls,False,t3_lgevvc,t3_lgevvc,1
IHateMonie,Congrats on the squeeze gme 🦍s!!!!! You guys really stuck it to the hedge funds!,1612914706,gmrbfbv,False,t3_lgdb2j,t3_lgdb2j,4
f9angel,"Totally agree.  It's not like those of us who have accepted that our opportunity has past didn't take losses for holding.

We're better served focusing our anger not against our fellows in the community but towards Robinhood and Citadel for example.  Or buying into $GME when the price is stable then truly supporting the stock because you like it, rather than desperation to make a quick buck.

I'll probably be emptying out my RH account then disabling it when they get around to finally doing their IPO, then I'm buying puts.",1612914683,gmrbdq3,False,t3_lggsff,t3_lggsff,-7
Neither_Meat8226,"I’ll just say GME was straight 🦧’s meming. TLRY signed a new contract and APHA is undervalued from their merger price. 

Also you said few days. So yeah but calls sell at profit and buy puts for the ape downfall.",1612914676,gmrbd8i,False,t3_lg0h7j,t1_gmrb21g,4
rasijaniaz,i made 220k i just wanna help these people. I'm putting 100k in at $20 for GME cause I only originally played for cohen,1612914674,gmrbd3h,True,t3_lggsff,t1_gmrbalq,2
CuriousGe0rge811,"They better surprise us and say they sold 300,000,000 shares at 400 -500 dollars

this would make gme instantly worth 120 billion dollars.

WIN.  But that is dilution.  so since it diluted shares. hmm?

the stock is worth about 324 dollars then if they sold shares at the top 400-500 dollars. SMART",1612914658,gmrbbyx,False,t3_lgb0h7,t1_gmqf0mj,2
pugsonunicycles,"Go ahead and leave the ape metaphor with GME, look at how it’s working for them. Plus it’s not a heavily shorted stock so it doesn’t even make sense",1612914656,gmrbbv0,False,t3_lgdb2j,t1_gmrap3m,2
Jonodonozym,"I see you started posting here 5 days ago after a brief break from Reddit. Before then you posted daily in gaming and politics subs, now you only post in WSB and nothing else.

Take a chill pill while getting to know the community; YOLO calls, wild conspiracies, insane loss and gain porn, and joking-insults is the bread and butter of this sub. This is not a place where you show concern for other's portfolios and liken gambling addicts to one of the most violent and dangerous cults in the world. Mockery and insults is how you get people to double down, not reflect and change.

Maybe take a break by posting on r/politics and r/gaming again. Or post about positions and DD outside of GME and co.",1612914646,gmrbb3p,False,t3_lg5lrv,t1_gmq4a89,1
imsilver4fukyou,It’s for the gme boys to find a local shelter dawg have some respect,1612914643,gmrbavg,False,t3_lgdb2j,t1_gmratex,0
IAmBecomeDeath2020,I sold 50 $12c 2/19 to buy $GME. Seeing your post makes me very sad...,1612914640,gmrbao3,False,t3_lgeuop,t3_lgeuop,4
TevossBR,"That's suspect not in the way you think it is. The supposed account that is messaging the GME holder is 13 hours old as of this moment. When u/BubbleTeaExtraSweet posted his claim it was 8 hours old, and in the screenshot itself you can see that it's marked 6PM. Bubble tea man stated his timezone is UTC +8 meaning he received that buy offer 5 hours before posting his claim. Which is about the same time the account that reached out to him was created. He replied with ""hey there"" 48 minutes later, but only posted his claim 5 hours later. Why the wait? In fact he made a comment in between receiving the comment from the supposed buyer and his claim. It's certainly strange and that also seems like a very stupid thing to do. Why would they try to buy old accounts by messaging them directly(And create this narrative) when they can just buy bots that have a lot of posting history?

Edit: Basically I'm stating it's pretty likely Bubble tea man just messaged himself lol",1612914638,gmrbaj0,False,t3_lgevvc,t1_gmqzqs7,31
stratomaster82,"I wish Biden would do daily GME briefings the way Orange Man used to do daily covid briefings.  If you aint holdin, you aint black.",1612914633,gmrba5u,False,t3_lgb0h7,t3_lgb0h7,53
JojenCopyPaste,"TLRY was like GME 0.5.  It shot up like 1000% in the matter of a few days or weeks 2 years ago, right after it was listed.  And then crashed way down.",1612914626,gmrb9o1,False,t3_lgdb2j,t1_gmrasgl,1
darkchild2112,You guys wanna know where to go next ? What the next GME will be ? Check out the After hours on SNDL,1612914593,gmrb7as,False,t3_lgdb2j,t3_lgdb2j,10
Belo83,"I paperhanded GME and feel good about. Retard bag holding AMC but don’t feel bad because the potential was real.

NOK was fn dumb and I’m glad my position is small",1612914582,gmrb6k0,False,t3_lg9gxw,t1_gmr8ev1,5
yjruan,He lost everything in gme and now he need you guys to come save him,1612914579,gmrb6cc,False,t3_lgbvan,t3_lgbvan,2
pandarofl,"I guess more pump can't hurt? Or maybe it'll just burst like GME, hell if I know",1612914570,gmrb5ov,False,t3_lgdb2j,t1_gmraxo6,1
JRSmithwithabadshot,So GME tanking ah means their SI was low lol,1612914559,gmrb4x1,False,t3_lgdb2j,t3_lgdb2j,-4
bosoxx091,"SNDL, TLRY, or APHA tomorrow? Or have I missed the boat? I'm having GME withdrawals after not seeing +100% for the last two weeks",1612914558,gmrb4sw,False,t3_lgdb2j,t3_lgdb2j,33
iwanttogolfallday,"I realize you all are a bunch of retards claiming SI to be released at 6:00, no 7:00, wait no, 8:00. If you read the fucking disclosure, you would see that all it says is SI will be reported after 4:00pm EST. I can see 1/29 SI for AMD already from the NASDQ website. I can’t for other companies including GME.

THERE IS NO SPECIFIC TIME IN WHICH SI IS REPORTED!! Get it out of your retarded mind that these fuck sticks owe us anything timely or accurately.",1612914556,gmrb4ng,False,t3_lgb0h7,t3_lgb0h7,18
samsungsnite,Sell GME for APHA,1612914556,gmrb4p5,False,t3_lgdb2j,t3_lgdb2j,8
dankkush420yolo,Wtf you think Elon or Cuban will buy gme you cray cray,1612914556,gmrb4pm,False,t3_lgb0h7,t3_lgb0h7,11
proudplantfather,"I find it hilarious that when someone posts an actual screenshot of a Bloomberg terminal AND when there are plenty of sources citing the GME short interest, GME bagholders are left with ""look at your account, shill!"". I guess people working in finance need to constantly post about FiNaNciAL tHiNgs on their reddit account in order to be credible.",1612914553,gmrb4go,False,t3_lgf7sh,t1_gmr4ybs,34
hyperian24,"Yeah, I'm wondering if it's less about losing money on the GME short position, and more about having their trading rights revoked after some serious failure-to-deliver action.

I imagine there are millions of naked short shares just floating between brokers and clearing houses, and some getting scooped up by dip buyers. Daily short volume ratio has not been below 50% since 1/27, so more and more short positions are still being added.

They have to issue even more to try to convince people that the price is going down naturally. 

And send an army to try to sway sentiment.",1612914543,gmrb3ry,False,t3_lgevvc,t3_lgevvc,1
hamann722,After days of frowny face GME I’m now smiley face SNDL and TLRY,1612914540,gmrb3io,False,t3_lgdb2j,t3_lgdb2j,11
JustinTimberlackin,The biggest mistake about GME was not choosing a stonk where HOT WOMEN will orgasm if you keep pumping their sweet juicy stonks........can you imagine if people would have chose PELOTON instead of some company that is devoted to a customer base of mouth breathers that haven't changed out of their sweat pants in a month....can you imagine if it was PELOTON and the female instructors moaning on live stream while they watch the prices rise and combined with the friction of their bike seat inducing a 5 alarm seismic orgasm that made it look like their vaginas had turned into old faithful.....y'all had the chance and you BLEW ITTTTTTTTTTTTT,1612914529,gmrb2t1,False,t3_lgdb2j,t3_lgdb2j,-7
osufan63,What is it about people holding GME that triggers you so much?,1612914527,gmrb2ob,False,t3_lgdb2j,t1_gmraxo6,5
Cuddlyaxe,">New accounts, coming out of nowhere just to talk shit about GME, and/or old accounts with little to no history posting here who are suddenly spending hours every day just trying to convince people to sell GME.

 there's literally a fuck ton of new accounts telling people to buy GME or joining in the diamond hands shit. Are they all bots too?",1612914522,gmrb2af,False,t3_lgevvc,t3_lgevvc,8
MaxRockafeller,Today I have learned an expensive lesson. I learned the next play is always around the corner. I was so focused on trying to catch the GME knife that I only dabbled in SNDL instead of investing my usual $ on a play.,1612914519,gmrb21n,False,t3_lgdb2j,t3_lgdb2j,7
Revolutionary-Ear-11,"Future non financial advise for fellow retards... if you see a non stop onslaught of other retards posting LITERALLY any stock. Just go buy it. When 50% of the posts are, “OMG WEED STOCK X IS 🚀🚀🚀” just fucking buy it, take a minimum 20% return and get out. I’ve done it with: BB, AMC, GME, TLRY, NOK, PLTR, SNDL, CCIV. I do not stay in long, maybe a few days, but I put a few thousand in every time and pull out always up 20% - 60%... again this is not financial advice. I’m fucking crazy stupid... but fuck me have I made some money these last 3 months.",1612914512,gmrb1if,False,t3_lgdb2j,t3_lgdb2j,27
BobSagaat,Just got downvoted to hell saying “shut the fuck up about GME”.,1612914510,gmrb1e0,False,t3_lgdb2j,t1_gmrat93,1
suckercuck,#Cramer on Squawk on the Street this morning still deriding GME.  Why is he so invested in its failure?,1612914509,gmrb1at,False,t3_lgevvc,t3_lgevvc,6
BenZackKen,Buy in the weed stocks then take the gains and dump it back into GME 🚀🚀🚀,1613001594,gmvo85a,False,t3_lh4yss,t3_lh4yss,0
NotServiceRelated,"You’re a fuckin idiot. I’m up 89% in my portfolio since 2 days ago thanks to weed stocks. GME is old news, you’re holding a big ass bag and you’re afraid to admit it",1613001587,gmvo7p3,False,t3_lh3qli,t1_gmvnoi1,8
jeffdidntkillhimslf,GME is down because you guys didn't post enough 🚀 emojis,1613001587,gmvo7oj,False,t3_lh3qli,t3_lh3qli,18
Chengplays,"Ah, I wasn't aware people did that since it the last time I was around here was when the GME hype was in full effect.  Thanks for the info, I'll look into sos.",1613001586,gmvo7jv,False,t3_lh3qli,t1_gmvitbb,1
chroniclesofhernia,"HOLD my GME, learn more about the stock market and maybe continue to fucking hold GME",1613001585,gmvo7hf,False,t3_lh3qli,t3_lh3qli,7
Sup_Devil,Bruh your stack reeks of poverty. But at least you avoided GME and weed stonks. Lol,1613001571,gmvo6ht,False,t3_lh3qli,t1_gmvmvl1,1
Turrkeyslam,Still buying GME and AMC bois!,1613001561,gmvo5qr,False,t3_lh3qli,t3_lh3qli,14
Bananplyte,"Mate, I also hold GME, but jesus fuck let people talk about current ongoings and stocks, GME is about patience at this point, burn it like a slow campfire, not forest-fire fucking all consuming 200% a day. Besides, weed stonks are fun.",1613001561,gmvo5rc,False,t3_lh7ht7,t1_gmvn7jp,1
chamillion03,Buy more AMC and GME because I hate hedgies 🙂 🚀 🚀 🦍,1613001558,gmvo5jm,False,t3_lh3qli,t3_lh3qli,-5
Bigolefloridadong,Gme traumatized me holding winners,1613001557,gmvo5if,False,t3_lh3qli,t1_gmvo26f,2
IFromDaFuture,"Ehh the market works the way its supposed to. Dont let this stuff cause a total distrust. To be straight with you, alot of the outrage lately is because people don't know the rules. The evil hedge fund narrative is true to some degree but alot of the things done recently isnt because some puppet master is pulling the strings. The Robinhood DTCC, dark pools, etc all the scary buzzwords youve been hearing arent actually scary. They're all there for a reason.

Now the real facts are that the market has a ton of factors to account for, and one that it hasnt adjusted to yet is retail frenzy in the digital age. The dotcom/eTrade frenzy aint got shit on margin leverage access within 3 minutes of giving an app your social security number. This GME thing was a lesson for the market makers, regulators, and institutions that they're going to have to do something to keep things stable. I understand the narrative and belief that theyre evil, but the main reasons for alot of the rules and ""shady tactics"" are to maintain market stability. The recent retail explosion threw that off and i honestly dont know how much of a choice they had. Let GME explode and face a market pullback? Or cut it off before it got uncontrollable.. I know it seems fucked up, but the market IS NOT a casino like people preach here. There are very crucial functions that keeps the market moving and the worlds economy relies on it.

Fundamentals being disconnected from market value is increasingly an issue, the human aspect and social media will only make that worse if there arent more stringent IPO regs.

The institutions are greedy and its all about money. Cant make money in a market that doesnt trust it enough to invest",1613001557,gmvo5h4,False,t3_lgvbcc,t1_gmvm1a5,3
Soprohero,"Reddit wasn't hyping up silver. That was stupid, and we said we were against it. But reddit is hyping up weed tho the same way they hyped up gme. But no need to rely on people to buy and hold like you had to for gme for a short squeeze. Weed will go up regardless this year.",1613001556,gmvo5eo,False,t3_lh3qli,t1_gmvnt95,3
lll_lll_lll,"I just think it's really obvious that Melvin is literally making the entire rest of the stock market go up except for gme, so they can cover their shorts.
market manipulation at it's finest.",1613001553,gmvo57v,False,t3_lh4yss,t1_gmvm8hj,64
Puzzled_Lobster_69,"GME is over man, seriously stop it",1613001544,gmvo4ke,False,t3_lh3qli,t1_gmvnoi1,6
Gbear831,"It had top volume the day GME went parabolic, I’ve been on team SNDL but now more people are coming around",1613001542,gmvo4fg,False,t3_lh5uh3,t1_gmvlnxh,0
TriumphantOrgasm,"LMAO the new silver is weed stocks. ""SELL YOUR GME SHARES AND BUY WEED STOCKS I MADE MAD $$$ TODAY""

Ignore, hold and buy more.

The short interest is still huge. The fail to delivers are insane, im hearing from people in the finance industry this is much bigger than Long term capital. These hedge funds are about to blow up.",1613001535,gmvo3ww,False,t3_lh3qli,t3_lh3qli,-11
Sarevok459,"Tomorrow I pray the green penis god hits GME one last time, even for $4-5. Probably won't happen though and I'll be sad. I will say though that my first foray into options trading has been a blast...even if I am out the cash.

Need to place my limit sale or sell for the bid better this time ![gif](emote|free_emotes_pack|dizzy_face)",1613001528,gmvo3cs,False,t3_lh3qli,t3_lh3qli,8
hazychestnutz,Funny how the day after the short sellers reveal they are still fucked for GME. The entire wsb sub becomes about weed stocks.,1613001528,gmvo3er,False,t3_lh3qli,t3_lh3qli,18
RelaxPrime,"2/10 are GME, 5/10 are TLRY",1613001525,gmvo35x,False,t3_lh55eu,t1_gmvlfrn,29
Ignatius_Minkoff,What happened to holding GME too long EH!? Take them gains and spread the chips out,1613001521,gmvo2wd,False,t3_lh3qli,t1_gmvnya9,1
HughesMilieu,"It's called momentum trading. Look at gme where the momentum is gone. So will weed. But at least there's a future due to legalization/decriminalizing by biden/harris, but not so much for gme as a company. Lol e-commerce makes no sense. Your console is where u can digitally buy and stream games.",1613001520,gmvo2sz,False,t3_lgrxxk,t1_gmvmurr,2
RiseFromYourGrav,"TLRY was flying in the background during the GME mania, and now it's mooning. It was always a long term play for me, but it sure does look nice right now.",1613001512,gmvo291,False,t3_lgupsw,t3_lgupsw,2
Wavemaker2,Yeah I had the same thought. I was already invested in cannabis so this is great and all for me but I definitely feel like all this talk about cannabis stocks distract from the more important issues. This feels like intentional misdirection to get people to abandon the GME train and get on the cannabis train.,1613001491,gmvo0ta,False,t3_lh4yss,t3_lh4yss,-1
1whoknows,"I liked this DD, so I'm buying 3/19 calls:

https://ns.reddit.com/r/wallstreetbets/comments/lh2ng0/the_real_deep_fucking_value_kt_corporation/

Probably buying some more TLRY, APHA and SNDL to go with it.

Sigh, still holding GME but the above moves yesterday have alleviated my pain.",1613001482,gmvo06c,False,t3_lh3qli,t3_lh3qli,7
MinervaNow,Winning? There’s a cult of GME bagholders who have taken over this sub. They wouldn’t know winning if it slapped them in the face,1613001480,gmvo00n,False,t3_lh4926,t3_lh4926,1
TriumphantOrgasm,"LMAO the new silver is weed stocks. ""SELL YOUR GME SHARES AND BUY WEED STOCKS I MADE MAD $$$ TODAY""

Ignore, hold and buy more.

The short interest is still huge. The fail to delivers are insane, im hearing from people in the finance industry this is much bigger than Long term capital. These hedge funds are about to blow up.",1613001451,gmvnxyb,False,t3_lh3qli,t3_lh3qli,-21
ShouldNotBeHereLong,"dude's famous for shorting mbs 14 years ago. gme doesn't have anything to do with his fame. 

he cut his stake in gme back in may and didn't sell during the jan. runup. wtf are you even trying to say.",1613001444,gmvnxfe,False,t3_lh3qli,t1_gmvna1z,1
boife1,"Corsair keeps dipping at 7am then riding back up to where it was the day before, I hate the GME conspiracy type stuff (was funny at first) but CRSR is definitely being manipulated",1613001437,gmvnwxy,False,t3_lh0ygl,t1_gmul3wo,1
AnonymousLoner1,"As someone who made money with Put spreads on GME, this is literally the first time I've seen financial media shill for certain stocks ahead of time and it was NOT a trap like SLV was.

How often does that happen, when retail-targeted news isn't trying to scam you and take your money, but instead actually bait you with actually winning money?",1613001433,gmvnwp6,False,t3_lh4yss,t1_gmvgjuc,1
gfmsus,"SNDL is a shit company that’s not probably not gonna make it big just like GME.


This is a pump n dump",1613001426,gmvnw72,False,t3_lh0r8n,t1_gmv3l7d,12
shadycobra00,#how are the GME dummies HOLDing up,1613001425,gmvnw35,False,t3_lh3qli,t3_lh3qli,10
CurrentlyErect,"Charity drive for our fallen brothers who bought GME in the 300s

Edit :  My young son who works for minimum wage still cries over his 2 shares at $330.

Life changing for him.",1613001410,gmvnuzb,False,t3_lh3qli,t1_gmvnhrh,7
thefract0metr1st,"My account went up 3000% on GME. Withdrew money to buy my first house and then threw $10,000 at Tilray $40 3/26 calls yesterday. I love bags. They’re full of treasures.",1613001394,gmvntsp,False,t3_lh2qew,t1_gmuz8ci,13
TriumphantOrgasm,"LMAO the new silver is weed stocks. ""SELL YOUR GME SHARES AND BUY WEED STOCKS I MADE MAD $$$ TODAY""

Ignore, hold and buy more.

The short interest is still huge. The fail to delivers are insane, im hearing from people in the finance industry this is much bigger than Long term capital. These hedge funds are about to blow up.",1613001386,gmvnt95,False,t3_lh3qli,t3_lh3qli,-13
Globfather47,"Prayers fam. I was up from 400 to 5k in like 2 weeks from BlackBerry calls, and amc and gme. Then got punched down to 1.2k but now I'm working my way back... at 1.6k now. BB calls literally bent me over and screwed me, but I'm not even mad because I would be up more than 5k if the market wasnt manipulated.",1613001378,gmvnsnl,False,t3_lh0vwl,t3_lh0vwl,1
Hacking_the_Gibson,GME says hello.,1613001377,gmvnsld,False,t3_lgvwyn,t1_gmusr2l,1
Poynsid,it's not that deep dog. Some people are over GME. Sell or hold I don't give a shit but stop thinking everything everyone does is a massive conspiracy,1613001372,gmvns60,False,t3_lh4yss,t3_lh4yss,21
PmMeClassicMemes,"there was like a billion in volume, they covered and opened new positons

you cannot squeeze them unless the price goes over 500$ 

it organically went to 30/40 based on institutional buying when their shorts were between 30 and 0

GME is a good buy at 50$, it was a terrible purchase at 400$, it was a fantastic buy at 18$, it was a fantastic sell at 420.69$",1613001365,gmvnro3,False,t3_lh2xgc,t1_gmvi6ao,-16
ArsenalThePhoenix,"there's no way that prices aren't dropping soon. as soon as people find a different red-hot sector, we're all moving there (just like we left GME and AMC in the dust for this).

The natural increase you refer to will obviously happen. But not before prices have gone down a lot",1613001338,gmvnpqn,False,t3_lh0r8n,t1_gmvjtyl,1
Free_Tendies_Van,"gme bad


^test",1613001324,gmvnora,False,t3_lh3qli,t3_lh3qli,18
TriumphantOrgasm,"LMAO the new silver is weed stocks.  ""SELL YOUR GME SHARES AND BUY WEED STOCKS I MADE MAD $$$ TODAY""

Ignore, hold and buy more.

The short interest is still huge.  The fail to delivers are insane, im hearing from people in the finance industry this is much bigger than Long term capital.  These hedge funds are about to blow up.",1613001321,gmvnoi1,False,t3_lh3qli,t3_lh3qli,-9
Ice_Business,Lol Same. I seem to be making all the wrong moves after the GME debacle.,1613001313,gmvnny6,False,t3_lh3qli,t1_gmvndec,2
i-like-things-shiny,So happy I sold them all to buy extra GME. /s,1613001293,gmvnmis,False,t3_lh0r8n,t3_lh0r8n,2
FinalDevice,"That's a good point, but investopedia is talking about the way macroeconomic trends can have the same effect on seemingly-unrelated sectors of the economy.

During the 2008 financial crisis, when everything fell off a cliff, you could compare two tickers and confirm: Yep, they both fell off a cliff. I'm not certain the same reasoning applies to GME and AMC.",1613001252,gmvnjk3,False,t3_lh55eu,t1_gmvfqfq,97
WyrmHero1944,Simple the hedge funds are deviating attention from GME.,1613001242,gmvnive,False,t3_lh7ht7,t3_lh7ht7,-3
RunnerBert11,"Yup, sucked into the hype train with FOMO running through my head. Now it's a matter of trying to get back to a plan and stop doing stupid shit![gif](emote|free_emotes_pack|grimacing) Hopefully I can recoup some of the potential GME losses I'm sitting on and holding. Then again maybe something will come of it, who knows what'll happen when you hangout at the casino.",1613001216,gmvngxv,False,t3_lh3qli,t1_gmvfwzm,2
Head_Paleontologist,"I assume you're erroneously referring to GME as WSB's favorite stock, and I'd say those who shorted most recently made a killing. Shorting at $400 a share is big money moves.",1613001210,gmvngiz,False,t3_lh3qli,t1_gmvn35n,1
TheBestSemaritan,"Anyone playing DIS ER? Playing ER runup, curious to know what strangers on the internet think...positions: 2/12 GME 60c",1613001168,gmvndir,False,t3_lh3qli,t3_lh3qli,2
jollyradar,GME found a floor. $150 2022. Bet.,1613001167,gmvndg8,False,t3_lh3qli,t1_gmvn4qd,-2
alreadyawesome,Guys I think buying GME and AMC has cursed my portfolio. I can't get it up anymore. Anybody know where I can get a viagra for stocks?,1613001166,gmvndec,False,t3_lh3qli,t3_lh3qli,10
sauoklol,yo whos gonna tell GME gang the squeeze already happened idk if they know yet,1613001159,gmvncvv,False,t3_lh3qli,t3_lh3qli,10
ArsenalThePhoenix,"are Tilray and Sundial having these crazy daily increases due to WSB collectively coming together like we did vs Gamestop; or is it down to the cannabis sector being red hot (which in turn caught the interest of lots of retail investors)?

If it's the former, then I fear that it's all gonna crash soon just like GME did, especially now that 50% of the stock has become shorted in the last two days. So I hope that the 2nd alternative is correct; coz a natural surge in share price is more sustainable",1613001152,gmvnce8,False,t3_lh0r8n,t3_lh0r8n,7
Kaizen_Kintsgui,"I am buying one share a day of GME. Fuck. the. shorts. We got the time, they have the watches.

900ish shares at 250-300. This stage 4 clown is holding till moon.",1613001147,gmvnbzy,False,t3_lgrxxk,t3_lgrxxk,46
SecretZucchini,"I joined this sub during the GME fiasco too. But I looked at the older post before it all happened and damn yea, this sub was great but all the hivemind-hate-bait r/all kids are ruining it.

I hope this sub will die down a bit after all this and return to it's former glory. But I'm also happy to see some loss-porn from these newer people formally making them true r/wallstreetbets members. I hope the mods can pull through and maybe just outright ban any r/all karma farmers heh. GOD fuck Reddit's hivemind.",1613001137,gmvnbas,False,t3_lgvbcc,t1_gmuico2,6
fooledbyvechain,"Buying puts on GME. I feel it will bounce between 45 and 50 for a few weeks. Will go in at 46 strike. 100 contracts.  $49,000 weekly Risking 500,000 and hoping the price does not plummet. 

Go big or go home.

💎🤚💎🤚💎🤚",1613001131,gmvnauu,False,t3_lgpwez,t3_lgpwez,1
dcss_west,yeah gme puts obviously,1613001130,gmvnat0,False,t3_lh3qli,t1_gmvn0qz,2
Daniel_Day_Hubris,I can't seem to find the GME posts through all the fucking weed posts.,1613001123,gmvnacl,False,t3_lgvbcc,t3_lgvbcc,2
doodoobear1,"GME?? LMAO

bruh had 10% of his portfolio in gme dec 2020 lmao",1613001119,gmvna1z,False,t3_lh3qli,t1_gmvmsup,1
AAAStarTrader,"Look, weed stocks are not the same as GME or AMC. No shorts. But there is great potential both in US and globally legalisation which is good for all of them. Plus WSB has created momentum in the market and a meme wave which we can all profit from. So it's all good for a week or so. Keep it going guys. 

With continued buying and selling and buying again etc everyone can ride it up and make 🤑🤑🤑

🚀🚀🚀🚀🚀",1613001117,gmvn9ws,False,t3_lh3qli,t3_lh3qli,16
Poynsid,It seems like the tide is slowly starting to turn. It's still mostly GME garbage but reactionary content is seeping through. But for the most part this is a garbage sub now,1613001097,gmvn8gl,False,t3_lgvbcc,t3_lgvbcc,1
mild-hot-fire,"Why does this sub hate GME and AMC now, it’s sketchy as hell",1613001093,gmvn86a,False,t3_lh6rhm,t3_lh6rhm,-3
JDextol,anyone complaining about how much this placed has changed get over it we had over a milly in here during gme now we have 200k it’s as close to normal as ur we’re gonna get,1613001091,gmvn81m,False,t3_lh3qli,t3_lh3qli,2
TDStrange,"And on RH, if you hold these till expiration and don't have 90k, they will exercise for you and sell them at the market price so you get the gains without putting up 90k? 

I actually just signed up on RH just to learn options through all the GME nonsense. It was easier than calling vanguard to upgrade my IRA account for options or waiting on them to approve a taxable account.",1613001089,gmvn7vq,False,t3_lgvwyn,t1_gmvjyy1,2
DonJuan_69,It took me a whole week to recoup my GME losses🤝🚀😭,1613001086,gmvn7mg,False,t3_lh3qli,t3_lh3qli,7
Jkelley69,GME MOTHER FUCKERS,1613001085,gmvn7jp,False,t3_lh7ht7,t3_lh7ht7,-10
Virtue_Voidwalker,GME has ruined this place.,1613001064,gmvn626,False,t3_lh4yss,t1_gmv959j,211
LimitsOfMyWorld,"This is great! I finally have enough for Tesla calls after GME. 

1 Day Later 

This is great! I finally have enough for one Tesla share after GME.",1613001063,gmvn5yx,False,t3_lh3qli,t1_gmvm4jc,2
sbebgbsthfw-rhhhte,Gme is just fucking sad lol,1613001046,gmvn4qd,False,t3_lh3qli,t3_lh3qli,12
FinalDevice,"No. Honestly GME has a better case than AMC does. At least it's in the middle of a restructuring/turnaround with a team that has a track record of success. 

AMC did make out well by raising funds at the peak. However, they (like GME) had been going downhill for years before the pandemic ever started, and they (unlike GME) don't seem to have plans to change that.",1613001046,gmvn4q8,False,t3_lh55eu,t1_gmvigz4,23
tritron,it is nice to make up for GME ACM BB,1613001045,gmvn4mv,False,t3_lh4oj6,t3_lh4oj6,1
suur-siil,"Most people who joined after new year probably haven't even read DeepFuckingValue's older posts or seen his videos.

They probably don't realise that the GME episode was a first even for WSB and will probably never happen again.

They're just some moronic cult of bagholders who mostly missed the train and are pissed that the rest of us are re-investing our tendies in regular WSB stuff.",1613001042,gmvn4ev,False,t3_lh5uh3,t1_gmvlsba,1
ochocincovo,I agree with you and will prob be getting some shares but this comment is hilarious because in one of DFV’s original GME posts he responds to somebody that said the same thing as you did almost word for word,1613001038,gmvn455,False,t3_lh2ng0,t1_gmuunfo,79
The_Stein_Lives,"A simple CTRL+F shows that everyone on here is buying, about to buy, or owns SNDL. Let's go. Take this to the moon. Haven't seen a consensus like this since GME. Bought 1,000 shares AH. UNITED FELLOW RETARDS.",1613001013,gmvn2cb,False,t3_lh3qli,t3_lh3qli,21
badam007,Lmao I paperhanded at 2.69 today when it started falling. I had gme ptsd. But I'm all in tomorrow SNDL 🚀🚀🚀🚀🍌🍌🍌,1613001003,gmvn1kw,False,t3_lh3qli,t3_lh3qli,16
TriumphantOrgasm,"My post was deleted, I created a post with a title that was GME negative and Weed positive and it was deleted when the people realised the post text was about the truth. WSB has been taken over by the Hedge funds, HOLD GME and ignore the Weed stock posts they are created to convince you to sell GME.

https://www.reddit.com/r/wallstreetbets/comments/lh7ih4/sell_gme_and_buy_weed_stocks_discussion/",1613001002,gmvn1hi,False,t3_lh3qli,t3_lh3qli,-10
somedood567,Buddy today was the day to sell your calls.  Either GME got some jet fuel from the SI report or it didn't.,1613000999,gmvn19y,False,t3_lgrxxk,t1_gmvj99t,2
mirzo12,I found a catalyst. They want to bring us to sell gme stocks so they can cover.,1613000995,gmvn11g,False,t3_lh7ht7,t3_lh7ht7,-3
BigBossLittleFiddle,"Scrolling through this thread and not seeing a single ""🌈🐻 r fuk""... Booooooo. It was getting annoying at the time, but all this conspiracy GME shit is way worse. 


Positions:
$PLUG, $CCIV, a certain EV play that jumped huge today that I can't mention because <1B. All shares waiting on funds to settle so I can trade options again, damn. 

This is not a disclaimer. If you say ""this is not a bank robbery"" while robbing a bank that doesn't make you jail-proof.",1613000992,gmvn0te,False,t3_lh3qli,t3_lh3qli,4
Hadron90,"Looks like everyone has finally decided to give up on GME. Which means by the WSB inverse law, now is a great time to buy in.",1613000991,gmvn0oy,False,t3_lh3qli,t3_lh3qli,15
reason802,Do you think GME squeeze will happen?,1613000972,gmvmzf3,False,t3_lh3qli,t3_lh3qli,-15
GeorgeHarris420,"imagine buying extremely high IV puts in the middle of a run up

and then burning money on GME shares LMAO",1613000954,gmvmy38,False,t3_lgrxxk,t1_gmvmi6o,-15
Genome1776,1500->220k GME CALLS.,1613000947,gmvmxjz,False,t3_lgwgkp,t3_lgwgkp,1
ud83,You’re in GME at $65? Just break even next chance you get..?,1613000930,gmvmwdn,False,t3_lgrxxk,t1_gmvi7mq,-3
UnlimitedQE,PLEASE REMOVE ALL YOUR MONEY FROM GME POSITIONS AND INTO WEED POSITIONS. THANK YOU.,1613000915,gmvmv8z,False,t3_lh3qli,t3_lh3qli,26
tommygunnzx,I’m in 15 @24.40. Should I hold or dump I’m so green and I want to make my GME loss money back but don’t want to sell if it’s a smart long run stock,1613000906,gmvmumb,False,t3_lh3qli,t1_gmvle6t,2
Sup_Devil,I sold gme at $377 lmaooooo zero fomo here,1613000904,gmvmugu,False,t3_lh3qli,t1_gmvmkhc,1
goofystanced,Be sad at my gme position :(,1613000895,gmvmtuj,False,t3_lh3qli,t3_lh3qli,3
FameTrigger,"if you have some moneys left, average down on GME fam, it's actually a great hold long term

Edit: I went from average 293 > 274 > 144 and will buy more if the price drops below 45 USD",1613000873,gmvms6j,False,t3_lgtwdz,t1_gmv808j,6
[deleted],Nice try distracting us from GME.,1613000856,gmvmqye,False,t3_lgw1aa,t3_lgw1aa,-6
suur-siil,"GME is the new ""SPY puts""",1613000854,gmvmqso,False,t3_lh4yss,t1_gmvc69i,5
Grieferbastard,"Okay I'm trying to just hold and stay quiet and let WSB get back to being WSB and not the GME sub, but this is magical.",1613000851,gmvmqnh,False,t3_lgqrpo,t3_lgqrpo,2
KimchiBaby1MoreTime,I have a new rule. Just going to ignore anything GME. I'm wasting too much time trying to do damage control for people who refuse to. They will figure it out on their own eventually.,1613000837,gmvmpmr,False,t3_lh55eu,t1_gmvlcu0,5
doodoobear1,"why do you blaspheme Michael J ‘Cassandra’ Burry, the GME prophet?",1613000836,gmvmpjt,False,t3_lh3qli,t1_gmvmiqt,-1
Malawi_no,"The sub is compromised, and taken over by Melvin or something.  
Hold GME, it's not propery squozen yet.",1613000825,gmvmors,False,t3_lh4yss,t3_lh4yss,-4
Emilia-B,Yeah there have been countless posts saying how sndl or other weed stocks aren’t in a squeeze and how they’ll never be GME even though not everything has to be a short squeeze for it to go up,1613000819,gmvmodb,False,t3_lh3qli,t1_gmvmj9n,1
BracerBeef,GME was a prime example of why you should never trade emotionally,1613000813,gmvmnxh,False,t3_lh3qli,t3_lh3qli,20
sbebgbsthfw-rhhhte,Guys if we went from gme to weed I think the next moneymaker will be tyson tendies,1613000800,gmvmn00,False,t3_lh3qli,t3_lh3qli,11
[deleted],Too retarded to read. I'll just buy more GME. $42069 is not a meme bois 🚀🚀🚀🚀🚀🚀🚀,1613000795,gmvmmmc,False,t3_lh2xgc,t3_lh2xgc,6
upsetrobinhood,"Ha imagine chasing weed stocks and repeating GME. Not saying that will happen, but that would suck bagholding both",1613000784,gmvmlsy,False,t3_lh3qli,t1_gmvmgeq,6
SheepManKillerBoy,Lol y'all been saying that forever. I really hope gme 🚀 because a lot of people lost money and I kinda feel bad for them.,1613000782,gmvmlo5,False,t3_lh4926,t1_gmv7qdy,4
TotesHittingOnY0u,"I'm sure RH being forced to halt the stock had *some* affect on momentum, but it just reeks of bad excuses for a rally that was going to run out of steam anyway due to profit taking.

Fidelity was the single largest shareholder in GME before this started, and they sold their *entire* 13% stake in GME after it crossed $200. Don't you think that this had more of an effect to halting the rally than RH limiting buying activity?",1613087984,gn01z6j,False,t3_lhk9iv,t1_gn00mjp,1
serialcp5,"Wsb and gme was the equivalent of some retard sneaking on Augusta during the Masters, pushing Tiger out of the tee box, getting a hole in one, turning to Tiger and telling him he don’t know golf. Tiger then says “do it again retard”. Retard then says “this shit is easy, double or nothing?” And the rest is history",1613087965,gn01xvw,False,t3_lhx77s,t3_lhx77s,1
Johnson-Rod,MARK CUBER SAID GME IS GOOD STOCK SO I TAKE OUT SECOND MORTAGEE FOR GMEASTOP,1613087913,gn01u8m,False,t3_lhk9iv,t3_lhk9iv,23
harryheck123,"I'm the same way. Idk how many ""free"" GME I'm holding atm. I may be only 5k in the hole and not 23k I'm not good with math.",1613087905,gn01tny,False,t3_lhucq5,t1_gmzqaow,2
Posty1111,You guys have you heard about the young c r y p t o entrepreneur who bought worth of millions of GME and decided to hold? Check the article on Bloomberg (can’t post the link here),1613087896,gn01t25,False,t3_lhumfo,t3_lhumfo,-2
bigshitsaregaybro,Your weed stocks much like your GME bags will be heavier by the day,1613087895,gn01t0k,False,t3_lhumfo,t3_lhumfo,5
-Dow,WSB is compromised GME TO THE 🚀🌕,1613087878,gn01rre,False,t3_lhumfo,t1_gmzt6u2,0
Senseisntsocommon,"No sacrifice man, 5x initial investment.  Bought during the GME dip.",1613087871,gn01r9v,False,t3_lhumfo,t1_gn01ets,1
Hillcat10,"GME back to $25 next week. 

This is a test on the efficiency of the mod

-Last week would have downvoted 69 times in 5 min.",1613087864,gn01qre,False,t3_lhumfo,t3_lhumfo,5
HailPaim0n,"No, retard. GME is dead. We've all moved past it.",1613087845,gn01pdy,False,t3_lhtdkz,t1_gmza6kp,1
SquidKid47,"GME bagholder here but there's a ton of resistance at ~$47. JS it could be a nice ""fuck it and wait"" buy with all the potential catalysts on the horizon.",1613087816,gn01nbe,False,t3_lhumfo,t1_gmzh4eu,3
jcornflakes,"So is APHA a goner too? I ran in and out of sndl like it was a bank engulfed in flames, gme was practice of what not to do. But I thought apha would actually be a legit investment",1613087807,gn01mqw,False,t3_lhumfo,t3_lhumfo,7
KnivesOutSucks,"You:  Whines about people jumping into pump and dumps.

Your post history:  GME, GME, GME, GME

Idiot.",1613087788,gn01leu,False,t3_lhrrvf,t3_lhrrvf,1
soozler,Massive losses expected due to all their customers buying GME at $400,1613087787,gn01ld4,False,t3_lhumfo,t1_gn01bgb,5
ItsKrakenMeUp,"GME was talked about for months by DFV before it blew up. He made a mil before it even blew up. Once it blew up, you had about a week.",1613087784,gn01l3e,False,t3_lhn7pk,t1_gmzdfrv,4
MrMan404,That GME thread is actually depressing,1613087747,gn01ifm,False,t3_lhumfo,t3_lhumfo,10
CAPS_LOCK_OR_DIE,"I’m still holding GME. 

Bought at $36 but still counts. 

The rest of my stocks aren’t set up to pay off for a few years so y’all got fuck all from me. Except CRSR I’ll dump that in a second.",1613087732,gn01hde,False,t3_lhucq5,t1_gmzde39,3
JR_Mosby,Long as they buy GME or AMC,1613087698,gn01evv,False,t3_lhumfo,t1_gn016vn,0
Starw1nMarw1n,"Man, those long GME hedgies that cashed out GME at $200, $300, $400 and so on must have been literally LOLing their asses off watching retards and degens buying advertising boards for ""GME HODL emojis"" across the country. Not only that, these same people had the nerve to call the #silversqueeze for some fake hedge fund, Melvin/Citadel narrative to dissuade people from buying GME...you'd think there is some merit to being a sheep, but actually having brains and still acting like a sheep, now that's impressive! HODL FOR LIFE!",1613087688,gn01e5x,False,t3_lhx77s,t3_lhx77s,2
ConspicuouslyBland,"lol

I've never sold at a loss. Unsold losses are not losses.

I lost bank shares in 2009 as the bank was nationalised, because I hold. It later seemed unlawful and I received more money for the shares than I ever paid.

A broker once sold my shares because there was too little activity on my account at that certain broker, so they sold my shares and closed the account. Because I fucking hold.

I'll just read here about all and everything, about all the GME news, without any emotion to my shares. My broker account will sleep. And if I get a warning they want to close the account due to inactivity, I'll find some pennystock to gamble on. But my GME will hold.",1613087679,gn01dk2,False,t3_lhucq5,t3_lhucq5,1
scabies89,Check the GME threads,1613087674,gn01d5f,False,t3_lhumfo,t1_gn01b7j,3
HonoraryFootStool,Still 🎒holding GME but I'm about to fomo hard into 🆘️,1613087636,gn01agt,False,t3_lhumfo,t3_lhumfo,4
Nateconf,800 gme,1613087612,gn018si,False,t3_lhumfo,t1_gn012xc,0
neothedreamer,"I am doing the same. I feel like $48-$52 has been a pretty solid floor. I am not selling covered calls on all my shares in case it squeezes again.

Selling some around $60 to $75 for next week. I actually hope it settles down and slowly (10 to 20% a week) goes back up with long term transformation. The hedges will slowly lose money and start to cover as they see it isn't going down any more and they can't make profit riding it anymore. Slow Squeeze works for everyone up to a fair value of $100 to 150 in the next 3 to 12 months. $93/share is a P/S of about 1 which is pretty normal for retailers. Target is at 1.09 currently and GME has higher margin items than most of TGT goods (grocery is very low).",1613087602,gn0185d,False,t3_lhk9iv,t1_gmzzfsp,3
skunkyj,Good thing I used all my GME earnings to get recircumsised. Best decision of 2021 so far,1613087576,gn01694,False,t3_lhumfo,t1_gn00rxk,1
onezerozeroone,"KTOS ride the wave

ZNGA to the 🌕

NET buy the dip

BB buy the dip

SOLO buy the dip

MJ buy the dip

GME 💎🤲 forever⛼",1613087560,gn0154q,False,t3_lhumfo,t3_lhumfo,4
Secure-Ad1612,"I mean sure, that’s fair, but it seemed as though the “OGs” were talking about BB a lot too. 

My skepticism is based around the idea that most new users coming to the sub would have been attracted here due to the media’s hype over the GME situation. It would then lead me to believe that they would comment on it through asking questions or adding “GME🚀🚀💎👐🏼” to the chat. 

It’s surprising that new users came here and seem to have brought these stocks with them to hype up. When nearly 80% of comments on a certain ticker are from the new user pool, it should raise some red flags.",1613087543,gn013wq,False,t3_lhtazu,t1_gmzz9g4,2
Anyro17,Holding GME patiently 🚀,1613087475,gn00z0s,False,t3_lhumfo,t3_lhumfo,6
Jellyfish_Vegetable,buy GME its always been the play 💎🙌🏼🦍🚀,1613087473,gn00yv9,False,t3_lhrrvf,t3_lhrrvf,1
losewhatulose,Few things more fun in this world than trolling the Gme thread people,1613087470,gn00yng,False,t3_lhumfo,t3_lhumfo,1
plomii,Would be nice to see some green GME for a day again,1613087450,gn00x7e,False,t3_lhumfo,t3_lhumfo,-1
Jeff_Bezels,"I feel like shitty finance journalism is part of our problem.

They put in zero effort stories by picking a random thing people are talking about on WSB. That attracts other investors, and it becomes a thing like GME or weed. And it has a natural story arc that flatters normie readers in the end: ""I guess those WSB degenerates weren't so smart after all.""

So the leading indicator is mentioned here, and then you check to see if Cramer or some dogshit Bloomberg writer has taken note for confirmation. That's the flashing red siren to sell.",1613087447,gn00wz7,False,t3_lhumfo,t3_lhumfo,9
[deleted],"I mean GME seemed a bit different though, to the point where I seriously expected it to continue climbing. There wasn't just hype, there was international hype, of people from all over the world trying to convert to USD to buy shares and that takes days. If there weren't constant platforms freezing buys, which is unorthodox in itself, theres no reason it wouldnt have gone significantly higher, even if you did buy at $350. The VW squeeze hit 900 and that had significantly less hype than GME did, it was all the other bullshit surrounding GME that stopped the price going up.

It doesn't help that there is an army of peer pressuring autists screaming DIAMOND HANDS $10,000 NOT A MEME HOLD HOLD HOLD",1613087446,gn00wv6,False,t3_lhqgl3,t1_gmzd1h6,1
Nutisbak2,"We don’t control the fizz that comes out and we most certainly don’t control the market.

22 billion got pumped into GME from supposedly the people on here.

That’s a lot of money but ultimately it’s diddly squat to what those controlling the market can summon.

The 1% stay the 1% because they control the companies, hedge funds, trust funds, governments and who knows what else that control the markets and 22 billion whilst being a lot of money isn’t going to stop them.

I’d love it to be different.

I’m editing this post and continuing on from what I said above.....

The truth is... we the 99% do actually have the power to stick it to the 1% but in order to do that it would take co-ordination.
 
For starters... no one ultimately really knows who makes up the 1%, it’s most likely corporations for the most part (which are owned by shareholders), we often think of the 1% as being greedy hoovers of money, but think about it... what does a corporation want to do? 

Make money for its shareholders, which means top to bottom the emphasis is on doing just that and not always in the most ethical manner.

If we really want to make a difference here we should start by figuring who / what really is the 1%.

Then we should look at who/what are being ethical about it, of course that’s a scratchy subject and everyone has their views.... my take would be if it’s not good for future incoming generations then it’s not ethical. 

Once we did this.. we could look to set some targets.

22 billion + of investment isn’t a lot against a massive hedge fund. 

However against one single billionaire entity targeted in the right manner it could just give us the 99% control and we can then build on from that. 

We’re not going to be able to take over Facebook, or Amazon, or Apple, Tesla or any other mainstream company worth hundreds of billions, we’ve got to look within our means, however we just might be able to find one out there that looks like a good bet, coordinate a combined attack and who knows maybe even take it over. 

The Uber rich have been staying that way for generations because they never let go, they set up trusts for their families who all work for said trust and more often than not generate further wealth for said trust, these trusts frequently own very large corporations. 

Ultimately there is nothing to stop the 99% combining their power and doing the same. 

If we buy the companies then give those companies our dollars by buying things from them essentially we’d be keeping our money, that’s what the rich have been doing for eons.

If people here really want to be a force and make a difference, create caos and fear, then let’s organise it in the right manner.",1613087399,gn00tbf,False,t3_lhx77s,t3_lhx77s,9
QuaviousLifestyle,It’s kinda fucked but you can just talk all the shit you want in the GME thread and the only comeback they got is [deleted] and a couple downvotes,1613087382,gn00s2r,False,t3_lhifi7,t3_lhifi7,9
PutsOnYourWife,"These comment restriction should be there weeks ago. This would actually prevent innocent people from throwing their money on GME.

No one of the old WSB would say this is a movement or „buy buy buy, hold hold hold“. It was always about the money. It wasn’t even possible to post another tickers or considering about the situation.

Now WSB taking the blame because of bots and pump and dump apes. But mainly I blame the mods. After a few hundred thousands they should restrict posting for the new ones. 

This wouldn’t be a mess like it is now",1613087352,gn00px9,False,t3_lhumfo,t3_lhumfo,15
Global-Sky-3102,Didnt GME taught you never sell at a loss? We need to addopt the kriptogand mentality and hodl for 3 years when it peaks again to get out,1613087345,gn00pdp,False,t3_lhumfo,t1_gmzgn2g,4
JNC1,U mean Like GME?,1613087345,gn00pdz,False,t3_lhrrvf,t3_lhrrvf,1
jaex,💎🤚 GME 🦍🤝💪,1613087333,gn00ojl,False,t3_lhumfo,t3_lhumfo,-2
AleisterLaVey,"What has the company done, or in the process of doing, that will cause it's stock to increase over that period of time? GME was in a constant decline since mid 2015 and had an average value of \~$4.50 from July 2019 to July 2020. It started going up slightly, Melvin shorted, and then the stock blew up from the squeeze. Gamestop has not changed its business model in any significant way since at least 2015 and it's profits have been dropping steadily since \~2014-15. Since you're saying you took a 50% loss, I'm assuming you bought at about $100 per share. There is a very slim chance it will hit $100 again. Go ahead and hold though, fuck Melvin.",1613087298,gn00m0t,False,t3_lhn9sv,t1_gmzsuiy,1
prplelemonade,"Hey I'm annoyed by the price being smashed and not really knowing what's going on, but I'm still holding 🤷

Hopefully it does moon, but if it doesn't, idgaf I'll hold GME stock, I don't care.",1613087294,gn00lo6,False,t3_lhucq5,t3_lhucq5,4
harrybridges3,Im switching broker purely so i don’t have to look at GME in my portfolio,1613087266,gn00jp5,False,t3_lhumfo,t3_lhumfo,4
sidescrollin,"No need to tell me. I went through both phases on GME.

ha, look at all this hype, I'll make a quick buck! Doubled my money. 

Look, they are still going! I'll get back in on the dip! Now I'm down 70%.",1613087248,gn00ifl,False,t3_lhtdkz,t1_gmzgzc2,8
TransSpeciesDog,"Your coping is like dope to me.

Also, 💎🙌$GME",1613087219,gn00ga1,False,t3_lhrpg4,t1_gmzguc2,77
D_crane,"Did you go full retard on APHA? 

Check it out,  Dave Portnoy GME look retarded, act retarded, not retarded. Paper handed, bought high, sold low. Autistic, sho'. Not retarded [maybe]. You know DFV, also GME. Slow, yes. Retarded, maybe. Orange sweatband on his head. But he charmed the pants off everyone and he won a short squeeze competition. That ain't retarded. He was a goddamn war hero. You know any retarded war heroes? 

You went full retard, man. Never go full retard. 

You don't buy that? Ask u/controlthenarrative, infinite money hack, remember? Went full retard, went home empty-handed.",1613087219,gn00ga7,False,t3_lhxnp2,t3_lhxnp2,23
FistoMcBeefington,"Yeah, sometimes. Had GME puts on two occasions when the writing was on the wall. The first one printed. The second one prolapsed my anus.",1613087162,gn00c8k,False,t3_lhumfo,t1_gmzznwr,2
diablodelfin,"And thus the sub is done. It wasn't a ""retail revolution"" or ""democratizing the market."" It was in the right place at the right time to take advantage of the GME play but that's over now.",1613087161,gn00c5b,False,t3_lhucq5,t3_lhucq5,1
PufffPufffGive,Look at all THESE Accounts getting deleted for spamming!! This should Be obvious GME Fam. Mind blowing !!,1613087153,gn00bjy,False,t3_lhk9iv,t3_lhk9iv,29
clayo84,I literally sold this last week to buy more $GME because I love it so much!,1613087149,gn00b8d,False,t3_lhoy93,t3_lhoy93,1
yolosbeforehos,"Mini OG

Made bank on GME

Buyin' FD's

On TSMC",1613087121,gn0094x,False,t3_lhumfo,t3_lhumfo,2
BoomerImpairedShtSux,As other poster alluded to GME nubs might not have heard a bell but they sure as shit hearing the purge siren now.,1613087116,gn008rq,False,t3_lhumfo,t3_lhumfo,6
TotesHittingOnY0u,"Suuuure, it definitely wasn't because RH and WeBull (the only brokerages to halt purchasing) got margin called based on their own under-capitalization.

You do realize that 98% of all brokerages allowed GME purchases throughout the saga? Who's fault is it that you all are too retarded to use a legit brokerage?

I'll be listening to the hearing intently.",1613087100,gn007l1,False,t3_lhk9iv,t1_gmzozip,1
SeaWorthySurf,"A sea of retards marching in step makes an army.  

A sea of retards on WSB makes anarchy.

A sea of retards randomly all in the same direction makes GME.",1613087094,gn0076m,False,t3_lhx77s,t1_gmzusvb,31
FoxTheory,"I disagree completely. if you take out the GME AMC BB ECT stocks. WSB is a treasure trove of information from people who actually know stuff and have great DD. There was a guy scraping info and logging that I don't know if his website is still up though? Check on there for accuracy.

""Many new users have never seen gain bigger than .04% in their chase savings account.""

Again I doubt this if you are at this point I doubt you know what a call or a put option is. and wsbs isn't going to make a whole lot of sense to you until you know what those are. (Not necessarily how they work a lot of people doing spreads and stuff and end up with a long position when they wanted a short or vise versa). That being said the user probably have owned stock before and if they bought anything in the last year they made a lot of money on it. I've got a watch list of stocks from the past 3 years I haven't updated in a while I don't think there's a single ticker on it that's not up at least 20% this year. same can be said for the year before prior to the corona virus crash (if you avoided weed).

I can't really buy any stocks right now as an ""investor"". because everything is fucking expensive like crazy expensive. Stocks being at an all time high well the economy is at an all time low I don't know how any investors can be cool buying into that. WSB's DD is usually short term catalysts that make sense or undervalued stuff I've never heard about. or spreads that are fairly cheap to run.

You seem to be biasing all your info off of MEME stocks that are called that for a reason. No matter how strong WSB makes the DD sound for them they are still called meme stocks because the general majority of this subs knows they are exactly that lol. Don't buy meme stocks.",1613087087,gn006nw,False,t3_lhostl,t3_lhostl,1
ascendant23,"Which will happen first?

* Ackman announces a merger target

* GME finally gets that second squeeze

* Second coming of our Lord and Savior, Jesus Christ",1613087059,gn004nl,False,t3_lhumfo,t3_lhumfo,3
PutsOnYourWife,I wrote SQ 2-3 weeks before and got downvoted to hell because it wasn’t GME. Things turning back to normal,1613087057,gn004gz,False,t3_lhumfo,t1_gmzzz4g,1
justforweed,"I will always raise the banners for GME even if it goes back to $4. GME IS A DISASTER CLASS LEVEL STOCK DON'T @ ME. I've said this at $15, $35, $90, $120, all the fucking way up and down. MY FAITH WILL NOT WAIVER.",1613087031,gn002ks,False,t3_lhk9iv,t3_lhk9iv,-8
Itchy-Yard3094,So you're missing half of your two brain cells? Or are you just illiterate? GME has more value dead than you do alive.,1613087022,gn001zs,False,t3_lhxxmp,t1_gmzzw6s,1
ShiftBunny,"Most of my life, but not in gme.  That I've been buying and day trading calls and puts last two weeks quite successfully.   There is more than just bagholders and mouth breathers playing this",1613086967,gmzzy37,False,t3_lhucq5,t1_gmzzkka,10
AngryCenarius,"Hey you noobs, earn dem stripes before posting your retarded ass shit. No one cares about your 2 shares of GME that you bought at $400.",1613086960,gmzzxj6,False,t3_lhumfo,t3_lhumfo,7
tooManyHeadshots,"Heard of it.  Didn’t care. Now I got one share of GME in each of my 💎 🙌 and I’m holden like an Australian Camaro!

I’m just here for the meme’s, bud. If I wanted to make money, I’d get a job!

Not financial advice. Not even advice. Why are you even reading this?",1613086956,gmzzxbf,False,t3_lhucq5,t1_gmzk846,3
Loud_Function,This was all a distraction the only stock in town is GME. Now you realize it lmfao,1613086939,gmzzw07,False,t3_lhujth,t3_lhujth,0
fejoa123,Bought and holding GME. Not giving up. Tell everyone you know,1613086937,gmzzvv9,False,t3_lhwv5f,t3_lhwv5f,45
InfiniteElway,"Can you buy puts against GME instead?

Half the sub will finance ya.",1613086936,gmzzvrl,False,t3_lhoy93,t3_lhoy93,1
jcornflakes,"I did pretty much the exact same thing. Except sold initial investment at 2.53. Sold profits at 3.70. Bought back in at 2.21, waited for it jump back up real quick and sold again and 2.25. Was not about to get played like gme again. Glad I got out alive this time",1613086933,gmzzvk3,False,t3_lhumfo,t1_gmzyvga,1
[deleted],Imgaine not just saying “I am ain’t not selling me gme” and gettin a bjillion karma a week ago 😂😂😂😂😂😂 scrubs can’t post whack whack,1613086925,gmzzuwl,False,t3_lhumfo,t3_lhumfo,3
Longjumping_Ad_5881,It’s not the group it’s just the new retards since GME,1613086907,gmzztnq,False,t3_lhxnw9,t1_gmzxzhl,1
Roll_Tasty,"Tomorrow is new day, I got ass raped from GME but made it back from SNDL. Just need a new meme stock before media kills it.

Also, I think Dave Portnoy is a jinx",1613086832,gmzzo3h,False,t3_lhumfo,t1_gmzmnkg,3
CappedCrib,"Ok I’ll bite

What’s GME",1613086827,gmzznqq,False,t3_lhumfo,t3_lhumfo,6
BeeRVA,For all those who invested too late - I bought 17 @ $350 - this stock at $49 each is a steal. Bring down your average cost. I bought 2 more @ $125 and today I bought 5 for $49. I believe in GME!!!,1613086819,gmzzn75,False,t3_lhvzuq,t3_lhvzuq,49
Shwiftygains,Damn you traded for 3 weeks and learned things that took me over a year to really understand or even observe. And so well spoken. I must be next level 4d retarded. Explains why I keep buying gme💎🦍💎🦍💎🚀🚀🚀🚀,1613086806,gmzzm8w,False,t3_lhv9jo,t3_lhv9jo,10
highboulevard,"Yeah, profit a bit and gtfo. Don’t get greedy and get caught holding the bag. I lost a few hundred on GME",1613086766,gmzzj9c,False,t3_lhwk9y,t1_gmzz3sr,1
Tomcatjones,lol - nope. GME is DED,1613086753,gmzzici,True,t3_lhxxmp,t1_gmzz2e1,-1
Salvador_20,Still holding GME.. idgaf,1613086753,gmzzieu,False,t3_lhumfo,t3_lhumfo,17
VulpineKing,There's rumor going around that it's outside entities initiating the pumps since gme. Makes sense imo. Do we really have the ability to pump a whole market like that?,1613086752,gmzziaf,False,t3_lhxnw9,t1_gmzxzhl,23
Cardiff07,Gme fd otm,1613086733,gmzzgwm,False,t3_lhumfo,t1_gmzya9s,1
bone_sugar,no less of a conspiracy than whatever you’re claiming. thanks up 600% this year. and not from GME ;),1613086718,gmzzfur,False,t3_lhf2qw,t1_gmxgz36,1
fooledbyvechain,"IV still high. Selling covered calls aggressively every week, aiming for $4,000 -$6,000 per week. Once I build up to $50,000, and a new floor price is established for GME, I will also start selling cash secured puts OTM to trade and earn from both sides of the market price. 

I got greedy and should have cashed out $300,000 in profit.

Life goes on. It is, what it is.
Better to sell options and generate money, instead of simply doing nothing.",1613086717,gmzzfsp,False,t3_lhk9iv,t3_lhk9iv,29
Salvador_20,GME 🚀,1613086709,gmzzf8o,False,t3_lhumfo,t3_lhumfo,-12
dotme,Would you take 35K loan at 5.99% APR for 3 Years? For GME.,1613086658,gmzzblz,False,t3_lhumfo,t3_lhumfo,-1
QuantitativEasing,"How would this effect the mechanics of squeezing? If anything, wouldn't it help? The problem with GME was the ownership was dispersed. Rates are high to borrow right now and they've been dwindling.",1613086640,gmzzac7,False,t3_lhuhvg,t1_gmzyjrl,1
mrfunderhill,"Hold my GME bag proudly.  
Stay away from weed stuffs.
Make autistic calls for breakfast on speculative trash.
Profit.",1613086607,gmzz7wq,False,t3_lhumfo,t3_lhumfo,7
Hmm_would_bang,"The economy 📈 will collapse 👹 tomorrow 📆🙌 
 
Alright 😴 fellow 👯 retards 🤔 listen 👂 up ☝ for some real 💯 DD ℹ✝🅾. I 👁 bought 💲🎅🏿 the top 🔝 of GME and AMC and sold 💲 for a loss ❓☝. I 👁 bought 💰 the top 🔝 for APHA and TLRY and sold 💸 for a loss ❓☝. I 👁 bought 💰 TSLA calls 📞 last 😍 year 📅 and the stock 🧦🧣 tanked 😱🏃 costing me my entire 🎬 $10,000 💰💸😳 that took 👫 me half 💀 a year 🗓 to save 💾 up ⬆, gone 🏃 in a day 🌞. Ive 👁 lost 🏳 so much 🔥 money 💰 this year 📅‼ already 👋 Im 💘 considering 🤔 changing 🔀 my name 📛 to Melvin. Im 👌👀 going 🏃 to go 🏃 all 💯 in on 🔛 SPY 👀 tomorrow 🚗🍆🐱. RIP 😂 to your 😎👉 portfolios 📉💸.",1613086595,gmzz721,False,t3_lhumfo,t3_lhumfo,-12
JP2205,I bought one share of GME.   Im here to help retards.,1613086566,gmzz4za,False,t3_lhxnp2,t3_lhxnp2,46
Secure-Ad1612,"0% chance? As in you think exactly zero new users mentioned GME last month

Edit: I accept these downvotes. I was being a dick.",1613086557,gmzz4cs,False,t3_lhtazu,t1_gmzyzeg,-8
WyrmHero1944,If we control the market then if everybody (8 million) buy 5 shares of GME tomorrow we can make a second squeeze since there would be no float.,1613086553,gmzz40t,False,t3_lhx77s,t3_lhx77s,48
4672656542656572,"I am long on GME at this point. However I made a bit back trading SNDL. Sorry if it's a paper hands move but I did at least keep 20 stocks in to ""see where it goes""",1613086530,gmzz2bg,False,t3_lhn7pk,t1_gmy51g0,1
Max_Ram_CPU,"So what your saying is buy more GME,AMC,NOK",1613086526,gmzz23x,False,t3_lhucq5,t3_lhucq5,4
thechodaddy,"I've only started coming here around late Nov but goddamn, being pre-GME hype feels good man.",1613086519,gmzz1kr,False,t3_lhumfo,t1_gmzyn57,1
MoonRei_Razing,"Yah and imagine if, Cyberpunk was total bullshit? We'll take it back for 100% store credit, but something else you like. Instead of fighting against the return. The reason Chewy has succeeded is **customer service first**. 

You're thinking about the competition about buying a digital game from SNE vs. from GME. But what If I knew GME had my back on the purchase. While SNE, basically once you bought a digital game, that money is gone. Ofcourse SNE & MSFT don't want this, but that's the value add GME could bring. It allows for the those that this applies to resell a SNE digital game, get a MSFT digital game. 

CHWY, is not profitable yet, it's only \*eyeroll\* made \~4.8B in revenue last year. 

$GME will likely be profitable this qtr. The challenge will be to keep it up.",1613086464,gmzyxkp,False,t3_lhvzuq,t1_gmzv6oj,102
Trump_Time_Machine,"*packs bowl*
*Buys more GME at same time*",1613086459,gmzyx65,False,t3_lhk9iv,t1_gmzvxci,1
JinnPhD,i'd fucking love to see this chart if GME never happened.,1613086437,gmzyvmy,False,t3_lhnr7f,t3_lhnr7f,1
ascendant23,"Buying GME, because what better day to make people think the second squeeze is happening?",1613086428,gmzyuy8,False,t3_lhumfo,t1_gmzyloh,1
Miguamedina,"So, the idea is the gme is going to go back up once the quarter is near? Get some of those divs. Wonder how they might look",1613086414,gmzytxc,False,t3_lhk9iv,t3_lhk9iv,6
JinnPhD,"i read about half but GME great play at $4-15, maybe 20 dollars. GME at 300, no sir. I have high hopes for yall a year out or so but...",1613086404,gmzyt6s,False,t3_lhvzuq,t3_lhvzuq,3
SlatheredButtCheeks,Eat shit there aren't any GME posts on the front page retard,1613086325,gmzyncn,False,t3_lhwv5f,t3_lhwv5f,19
g____Q,"Sitting on my 50x 0dte gme 60c I bot at $1 this pm , waiting for a gamma squeeze 🤡

If that doesn’t work. Back to piling up XPEV at 46-48 range , while theta ganging tsla on the wings",1613086304,gmzyls8,False,t3_lhumfo,t3_lhumfo,2
aFrinkOnYourDink,Until GME goes out of business.,1613086298,gmzyldx,False,t3_lhxhwd,t1_gmzw7vy,20
xjxdarren,"Imagine the newbies who bought GME at the top, losing 75% of the initial nest egg, and then proceeded to buy TLRY at the top, losing another three quarters of what's barely left over.

As ironic as it sounds, this sub has a self-interest to be better than this - echo chamber for nothing more than pumps and dumps. Or it's only gonna be the epitome of tragedy of the commons.",1613086279,gmzyjwt,False,t3_lhumfo,t3_lhumfo,9
angrysc0tsman12,Might not be a bad play. GME had a 30% down day on the FEB 1st followed by a 60% down day on FEB 2nd.,1613086252,gmzyhx5,False,t3_lhumfo,t1_gmzuqov,1
thescheit,"And this is a perfect example of why most people should buy into index funds and be done. 

You won a bit on this trade...and now you think you'll have similar success doing it again. You have a 99%chance of losing all the gains you made on GME plus more by trying to do it again. 

Good luck.",1613174396,gn49b1l,False,t3_lio7rm,t3_lio7rm,-9
LovableContrarian,">suddenly restrict buying shares of a certain company and only allowed you to sell.

So this is a bit of a false narrative perpetuated by the new traders. Every broker halt will be ""can't buy, but can sell."" They can stop offering a product, but they can't force customers to hold a product, for obvious reasons. Like, a store can stop selling gold watches, but they can't prevent you from selling the gold watch you already bought to someone else. Those are two very different things.

Anytime a stock is removed from a brokerage, or delisted, you'll still have the shares. And you can still sell them to anyone who wants to buy from you.

With that out of the way:

Brokers suddenly stop the offering of a stock all the fucking time. They aren't legally required to offer every stock on earth at all times, and if they think they are gonna get fucked by selling a stock, they'll stop.

In fact, the only SEC rule at play here is that, as a broker, Robinhood is legally obliged to do everything in their power to not go out of business and be unable to pay their debts to their customers/clearing houses. So, in reality, it was specifically due to the law that they panicked and froze GME.

If you think this is the first time a broker has ever removed or restricted a stock, you're just wrong.",1613174374,gn499ih,True,t3_line54,t1_gn46wmd,15
HearshotKDS,PLease tell me you actually made money on GME?,1613174370,gn4997g,False,t3_li5sts,t1_gn1uewh,1
Odins_mace,Am I dumb as fuck for buying a 2.5 put for GME for .10? Or is the dumbass who bought it from me for .35?,1613174338,gn49716,False,t3_likmpp,t3_likmpp,7
dualcyclone,"This is the breast post I've read about GME for days.

Boobs",1613174313,gn495b5,False,t3_lil9ku,t3_lil9ku,6
MulhollandMaster121,"Oh yess, my remind me bot notifications are now starting to come in on GME cult threads from last week.",1613174264,gn491yr,False,t3_likmpp,t3_likmpp,1
km4rbp,"I want to remind you that DFV YOLO'ed into GME with mostly call options. I might be 100 percent wrong, but I don't think we will ever see GME do anything like we did last month. I wouldn't feel comfortable YOLOing into something that I feel has already been squeezed. But still... ....good luck. You're young and I don't want you to make the mistake of just following the crowd, especially with so much money. If it was just a couple grand i wouldn't say shit, but that's a decent chunk of change.

If i'm wrong don't downvote me to hell, educate me as to why you think it's a good investment. Im willing to change my mind with the right information.",1613174256,gn491gu,False,t3_lig69q,t3_lig69q,4
jimbofbx,"GME should just make their own dating app, based on what I'm seeing here.",1613174235,gn4900x,False,t3_lig3lx,t3_lig3lx,2
mrASSMAN,Psst.. some hedge funds are long on GME too,1613174229,gn48znr,False,t3_lig69q,t1_gn3iqx1,43
Optimistic_Twig,What if I told you I bought GME at $19 and didn't cash out at any point.,1613174227,gn48zjj,False,t3_lil9ku,t1_gn3xp2u,19
KAT-PWR,Imagine how many GME-Tards start dumping the last bit of their rent money in any time they see it go up a few percent thinking “this is it”. Only to get dunked on again.,1613174205,gn48y2h,False,t3_lio475,t1_gn48anu,1
SylviaTrilling,"Me too. Due to the waiting period for my new account, I missed the GME boat, but I just bought some TLRY and CRSR. I dig this sub.",1613174181,gn48weg,False,t3_li8ul6,t1_gn3kalj,2
InTheMoneyAlex,"It’s free money going forward regardless. Been holding APHA since 2018 and nothings changed expect the amount of shares and gains I have. If you like gambling on GME and the likes, go for it. But Tilray + APHA is worth much more than 30, 40 or even 60. Y’all just want it to happen in an instant so that’s why it’s not attractive to you. Whatever.",1613174150,gn48uca,False,t3_li8ul6,t1_gn4799d,8
AmericanHerstoryX,man shut the fuck up about GME,1613174132,gn48t2z,False,t3_likmpp,t1_gn48pkj,4
Albatross104,"Never buy wsb stocks, you will almost always lose money. Amc, bb, nok, these; Gme was the exception not the rule.",1613174113,gn48rug,False,t3_li128e,t3_li128e,1
Uberkikz11,"GME Shorts Strike Back - Uberkikz11/Rod Alzmann Twitter Hacked

Autists, apes, and all others. Please be advised my Twitter account (@RodAlzmann) was hacked on Saturday. I am waiting on Twitter to get things under control after notifying them 48+ hours ago. The hackers are trying to DM people as of this morning and have deleted all my tweets. DO NOT ENGAGE THEM.

I am writing to share this information and also raise the point that if all has resolved itself regarding the GameStop situation, why would they seek to silence my voice? All tweets were deleted, but let me re-post key GameStop content below. I encourage you to incorporate my perspectives & the DD we've compiled at [GMEdd.com](https://GMEdd.com) as part of your due diligence (DD) process.

GameStop podcasts:

12/14 recording, Modern Guilt: [https://www.modernguilt.net/podcast/next-stop-gamestop-moon-base](https://www.modernguilt.net/podcast/next-stop-gamestop-moon-base)

1/28 recording, Odd Lots: [https://www.bloomberg.com/news/audio/2021-01-29/how-to-make-the-score-of-a-lifetime-on-gamestop-podcast](https://www.bloomberg.com/news/audio/2021-01-29/how-to-make-the-score-of-a-lifetime-on-gamestop-podcast)

GameStop TV interview: 

[https://twitter.com/BloombergTV/status/1355311816491085829](https://twitter.com/BloombergTV/status/1355311816491085829)

[GMEdd.com](https://GMEdd.com) has all of these links and some more, as well as all open source information available for you to construct your own model for valuing GameStop. I just wanted to be sure everyone knew I was still watching closely and someone decided to silence my mouthpiece on Twitter. 

\-Rod",1613174092,gn48qeh,True,t3_lfgi14,t1_gn1q8xk,17
HonoraryFootStool,If the next short interest report is still solid for GME I'm gonna load tf back up on shares. Just in time for tax returns too.,1613174080,gn48pkj,False,t3_likmpp,t3_likmpp,4
conan3,but by buying even more gme you play into their hands which means in this scenario you even go back to your rapist asking for more. nobody is saying this was ok. i suspect some laws have been broken but whining in this sub is NOT going to change anything. go the proper way your country provides and file whatever shit you want. wish you all the best. just stop whining.,1613174073,gn48p0p,False,t3_line54,t1_gn47tms,1
DoggyCisco,"Yes or AMC, like it happened. AMC had the less market cap than this one, when I bought it in december (at 2$) believing in a turn arround. Then GME happend and dragged AMC and I sold at 15$. But that one was higly speculative and in this one I actually believe. I wans't trying to be manipulative I was trying to get attention  to get people to discuss with me because I did my DD alone. But thank you for your time. When this one hits 1B, maybe I'll post this here then. Maybe not, people here are angry",1613174033,gn48mc6,False,t3_linftj,t1_gn47shh,1
MisClickPro,"What is fucking funny is some hedgy or a smart retail trader is what sold you that 10k call LOL I sold calls in AMC, but didn't have the balls to do it in GME.",1613174026,gn48ltr,False,t3_lijfbx,t3_lijfbx,3
bgj556,This is probably the most accurate vid to explain the whole $GME situation I've ever seen.,1613173985,gn48j3l,False,t3_lic7xr,t3_lic7xr,5
Capraos,"Trying to find a way to get porn art made of GME and WallStreetBets. The hedgies will never see it coming. You all can cash in on the inevitable bump of people then walk out of Tuesday clenching fistfuls of money.

Edit: And Weedstock.",1613173973,gn48ib7,False,t3_likmpp,t3_likmpp,2
tossserouttt3483726,"Short it harder than melvin capital did gme

30B valuation sure it’s worth half of sony?",1613173967,gn48huw,False,t3_lio5fh,t3_lio5fh,40
dreamedaxis,"What if I made 40k from bb and gme calls but lost it all going back in? And they’re wash sales, I’m definitely fucked right",1613173961,gn48hgl,False,t3_linn1y,t3_linn1y,1
schalice,"No it was not a great play and GME is over.

&#x200B;

Delusional much?",1613173959,gn48hdd,False,t3_lid5uz,t3_lid5uz,-4
Effective-Estimate92,This sub and GME have made me a lot of money for a man with mental illness!,1613173935,gn48fqf,True,t3_lio3yz,t1_gn48cdr,1847
Jamooser,"You had me at ""it was a great play before 28/1 even at 300.""

You lost me at "" Never forget that GME is not over.""

To be clear, I bought at $300+. I also sold at $300+, because fuck that, I wasn't chasing this thing to the bottom. It became pretty clear after certain US and European brokerages limited their trading that the regular Joe Trader was going to get fucked. This sub's manifest destiny is the tale of pump and dumps. A perpetual ""Diamond Hands"" echo chamber. It's just been exacerbated to a greater magnitude than before.  


Never forget, most DD that hits the top page has already been wrung dry.",1613173910,gn48e0z,False,t3_lid5uz,t3_lid5uz,1
ConfundledBundle,"Well, like a bunch of other apes here, I opened up a robinhood account just before the GME thing, so I was subbed to the subreddit",1613173907,gn48dt6,False,t3_likmpp,t1_gn484zx,1
minin71,"Buying gme for anything longer than short term was retarded bro, also gme is over you baby",1613173903,gn48di7,False,t3_lid5uz,t3_lid5uz,-7
jbro12345,I bought GME at 19 dollars 🤣🤣,1613173901,gn48ddx,True,t3_lih2mv,t1_gn47hbe,3
guessesurjobforfood,"Is that what happens in these families?

*Fuck you dad, you wanna take away my BMW?! I’m buying 5,000 shares of GME, good luck with your short sell you piece of shit!*",1613173805,gn486xm,False,t3_lig69q,t1_gn34x7q,1929
[deleted],I’m just Fuking with ya but the fact that you even wrote gme and cathie in the same sentence should be bannable offense,1613173777,gn4851v,False,t3_likmpp,t1_gn47t0r,0
branzzin,"I am pretty sure there are a few chapters left to be written in the GME book, so I'm making sure I'm loaded with shares for when the time comes. 

Remember: Patience is bitter, but its fruit is sweet.",1613173765,gn4845s,False,t3_likmpp,t3_likmpp,6
NeverlandRealized,"Glad you won. Well played to you, and others that made money.

I don't think you comprehend how many more people got fucked than made profits though. 

Full disclosure, I sat GME out start to finish.",1613173747,gn482zf,False,t3_lieb7j,t1_gn3xah3,4
make_more_1013,How much did/have/will you make from GME? This is actually really cool!,1613173745,gn482tt,False,t3_lio3yz,t3_lio3yz,427
WIbigdog,"WSB wasn't at 5m when it started, to address your earlier edit, I responded too fast to see it.  Regardless they're not all on RH.  I'm also definitely convinced there were plenty of bots pushing other stocks to take pressure off GME so idk to what level I can trust the user count.  But yeah, anyways I was only saying RH's user base couldn't do that much but WSB as a whole potentially and probably.

Anyways I am genuinely happy for you that you made some off of this, mind the taxes.  Hope you have a good weekend.",1613173740,gn482j7,False,t3_lid5uz,t1_gn470xj,1
Manarus,I sold my GME stocks @ $420.69 and woke up from my dreams hyped the fuck up 😂 I'll go back to my dreams... don't wake me up fam,1613173725,gn481h0,False,t3_likmpp,t3_likmpp,8
Romana_Is_Alive,"That’s not gambling. That’s throwing money away. A gamble implies there’s a chance you’ll win. GME is fucking done. It’s a sure loss. But like I said keep buying, show those hedge funds who’s boss and all that other nonsense. Enjoy",1613173707,gn4807p,False,t3_likmpp,t1_gn47lke,2
bicameral_mind,The sudden hate boner for hedge funds in the wake of GME has the be one of the weirdest most delusional hot takes I've seen from reddit in some time.,1613173705,gn48044,False,t3_likmpp,t3_likmpp,10
Capraos,"Hey, Mr. Moneybags. Comission hentai/yaoi of GME and WSB, throw in weed stock, walk out of Tuesday a king.",1613173666,gn47xh9,False,t3_lig69q,t3_lig69q,2
hawkster1961,I am not sure what you are referring to.  200% of GME outstanding shares are booked as long positions?   That would be a huge problem,1613173636,gn47vfx,False,t3_lid5uz,t1_gn47fq7,1
EJ3CTO_SEATO_CUZ,Just bought more $Gme GC’s,1613173593,gn47sjl,False,t3_line54,t3_line54,0
Rrrrandle,I think the idea is the smaller market caps with low volume are susceptible to pump and dumps so they just don't bother.  Imagine if something like the GME mess hit a stock like this.,1613173592,gn47shh,False,t3_linftj,t1_gn47e5z,2
JerryMcGuireBoy,"I get that most people may think the squeeze is over, but why don't more people see GME as a good long-term investment right now?

$50 per share seems to be a pretty stable floor right now.  I don't understand why so many people are anti-GME when you're basically buying in at the floor right now with long-term upside squeeze or no squeeze.

I genuinely believe the GameStop of the future will look entirely different from the GameStop that we know today.",1613173567,gn47qrs,False,t3_likmpp,t3_likmpp,1
Slinkusmalinkus,">Absolutely man - 
>
>I care about the blip to the extent that I don't like market manipulation; and I certainly don't like inadvertently walking into one.  

That's rough. I imagine it must have been pretty stressful to see what you thought was going to be a steady gainer go crazy like that.

>My post, clear to most, was in jest, but at the heart of it, some truth, like most jokes:  this sub is manipulating markets, and about 80% of the people here don't realize what's going on. 

I missed the joke. Isolation has dulled my social intuition.

I totally agree though. Not only is this forum being monitored by financial and media institutions. The post/comment patterns are consistent with my knowledge of political and commercial disinformation strategy. I think if we only saw an influx of new users, without the influx of malicious disinfo actors, this sub would have been far less substantially altered.

>I'm an old fuck.  47.  I've seen this all before.  I've seen the tech bubble, when I was in my 20s and we were throwing darts at a board to pick socks and making 50% in a week.  I WAS the WSB ape crowd, 20 years ago.
>
>All the douchey lingo? Stonks, apes, retards, tendies. 
>
>These guys sound like fucking idiots to me.  I've been reading the sub for 2 years.  The guys who invented these terms are hilarious, and were 10x smarter than me, but had discipline issues.  I never followed their advice, or moves, but I enjoyed the sub. 

Yea, I definitely see the parallels between how my finance buddies speak and the development of the lingo here, though I am inclined to believe that the speed of propogation is in part inorganic.

>But this new group?  These kids who throw $300 at GME and are now bandying about terms like stonks and apes, and coming here all butt-hurt because of my post?

I hope you aren't under the impression that I was upset with your post. Seeing as you are more long term oriented, I was merely hoping to acquire further insight into your experience.

>They don't know butt hurt. 
>
>They are going to get ass-raped.  I mean, seriously ass-raped.
>
>Right now they are joking about their loss porn.
>
>They don't know what a loss snuff film looks like. 
>
>They will, when this bull market ends. 
>
>I honestly cannot wait to see the WSB crowd in an extended bear market.

I can't share your sentiment regarding looking forward to conditions wherein excited and naive people suffer. Especially not considering that these people are being actively targeted with crafted disinformation (on top of the existing organic misinformation).",1613173557,gn47q3p,False,t3_liccsf,t1_gn3b4wh,2
chroniclesofhernia,"I hate the comparison, but the VW sqeeze was at 15% SI. The real catalyst was non-availability of shares - something we are definitely seeing with GME if you have a look at the bid/ask, or even todays volume.   


SI will not be the deciding factor in a squeeze situation.   


Also 3 green days in a row now, so we will see what tuesday brings.",1613173540,gn47oyr,False,t3_lid5uz,t1_gn46f50,1
afuiowa2014,"The reason I never bought into GME in the first place as it was being hyped on this sub was because I thought the whole ""It's gonna be the Amazon of Gaming!!!!"" stuff was idiotic.

The short squeeze stuff was legit, though.",1613173500,gn47m7s,False,t3_linzxi,t3_linzxi,2
conan3,they can literally do what they want. they can stop you from buying any share they want any time. they can liquidate whatever they like and even if they do something illegal you will not if it goes to court. you can be as angry as you want but that will not change the fact that in the end the system is unfair. you decide if you want to play or not. calling someone a sheep after he just told you straight up facts is exactly the behaviour i would expect from someone shoutin 'unfair' after the gme debacle. you really need to grow up.,1613173499,gn47m4m,False,t3_line54,t1_gn45so9,1
daytrader987654321,Spotted the new salty member who lost on GME and is full of hate. You should get banned.,1613173465,gn47juv,False,t3_likmpp,t1_gn47gey,5
theloniousmccoy,So you didn't buy GME low and sell high? Now I feel extra retarded. I need to learn what option are.,1613173430,gn47hbe,False,t3_lih2mv,t3_lih2mv,1
capital_bj,"Hopefully people in your financial class still have enough left to retain the best lawyers and file lawsuits asap.  

I felt for the first time in my life that I was losing a grip on reality. Seriously, I had 20k profit l, was erased almost entirely on GME. Then I did it again in the weed stocks. Was up 8k checked it pre market missed the peak figured I would sell shortly after the 10am dip. 

 Can't sleep no appetite couldn't stop checking it every 5 min. Sick to my stomach last two days. Almost to chain smoking levels.  I just wanted to make 10k to get my kid a car. Yes I am new yes I made mistakes (no stop limits or trailing stops) but I don't think this should be the way a free market in a Democracy should operate going forward. 

Its unfortunate we are currently consumed with impeachment because I feel every day the will of the people to make changes is weakening.

 no collusion between rh, sec, dtcc, and hedge funds come on already the curtain has been lifted",1613173412,gn47g1a,False,t3_lid5uz,t1_gn2pc1w,-3
WorkingtoLoseItAll,"For the GME ""Team"" I have a question. When the SI was over 100% it made sense that the HFs would be the bagholders.

Now with SI under 100(too lazy to actually look at what it is) doesn't that mean some(alot) of you will still be bag holders even if it does squeeze?",1613173351,gn47bt8,False,t3_likmpp,t3_likmpp,5
LordInvestorston,"I'm 38 years old and I just shorted another 5400 shares of GME.

Twinners!",1613173321,gn479pr,False,t3_lig69q,t3_lig69q,1
Capraos,"I guarantee if you make hentai/yaoi of GME and WSB it'll sell some sticks. Especially if you make three girls: Weed stock, GME, and whatever else is poppin. I invoke Rule 34 and 35.",1613173297,gn4783v,False,t3_lid5uz,t3_lid5uz,1
Please_send_plants,"The only gme bulls were the ones that pulled out, made bank, and left the cucks to hold on to some fantasy",1613173263,gn475sk,False,t3_lieb7j,t1_gn37d34,-4
LovableContrarian,"> I should have anticipated multiple brokers working in collusion and sold. 

So as I said in my OP, I don't think that's what happened. So no. Should you have anticipated a shitty broker like robinhood having liquidity issues when every one of fucking customer piles into a single stock? I dunno, maybe. I wasn't trading GME, so I didn't really think about it. But perhaps you should have.

> Guess that has happened to you before and you saw this coming.


Did I specifically see a broker halt coming? No. But I knew that ""WSB declares war on hedge funds"" headlines with euphoria leading every other fucking retail trader to pile into a stock wasn't gonna end well. So my solution was to *not play GME.* Didn't buy or sell a single share. If I had, I would've done so with the understanding that it was a complete gamble, and there were no rules. And I would've taken profits when they were there.

But I don't really fucking know what your point is tbh, because nowhere in my post did I claim to have played GME and played it perfectly. My point is that you can't enter a market where big money controls everything, then claim you got robbed when big money controls something. If they even did, in this case.",1613173231,gn473j4,True,t3_line54,t1_gn46j56,4
neothedreamer,">EnderSword

Love the conversation. GME is heading back up $50 is a strong support now. Higher lows each day and consolidation of the stock. We will be back to $75 to 100 by Earnings if they show a profit and have any kind of decent P/E.",1613173222,gn472z8,False,t3_lhvzuq,t1_gn2cjya,1
Jupitair,"if my gme ever turns a profit i'll do the same, 4@230",1613173219,gn472s4,False,t3_lid5uz,t1_gn2mtqn,1
IShouldJoinReddit,"MVIS isn't a meme and it's insulting to the groundbreaking tech to even suggest it's in the same category as that crap stock GME. Sitting at $.20 back in May or whatever, I watched this thing gradually move up and make small move after small move until its two big ones. The TA even suggested this big week was imminent. Honestly, the pumpers fucked up the momentum last week or this movement likely have happened then.",1613173161,gn46ysp,False,t3_liej6i,t1_gn44kg0,8
Cal4mity,"Ah

I've made about 45k since selling my gme 

Idk if I'm lucky or have a good system",1613173133,gn46ww8,False,t3_lih2mv,t1_gn46ipd,1
Masternewworldorder,"Lol you wrote a whole Dd on me,  you must be down on your puts. Either way since you mentioned me, I’ll reply to your shitpost. 

1.) Kid how do I say this, If you don’t like the stock simply DON’T buy??? Nobody’s forcing you into this stock you cuck. I clearly say do your OWN research there’s always risks, I don’t know if your stupid enough to throws your life saving off one Reddit post. SNDL is a high risk high reward play, nobody cares about your FUD.

2.) Why are you spreading misinformation and lies. If your gonna refer to my posts or my points at least quote them right. Disgusting kid trying to manipulate shit to fit his FUD.
  - You say I am pumping & dumping the stock, since you stalked my profile you should know that I’ve been saying since the beginning $SNDL is a long term hold with long term potential to $5-$10. What pump and dump u useless fuck??? I am up 220% and I am still holding.

  3.) “He even mentions GME, calling SNDL the next SNDL” first of all wtf does that even mean you retard, and second; you’re a damn liar I never once mentioned GME in any post or comment?? Or anything about sndl Mooning. Like Kid stop lying I am not gonna spit any bullshit about SNDL going to $100 Nd mooning, I gave a realistic long term goal of $5-$10; which is possible in the long run. 

  4.) “I don’t know how these numbers can turn 20mill cash to 600mill cash” just because you don’t understand or “believe” doesn’t mean anything. Nobody cares that you don’t “believe”, that’s the number that has been stated.

   - [Motley fool: $SNDL $610mill cash + debt free. Plus article talks about how SNDL has future potential and can make a turnaround play](https://www.fool.com/investing/2021/02/12/is-sundial-growers-stock-a-buy/)

   - [Yahoo finance: $SNDL went from 20mill to 600mill cash through Issuing new shares.](https://ca.finance.yahoo.com/news/once-down-weeds-cash-strapped-174412731.html) Yes issuing new shares carry’s a risk of diluting shareholders. But given their previous financial position; that was the best thing they could’ve done, through this they raised 600mill cash which they can REINVEST back into the business for new/improved products, possible mergers/acquisitions, buying out a competitor, or simply expanding their growth. All these things which $SNDL has talked about multiple acquisitions, mergers and overall expanding the company all this is very possible now. Like I said it’s a high risk, high reward play and everyone in it knows that....",1613173127,gn46whg,False,t3_liiuko,t3_liiuko,4
SgtBooo,"Haha no worries. Yea this post was geared towards people who made ALOT off the stocks and probably make a decent amount at your day job. Let’s say you make $90,000 in taxable income from your day job and then you made $100,000 in profit from GME and then you have no deductions or tricky tax loop holes. You have to pay taxes on $190,000 for that year and that’s a certain bracket. 

BUT If you held the asset for 12 months and made $100,000 in profit, then you would pay 15% on 100,000 and then whatever bracket it is for the 90,000 you made from your day job",1613173116,gn46vr6,True,t3_linn1y,t1_gn46i66,2
Weesy02,Im only holding gme so i can see people melt when the squeeze really happens.,1613173108,gn46v5j,False,t3_likajv,t3_likajv,90
pinwinstar,"GME is like a penis, sometimes it's up, sometimes it's down. Just hope it doesn't fuck me in the ass at this moment.",1613173097,gn46uei,False,t3_lig69q,t3_lig69q,1
Dishonoredv2,"Nothing will make GME go higher unless a new catalyst , or a new hype occurs to cause momentum. Even if they didn't cover all of their shorts, the short interest is really low right now, they can bare it.
Plus, new positions of shorts are really higher than before. They will try to exhaust retail's patience if the squeeze is still possible.

I don't know what i am saying. I once watched the 'Big Short' accidentally while eating my crayola bananas cerial. All i wanted to watch was 'midget porn'",1613172996,gn46nj8,False,t3_limba0,t3_limba0,12
xmsxms,"Stop trying to make $GME happen, it's not going to happen.",1613172975,gn46m39,False,t3_lic7xr,t1_gn28wzy,0
questionname,"I kind of had same fortune as you, got 1.2M out of GME, but can’t tell anybody about it for fear of losing friends or making things weird. Best trade of my life and I can’t tell anyone about it.",1613172971,gn46lsz,False,t3_lih2mv,t1_gn37spz,6
Marcusnovus,Find that sucker willing to pay $300 for GME and I'll sell it to them.you get commission,1613172910,gn46hpm,False,t3_line54,t1_gn45qmw,-1
anonchurner,My all-in short GME puts heartily support this message.,1613172892,gn46gfm,False,t3_likmpp,t1_gn3nug8,-11
BoondockBilly,Bought more GME and AMC this morning,1613172861,gn46ebz,False,t3_lieb7j,t3_lieb7j,-1
QuietDrives87,all i know is GME shares are still flagged as hard to borrow on ameritrade,1613172850,gn46dlq,False,t3_lihba6,t3_lihba6,1
ajd5713,GME is still shorted more than your micro pene,1613172824,gn46bxh,False,t3_likmpp,t1_gn45krx,-2
mfiirk,"Do not buy meme stocks. Like... ever. Wsb is for entertainment purposes only. 

You want a blindingly easy strategy? Only trade earnings. Happens four times a year for about a month. Find a well known stock, watch earnings. If it rockets the next day, buy the dip. There’s always a point the day after earnings where the whales take their 8% profit. Buy that dip. Hold a few days. Sell. Rinse, repeat. And stay out of the market between earnings dates. 

Twitter this week is a prime example. It was just below $60. Earnings came and it hit $68 the next day and dipped back to $64. Now its $70. You’d have made around 10% buying that dip and holding it for a day or two. 

Do not take my word for it. Find good stocks that YOU like and line up their charts with past earnings dates and see past performance. Do not buy before earnings. AAPL killed earnings this year and dropped 5% the next day. I lost my ass and I still don’t know why, but I blame GME. Wait for the rip. Wait for the sell off. Then pounce. 

Good luck.",1613172804,gn46al9,False,t3_lihixw,t1_gn442mt,1
ieatpies,"Because ""buy GME to fuck over all hedge funds"" is a fairly uninformed take. Unless you disliked spefic ones like Melvin but didn't mind others like Blackrock. Or wanted to send a message about over aggressive shorting in particular.",1613172743,gn466hm,False,t3_lid5uz,t1_gn40fsy,7
DaveCC1964,GME is a real world $10.00 stonk all day.  Why are so many imbeciles still buying it?,1613172736,gn465yx,False,t3_lig69q,t3_lig69q,1
DJLowKey,"yeah, you're probably right. your post history is about soccer and a desperation for GME to pop again... I should count on you to get edumecated",1613172724,gn46577,False,t3_lidfua,t1_gn3yt6e,-2
[deleted],I guess they forgot to remove all of the gme posts on the front page.,1613172723,gn46553,False,t3_likmpp,t1_gn44n4u,1
plomii,"Right now if you open Robinhood, and open TD app you still see two different prices for GME noticed today when I did a buy order how off it is",1613172704,gn463sl,False,t3_likmpp,t3_likmpp,3
cptphoto,Woulda been up 30k if I’d have sold GME when I should have,1613172704,gn463te,False,t3_likmpp,t1_gn4465b,1
Cal4mity,"You going to live off trading?

I made 800k off gme and just put in my notice 

Planning on trading for a living",1613172679,gn4621p,False,t3_lih2mv,t1_gn38qmq,1
krush0910,"Never wrote anything about Hilary and children. You fabricated that entirely. 
Yeah, masks are bullshit. It's funny how everyone here saw the media lie about GME in real time yet they trust everything else they say about other stuff?  Wont ever understand that. 
Yes, billionaires manipute and control the tales. Don't people see that Moderna and Pfizer and JandJ are all publicly traded companies? And you don't question the intentions behind that?
Masks are psychological anchors to aide in the shift. Yes. People stand to make massive amounts of wealth with the narratives being told to us. That's how the world works. It will never change.",1613172638,gn45zbh,True,t3_liejpe,t1_gn3prv4,1
Assaultman67,Now i wanna short $GME just to cost this kid money.,1613172623,gn45yc7,False,t3_lig69q,t3_lig69q,1
Harambe-2036,"HEDGE FUND BOT DETECTED🚨🚨

YOU HAVE BEEN SAVED BY A GAMER😎🎮

GME TO THE MOON🚀🌕

DIAMOND HANDS💎👌🏻",1613172607,gn45x9k,False,t3_lijzp5,t1_gn3ob2o,11
Hipz,HUR DUR GME BAD AMIRITE,1613172586,gn45vu2,False,t3_likmpp,t1_gn44a0p,0
RsB74,Gme,1613172575,gn45v4p,False,t3_linaqn,t3_linaqn,-11
Alldogsgotoheaven07,What isn’t fair is to all of a sudden put a cap on how many shares you can buy with your own money. That was never in the rules. On top of that they decide to implement this the night GME hits its peak?! Believe what you want 🐑,1613172539,gn45so9,False,t3_line54,t3_line54,49
fuk_normies,"Went all in on BB calls and stock, had posts and DD about it with the gains, but I got paranoid with the whole SEC scouring Reddit fiasco after GME and deleted them all. Didn’t sell the peak, but high enough that it’s been life changing, for me anyways",1613172538,gn45skr,False,t3_lijzp5,t1_gn3zck9,10
Ykana1,"I hate GME, but imagine if Cathie Woods bought GME in ARK. It would moon so damn hard.",1613172516,gn45r3u,False,t3_likmpp,t3_likmpp,4
mrchipslewis,I take it you don't believe in gme,1613172504,gn45qae,False,t3_lieb7j,t1_gn43ipd,3
zfighters231,Yup that’s what’s helped me be a good trader. Follow in what smart money will do. Premarket when rh blocked gme buying i sold it at a good profit knowing its over. Ppl who didn’t well guh,1613172476,gn45oaa,False,t3_line54,t3_line54,3
wrek,"I can't read. I saw 💎✋. I'm buying more $GME doing a thing I saw someone call ""averaging down"". I think. He was autistic.
I love this stock.",1613172420,gn45kij,False,t3_limba0,t3_limba0,16
PostModernChasm,I bought a game from GME today. Pump those revenues AND DIVERSIFY,1613172397,gn45ivx,False,t3_lil9ku,t3_lil9ku,2
SucksToYourAssmar3,"Hey, my brush with WSB has taught me some important things.

1. I am not risk tolerant. I have moved almost everything but GME (because what is the fucking point of selling?) into ETFs centred around ""social responsibility.""
2. When you tell people you're a ""social responsibility investor,"" they give you a knowing nod. They don't need to know it's like $300 and you'd step on your grandmother's throat for a good, honest, meme stonk at an identifiable ground floor.
3. If you REALLY want fun risk with almost no cash outlay, invest in the other thing we're not allowed to talk about it. The run-up of a canine flavoured variety entirely paid for my GME debacle.",1613172396,gn45iuq,False,t3_lijjqj,t3_lijjqj,1
Ok-Bike2269,20 @19.50$ and holding. Fuck it i got nothing to lose but my dignity. But I lost that with gme.,1613172381,gn45hs3,False,t3_liixji,t3_liixji,7
marsinfurs,"GME's short squeeze was completely precedented - there had been DD going back at least 2 years on WSB.. maybe unprecendented for you and millions of other people, but if you had been lurking / on this sub for a while you heard about the squeeze.",1613172356,gn45g2c,False,t3_lid5uz,t1_gn2yqyt,2
cheenpo,"So we are justifying illegal shit. Cool cool. Free markets. Cool cool.

GME gang until it gets back to a $300 baseline and I can drop my bags",1613172354,gn45fw8,False,t3_line54,t3_line54,125
Capraos,Can someone make yaoi of WSB and it's relationship to GME? I guarantee you that will boost the stock ×2.,1613172352,gn45fr1,False,t3_lid5uz,t3_lid5uz,2
InsidiousExpert,"Find a company with a plan.  Find one with a successful CEO.  

If it were easy everyone would be doing it.  It requires effort and work.  Patience too.

All these people who jumped into to buy GME at $400 or whatever did NO WORK and just expected to make boatloads of cash.  They said they would hold forever, but as soon as the price started plummeting, they sold and complained.

“Fuck this sub, they are ruining lives!  Where’s my money!?  I was supposed to get thousands of dollars in a few days!”

They expect to cash in without doing a single fucking thing.  They have no work ethic, no patience, no accountability, and expect everything to be handed to them instantly.

Then they sit there and demonize the people who saved money and didn’t blow it on frivolous garbage, did the work, made investments, waited for them to mature, and walked away with massive gains.  

They believe that anyone with wealth can just sit back and collect more wealth without doing anything.",1613172350,gn45fnm,False,t3_li36lu,t1_gn0wjcg,1
jyohnyb,I'm still yoloing into bad calls but it's hard to find any quality plays in this thread anymore.  Stocks are boring and gme was a once in a lifetime thing,1613172289,gn45bcm,False,t3_likmpp,t1_gn455gj,1
[deleted],"There are class action lawsuits happening against Robinhood. It's a long shot, but could you imagine if Robinhood was found guilty and everyone started buying GME again?",1613172242,gn4582p,False,t3_lid5uz,t3_lid5uz,1
indignantbadger,Is this already a meme for everyone trying to buy GME from Robinhood? Because it should be.,1613260791,gnbkl1k,False,t3_lj6seq,t1_gnaoz4u,3
BladedD,"They have a partnership with Microsoft where they get a percentage of every digital sale on Microsoft’s platform (Xbox and PC). That includes full games, add-ons, in game currency, loot boxes, DLC, aesthetic items, etc. 

They more than likely want to strike a similar deal with Sony. 

Ryan Cohen also said he wanted to make a platform for digital game trade-ins. Possibly a Steam competitor 

There’s a lot of other things Ryan Cohen has said as well, like PC building kiosk, getting into e-sports (ad revenue), transforming stores to be more like gamer hangouts, etc.

Personally, I have a PS5 as well, and Demon’s Souls is the only digital game I have. God Fall, AC:Valhalla, COD Cold War, and Miles Morales I bought physical. Also grabbed physical copies Ghost of Tsushima, TLOU2, and a few other older games just to play on the PS5. (I’ve had a PS4 pro for years but wanted the PS5 upgrades to experience these PS4 games)

Should also note, I absolutely hated GameStop. Swore I’d never shop there again. But I got the PS5 charging station and Pulse 3D headset from GameStop online since everyone else was sold out. Before all the GME hype",1613260785,gnbkkkk,False,t3_ljak7l,t1_gnbjyiq,0
KarmaChameleon89,I can’t see gme :(,1613260724,gnbkfds,False,t3_lj0slc,t3_lj0slc,0
DarkStar668,"Haha nice try shillio. Obviously multi-billion dollar hedges desperately need my 1.3 shares of GME. What other explanation could there be?

Just kidding. I feel like the people who need this post are far beyond your reach OP",1613260705,gnbkdsi,False,t3_ljcjdf,t3_ljcjdf,39
Ackilles,"Could work out, but the number of people transferring off right now is obscene.  They could be in serious legal trouble too.  They reversed a sale of 7 mill worth of GME at 300+ on one of my friend's account several days later, after he initiated an ACATs.  This happened to a lot of people - wouldn't shock me if they go under just from the lawsuits",1613260564,gnbjys5,False,t3_likmpp,t1_gnbhx5m,1
InfuriatingComma,I'm honestly hating that the sub is being used to manipulate people about GME now. It's getting rediculous.,1613260484,gnbjp5t,False,t3_likmpp,t3_likmpp,5
unichronic,"Retail, even WSB retail, never had the focused firepower to out game the HFs.  But it woke up the GME bull institutionals, long investors to see that they can hold shares and the fundamentals of the GME stock have legs with new leadership and turnaround story as the company's strategy pivots and modernizes.  They see that they can beat some of the shorts, and that there are gains to be had.  Greed vs. Greed, and retail is just surfing it.  Be smart about it, don't risk it all on unknowns, but if you really believe one way or another, welcome to the casino, red or black.",1613260470,gnbjnmd,False,t3_lj5op8,t3_lj5op8,11
itonlygoesup,GME became a pump and dump after the squeeze happened. The squeeze was legitimate,1613260431,gnbjjdc,False,t3_likmpp,t1_gnbjb9s,2
RAGE_CAKES,"Fine....I'll do this again and earn my downvotes

There are multiple factors why GME is not going to become what you think it will be. It wont be the ""next Target or Chewey"" and throwing up their the earnings is just a cheesy ass way to try to get people to believe in something that's not there. CHWY undercut the likes of petsmart in a market that pivoted to online sales over night. CHWY was perfectly primed for this. Where we stand, GME will not recreate that success.

GME is competing with giants such as Walmart and Best Buy, who honestly have much better access and supplies. When PS5 shortages are/were occuring, it was Walmart that was in the lead for restocking. The same goes for games, which Walmart and Best Buy often offer more enticing deals on new products.

Finally, and here's the most damning piece, the likes of Microsoft and Sony are cutting out the middle man more and more as they encourage players to buy games digitally via their gamestores rather than hard copies. These digital buys are going up and GME is getting cut out completely. 

>Digital e-commerce, streaming, and mobile is the future and Ryan fully acknowledges and embraces that future

I want to pick this apart for a moment because, honestly, I think Cohen is blowing smoke up all your asses. Consider all 3 of those areas in which Cohen hopes to take GME into. They're all saturated and have their major players. He hasnt revealed any innovative ideas, just a ""I think GME would do well if it tried this or that"". The ""e commerce"" idea frankly baffles me as they were already selling shit online before Cohen took over. Streaming....lol good luck. Well infact they've tried streaming before and it didnt work out. Now I can already hear you saying that everything Cohen turns to gold and to that I say: prove it. CHWY doesnt offer any form of streaming so I'm curious to know if he even knows what to do with streaming. Btw, Twitch is owned by Amazon (just found that out) so good luck fighting against that titan. Finally, mobile. Really....you retards are impressed that he wants to get into mobile gaming? This is a ABSOLUTELY saturated market. I dont think I need to expound on why this is an absolutely idiotic idea but if you believe GME will do something revolutionary here, please PM me your dealer's #.

As a bit of critique, I find it hysterical that now the hubbub is dying down, its returned to ""CoHeN iS a GoD"" by dredging this report up from November. It was Cohen, then DFV and now back to Cohen since your champion has sold on all of you  No, Cohen wont be able to polish this turd long run. 

.",1613260360,gnbjbhq,False,t3_lj5oyo,t3_lj5oyo,2
Glass-Consideration8,So it turns out that GME 1. Was just a glorified pump and dump and 2. In the process ruined the only good reddit sub..,1613260359,gnbjb9s,False,t3_likmpp,t3_likmpp,3
Renegade2592,"[cashed out a lot of GME here still up 3x even tho I'm down 170 from the peak.](https://i.imgur.com/wkWOhba.jpg)

Blew 22k on retarded weekly fds [a day later](https://i.imgur.com/EWAEiw0.jpg)

But I only ever made money on GME, not everyone whose bullish on the stock is a bagholder",1613260287,gnbj37a,False,t3_likmpp,t1_gnbhc0d,1
manofculture003,"Homeless man talking to himself near the store. As I pass, he asks me if his GME calls will print someday. I say yes, buddy. They sure will. He then proceeds to shit his pants in happiness",1613260256,gnbizj0,False,t3_likmpp,t3_likmpp,36
itonlygoesup,"Fundamentally, GME worth $20.",1613260160,gnbiorp,False,t3_likmpp,t1_gnbi7bm,4
RelevantBossBitch,Lol another BS fueled post to try and get ppl to sell their GME,1613260141,gnbimf3,False,t3_lj2iei,t3_lj2iei,1
JefBezosMistressesBF,You hear that guys? GME bottomed out 😂,1613260075,gnbidzl,False,t3_likmpp,t1_gnbi7bm,10
ascendant23,"Not exactly, they’re all holding GME and expecting a second squeeze real soon now",1613260035,gnbi8yx,False,t3_likmpp,t1_gnbgbmr,8
LasVegasWasFun,"So, if GME has bottomed out at $50+, has a short interest of 80%, and has low volume/high volatility - why exactly is it such a bad gamble at rn?",1613260020,gnbi7bm,False,t3_likmpp,t3_likmpp,-4
KingSkegnesss,"This is why the sub fucking sucks now. You got this retard here who came to wsb after GME went to 300 and bought in, and is now giving risk management advice in wsb. THIS IS WALLSTREETBETS NOT WALLSTREETINVESTING YOU CLOWN. LET THE PEOPLE DO WHATEVER THEY WANT. THIS IS THE SUB FOR THE RISKIEST TRADES. TAKE YOUR RISK AVERSE ASS OVER TO r/investing.",1613259910,gnbhug3,False,t3_ljbncm,t3_ljbncm,31
JLewiMui,Maybe client base was the wrong word.. But over 7 million people joined this sub to jump on the GME train. Millions of new investors and even more publicity. A lot of eyes on Gamestop and a lot of new inspiration and hope for th industry. An unprecedented amount in fact. Many people are consciously or subconsciously going to be supporting the brand,1613259829,gnbhkx6,False,t3_lj5oyo,t1_gnbdjxs,1
lotrmemescallsforaid,Not an ETF but I imagine people that still believe in GME are flat earthers.,1613259787,gnbhfwd,False,t3_likmpp,t1_gnbgbmr,1
zabi_01,"I’m net positive in GME so could walk away with a profit tomorrow.

But like DFU I like the stock. So really I’m a bag holder by choice, squeeze has not been squoze etc etc.

I don’t care if it’s a negative meme about GME but at least make it funny",1613259771,gnbhdyw,False,t3_lj7gce,t1_gnbgu6l,0
mattl1028,Gme about to go crazy bevy week,1613259705,gnbh5qi,False,t3_likmpp,t3_likmpp,6
CoronaGeneration,"I'm just saying dude, there's literally nothing GME can do in gaming that a larger, more profitable company isn't already doing. What GME could do is run a brick and mortar video game store. If they can't do that anymore they go out of business. You order your pc parts/consoles from amazon or other large retailers, you buy all your games online. Americans don't use Internet cafes because American gamers can afford their own pcs/ consoles usually. There's no place left for them.",1613259697,gnbh4ri,False,t3_lj5op8,t1_gnbgnsc,1
Krigssverd,"It’s unnecessary so long as you’re not giving financial advice, posting your DD and your estimates of the stock is not financial advice, posting that you think there will be another short squeeze is also not financial advice. Stock manipulation doesn’t really rely on financial advice though, spreading lies about a stock to get people to invest, your compensation is that you make money from the stock so to speak, though I shouldn’t call it compensation. Also you shouldn’t really be costing people money, a loss of more than $50k with misinformation because then people can sue you in an SEC court. Since these options were 100 shares when GME was $250-300, anyone being tricked into buying more than 1 option could sue you easily. Now I don’t care if that guy gets arrested, he deserves it, my worry is it makes WSB get a ton of negative press, which sucks, because the mods did delete it and the users heavily criticized it.

The financial advice and stock manipulation laws are easy to obey, don’t lie about stock, don’t make any guarantees just predictions, and inform people this is only your estimations. I’ll be honest other than the post I mentioned, I didn’t see anything else like that, but obviously I didn’t read every single post.",1613259672,gnbh1id,False,t3_lj8djx,t1_gnbfpvx,36
[deleted],"One thing you guys never seem to understand is, short squeezes are actually highly undesirable from the SEC's point of view because it can destabilize everything and send the market into a tailspin. So, there's all kinds of constraints and regulations in place, and RH's halt on stocks was one of them. They **had** to halt trading to stay within regulations. And the result was exactly what the SEC wants: the squeeze was over and GME returned to normal numbers.

You guys cry foul about market manipulation. What you really ran against were SEC failsafe measures.",1613259594,gnbgrhw,False,t3_lj6seq,t1_gnay9xt,2
Muphintopzbitches,"Your missing the point, my point is way way back when Amazon only sold books and dvds, not many people really thought it would get to where it is today.

GME is moving away from brick and mortar and pushing to online sales, and they have just had free worldwide advertising/marketing/brand building for the past month odd.

With a new members on the board who excel at this sort of thing, long story short, I like my chances :)",1613259411,gnbg5u5,False,t3_lj5oyo,t1_gnb11ez,3
leredditbugman,"It very well could, I’m not sure if anybody from gme is taking the stand but if they announce any of the proposed catalysts that force the squeeze while on the stand then it’s off to the races.",1613259387,gnbg2vi,False,t3_lj8djx,t1_gnaqlo5,178
Kai_Lidan,"As my understanding.

You are a very intelligent hedge fund. You short smelly GME at $10 because that bitch is going to sink.

Bad redditors drive your price up instead. Panic. Drama. But wait, you are not only intelligent. You are greedy. So you realize you can short GME again at $400! Let's assume you short the same amount of capital as you shorted the first time (and you magically find someone to borrow these shares from, since they were pretty hard to find at that point).

So now you have X shorts made at $10 that need to cover at $50. A 500% loss. Ouch. And Y shorts you made at $400 and need to cover at $50! 400% benefit! Clever boy!

But wait, numbers don't check out. 400% is less than 500%! You are in the red! And this is not accounting for the interest you owe for borrowing those shares! Ow, Melvin is going to slap your ass cheeks again...

But wait, people here that are conviced GME is dead will tell you that the squeeze already happened. You know what that means? You didn't actually close your $10 shorts at $50, you closed them much higher, all the way up to $500! This... doesn't seem profitable at all huh?",1613259362,gnbfzq7,False,t3_lj5op8,t1_gn9qmzp,2
Renegade2592,"Tripled my portfolio and still holding and divested as well, I was early cause I have vision

Oh and I bought gme on margin, cashed out, bought back in and rode to the top. 

RBH paid for their own destruction fuck you",1613259337,gnbfwqq,False,t3_likmpp,t1_gnbfp5x,1
RollofDuctTape,"I just wish you guys were honest. Say “I’m a GME bagholder who invested at $300. I’m begging you all to help me salvage my investment.” 

Less words.",1613259275,gnbfp5x,False,t3_likmpp,t1_gnbeuem,2
absolumzenith,"Yes, based on it’s pre-squeeze value this would be true, the value would increase. 

HOWEVER - GME is already artificially inflated to 10x the “fair value price”. 

So even if this meant the company is worth *TWICE* as much, it would still mean that it’s fair value would be $10 and nowhere near $50.",1613259260,gnbfng5,False,t3_lj5oyo,t3_lj5oyo,2
Clacimus,"I would be far too concerned that what you’ve been reading is written by people who’ve way over exposed themselves to risk and are incredibly desperate to make GME happen. Gotta remember that no one one stock subs I’m interested in YOUR gains, just their own. That’s why they promote, to help themselves",1613259240,gnbfl3p,False,t3_lj6seq,t1_gnbewv3,8
mcm_xci,"The gaming market has been expanding enormously in the past decade. There is big pieces of cake to still be taken. And yes, there is a lot of room for GME to go to strategically, as has been discussed on this sub (building custom PCs, gaming cafes, consoles, streaming, etc.). Cohen is already getting the right people on board.",1613259234,gnbfkf4,False,t3_lj5op8,t1_gnbek2z,2
anime-tiddyst,Jesus Christ some of these people seem like they never owned stock before. If it’s down just keep holding it. People buy and hold stocks for years. Why do y’all need the constant hype to validates your poor decision to buy in when the stock at $300. Average down and hold. If ya ain’t got no cash then just hold your bag. If you need that $ then just sell. Everyday is the same shit about GME,1613259156,gnbfaw7,False,t3_ljamdn,t3_ljamdn,1
CurveAhead69,"“We have reports stating that some of your followers are experiencing significant marital problems as a result of your bullish thesis on GME.   
How do you feel about that terrible situation mr. DFV?”",1613259140,gnbf8xw,False,t3_lj8djx,t1_gnb7qsn,30
angry-software-dev,"I've been trading GME since 2006.

The inevitable march to digital and online sales has killed profit margins of most non-clothing/soft physical retail, but none more quickly than software.

The death of the used resale market was their final blow.

They are akin to CD/tape shops... they simply cannot exist without a pivot, which they clearly admit, but this letter is a joke... ""get more sales away from Target and Amazon""?? ""Compete against Steam""?? ""Closing failing retail locations""?? Wow big brain time there I guess...

It's possible there is light at the end of this tunnel, but honestly for a big org like them it's likely a train. 

These execs will create bonus plans and take full advantage of the death throes to build their person brand and wealth, but we're looking at a Sears situation.

The name will have some small value, eventually be bought and attached to an online marketplace at some point, but there's no significant value to current shareholder.

They're done, they're not going to be Steam or Roblox. They're not capturing sales from Target, Amazon, or BB.


To the folks holding big losses: 

If your income is high then sell this before it becomes a long term capital gain, you can cut your income which will at least be worth ~30¢/$1 depending on state income taxes ... or if you have big profits to take elsewhere then hold and sell to offset those gains. 

Use the loss as strategically as possible.",1613259075,gnbf1gf,False,t3_lj5oyo,t3_lj5oyo,1
yoholife,I might have to sell right before the next earnings. Not sure how they could beat this Christmas one. Blew it away and still tanked thanks gme. Wsb,1613259052,gnbeypt,False,t3_likmpp,t1_gnbdlig,5
CoronaGeneration,"They short at 300 because that's the squeeze. Then they short all the way down too. 

In reality, it doesn't matter when you short, GME was always going to go down eventually. How do you think people here were gonna buy their tendies if they don't sell? You've been manipulated into holding the bag.",1613259046,gnbey3g,False,t3_lj5op8,t1_gnbe80u,2
ND_NB,"Here is a quote from finance train:
""The typical fee for a stock loan is 0.30% per annum. In case of short supply, when many investors are going short on a stock, the fee may go up to 20-30% per annum"".

You can interpret this to mean that at current levels the stock borrow rate is still 5 times higher than avg. add that to the fact that the borrow rate is also probably extremely low for the higher end shorts at the 200-450 range, then we can assume if anyone is still holding shorts in the 5-40 range those rates are even higher.

Nobody knows exactly what will happen in a market. Anyone who is certain of an outcome is the true fool. I get that the GME gang is obnoxious at times. I don't need to pile onto that. But one thing I very much dislike is hypocrites. Here you are saying you are so intelligent you know exactly what is going to happen. All while calling the other side deluded. So yea you piss me off. I have no idea whats gonna happen. But stocks have had short squeezes with much less. And stocks in similar situations have not short squeezed. Congrats you must be a billionaire with your high level of foresight and insider knowledge. Congrats on being an Anti-GMEer. I hope the mods make note of any absolute idiot who decided to comment positively or negatiovely about GME more than a thousand times over the course of this month. You are as bad or worse than people fueled by belief alone, because on top of it you're fucking hypocrite.",1613259028,gnbew2h,False,t3_lj5op8,t1_gnbc6jf,3
NOTDA1,"This also reminds me of how Trump supporters followed him to hell hole and Trump benefited of their stupidity. I bought the hype GME AS WELL and Robinhood shafted our path to victory. We should learn our fucking lesson and know when to walk away and keep our rooftops. GME, AMC 🚀
Edit: I knew downvotes were gonna follow up. Love you retards.",1613259003,gnbete0,False,t3_lj8djx,t1_gnadl3m,-47
BittersweetNostaIgia,Oof too close.  Kinda glad tbh this GME stuff has gotten pretty cringey now.  Just wish I had sold at $420 instead of waiting until $100 :(,1613258985,gnber4s,False,t3_ky5vsz,t1_gnbdo9d,2
trumpsplug,"These last 2 weeks have been the least active weeks for me in this sub. Every day i get on here and see ""tHiS iS wHy GmE iS gOiNg BaCk Up 100% fOr SuRe ThIs WeEk!!!!! (PrOoF iNsIdE)"" as the top post & swiftly exit out of the app

its so cringey at this point just go make ur own sub",1613258974,gnbeppy,False,t3_likmpp,t3_likmpp,6
CoronaGeneration,"You really think that as a business, GME is worth more now than in the late 00s? 

What can GME do that steam, epic or amazon can't?",1613258929,gnbek2z,False,t3_lj5op8,t1_gnbe7d2,-1
homesand,"I misread Oh-FuFu's comment by thinking he is cynic towards the people who bought $GME at 350.

I just slapped my face against my head. Your explaination is of course correct .",1613258901,gnbegqi,False,t3_lh40to,t1_gmvsz1r,1
mcm_xci,"GME has been shorted to the tits for eternities. And yes, this was a brick-and-mortar. Shorts were doing well, until Cohen stepped up to the plate. It’s rapidly changing with him, you‘ll see. GME is undervalued right now even with their current state of business.",1613258822,gnbe7d2,False,t3_lj5op8,t1_gnbdbuy,3
Lightning_777,"Many are holding, the structure of this board has changed and GME and AMC are trying to be silenced since hedge funds have their backs against the wall. AMC is in a similar situation where the shorts have shorted more than the available float. Squeeze potential is still there. Also one of the most held stocks.",1613258815,gnbe6ir,False,t3_likmpp,t1_gnbdm3k,-1
munjer306,I don't think so but they are also a bank essentially so had the money to put up based on how many users they have. Everyone and their mother was jumping onto robinhood to check out this gme thing they see in the news. Robinhood wasn't the only one that restricted trading but they are getting all the backlash. People on here moving from robinhood to other brokerages that also restricted trading is pointless honestly.,1613258734,gnbdw3f,False,t3_ljbgib,t1_gnb9cso,1
theNeumannArchitect,"Because the original shorts fucking covered. You couldn't borrow stocks to short when all this first happened. And the interest to do so was absurdly high because the supply for short shares was so small. Because all available shares to borrow were shorted. 

And then Robinhood and other brokers limited buying and the price tanked to $120 AND THE ORIGINAL SHORTS COVERED. That was the whole point of brokers stopping buying. And then shorts covering drove it back up to $300. And the shares available to short increased and the interest rate to borrow decreased BECAUSE THEY COVERED. And this allowed new shorts to open their position at $300. WHY WOULDN'T THEY? 

Why is this so hard to understand? The squeeze is over. It happened. It could've been a lot more extreme but the powers at be prevented it. Gme still has a great future but there's no way to pump the stock to the point to force shorts who opened at $300 to cover. It's just not going to happen. This all started because original shorts opened at less than $10 and there was no way this was going to dip back below that after Cohen's open letter. People need to realize this and move on. There's still plenty of money to be made in this market.",1613258696,gnbdret,False,t3_lj5op8,t1_gnao5pj,-5
ninjadude93,"Again borrow interest is like 3% at the moment they're making more than enough to cover on other investments so I don't think people should depend on that as a catalyst. There's nothing stopping shorts at this point from just slowly unwinding their position over time avoiding a short squeeze all together given how little they have to pay in interest.

I don't think the threat of the squeeze continuing higher is a good reason at all to think they wouldn't have shorted at 400. Hedge funds are getting all the order data ahead of time and I'm sure they were aware that liquidity was running out and brokers were going to stop buying. Even if they don't have access to this kind of information it doesn't take a genius to know GME wouldn't sustain 400 a share for long let alone 1000. Fair value is like maybe 50 a share so once it hit 400 shorting it becomes a very good position",1613258691,gnbdqsc,False,t3_lj5op8,t1_gnbcbbr,-6
Ishoxo,"**What about AMC ?** 

I keep reading about GME.. but havent seen any topic about AMC lately.

I am holding my GME and AMC, i trust in GME and i also bought them cheap.

But i dont know what to do with AMC... bought them @ 18,50 :(",1613258650,gnbdm3k,False,t3_likmpp,t3_likmpp,-11
zabi_01,If you think this is a good meme then you just must really hate GME haha,1613258590,gnbdfcz,False,t3_lj7gce,t1_gnav9jw,0
CoronaGeneration,"Pretty much the highest price GME has ever been in its entire history, excluding the squeeze. Yeah you're probably fucked. 

Idk though I'm just some guy.",1613258557,gnbdbuy,False,t3_lj5op8,t1_gnbcznp,1
fuzzyorange73,"Same here! Silent GME gang, baby! Holding 3 @ 246 avg",1613258430,gnbcy54,False,t3_lj8djx,t1_gnbb9k6,24
WSB_Reject_0609,"I feel the same way. 

I won't switch because of how simple it is. 

My fills are fine and I don't play dumb shit like Gme or weeklies. 

I just hope they don't get too fucked from all the shit from the last several weeks.",1613258330,gnbcnal,False,t3_likmpp,t1_gnbb2zw,0
senorworldwide,I used my GME profits to buy a bidet.,1613258319,gnbcm23,False,t3_lj8djx,t1_gnal2xd,3
ninjacereal,"Honestly I don't study Gamestop, so Im relying on the fundamental value estimate that a user here, /u/deepfuckingvalue, made when he started a thesis and built a position. He's a small time youtuber, but he was gobbling up tens of thousands of GME shares at $3-5 with the idea that it had an enterprise value somewhere between $700m and $1.5b - he was going for a 4-5 bagger, looking to see it get back to its fundamental value of between $14 and $18.

But again, not my numbers, just a small time youtubers known as roaring kitty.",1613258285,gnbci4x,False,t3_lj5oyo,t1_gnb6f4o,-2
MartiniShkreli,The mob of retards GME brought in has ruined this sub,1613258278,gnbcha8,False,t3_lj0slc,t1_gna4uo3,10
IHaveGiantBaseballs,"Idk man. I mean, the MACD is showing SLIGHTLY bullish but specifically in the after hours yesterday which really tells us nothing. It's slightly bullish. Like, by less than one standard deviation. Someone bought 14k shares in literally the last few seconds before 8pm and pushed the price up. That's not an indicator of anything other than someone who had a lot of money to drop on GME.",1613258252,gnbce8w,False,t3_ljamdn,t3_ljamdn,3
tendiesandwendys,"WSB was one of the first subreddits I subscribed to when I joined reddit several years ago (on a different account since deleted... Don't post butthole pics...) Anyways, I made a facebook post about the shit happening here with GME and the lies of CNBC. Since then I've got tons of messages from friends and family that want me to give them the inside track on the next WSB squeeze. I have had to repeated tell everyone that it's a borderline meme sub where people lose a lot of money and this was a rare event. WSB is a great place to learn because, as you accurately pointed out, someone will do some dumb shit and get called out on it and you learn from their mistakes.",1613258181,gnbc642,False,t3_lj2iei,t1_gn9kdue,12
mikeyboy371,"Applies to options and shares, when you see your apha shares 4x in month, it’s time to sell your profits and ride your cost.

Reduces downside, 💎🤚it all the way will set you up for disappointment 9/10 times.

What happened with GME was a complete Narnia tale.",1613258137,gnbc17z,False,t3_likmpp,t1_gnb5puo,1
6six7,"How is it possibly to short GME at 300+ if there were almost no shares to borrow? Most shorts were under 100, before it took off, plus 2 weeks ago someone non retail invested over 25million is calls with a strike of 800 that expire march 19th. You could say its a hedge, who will likely cover their initial shorts then drive the price up to profit on the long side, maybe. Saying another squeeze is impossible is false since no one knows what will happen. But the pieces are in place(GME is still shorted over 70%  maybe more), there just needs to be a catalyst.",1613258131,gnbc0jp,False,t3_lj5op8,t1_gnaksaj,5
lobsterhead,More like watching Citadel lean over and whisper something to Vlad and he immediately excuses himself to turn off GME trading.,1613258118,gnbbz67,False,t3_lj8djx,t1_gnaxwjp,198
CleatusVandamn,"Yea no. Theres tons of speculation on weed until it becomes legal and the major companies consolidate power. Think of speculation in oil, or the rail roads in the 1800s. Its more like that. GME isn't a budding industry getting ready to explode on the market. Wsb made GME into a pump and dump and didn't even realize it. Its worth $50 and that's it.",1613258057,gnbbsdg,False,t3_ljak7l,t1_gnb4iui,-5
TheAlbinoRino,"the GME content is ruining what this subreddit used to be about, you can spam your emojis and ""MOON""s all you want, that doesn't change the fact you idiots lost your money on something you did zero research or due diligence on.",1613257991,gnbbku5,False,t3_lj6ooq,t3_lj6ooq,2
Clacimus,"You aren’t preventing any loss though, you’re  actually losing more money. GME is not worth its current share price so buying it is a bad call. It doesn’t matter if it make your average loss look prettier",1613257962,gnbbhhf,False,t3_lj6seq,t1_gnbaqw6,7
miami_beaches,"The one time a short squeeze actually happened, on gme, top posts were talking about how it wasn't a squeeze yet.",1613257862,gnbb5s1,False,t3_lj2iei,t3_lj2iei,1
IvoryTowerUK,"Could be months mate

Edit: someone got quite upset with this answer because I didn't say why or give a more specific date and I don't want anyone else feeling like that guy so here's why I think so and where I'm at with this;

I believe there is a balance they are aiming for. In their minds the price is too high right now and they are hoping we will get bored and move on. 

They can't do that forever due to the interest, so, in my OPINION they are unlikely to do it imminently as the market is still very focused on GME and I find it unlikely they can hold out a year so that's why I said it could be months. I definitely don't know or want to start giving false hope and dates to look forward to that if missed would damage more than it helps. 

They COULD think ""fuck this, cut our losses"" this week or they COULD keep this going to the last cent.

Basically relax but keep an eye would be my advice and you're completely free not to take it.",1613257853,gnbb4nv,False,t3_lj5op8,t1_gnba5pp,146
shagininthewagon,Bruh all these niqqas so dumb holding gme like bruh if it was 5$ before what makes you think it’s worth 50$ now,1613257827,gnbb1fu,False,t3_ljbncm,t3_ljbncm,-10
Throwaway1262020,I mean we agree. I’m speaking more to the GME bag holders who “like the stock” no matter the price.,1613257748,gnbasdo,False,t3_lj2iei,t1_gnaodyv,3
zabi_01,"You seen his other one? This one was funny but the other one is trash. Either way they both seem like desperate attempts to make people feel bad about holding GME, but 🦍 don’t care",1613257731,gnbaqdr,False,t3_lj6lov,t1_gnacwas,-4
oledayhda,"This will get deleted but...

GME to the moon! 

DFV IS STILL IN, SO I’M STILL IN!
🚀🚀🚀🚀🚀🚀🚀🚀🚀🚀🚀🚀🚀🚀🚀💎🤲💎",1613257716,gnbaop3,False,t3_ljamdn,t3_ljamdn,5
roy2593,"Yeah its not really making sense to me. As the other guy said you'd be much better off buying new shares somewhere else and recoup loses there if successful, and leaving GME as it is.",1613257631,gnbacqb,False,t3_lj5oyo,t1_gnb8q8a,4
SoonerMac79,But will GME reach around?,1613257613,gnba9vt,False,t3_ljamdn,t3_ljamdn,-1
theonerandi,"GME was never a $400 stock and never will be.

TLRY was never a $60 stock and never will be.

Even a non-retard can see the difference.",1613257606,gnba8sf,False,t3_ljak7l,t3_ljak7l,-1
Razcsi,"But in the end he pulls out that ship, and leaves the planet with it. Just like we will with GME.",1613257606,gnba8rd,False,t3_lisb55,t3_lisb55,0
RollofDuctTape,Didn’t GME just report sad news that it’s not making enough revenue and not even as much as it expected because of the console shortage? Lol,1613257586,gnba5lz,False,t3_likmpp,t1_gnb9hzz,1
Davethaboss,"LOL.

I made unrealized 5k in one sitting in minutes before RH halted trading.

Do you think I trust anyone? You think I trust the shills here? I don't do FA I only do TA. I don't even trade stocks, I'm only in virtual money land and forex. I got interested in this because GME and all the other memestocks came on my radar and I came here to check what was going on. I come here to post memes and you must literally be retarded to come here for advice on how to spend your 5k investment money.

He's been in GME FOR MONTHS. Hedgefunds and even THE BANKS in forex manipulate the markets and this has been proven time and time again. He is the LAST person we should be crucifying.

He doesn't deserve to receive any fines for absolutely anything. He exploited a fault being conducted by the hedgefunds. He was a ""little guy"" who turned into a millionaire and made a bunch of us some money too. 

Sheep are everywhere. They are found amongst fake gurus on youtube, people who follow MSM and the president, ""legit"" businesses and mentors, etc... Professional or amateur it does not matter. At least there's people like myself who are capable and have the capacity to separate between jokes/memes and real money.

What I want to know is what the motive behind crucifying DFV is? Did you lose money, do you work for the banks, are you a virtue signaler, are you a politician, etc...?",1613257523,gnb9vo0,True,t3_liwxrz,t1_gnb28lr,2
Renegade2592,"Lord Gaben been lurking in the shadows, he's bout to set this time bomb off and buy GME

Triggering an infinity squeeze and immediately 10x your investment and becoming Super Saiyan Gaben

AR & VR 

How much equipment you need to sell for that.

Did you see the vr trading office the other day? 

Your thinking small time Steams controller was a hot potatoe they want to break into peripherals I promise, already have pc gaming cornered now it's the aftermarket parts.

Gaming's a top 3 growing industry every year.. he wants that marketshare it's a prudent move",1613257437,gnb9hzz,False,t3_likmpp,t3_likmpp,1
GodlessGreat,Did Fidelity restrict trading of GME or others that Robinhood restrict?,1613257407,gnb9cso,False,t3_ljbgib,t1_gnb8cbw,1
Clacimus,"Lol this is actually retarded. “Averaging out” might make sense if the plan was always to hold for value. But if you intentionally bought something at 10x it’s intrinsic value expecting it to got 100x it’s intrinsic value, that money is always lost. If you wanna invest in GME as a long term thing you’d wanna wait until this squeeze shit is thoroughly forgotten.",1613257381,gnb98gm,False,t3_lj6seq,t1_gnaw75c,15
S3CR3TN1NJA,"Okay, fuck it. I'm tired of replying to multiple comments. Here's why most of this DD is actually bad DD and not at all a bull case for Gamestop. (p.s. I use downvotes for lube so please fill up my jar.

**The Landscape**

>Explosive Growth in the Gaming Industry

Which is mostly converting to digital. Gamestops BIGGEST crux. 

&#x200B;

>Existing ""strong brand"" and recent Reddit frenzy is net positive to the brand, increases awareness, and strengthens its base.

Strong brand???? Gamestop is literally a meme in the gaming community for how much people HATE it. Their consistent anti-consumerist  practices have bled onto any reputation they have left. Gamers literally jizz when they get the chance to tell someone how much they don't like Gamestop, leaving their revenue to basically be driven by soccer moms, confused grandmas who buy xbox games for playstation, and $GME memers. 

&#x200B;

>""Large customer base and 55 million PowerUp members.""

Holy shit this is hilarious. Dude, everyone has a powerup membership. They hound the fuck out of you when you buy anything there to sign up. IT'S FREEEE (emphasis on reeee). I still have my powerup membership (just checked) and I haven't bought anything at gamestop in six years.

&#x200B;

>Large retail and physical footprint.

Again. This is more of a crux than a bonus. Brick and mortar everything is on its way out. This is not exclusive to Gamestop. Yes, I've heard of their build a bull workshop idea but given their anti-consumerist mindset and millennials/gen z known to be a discount conscious generation... good luck. 

>Evolve into a Technology-first company... GameStop will have to ""begin building a powerful e-commerce platform that provides competitive pricing, broad gaming selection, fast shipping and a truly high-touch experience that excites and delights customers."" **(Ryan successfully executed this vision with Chewy and he can do it again in gaming)**

An online shopping store for all of your techy needs with competitive pricing? Hmmm never heard that one before. You're telling me Gamestop (who sells used games for $50) is going to find a way tobe competitive with Amazon, Newegg,  AND Microcenter prices? P.S. Chewy was way different. He created something that was unique to the market. Not saying he can't do that here but being an e-commerce store will not be good enough. If anything it just puts Gamestop on end-of-life support. 

>  
Create the Ultimate Gaming Platform

And what publisher would get behind this? What does Gamestop have to offer that Steam isn't already dishing out. Not to mention more and more **developers are migrating to their own platforms** (in addition to using steam because it's impossible to compete with them.)

&#x200B;

>""Shift to purchasing from mass retailers and other online competitors."" (Create a marketplace of wanted products and services, i.e. Amazon, Target, App Store)  
>  
>Provide and expand ""larger gaming catalogs"" (Capture all games)  
>  
>Create ""community experiences"" (This could be both physical and digital experiences)  
>  
>Provide ""streaming services"" (New vertical opportunity for content creation, tournaments, and others)  
>  
>Support ""Esports"" (Expanding scene that is not going away)

I don't even need to break down why this is literally just fluff with not actual substance. Might as well be a politician. The only thing of value here I would say is the E-sports.

Skipping the last bits of this section as it's just reiterations of points I've already tackled or thanks that mean nothing as it was priced in before the pop (like cost cutting, etc).

I think Ryan Cohen has bit off more than he can Chewy imo. Like good luck bud. Gamestop's image to the gaming community alone will keep this from ever succeeding in the near future. Having said that, if anything were to save this company it would be you apes buying $3000 mid-tier build-a-bull builds so you could burn unicorns, I mean shorts. 

&#x200B;

&#x200B;

Okay done. Sorry, had a redbull. 

&#x200B;

**TL;DR** 

Fuck this DD fluff bullshit.",1613257353,gnb944a,False,t3_lj5oyo,t3_lj5oyo,4
telperiontree,"Oh thank god, are we going back to normal? This is the reason I got into GME in the first place.",1613257339,gnb91vp,False,t3_lj5oyo,t3_lj5oyo,-1
yoholife,Gme amc!!??😂😂😂😂👨🏿‍🦯👨🏿‍🦯👨🏿‍🦯👨🏿‍🦯,1613257286,gnb8ta0,False,t3_likmpp,t1_gnb5n5e,2
nov81,"That's for sure. They definitely repositioned.

&#x200B;

>They thought there is no way gme could go up

How could it, so many naked shorts on it's back. Was extremely unlikely, but happend...

The only thing I'm curious about is the huge amount of far OTM calls end of march. 

&#x200B;

>The momentum made it so they couldn't cover but after that got killed by  RH there is no way another squeeze happens. They aren't in the same  position  as the first time

Was also extreme unlikely the first time, but happend... 

Like I mentioned before, it's all about the momentum. However, they are definitely better prepared this time.

However it's just a scenario that popped up in my head.",1613257225,gnb8jb3,True,t3_lj97uu,t1_gnax1gz,0
Razcsi,"GME is a once in a life time short squeeze, it needs a looooot of things to happen at the right place and right time.",1613257141,gnb864c,False,t3_lj2iei,t3_lj2iei,2
laern2splel,"This post is full of flaws.
 
- Gamestop is not a good comparable to Chewy or Target, very different business models with different end markets and sizes. GME does not deserve anywhere near the same multiple as these businesses because it is a way worse business.

- A P/S multiple doesn't make sense from a valuation perspective because you are ignoring the value of the company's debt, which is significant for Target. Target uses debt to finance its operations which enables it to make the level of sales that it does. A better metric to use would be EV/EBITDA since it factors in operating margins which are super important for retail companies, while taking into account the entire capital structure.

- Gamestop made $6.5B in 2019 Revenue, Est. $5.1B in 2020 Revenue, and analysts estimate GME will make $5.7-$6.0B in 2021 Revenue. If we value GME at 0.5x  2021 sales (flawed multiple, lower than target given a lower quality business) then we get an equity value of $41-43 dollars. This target price is only realistic IF company executives can execute on this digital transformation.",1613257129,gnb8471,False,t3_lj5oyo,t3_lj5oyo,6
Oxianas,"Ah, this is that good, good, market manipulation content that SEC interns joined for. Unfortunately though, the people who are really going to get screwed on this are not hedge funds but fools who buy calls on a dead stock. If you are holding GME at $50 now at least you can sell for $20 later, but your call option will expire worthless.

&#x200B;

Edit: disclaimer, I have puts on GME.",1613257098,gnb7z4t,False,t3_lj9b2j,t3_lj9b2j,-6
bigtarget005,"Life savings in GME 
Ples fly again lmao",1613257094,gnb7ymt,False,t3_lj2jkh,t1_gn8bmch,4
Lord_Tesco,"Wife wants a holiday? I invest in GME 

Wife wants the bills paying?  I invest in GME

Wife wants the kids feeding?  I invest in GME

Wife wants a break?  I invest in GME

Wife leaves with the kids?  I invest MORE in GME",1613257080,gnb7wcd,False,t3_ljamdn,t1_gnb3yd3,26
Jessev1234,You'd HAVE to be foolish to part with GME,1613257070,gnb7uof,False,t3_ljamdn,t1_gnb4xqj,34
dirtythirtygolden,Some DD for you: Sell out and buy voyager coin.  It will follow binance coin and you will have a million in less than a year.  Don’t be a GME sheep and be led to the slaughter.,1613257062,gnb7tkp,False,t3_lis57b,t3_lis57b,0
NaturalFlux,I agree. We should dedicate a thread to GME to QUARANTINE them there.,1613256826,gnb6s45,False,t3_lir5qk,t3_lir5qk,1
Renegade2592,"Oh man watch Steam buy out Gamestop..

That would truly trigger the infinity squeeze

Remember inverse WSB, they down on GME rn",1613256780,gnb6lmk,False,t3_likmpp,t1_gnb61nk,4
[deleted],"I think shorting an EV charging station, immediately after Tesla exploded and while Democrats are in power, who have made their New Green Deal known for two years now, and immediately after GME, really does approach the infinite risk category.",1613256772,gnb6kjt,False,t3_lj5op8,t1_gnb4gue,1
ishouldawent2college,You’d profit more than the 8 million people who joined this sub just to baghold gme 4000% past it’s worth,1613256639,gnb65n1,False,t3_likmpp,t1_gnb5n5e,15
IronicEyeCancer,I don't see GME in your screenshot. Show proof or ban,1613256572,gnb5ynk,False,t3_liv06w,t3_liv06w,1
AlohaItsASnackbar,"Unironically this.  GME is literally the only short squeeze in any of our lives, they aren't dumb enough to do it again.

^^^This ^^^is ^^^not ^^^financial ^^^advice ^^^and ^^^I ^^^am ^^^not ^^^a ^^^professional, ^^^everyone ^^^here ^^^is ^^^an ^^^actual ^^^retard.",1613256534,gnb5thi,False,t3_lj2iei,t3_lj2iei,2
SSTX9,So buy more gme right?,1613256448,gnb5gx9,False,t3_lj0slc,t3_lj0slc,1
Basting_Rootwalla,"Or, to elaborate a little further on what I mean; it's like the saying ""any press is good press.""

It doesn't even have to be Melvin or Citadel who are flooding ""FUD propaganda"" and ""bots/agents."" It could easily be any other institutions or sophisticated collectives who see an opportunity to capitalize on increased retail based in-flow to the market.

Millions across the world are brought to Reddit around the hype of GME. The news and other ""financial"" outlets are constantly mentioning ""Reddit"" in their articles. Those millions (numbers far greater than the users subbed to WSB) continually come back to read anything about GME, and in doing so, are exposed to other stocks and ideas circulating throughout Reddit/other social media platforms. Retail interest and in-flow of $ is sustained as long as their is talk to keep them engaged.

People are sick of GME? Worried retail is going to back off when there is an opportunity to make money off of brand new traders, tossing their $ in the market?  
**Addendum:** Want to sustain growth in people consuming your content because you're talking about something everyone is interested in if you're on the media side?

Keep them talking. Keep them engaged. Easiest way to do that? Challenge their thoughts and ideas. People love to be right an assert why they're right.",1613256411,gnb5bdy,False,t3_lj6ooq,t1_gnasaya,2
lenin_is_young,You’re implying that GME was a pump and dump scheme which is wrong. It was a value play before you retards memed the squeeze out of it. And the same is happening with weed.,1613256216,gnb4iui,False,t3_ljak7l,t3_ljak7l,41
Gooseman1019,GME about to go to Pluto,1613347182,gnhbfyf,False,t3_likmpp,t3_likmpp,-8
skwolf522,"I will buy about 2k-4k shares of gme if it gets down to 48.  Then put a limit sell for 52+ going up.

Watching for a buy opportunity for prpl.  May sell some puts.

Going to sell some more GME puts.

Thursday I will buy some gme calls for Friday expiration.

Made a 100k last week going to try again.

Edit:  going to make a extra 10k for every downvote I get.",1613347137,gnhbd22,False,t3_ljx9by,t3_ljx9by,-14
Sasha_Storm,I have other plays just bot as big as gme. Well see what happens. I have good feelings about it all,1613347132,gnhbcqj,False,t3_likmpp,t1_gnhamb5,1
Sasha_Storm,"Im just all alone, lonely, with my GME shares to keep me company....

💦💦💦💦💦🚀🚀🚀🚀🚀🚀

Then ♥️♥️♥️",1613347094,gnhbach,False,t3_ljp6d0,t3_ljp6d0,1
Either-Reality8274,GME.. got it,1613346969,gnhb2cn,False,t3_likmpp,t1_gnh9y1a,1
Boviceeee_,Right behind ya. I paperhanded most of my GME in the 200s and put that 6k in PLTR.  I sold all my other stocks for a correction and will buy hella leaps on tuesday as well.,1613346861,gnhavia,False,t3_ljv8ju,t1_gngk8mx,11
Sevinki,About 18k. I bought gme at $15 in november/december and forgot where the sell button was.,1613346761,gnhap53,False,t3_lis2z4,t1_gnh6m2i,1
ascendant23,I’m confused... are those all different names for GME and AMC?,1613346485,gnha7fl,False,t3_likmpp,t1_gnh9vs4,1
FrankieSaints,lol what? This is literally the sentiment since GME gave WSB +600%,1613346436,gnha479,False,t3_ljtv30,t1_gnh62ua,21
ascendant23,"Seriously. There’s almost no position where you can just come out and immediately assume someone’s a bagholder. 

The obvious exception being anyone who’s been holding GME for the past couple weeks",1613346433,gnha41c,False,t3_likmpp,t1_gnh9uyd,4
grindrbuddy,What stock should I buy to recoup the 200$ I lost on gme?,1613346367,gnh9zqz,False,t3_likmpp,t3_likmpp,2
Jahonay,"Roses are red

Pigeons are free

I'll hold you forever

Just like GME",1613346357,gnh9z4d,False,t3_ljtv30,t1_gngi88s,9
sephiRossGeller,"Yes you took a risk. 

I’m not advocating for the hideous act caused by the HFs and Robinhood/other brokers blocking GME buys. That was FUCKIGN criminal.

I am however laughing at the sod I replied to saying the government should repay people who lost money back.",1613346333,gnh9xhk,False,t3_ljhp8n,t1_gnh9hjc,0
satireplusplus,"> Tickers that received DD in the past 24 hours: MVIS, AMD, TRVG, OSTK, NOK, CRSR, AG, SILJ, GTHX, NCLH, Uranium, F, HAS, TSLA, GME, UL, GNRC, EGO, APHA, TLRY, XM, ATT, RTX, BALY, NIO, XPEV, PM, BNTX, INTC, FREQ

Nice that we are getting DD diversity back. I call it DDD",1613346306,gnh9vs4,False,t3_likmpp,t3_likmpp,7
Head_Paleontologist,So who here got gaped by both GME and weed stocks and what is your next move? Turns out you have some use after all: as a barometer for decisions so shitty it's impossible to lose doing the opposite.,1613346137,gnh9l1h,False,t3_likmpp,t3_likmpp,10
botchedcoffee,"Well i did place a limit sell at 420 for the meme and lols

Unfortunately for gme, now it's headed to 4.20",1613346090,gnh9i2v,False,t3_likmpp,t1_gnh8vvc,2
[deleted],"eh, more like 1,000+ independent comments a day. 

Guessing you weren’t here for the Daily Threads? I can find them, pretty easy to correlate GME volatility and mentions on WSB dating back a year. A kid could do it, but I can show you how?

That way you can really “get it”",1613345917,gnh971n,False,t3_likmpp,t1_gnh8zow,0
singh161798,Gme soon going to 🚀🚀🚀🚀 again,1613345850,gnh92vn,False,t3_likmpp,t3_likmpp,-1
bhutams,Enjoying all the tendies I got from selling you my gme shares,1613345849,gnh92st,False,t3_likmpp,t1_gnh8w2m,2
Sidemen-Ultimate-Fan,"I must admit I was as surprised as you by the gold awards lmao, never mind the bloody platinum (I don't think this a platinum idea lol). Is this not a reddit at the end of the day for getting rich quick. You want a stock with the potential to rise 100%,200%,500% this is one of those stocks. Dropping below a forward PE of 1 is mental so the risk/reward is far from unreasonable. There is risk and that risk of a 50% drop is there based on the economic/political situation, but that's the game we play. You buy GME above $20 you carry about the same risk.",1613345728,gnh8v85,False,t3_ljyhs2,t1_gnh7jlr,1
Atomskii,"DFV is not an idiot which is why he sold on the way up and has 13 million in his account aside from any calls and shares he still holds...

As for what he is/was still holding, I just think that he is a genuinely kind and grounded guy. He saw a movement growing around GME, decided that he was partially responsible, and in support decided that everything past his January and half of his April calls was just fun money he could take-or-leave and not have an emotional attachment to...",1613345715,gnh8ue4,False,t3_ljmqb7,t1_gnft1on,9
bhutams,Must be fun bagholding GME,1613345657,gnh8qpi,False,t3_likmpp,t1_gnh8ohj,4
[deleted],actual attorney here. everyone in my firm bought $GME at $12. sold at $380,1613345652,gnh8qds,False,t3_ljy530,t1_gngx1oj,8
Sasha_Storm,I hold because 🚀🚀🚀🚀🚀 GME isnt over,1613345565,gnh8kst,False,t3_ljtv30,t3_ljtv30,8
[deleted],"$GME has been pumped here since August 2019.. dont make me dig up threads please.

Because their rent is due in 15 days.",1613345538,gnh8j5p,False,t3_likmpp,t1_gnh8eg2,0
Sasha_Storm,I think you mean GME TO DA MOON 🌈🐻,1613345483,gnh8fmx,False,t3_likmpp,t3_likmpp,-19
Stonka69,"Fincen files:
https://www.icij.org/investigations/fincen-files/

GME n manipulation:
https://m.youtube.com/watch?v=7RH4XKP55fM


And do you really need evidence for ""printer go brrrrr""? Here you go:
https://tradingeconomics.com/united-states/money-supply-m1",1613345394,gnh8a0v,True,t3_ljzd17,t1_gnh761u,3
magick200,You can still buy like 3 GME stocks,1613345382,gnh89ak,False,t3_ljsu04,t3_ljsu04,1
botchedcoffee,"I tried to be forthwarning yall but gme reaching 420 again is the same chance you get the new york jets winning the super bowl next year

Be realistic and know it's a losing trade and move on",1613345329,gnh85yo,False,t3_likmpp,t1_gnh7to0,1
CyberHaxer,He did sell some calls for a few millions. But he definitely have the majority of the money on GME.,1613345329,gnh85zk,False,t3_likmpp,t1_gnh7shy,3
[deleted],Im sure everyone who bought $GME @ 300 would disagree,1613345317,gnh859q,False,t3_likmpp,t1_gnh7vrc,2
Muta4,"They removed it on the 26th, right when the original Silver DD went up during the GME frenzy. They haven't added it since and only allow existing holders to close out positions.


They really don't want you to buy real silver.",1613345264,gnh81tc,False,t3_ljsu1c,t1_gnh3nox,51
heartlessnickel,GME is selling like hot cakes,1613345130,gnh7tat,False,t3_ljo554,t3_ljo554,3
botchedcoffee,You could but you would be bagholding gme at the top so...,1613344921,gnh7fuq,False,t3_likmpp,t1_gnh7ajk,2
Ganjaman_420_Love,"Exactly, hense why I sold lol I bought in right before they halted trading. The squeeze was very much still real. Tried to average down when I heard new good news. Nothing made GME move in a big way.

Taking my loses re-evaluating the 15th of March",1613344900,gnh7eka,True,t3_ljpm1u,t1_gnh6hqq,-1
Spockies,The only squeeze is GME. There is not BB or AMC squeeze. 150 CC is the true wiser play,1613344855,gnh7bm4,False,t3_ljz99b,t1_gnh679c,4
jeeekel,"SOon may the tendie man come, to bring us gme with a tidy sum

One day when the buyin is done, we'll rocket to the mooooooooon",1613344608,gnh6voa,False,t3_ljtcib,t3_ljtcib,4
malfenderson,"Of course it will moon.

GME is the prize pig of the county fair.

Do you want to be the thoughtless yokel who passes up his chance to buy the prize pig, and instead heads home to Mama with a useless handful of magic beans?

Of course not. So Buy The Prize Pig Today -- BUY GME AND HOLD!",1613344565,gnh6sw1,False,t3_ljzw8j,t3_ljzw8j,1
Monster213213,"200 shares of amc to put with my 50 GME (avg $75). One of them will provide the goods I have no doubt, whether it’s a week, month, 2 years.",1613344347,gnh6eu6,False,t3_ljx9by,t3_ljx9by,10
Mammoth_Call_214,I agree. I made just under 6 figs on GME and and still have not deployed my capital. But I am itching bad. I got my tax money tucked in with Uncle Warrren for the year.,1613344336,gnh6e39,False,t3_ljxra2,t1_gnh5cmb,3
kaybee513,Nah not yet. BB still hasn’t even recovered from the meme GME craze. Still hasn’t stabilized. It will take weeks to even consider weed somewhat stable,1613344318,gnh6cxg,False,t3_likmpp,t1_gnh4j5d,1
Either-Reality8274,GME hasn’t happened yet,1613344314,gnh6cpm,False,t3_likmpp,t1_gnh5r9s,1
The_good_die_2_young,Internet cash needs to go to $600k by friday so i can recover from my gme losses,1613344228,gnh6744,False,t3_likmpp,t3_likmpp,1
happyidiot09,This man is not a shill he owns 15mil gme shares. Don't fall for his lies🤣,1613344181,gnh6418,False,t3_ljymbp,t1_gnh2zu6,-9
Oxianas,"But it's now showing 1.5 million, and you just posted the Iborrowdesk link which shows 1.3 million, and these are lower bounds because as Fintel notes...

"" *This table shows the number of shares of US:GME available to be shorted at a leading prime brokerage.  It is not the total number of shares available to short, nor is it the short interest.*

*It does not include data from other brokers or dark pools. It is a small  sample, and it is useful for tracking the rise and fall in demand for  shares throughout the day and weeks. It should not be treated as an absolute number of shares that are  available to short in the market. ""*",1613344061,gnh5w49,False,t3_likmpp,t1_gnh54ab,1
Briiskn,we didn’t do anything to gme,1613344054,gnh5vmg,False,t3_likmpp,t1_gnh5r9s,4
ThisGuy4761,stop giving me hope bro everytime I look at my gme I cry,1613344047,gnh5v7q,False,t3_likmpp,t1_gnh4ljz,2
bbc2you,I have the same issue. Never traded on margin except for the $1000 advance. This happened when I pulled out most of my money after gme. Not sure why but it adds up but I also have the negative balance. When I go all the way back it shows my “initial deposit” and up to date I am above that number and that amount is the number of shares outstanding or the equity in my gme shares I’m still holding with Robinhood. If that makes sense.,1613343789,gnh5ejq,False,t3_ljz9ej,t3_ljz9ej,2
Xsyther,"JMIA, GME, and an acquisition company that is banned from talking about on here",1613343666,gnh56n0,False,t3_ljzmdx,t3_ljzmdx,1
OzManCumeth,Most of the people smart enough to get out of GME are also the ones autistic enough to immediately yolo into FDs lol,1613343387,gnh4ofn,False,t3_ljxra2,t1_gnh4cyl,10
StimulAss69,"  
I'm worried about my wife's boyfriend being unfaithful. My inverse relationship is fading faster than GME.",1613343356,gnh4mc6,False,t3_ljv8ju,t1_gngsim4,5
botchedcoffee,Gme gang officially 6 feet under,1613343308,gnh4j67,False,t3_likmpp,t3_likmpp,13
pathasahat,"""Let me trade some worthless heavy gold for that delicious looking food you just spent 3 months growing.""

""Fuck that buddy, you got any GME shares tho?""",1613343269,gnh4glv,False,t3_ljzd17,t1_gnh40uc,22
Hitler_wuz_socialist,I'm a skeptic. Convince me this isn't over like gme,1613343265,gnh4gd0,False,t3_lgsec7,t3_lgsec7,1
happyidiot09,I doubt there are many people who made 6 figures off gme and then just dumped it in FDs,1613343215,gnh4cyl,False,t3_ljxra2,t1_gnh3wk5,4
Livendenjoy,You know what I bought with my stimulus checks?? Not GME or AMC but a whooping 100 inch tv with theater sound bois!!,1613343030,gnh40ni,False,t3_ljz99b,t3_ljz99b,-16
TheSuperlativ,"Not to mention that GME is still heavily shorted, and there are some fundamental stuff that supports a higher price.",1613342930,gnh3u3f,False,t3_ljtv30,t1_gnh2lv1,19
toxic_masculinity27,"If you really want to understand what is happening and how this all GME saga will end, history is your bestfriend go read about CMKX http://cmkm.info/Canadian%20Action%20Filings.pdf",1613342895,gnh3rsx,False,t3_lciag9,t3_lciag9,2
Atomskii,So the reason why you lost money on GME was because of.... nepotism?,1613342887,gnh3rbe,False,t3_lir5qk,t1_gngrebm,1
YugeCPA,"Market being closed is manipulation at its finest. You don't think hedge funds are making deals with each other during ""market close""?! Fuck the system. Buy more GME !! Fight the system and we shall win.",1613342853,gnh3p4a,False,t3_ljx9by,t3_ljx9by,-8
[deleted],"Since GME brought all the ""here's a cake pls upvote"" intellectual zygotes in here",1613342827,gnh3ndz,False,t3_lis57b,t1_gnasamd,1
Suspicious-Face-2531,Buy GME! There is no shortage of silver!,1613342568,gnh368y,False,t3_ljmwyt,t3_ljmwyt,-7
CrayonSolo,Hope you’re not in $GME,1613342367,gnh2t21,False,t3_ljtcib,t3_ljtcib,-1
LonelySwinger,GME will never get above 53 or below 48 for the rest of eternity,1613342254,gnh2ls1,False,t3_likmpp,t3_likmpp,13
Speculater,"I tried one for fun the day GME mooned, Think I got a 40c 0DTE at $22 or so for $40 or something, sold it for $300... then it went to like $1k.",1613342178,gnh2gu8,False,t3_ljsu04,t1_gnh1de0,2
[deleted],Everyone thinks a gamma squeeze is going to happen. BB is a solid long term play but as you see what happened with gme and amc the big boys aren’t going to let it happen and they’re very aware.,1613342009,gnh25mq,False,t3_ljz19w,t3_ljz19w,11
Niriro,"Can't focus on unrealized gains. Doesn't make any sense to; by definition only a minute few people can sell at the top. All that matters is that the price you bought it for it lower than the price you sold it at. A win is a win, no matter the size. Trying to get rich overnight with GME-like plays will just make you blow up your account chasing",1613341980,gnh23qd,False,t3_likmpp,t1_gngyl45,2
PotatoCooks,Lmfao as soon as I stopped options trading completely I started making money. Even after GME,1613341949,gnh21pr,False,t3_ljsu04,t3_ljsu04,1
Fieryhotsauce,You've literally been commenting nonstop for the last couple of hours and every single comment is you ragging on people holding their GME shares. Get a life you complete loser.,1613341770,gnh1pqj,False,t3_ljx9by,t1_gngs3q6,2
factorone33,"Faster refresh rates on some, but most couldn't handle 120hz refresh rates, and they also used a shitload more current than LCDs do, so that's money being spent in power instead of YOLOing GME calls at $420.69.",1613341660,gnh1i7u,False,t3_ljo554,t1_gnfanxw,1
BangableAliens,"I'm a newbie here, joined because GME but mostly because I wanted to figure out how it happened (as someone just getting into investing), not to try to bankrupt a hedge fund. I ain't got that kind of disposable income even if it *was* possible.

I've learned a lot on here, but it *is* annoying trying to wade through the GME meme stuff to get at actual substantive content.

And since I was mostly in ""how to stocks"" mode when GME took off, I didn't have a trading account and my bank info didn't get linked until GME hit over $300 and like hell was I doing THAT. Sad I missed out on that ridiculousness, but yeah, I'm here for ""investing monies to get me more monies"" reasons.",1613341658,gnh1i3h,False,t3_ljmqb7,t1_gnef3gk,7
_cansir,"Buy 3 $GME shares, once they hit $69,420 you will be in the green.",1613341602,gnh1ed1,False,t3_ljsu04,t3_ljsu04,1
jart8905,Tbh we have no idea how many of those are bots and at that point GME was at like a 10b+ market cap with insane volume which point there was no way we could influence anything,1613341524,gnh195x,False,t3_ljx9by,t1_gnh0y9h,0
This_is_Sparta_MB,Well I appreciate it. I’m holding GME and lost a lot of cash so this is a nice reminder on my wall 😊,1613341427,gnh12jx,True,t3_ljvuld,t1_gngyjgy,-9
KuzzAlan,He could by 3 shares of GME!,1613341365,gnh0yav,False,t3_ljsu04,t1_gng66i9,5
dzScritches,"Lol I started with \~200, got that up about double, then lost most of it getting in late on GME lol - I wasn't \*serious\* about it until after the GME thing happened and I decided to start really learning wtf I'm doing.",1613341231,gnh0pgo,False,t3_ljsu04,t1_gngymxm,3
savingface69420,"As someone who just drops by to read GME controversial comments: this one is absolutely hilarious, thank you 🤗",1613341140,gnh0j9b,False,t3_lj5op8,t1_gnaho13,1
jhuntinator27,"http://www.silvermonthly.com/bunker-hunts-attraction-silver-history-cornering-silver-market/

I thought it became illegal to own more than a certain amount of silver due to these two brothers. It's apparently well known in the economic world, and probably an example of what happened with GME before GME even existed. In fact, the exchange stopped allowing purchases and only filled liquidation orders.

Edit: just realized your name is also Herbert!",1613341065,gnh0ede,False,t3_ljmwyt,t1_gnecegz,2
jart8905,"Anyone else think wsb’s influence on gme and other stonks are vastly overstated by media?

Like no doubt we lit the match for GME but the hedge funds filled up the fucking room with dynamite.

There’s no way our buying power could actually influence a stock over 5bil market cap meaningfully.",1613341021,gnh0be8,False,t3_ljx9by,t3_ljx9by,12
GbPpio,"GME gains received in Jan 2021.
Paying tax on a 600k gain is a nice problem to have. Yes get ready for the tax.

Only the IRS could nail Al Capone.",1613340973,gnh085e,False,t3_ljxra2,t3_ljxra2,11
easyKmoney,"Definitely a GME distraction, check out all the downvotes on our comments. Downvotes are the new up votes.",1613340879,gnh01rj,False,t3_ljsu1c,t1_gng4glm,1
ras704,"shoutouts to everyone who realizes all we have to do is buy a few gme every week or even month each and the squeeze will be squoze, having the wsb etf is always worth it in the end.

pos 65 reloaded shares @ 63",1613340710,gngzqea,False,t3_likmpp,t3_likmpp,-2
happyidiot09,This time you learned though atleast. Now it should stick with you. I got caught up in the put frenzy too back then. Mostly because I didn't think the fed could prop the market up like it did. Sadly on this gme shit I cashed my 50c's out when it got around 119 because I was gun shy from holding to long before.,1613340701,gngzpps,False,t3_ljs79r,t1_gngwlf7,12
mariusbr,I bought SPCE instead of GME at the end of January and feel pretty good about the choice.,1613340592,gngzi6o,False,t3_ljs5eg,t3_ljs5eg,59
qdolobp,"No. I just browse this sub as I always would. It just so happens I see GME 50x more now than I ever did a few months ago. So no shit I’ll be replying to it more. I reply to anything that sounds absurdly stupid. 

“Please just leave me alone”. Nobody is forcing you to reply. If you don’t want to be a part of this conversation then leave. You’re not at gunpoint lmfaooo",1613340500,gngzbxv,False,t3_lig69q,t1_gngxnsa,1
ryanxone,"*""-“Bu-bu-but Canada delayed crusiing until 2022!"" (*[*https://www.travelandleisure.com/cruises/canada-bans-cruise-ships-until-2022*](https://www.travelandleisure.com/cruises/canada-bans-cruise-ships-until-2022) *) Nobody cares about Canada. Maple syrup is overrated.*

*-“Bu-bu-but I’m all in on GME!” Shut up.""*  


I am convinced. Selling my dog and home and going all in.",1613340474,gngza6a,False,t3_ljigkl,t3_ljigkl,3
Psychological_Bit219,You could probably get some good standup material from GME though 😂,1613340211,gngysbr,False,t3_ljv8ju,t1_gngv6he,2
Suspicious-Face-2531,Does this say: “ Buy more GME”?,1613340206,gngyrxv,False,t3_ljsu1c,t3_ljsu1c,5
iusedtofuckmyferbies,"How do I get over the depression of not realizing 600k in GME gains.
I’m balls deep in MSTR now with 100k I still think I can get it back with the way bit is booming",1613340103,gngyl45,False,t3_likmpp,t3_likmpp,15
Past-Construction-88,I like GME,1613340061,gngyi87,False,t3_ljp713,t3_ljp713,-2
Chuckcompany2,"Damn pls wsb dont fuck amd, pls dont fuck amd...I'm balls deep on this since pre-gme era...pls dont fuck it...",1613340038,gngygm7,False,t3_ljp713,t3_ljp713,1
pastureofmuppets,Yes. Shorting your way out of trouble with GME is clearly the answer...,1613339995,gngydlj,False,t3_ljmqb7,t1_gngf2nf,-3
Oxianas,This one was worthy. [https://www.reddit.com/r/wallstreetbets/comments/lfni5b/the\_legend\_of\_gme/?utm\_source=share&utm\_medium=web2x&context=3](https://www.reddit.com/r/wallstreetbets/comments/lfni5b/the_legend_of_gme/?utm_source=share&utm_medium=web2x&context=3),1613339925,gngy8wa,False,t3_likmpp,t1_gn5enfb,1
ttv_Mundo_stream,"LOVE GME

KISS GME

HOLD GME",1613339924,gngy8uz,False,t3_ljtv30,t3_ljtv30,12
SpeedoCheeto,"Q4 2020 was positive retard.

> And? They let them sell their consoles(the only profitable part of GME at the moment) , well see how great their relationship is when Gamestop tries to become direct competition to the online video game space.
> 
> I like how you hand wave this with ""dey have a relationship"" like that means dick.

I mean, jesus christ. You may just be stupid instead of astroturfing. 

https://news.gamestop.com/news-releases/news-release-details/gamestop-announces-multi-year-strategic-partnership-microsoft

Just read it. It's a lot of words, I know, but you might be able to grasp something beyond ""console sales""",1613339911,gngy7xe,False,t3_ljry4k,t1_gngp2ut,1
Perperre42,"Gme IS a foreign stock...
/hello from Sweden",1613339889,gngy6fj,False,t3_le235t,t1_gm9fuvi,1
Adversary-ak,"Because the dipshit said nobody takes gains. I yolo (dud $600k profit in gme) and shit, and gamblr plenty, put take gains too. I’m not just paper rich.",1613339770,gngxy4f,False,t3_likmpp,t1_gngwcnd,1
melon998,Your the stupid one. Y'all sayed GME to the MOON and here we are on the ground,1613339484,gngxear,True,t3_ljy530,t1_gngx1oj,-27
samnater,"I cashed out most on the way up but got a bunch back in now that its back down to 50. Regardless of what happens it will be interesting--Thursday the 18th is when a few of the big players are due to appear in court including reps from hedge funds, robinhood, and DFV (original person to point out GME was undervalued almost two years ago).",1613339325,gngx38p,False,t3_ljmwyt,t1_gngwmzk,2
ScrewedUpDinosaur,"Sup guys, i just bought 0.1 of GME and am scared to lose it all",1613339322,gngx2z8,False,t3_likmpp,t3_likmpp,13
stopearthmachine,I'm buying my weekly GME FDs 800c and getting the rest of my ass in MVIS,1613433574,gnl913u,False,t3_lkn19o,t3_lkn19o,7
Iam_nameless,"Bond market is a bubble according to Cathie Woods; just look at what happened during the GME squeeze earlier, suddenly bond prices spiked up. 

Also, the largest companies in the world are utility companies with huge CAPEX on their balance sheets about to be worthless when Elon Musk transforms Tesla into a utility company. 

When trillions of dollars of CAPEX goes tits up we’re in for a helluva show in the bond market.",1613433502,gnl8w6v,False,t3_lkn19o,t1_gnl8luu,2
TAWS,Imagine buying GME instead of TWTR. You guys suck at picking value stocks,1613433493,gnl8vlb,False,t3_lkn19o,t3_lkn19o,1
Abject_Resolution,I bought GME @ 200. I’m not asking for a fucking handout. I can’t even afford rent and this simp is asking people for a down payment? This guy can go kick rocks.,1613433439,gnl8rty,False,t3_lkm7pa,t1_gnl8n2a,3
Stoopiddogface,"This needed to be said... the whole point of coming to wsb was to learn what the real players are doing... build your portfolio picking up their crumbs until you can go solo with enough $ to live independently...

GME fucked that deep in the asshole ...",1613433417,gnl8qbx,False,t3_lkoggd,t3_lkoggd,24
[deleted],"I’ve been consuming YouTube videos about options trading for a month straight, and almost every channel these guys trading T and AMD. 

Maybe all of the noobs like me who came here after GME are watching these same videos and deciding to do their first csps and ccs.",1613433369,gnl8n1q,False,t3_lkpu79,t3_lkpu79,13
IamAdogRooRoo,might as well buy GME,1613433369,gnl8n2a,False,t3_lkm7pa,t1_gnkkr2b,3
InvisibleLeftHand,"Last statement makes sense tho. That aways applies to the insider plots and other day trading gimmicks.

So Thursday the 28th everyone had heard about GME, and it was still climbing... looks like that stock was an exception to the rule. I couldn't get in the game earlier due to the time for my broker to make the transfer. It was a matter of an hour before I realized the stock was getting screwed by the HF.",1613433336,gnl8kua,False,t3_lkn19o,t1_gnl8g89,2
gigantoir,"sofi can i have personal loan for 20k for gamestop?

you mean to open a gamestop franchise and invest in your future?

yeeeeeeees

\*actually yolos GME at $250 like a boss\*

bankruptcy time 😎",1613433285,gnl8hfb,False,t3_lkn19o,t3_lkn19o,10
BMWnoMoney,Buying 10 more GME,1613433155,gnl88om,False,t3_lkn19o,t3_lkn19o,6
phoenixmusicman,"Firstly, the huge bull run is different from the gme situation

Secondly, even the fucking dumbass apes were saying ""do not invest what you can't afford to lose""",1613433153,gnl88kd,False,t3_lkhsdq,t1_gnkqu3b,3
deesker,"You know what would have actually taught the hedge funds a lesson? Taking profits near the top. Fucking their shit up and getting out with bank might've at least made the impression that WSBtards can make successful trades. Instead of holding and showing them WSB is just a bunch of emotional retail noobs who got lucky

But oh well, GME is old news, here's some free money:

-NIO Jan 2022 $100c 

-AMD 4/16 $100c

-PLTR Jan 2022 $50c

-SOLO heading for new highs before April

-GE going to 13 before summer",1613433114,gnl85w7,False,t3_lkn19o,t3_lkn19o,19
mot0rola,over/under on how many times GME is referred to as “game stock” during senate hearing,1613433096,gnl84ob,False,t3_lkn19o,t3_lkn19o,146
InvisibleLeftHand,"> You should have sold when GME was at like 600%+

Dude, it's maybe time to accept the fact that not everyone was in the game prior to Feb 1st.

So now call your bosses and tell 'em to raise it back to acceptable levels (i.e. 400+), so I can sell.

Thanks!",1613433090,gnl848s,False,t3_lkn19o,t1_gnl7uwa,1
phoenixmusicman,"You know retail investors comprises a tiny amount of GME float, right?",1613433080,gnl83lw,False,t3_lkhsdq,t1_gnl7yf8,7
onionboys,haha get it Robinhood bad GME good,1613433077,gnl83dk,False,t3_lkn19o,t1_gnl6dlx,1
Nolzad,"They are prioritizing gme...
Its obvious look how many good DD posts of other tickers dont get deleted",1613433073,gnl833v,False,t3_lkn19o,t1_gnl7z0y,1
weefalicious,How the fuck can I get some flair? I’ve lost $25k on GME or I’m fucking juiced up for ARKX!,1613433048,gnl81ff,False,t3_lkn19o,t3_lkn19o,-5
Head_Paleontologist,I think continuing to baghold GME is enough evidence of cognitive impairment to render one a ward of the state.,1613433021,gnl7zkk,False,t3_lkn19o,t1_gnl7dmh,5
LEEJANDZ,"#Karma 

You feel like shit because you made money on $GME when all of us retards are still holding.

So fuck you!

Go find another sub for sympathy.

#Loser",1613433020,gnl7zkf,False,t3_lkp7r7,t3_lkp7r7,0
Painkiller_830,"only DD from this sub i’ve actually YOLO’d all my money on was GME and i was super iffy on that , i will admit i’m half autistic and i’ll throw extra money at something that has a pretty chart but if i’m putting big money on something , i be sure to research thoroughly",1613433015,gnl7z75,True,t3_lkp7r7,t1_gnl77e0,1
calforhelp,"I know a lot of us, including myself activated Gold about a month ago in order to have access to larger instant deposit limits in prep for GME’s launch. Those free trials are expiring soon, make sure you deactivate Gold to keep these asshats from stealing more of our future tendies.

Ideally move your portfolio over to Fidelity or another broker who had our backs when it mattered most. We must prepare now for our future battles.🚀🚀

💎🤲🏻💎252 GME@ $98.45",1613432944,gnl7uch,False,t3_lkqhjt,t3_lkqhjt,1
WallStreetRetardd,Enjoy your bags GME tard,1613432942,gnl7u7x,False,t3_lkn19o,t1_gnl7ops,5
Humavolver,"I've made 18 bucks off GME last week you losers are doing it wrong, wait till after the carnage and then scrape the roadkill up to eat fat. My new money bout to get biggg",1613432923,gnl7sy0,False,t3_lkhsdq,t3_lkhsdq,1
McKoijion,"Because this sub used to be fun before it was flooded by GME bagholders. If you want to long GME, that's fine, but take it to a different sub. You can't sit at the roulette table if you're not going to play.",1613432918,gnl7slt,False,t3_lkn19o,t1_gnl6zq7,4
cerwick88,"Maybe I didn't understand which side original comment was on... im 💎🖐 gme, bb. Picked up amc for the long run after it fell

Edit: I'm down 83 percent in gme",1613432817,gnl7luj,False,t3_lkm7pa,t1_gnl6zsv,1
AProgrammer067,And here I am feeling salty about buying 2 shares of GME at $290,1613432814,gnl7lnp,False,t3_lkm7pa,t3_lkm7pa,1
DirkDieGurke,"Well, many ""timed"" their buy ins when GME was $300.  It was $2.00 in February. Perhaps they just got greedy?",1613432802,gnl7ktx,False,t3_lkgfjt,t1_gnl74q4,1
samnater,"Want to explain to me how someone who posts very anti-GME posts keeps getting the top rated post for WSB when GME is still the #1 talked about on the sub and in the top #3 stocks held in RH accounts? 

Want to explain why this post was removed? You know, one that actually shows useful info instead of useless memes? Would be in the top 10 posts today.
https://www.reddit.com/r/wallstreetbets/comments/lkeej1/weekend_discussion/?utm_source=share&utm_medium=ios_app&utm_name=iossmf",1613432750,gnl7h8x,False,t3_lkeqb3,t3_lkeqb3,1
kshish1,"My thing is, GME is spammed everywhere, and y’all won’t just let it go when there’s soooooo much more money to be made elsewhere. If you wanna hold your bags till they’re profitable you could at least shut it and talk about your new positions.",1613432721,gnl7f7y,False,t3_lkn19o,t1_gnl6ibi,4
anxiousnl,"Wrote ""GME to the moon"" on my vision board.  Feelin pretty good about it.",1613432719,gnl7f3i,False,t3_lkn19o,t3_lkn19o,-1
WallStreetRetardd,Because he’s helping you and also getting you to fuck off. We don’t like GME bagholders clogging up our forum. The faster they sell the better,1613432698,gnl7dmh,False,t3_lkn19o,t1_gnl6zq7,4
Viklove,"Lol, please educate me on what ""bad facts"" I brought up. It seems like you are just so hell-bent on shilling against GME that you can't even understand my original comment for the joke that it is.

The intrinsic value isn't $ ya dingus, it's the joy it brings me from having this conversation with someone who is unironically retarded (you).

Every time you respond to my comment with these idiotic responses it just makes my initial investment more valuable. So please, continue giving me a great return!",1613432664,gnl7bcg,False,t3_lk2x8l,t1_gnl6y37,6
fanfanye,"If you want to have some fun

Go the the GME sub and you would think that the apes here are comparibly sane",1613432641,gnl79p2,False,t3_lkn19o,t1_gnl6l3h,2
lotus_bubo,Too much constant GME spam.,1613432546,gnl738b,False,t3_lkn19o,t1_gnl5v4n,2
_Username__Redacted_,"Sell $GME, buy more $BNGO",1613432382,gnl6rvx,False,t3_lkn19o,t3_lkn19o,-15
Nolzad,"Apparently not, good DD still getting burned even after citing every source of information (no misinformation) and well constructed text (I only watch GME) since tons of users were bitching and moaning about too much GME spam. Weed spam was totally fine, remember? 6k fucking mentions in the weed sector per day vs the measely 2k from gme.
Now weed died.",1613432236,gnl6i1x,False,t3_lkn19o,t1_gnl5v44,0
nicky94,"You do realize this post is titled 'what your moves are for tomorrow' don't you?

Also i hope you realize I've been in Wsb for fucking ages and made a fortune off GME lmao

your troll is a fail and a half

how could i look like the asshole in this situation compared to you ahahahaahahah

try better next time please",1613432206,gnl6fxx,False,t3_lkn19o,t1_gnl65bb,0
sarlaac,Jerry the janitor says urinal cakes are the new GME. GO IN HARD ON #PP AND HOLD THAT #PP TIL WE 🚀,1613432191,gnl6exe,False,t3_lkhsdq,t1_gnk15a0,1
AmishTechno,"Why the idea that people need to ""switch""? I use half a dozen of those sorts of services. It's not like if I want a game that's on origin, I just say ""nah, fuck it, it's not on steam, so I don't want it.""

Feels like a red herring. Like saying ""will people who shop at Barnes and Noble really consider buying books on Amazon?"" Or, ""will people who get their prescriptions filled at CVS ever really get their drugs at Walmart?""

Are there really consumers who only buy games if they're on their favored service (steam/blizzard/etc)????

I don't buy it at all. If someone wants starcraft, by God, they'll go to blizzard and get it. If someone wants anno 1800, then fuck it all, they'll install ubi and get it. Everyone I know who games is like this. And I'm a lifelong gamer with a huge array of varied gamer friends. 

I know precisely zero people who have any sort of loyalty to steam or anything like it. Fuck, if they have 90% of their games on steam, but one particular game is on another service for 20 cents cheaper, they'll go there instead. 

Which makes it feel like, if GME started one of these, and got some exclusive Rights to a game or two, and then sold tons of other games, too, they would be an instant success.",1613432180,gnl6e8k,False,t3_lkhsdq,t1_gnl49lw,1
WobblyDawg,My cousin Eddy says he will sell some GME to anyone interested. Who’s got cash?,1613432173,gnl6dr4,False,t3_lkjppf,t3_lkjppf,5
UnknownNote,"I love this. You guys are so stupid — and it’s hilarious. I remember when GME went up, you guys told me to buy. I asked why and clarified that there is no way it can go up any more than it has given that everyone has already bought in, and I was downvoted. Now, I’m happily watching all of your lives being ruined.",1613432167,gnl6db1,False,t3_lkm7pa,t3_lkm7pa,1
BigBoiBenis,"It’s just so funny how wrong you are🤷🏻‍♂️
SLV is going to squeeze far more than GME ever squoze. I am smart. You is dumb.
Remind me! One week",1613432137,gnl6ba0,False,t3_lkn19o,t1_gnl65gl,1
jaksndnso,"The idea to buy SLV wasn’t started on wsb as the news sources reported, meaning it was just someone trying to throw attention off from AMC GME BB PLTR by calling SLV the next GME, etc... the fact that you still think it’s going anywhere is a different level of retard",1613432054,gnl65gl,False,t3_lkn19o,t1_gnl5h8g,1
InvisibleLeftHand,"Does holding on GME + AMC count as a ""move"" or ""non-move""?",1613431982,gnl60jo,False,t3_lkn19o,t3_lkn19o,13
v1zionary,"Let me get this straight, if I keep my $1000 in and use short ladders to put in $25 per week then I might be able to short squeeze a pump and dump on the moon before skyrocketing past the big hedge fund boys and get $9billion on my GME.  Is that right? 🤷‍♀️🚀",1613431912,gnl5vmx,False,t3_lkoggd,t3_lkoggd,26
__will_i_am_,"Nice try HF, we holding GME, we shall not be diverted!  Strong together, Apes forever!",1613431897,gnl5uku,False,t3_lkq6wm,t3_lkq6wm,-7
nicky94,"Oh hello GME fudster, them puts aint looking too good?",1613431884,gnl5tmh,False,t3_lkn19o,t1_gnl56zr,1
Rocket_Emojis,"Oh, sorry.  Yes, let's avoid scams and go back to buying AmC and gME.",1613431861,gnl5s1r,True,t3_lkpf2y,t1_gnl5ltx,4
phoenixflame,I got GME at the beginning of the pandemic. I’ll probably wait till pandemic ends to reinvest on meme stocks.,1613431855,gnl5rot,False,t3_lkhsdq,t1_gnkrzkm,1
MulhollandMaster121,I didn’t say I “knew what this sub really is”. I said the GME spam was constant and I’m glad it’s getting removed.,1613431824,gnl5pg8,False,t3_lkn19o,t1_gnl5f5w,0
yrogerg123,"I get it. I felt it. I lost money on GME and AMC.

But there's an art to sizing a bet so that a win would be helpful and a loss won't hurt. I bet about 5% of my available cash, and lost about 70% of my initial investment. 

If your rent is $600 and your bank account is $600 and there's no more pay-days before rent is due...that number that you can afford to lose is fucking $0. Anybody who doesn't see that is an actual idiot.

Obviously it sucks that investing is a game that only the rich can play, because a $100,000 loss is easier to stomach if you make $200K than a $200 loss would be if you make $9/hr. But that's the way it is. That's how money works. If you want to make money as a poor person, get a better career. Speculating is *at best* 50/50. At best. Half of professionals don't even beat the market, and the other professionals can't even predict who will. It's all a shitshow.",1613431812,gnl5oo1,False,t3_lkhsdq,t1_gnl2zrl,39
g4858364957,Wait till the GME apes learn about Bogdanoff,1613431802,gnl5nx4,False,t3_lkn19o,t3_lkn19o,-3
IrezumiHurts,"Now I find you here again with the ape shit? Get fuckin real. Does every post you have on this forum have to have ape emojis? WTF is wrong with you people. Wasn't even paying attention but your post is the only one that looks so fucking dumb, it's like I can't even go to the store without tripping over your dumbass. This isn't even a GME post you sorry fuck",1613431730,gnl5iz6,False,t3_lkfu08,t1_gnkm0fz,2
thesmiter1,Are there still people that want to circle jerk more about GME? Isn't there a whole sub for that?,1613431603,gnl5a50,False,t3_lkn19o,t1_gnl51ln,1
obeymypropaganda,"Has nobody noticed all the crappy news articles telling people not to use stimulus checks to buy GME? They are still worried about the squeeze. They cannot exit positions right now. Why is the price extremely level at $50-52 now?

Sorry to post this here, but it seems like any new posts about GME gets filtered out.",1613431569,gnl57si,False,t3_lkoron,t3_lkoron,42
MulhollandMaster121,Thank fuck they are. Too much constant goddamn GME spam.,1613431562,gnl5796,False,t3_lkn19o,t1_gnl51ln,1
ttv_Mundo_stream,"FYI Dave Chapelle is a GME holder sitting next to a BB and AMC, with tendies on the table.",1613431548,gnl56ap,False,t3_lkeqb3,t3_lkeqb3,1
Individual_Error_428,Himax and gme,1613431502,gnl532x,False,t3_lkn19o,t1_gnl4y6k,4
fanfanye,"There's a GME sub

They think that this sub is taken over by hedge bots",1613431489,gnl523j,False,t3_lkn19o,t1_gnl4cfo,3
My_Papa_Is_Elon_Musk,"I swear if futures go big red and erase everything to go back to even, im gonna be so pissed I'm gonna only buy 200 gme shares at open",1613431487,gnl51xo,False,t3_lkn19o,t3_lkn19o,8
nicky94,"Looking to buy 20-30k more of GME at this price for longterm.. preferably under 50 anyway.

Want to pick up more Semi-conductor stonks

Also some PSTH",1613431433,gnl4y6k,False,t3_lkn19o,t3_lkn19o,-5
PsilocyBill,"LEAPS: Any. In my opinion, we are just seeing the beginning of what spitcoin will become. I’ll be transferring 100k directly into that as well. 

Currently own a bunch of RIOT LEAPS @20 strike, bought more @50 and 60 for Jan 2023. 

MARA I’m currently more bullish on. Has to catch up to RIOT so it has more short term upside in my opinion. I purchased the last dip before Elon bought spitcoin, have 20 LEAPS @20

I’ll be buying: RIOT 60C 04/16/21 & MARA 40C 04/21/16, and I’ll be buying 2 spitcoins, and 2-300 shares of GME",1613431427,gnl4xr6,False,t3_lkn19o,t1_gnkoxgl,3
DutareMusic,"Everyone seems to mention their practice of buying houses “below market value” and selling the house for them and how that doesn’t work in this housing market.

These guys will literally RENOVATE YOUR HOUSE FOR YOU. People underestimate the amount of work that takes out of the equation, considering most will have to do some form of renovation before listing their home. A lot of people also have time constraints on moving for jobs and other reasons, and an instant sell removes that contingency when buying a new home to live in.

Sold my $OPEN shares to add $GME in my IRA below $100 and hopped out at 200% gain, will probably be moving that cash back into OpenDoor tomorrow.",1613431391,gnl4v84,False,t3_lkl6wl,t3_lkl6wl,5
samnater,Every time I hear about silver I sell some of my wife’s boyfriend’s stuff and buy more GME.,1613431378,gnl4uac,False,t3_lkn19o,t3_lkn19o,-4
[deleted],Wonder why so much hate against GME. Lol it’s still a stock you retards. It’s still in play even if it doesn’t budge.,1613431370,gnl4tq4,False,t3_lkn19o,t1_gnl433k,1
dogeball40,"Guys, there's no reason to celecrate alright?

*apes when gme goes up 1%*

#ITS A CELEBRATION FUCKS!!🎺🎺🎺🤹‍♀️🎪🦍",1613431346,gnl4s1q,False,t3_lkn19o,t3_lkn19o,-8
smackmyditchup,I'm one of the retards that knew nothing about stocks but was telling my mates about gme. Down 80% we move. Tard4life,1613431243,gnl4kqa,False,t3_lkhsdq,t1_gnkqa2d,3
Locem,"Because a bunch of boomers who saw the GME news ""downloaded reddit"" as they would say.",1613431225,gnl4jfn,False,t3_lkjppf,t1_gnkd2zc,1
DarthDank12,"My sndl puts have printed me money,  gme puts printed me money, tilray puts printed.  

If people want consistent profit they should be doing spreads anyways",1613431100,gnl4ajm,False,t3_lkp7r7,t1_gnl3mi3,2
mvxomvxo,"First idiotic move: getting Robinhood because you’re too cheap for $7 commission 

Second idiotic move: getting involved in GME",1613431068,gnl485r,False,t3_lkjppf,t3_lkjppf,-12
rustyjames0,"Thanks for the DD, especially the demo day stuff.  If GME wasn't going so crazy that week, there would've been a lot more write ups on it and this stock would've had way more attention.

Been in since December with 300 shares and bought 200 more shares at the dip on Friday.  Holding them forever and buying more if the opportunity presents itself.  Also got 21 contracts from 3/19 to 5/19.  

🚀🚀🚀🚀🚀🚀🚀🚀🚀🚀",1613431030,gnl45kn,False,t3_lkngg9,t3_lkngg9,2
Cuntcrusherr,"Can confirm

Source: $365 GME retard bag holder",1613431001,gnl43m4,False,t3_lkhsdq,t3_lkhsdq,1
g4858364957,Why does this place have other stocks here? We only like GME. I like the stock. 🦍 like the stock and 🦍 💎 🙌,1613430995,gnl433k,False,t3_lkn19o,t3_lkn19o,-6
Renegade2592,"Well I 💎✋ a 14 bagger on gme and have to work again but at least I just got promoted to bid all of these contracts instead of doing them cause this shark liked my bet.

Will make triple on the commission and not have to breath in dust all day whooo.

I have millions in contracts all over the east valley to go win this week.. guess I should learn to read plans real quick lmao",1613430976,gnl41qq,False,t3_lkn19o,t3_lkn19o,-6
tossserouttt3483726,Na just a margin and volitility thing all brokers do. Gme is high risk selling it opens up more leverage. You can buy 0 gme on margin but 5k microsoft which is low risk. Anyone been around a few years knows OP just belongs here,1613430975,gnl41os,False,t3_lkoron,t1_gnkxx1y,16
ImAnonymous135,"Futures: higher than fridays close.
 
Bears: bULs r fUK
 
GME holders: The squeeze hasnt been squoze yet
 
Hotel: Trivago",1613430970,gnl41dl,False,t3_lkn19o,t3_lkn19o,27
THEIRONGIANTTT,"Buying GME at $4? Not a bad investment

Buying GME at $40? Not a bad gamble

Buying GME at $400? Not a bad story",1613430951,gnl4038,False,t3_lkhsdq,t3_lkhsdq,11
Maciston1,"The markets are closed for president's day you idiot.




















Jk. I'm I bought GME at $330 retarded, not the other kind retarded.",1613430883,gnl3ve2,False,t3_lkjppf,t3_lkjppf,-9
bullear,I don’t understand why don’t you just invest it in GME,1613430866,gnl3u7b,False,t3_lkm7pa,t1_gnl2csf,1
Top-Turn1055,Bought GME & AMC. Lost a grip of money. Tried again on SNDL & HYLN...I'll try PLTR tomorrow - I learned not to buy memes.,1613430857,gnl3tkl,False,t3_lkn19o,t3_lkn19o,4
No_Instruction5780,I fucking wish I could get my options trading approved on Fidelity I'm lighting money on fire not getting down on this with my shares of GME.,1613430829,gnl3rnq,False,t3_lkhsdq,t1_gnk55ts,1
Popular-Swordfish559,"Why are you going after SPCE? It's an objectively bad investment because the company has no business model. But then again, GME and AMC are *also* bad investments with rapidly dying  business models, so I guess it's on-brand for you guys.",1613430806,gnl3q0c,False,t3_ljs5eg,t3_ljs5eg,-3
T-Bill95,"I would get a hold of Fidelity, then. I created a Fidelity account right after GME dropped and had my bank linked within two days.",1613430754,gnl3m9t,False,t3_lkoron,t1_gnl1cks,4
Ykana1,Daily reminder for the GME tards: you need 900% gains to make up from a 90% loss.,1613430747,gnl3lsk,False,t3_lkn19o,t3_lkn19o,-4
g4858364957,GME happened,1613430730,gnl3klj,False,t3_lkn19o,t1_gnl3h9a,5
T-Bill95,"Bullshit, I created a Fidelity account just after GME dropped, had my account set up almost instantly. My bank was linked in one day, maybe two?",1613430669,gnl3ga5,False,t3_lkoron,t1_gnl1xzd,7
Ykana1,We got 3-4 angry GME retards downvoting everything.,1613430645,gnl3ejs,False,t3_lkn19o,t3_lkn19o,8
Im-a-waffle,What’s the news on GME and XRT? I can’t find it,1613430603,gnl3bn5,False,t3_lkn19o,t1_gnl350s,1
Briiskn,GME was two weeks ago the world has moved on,1613430583,gnl3a82,False,t3_lkn19o,t1_gnl2zzy,-2
OverpricedBagel,"The whole GME saga did a number on me mentally even though I did well. The lows affect you as much as the highs even if you don’t feel it right away. 

Day trading isn’t for me and I had to learn that lesson the hard way. I realized I was on tilt and chasing a loss, liquidated positions, moved everything back to the bank and took a breather.",1613430519,gnl35t9,False,t3_lkp7r7,t3_lkp7r7,5
Hank-TheSpank-Hill,"You are retarded this hurts. The intrinsic value of most companies that don’t turn a profit is 0 ie the -12 PE GME has running. Don’t worry about forehead wrinkles when you have no brain wrinkles.

My main argument is you have to sell to get money ultimately a liquidation by the company is a forced SELL. This shit is not difficult. You retRd",1613430481,gnl333l,False,t3_lk2x8l,t1_gnipja7,1
PokemonSavage,are you guys still buying GME,1613430435,gnl2zzy,False,t3_lkn19o,t3_lkn19o,6
thaSuperior21Lake8,Someone is literally going through all the new comments and downvoting them. Haha probably GME bag holders,1613430425,gnl2z9g,False,t3_lkn19o,t3_lkn19o,-1
Cal4mity,"Look I made big money off GME and I'm as sick of these GME posts as anyone here.

But tbh fuck yourself

This shit should be in the light and vlad should be getting pounded in prison if I had my choice",1613430400,gnl2xhl,False,t3_lkp3u1,t1_gnl0d3j,25
Spezia-ShwiffMMA,"At first I thought GME was running away and taking your money with it but now I realize it's going to the moon after I learned to read and read the sign. Long story short long GME  


  
*I am not a financial advisor also I recently locked my keys in my car during a snowstorm it didn't go well.*",1613430399,gnl2xes,False,t3_lknm4d,t3_lknm4d,42
bigxands,"Looking back at this post, GME is at 52. Amazing speculation",1613430270,gnl2ok2,False,t3_lah4st,t3_lah4st,2
CrwdsrcEntrepreneur,Strong GME @ $385 energy in this FundMe,1613430133,gnl2eue,False,t3_lkm7pa,t3_lkm7pa,1
jewrassic_park-1940,I'll donate if he invests it in gme again,1613430104,gnl2csf,False,t3_lkm7pa,t1_gnktr6m,25
AmishTechno,"I mean, it comes down to when you got in, right? Buying right now as a long term play is probably not a winning bet. People who got in at $4 and didn't get out during the craze? I dunno. Selling now might be the move. However, again, if January 2014 comes around, and GME is worth 100, I wouldn't be surprised at all",1613429941,gnl217p,False,t3_lkhsdq,t1_gnkz8tm,1
donvincenzoo," 

**Hi,**

**i   read a lot about fail to deliver and everything so i decide to write  to  SEC and Other ""Official "" about it . here is my letter . it is not   perfect but you can use it and modify it as you want if you want to mail   them a little about this situation . we can not let that continue . it   is crazy RIGGED market in my opinion . it is about GME and AMC here  ... i  don't investigate other ... FREE FAIR USA MARKET ? we will see  that .**

""good morning Sir ,

I   am a french native and i invest my money in what i was thinking was  the  best trading market in the whole world : USA FREE MARKET .

recently, i dig some information that appear to me to be a real true problem : Fail to deliver on some equity i invest in .

For example $AMC : just for 2d half of january : +57.000.000 of share fail to deliver !!!! +57 Millions !!!

How is it possible ?

Same go for other stock, like $GME who have fail to deliver for month in hudge volume .

That mean something is going wrong.

so   i dig more and i found information about a strategy used by some hedge   funds : ""naked short"" : they can short a stock without even REALLY   borrow the REAL share to someone . How is that possible or legal ?

even   more : How is that possible that they can short a company like GME or   AMC to such an amount that they short more share than the global amount   of share avaible to trade ?????

then   i dig more and learn more and read about an other strategy : ""short   ladder attack "" : """"The shorts manipulate the laws of supply and demand   by flooding the offer side with counterfeit shares. They will do what   has been called a short down ladder. It works as follows: Short A will   sell a counterfeit share at $10. Short B will purchase that counterfeit   share covering a previously open position. Short B will then offer a   short (counterfeit) share at $9. Short A will hit that offer, or short B   will come down and hit Short A's $9 bid. Short A buys the share for  $9,  covering his open $10 short and booking a $1 profit.

By   repeating this process the shorts can put the stock price in a  downward  spiral. If there happens to be significant long buying, then  the shorts  draw from their reserve of ""strategic fails-to-deliver"" and  flood the  market with an avalanche of counterfeit shares that overwhelm  the buy  side demand. Attack days routinely see eighty percent or more  of the  shares offered for sale as counterfeit. Company news days are  frequently  attack days since the news will ""mask"" the extraordinary  high volume.  It doesn't matter whether it is good news or bad news. """"   ***here i post a link from*** ***gerald-klein*** \*\*\*-\*\*\****anatomy-of-a-short-attack***

i send those information to SEC so i hope they will investigate it but i am not sure anymore .

So i write to you sir and i hope you will investigate .

How can you call it a Free Market if the ""big guys"" doesn't have to play by the rules ?

and   i dig more : i found that fail to deliver data on GME was low on 29/01   (it was a surprise ) and i read that an ETF (that owned 20% of $GME)  have a massive amount of fail to deliver the same day . so it   look like there is something going on to manipulate the ""free and Fair""   market of USA at all the level .

As a retail investor i am really disappointed to discover such manipulation of the market, manipulation of the book order.

And   i am more than disappointed to see that there is ABSOLUTELY ZERO   REGULATION to track those kind of manipulation, even when they are   obvious to the whole world;

AMC   and GME actualy show to the whole world and to me ""little retail""   investor that the whole market look totaly rigged and it is rigged   against us .

This  is not retail  investor that have the right to short naked . hedge fund  do it so  abusively that they ended in bad position and that make and was  going  to continue to make win big to retail investor .

this is not retail investor fault if some BIG HF investor disrespect the rule book and get caught in the honey pot .

I   hope that USA will do something about that or i will end to invest my   money on Asian market instead cause i am not sure to be able to TRUST   the Free and FAIR USA market anymore after such a thing.

Best regards ,  """,1613519981,gnpgfp4,False,t3_lla9hk,t3_lla9hk,1
mirinfashion,"Yeah...I'm the broke one. What's your GME average again?

>ive been here before most of you retards joined from the March dip

""Redditor for 1 year"", so you joined in February of 2020 instead. Lmao",1613519974,gnpgf7e,False,t3_ll8q81,t1_gnpg54a,2
zeb737,"I've already decided that I will keep one of my GME shares no matter what happens. That share could be worth $5000 imma hoard that shit like I'm fucking Smaug. It will stay in my portfolio forever as a souvenir of this remarkable point in history.

And because I like the stock, obviously.",1613519963,gnpgefu,False,t3_lldxno,t1_gnp2u5f,222
YesYesYesVeryGood,"I came in late and bought one GME share at $50. I don't care if it goes down to nothing as it is only $50.  I put the limit for sale at $947. I don't mind if it sells or not. It's about sending a message.

I did the same with AMC.  bought one share at $6.  selling at $106. If I am stuck with it,  that is fine.

I am just hoping my limit sell orders help boost up the value.",1613519951,gnpgdjx,False,t3_lldxno,t3_lldxno,0
b_shadow,"As a bag holder I'm convinced that GME won't go up, no chance. Right now is way overvalued. I'm just holding my position and selling them in the future to use them as loss for my taxes. When you play the game sometimes you lose. 

Edit: I know that HF and RH fucked us, but that is something we can't fix. No matter what, we won't get our money back.

Edit: No, it won't go up... As you have seen. Like it or not.

Edit: I was fucking wrong!!!!!!",1613519909,gnpgagp,False,t3_lldxno,t1_gnowzcx,-8
LL_2200,In my opinion TSM isn’t a buy at 138 but GME is. Has TSM ever seen over 200 or 300?  I didn’t think so. Pretty sure you should just go hang out in the investing chat room on Reddit,1613519906,gnpga88,False,t3_lktzoi,t3_lktzoi,-1
Hazardinhoo,">GME

Any updates? Tuesday now, feels like i have hold this forever.",1613519904,gnpga1e,False,t3_leonn1,t1_gmgdhvs,1
Otakufy,HOLD GME,1613519855,gnpg6mo,False,t3_lldila,t3_lldila,-9
churnAmex,PLTR or GME calls?,1613519848,gnpg64b,False,t3_lldila,t3_lldila,1
Kenney420,"Wierd, I made this same gif in early December about GME. Half the lines are damn near the same too.

https://gfycat.com/colorlesskindichneumonfly

I never posted it cause I fucked up and a bunch of the lines got cut off.",1613519803,gnpg2vj,False,t3_llegcj,t3_llegcj,175
Otakufy,"Nope a shit ton of good DD and general posts about GME were and still are being removed, even heavily upvoted posts.",1613519790,gnpg1z7,False,t3_llgits,t1_gnpe8oa,42
MangoManYummy,I don’t think I’ve been this pissed since gme. Like nio has legit only moved red. How can it not even hold 60.,1613519758,gnpfzor,False,t3_lldila,t1_gnpfwnh,1
mirinfashion,">no ? I could care less if he sold. go find proof of the photoshop before blatant accusations. if you watch his YouTube videos he’s been talking about GameStop for 2 years. he hasn’t sold

Lmao, where's your proof that he's still holding? His screenshots? Why don't you go look at his YT channel? His oldest video is 7 months ago and this is how I know you're a new fuck here, he started his GME position in the middle/late of 2019, when the majority of WSB shitted on him for it. So no, he hasn't been talking about GME for 2 years. And don't lie to yourself, you know you do care if he sold, because it gives you some hope that there's still something left in GME.

Keep bagholding though because you got too greedy.",1613519681,gnpfu7a,False,t3_ll8q81,t1_gnpenyd,2
Seedbtm,Absolutely There is a retard I watch occasionly on YouTube called live trader and he went out of his way to make a video dissing gme. He totally changed his story from dessen Melvin the other day and it sounded like it was prayed promotional post. Very suspect. Stay long hauled I'm back in to morrow,1613519650,gnpfrx4,False,t3_lldxno,t3_lldxno,-2
Leenixus,"Got confused, yolod everything i have in GME.",1613519626,gnpfq72,False,t3_llftek,t3_llftek,87
Otakufy,Aight cool but why is there still so much good DD on GME being removed?,1613519623,gnpfpzx,False,t3_llgits,t3_llgits,6
cr__ked,GME TO THE MOON 🌚🚀 LFG,1613519614,gnpfpca,False,t3_llgits,t3_llgits,3
vote4gordo,GME is 110% institutional owned (figure that out). Some very powerful firms lost money because RH protected one shithole hedge fund. It's not just about retail traders.,1613519487,gnpfg2v,False,t3_lldxno,t1_gnp7ymn,2
HowDoIDoFinances,"lmaoooo.  Even the automod is set up to police any negative discussion of GME.

It's honestly mindblowing to me how sharply the average IQ here has dropped recently, and that's saying something considering where it started.

Note the years of history on my profile and the fact that I've barely been posting here recently. But yeah totally, keep living in your fantasy world where anyone who disagrees with you is actually a deep cover agent sent to steal your gains.",1613519443,gnpfcur,False,t3_ll5p7b,t1_gnpf4y6,0
uiuyiuyo,"So they share in all the downside of the industry and none of the upside, according to their quarterly reports that show them shrinking while the gaming industry grows massively.

GME is a distributor. They are no more part of the gaming industry than Target. It just so happens they don't sell anything else to make up for the terrible margins on selling video games.",1613519422,gnpfbb8,False,t3_lldxno,t1_gnpexi1,1
tomasg86,Sold my coat to buy more GME,1613519325,gnpf45z,False,t3_llftek,t1_gnpdj5c,44
deliquenthouse,These are hedges in the case that gme soared to 2000 or more which didn't happen because buying was stopped on some platforms,1613519324,gnpf443,False,t3_llftek,t1_gnpe5lg,-4
WallStreetBets_,Can we get rid of all the GME transplants?,1613519313,gnpf3c3,False,t3_llgits,t3_llgits,4
passionpaindemonslay,One day of GME watching and nail biting is equivalent to one month. In reality it’s been like two? maybe two and a half weeks? I honestly don’t know at this point i’m just holding.,1613519305,gnpf2s2,False,t3_llgits,t1_gnperaw,660
beamteam7,But his personal RH account was 100% in GME calls,1613519263,gnpezq5,False,t3_lld01t,t3_lld01t,5
oledayhda,"It’s a bloody distributor dude, I’m not replying to you anymore. You are an idiot. Saying GME isn’t part of the industry is like saying a hooker just does it for free! They get profits of distribution & other products from gaming. It’s generally understood they don’t create games.",1613519232,gnpexi1,False,t3_lldxno,t1_gnpdmr1,2
bicameral_mind,His point is well taken though.  How many more people piled in from r/all after seeing his highly upvoted gains porn?  That kind of thing is the main draw of new users to this sub.  A screenshot of some dude making millions speaks a lot louder than a discussion titled ‘GME short squeeze”.  No doubt he didn’t start the idea but his posts undoubtedly drew millions of people and helped spread the idea all over the internet and into mainstream media.,1613519183,gnpetyg,False,t3_lld01t,t1_gnpdwlt,20
hoyeto,"I have a question regarding the GME squeeze.

What if Melvin and the other fat cats just bought (by a third party representative), alongside with thousands of WSB apes, and then dumped their shares near the peak, forcing down the stock price? If so, they would have been the only big winners all along: selling at the peak, and avoiding the squeeze.

Some savvy ape can answer?",1613519164,gnpeslx,False,t3_llfxep,t3_llfxep,-8
WeighWord,GME feels like a year ago,1613519146,gnperaw,False,t3_llgits,t1_gnpefm6,986
Fitfatthin,"Oh fuck this is giving me pre-GME tank vibes - ""tONS OF POOtential, HoLd, DoubleDown BUYTHEDIP""

I'm not ready to be hurt again, I'm still holding my GME I'm going to the fucking moon, diamondhands.

Fuck it, I'm not selling PLTR either, I do believe in the company and it will definitely recover 10 dollars in the next 3 years.",1613519119,gnpepe1,False,t3_ll6zh9,t3_ll6zh9,2
LifeMechanic2,GME bagholders remind me of people who overstays at a party that's long over. And then buying more shares is like buying more beer for that party.,1613519091,gnpendv,False,t3_llftek,t3_llftek,-15
TadpoleCreative,Bought a car off Craigslist and gave the guy a cashiers check for $6400 and this dumbass retarded motherfucker goes and loses that shit so I gotta run to the bank to cancel it to make sure no homeless bum take my goddamn money.  TLDR: this guy I bought the car from definitely bought GME at over $400,1613519009,gnpehj6,False,t3_lldila,t3_lldila,33
spyaintnobitch,"PSA: Robinhood ain't sending you no tax forms this year cause they want IRS to send us to ""fuk me in the ass"" prison for what we did with GME

So stop asking!",1613518999,gnpegrc,False,t3_lldila,t3_lldila,6
CyberHaxer,"ZJZ is back. The hearing on thursday... AND the exposing of XRT shorts.

It’s starting to look better for GME. Even AMC.",1613518998,gnpegof,False,t3_lldila,t3_lldila,2
shad0wtig3r,"Yeah it's the new trend to gain some retarded viewers. 

-Hot reddit stock X on the move.

-Reddit new favorite X to replace GME. 

-What could be the next GME? Sign up for CNBC PRO to find out. 

Fuck them all, this is hedge fund influence trying to prevent a GME from ever happening again.",1613518994,gnpegfx,False,t3_llggnq,t3_llggnq,24
Squabbles123,"You are welcome to hold those bags as long as you like, don't think GME is gonna sit at $50 forever though, it'll be back to around $10 by March I suspect.",1613518987,gnpefx1,False,t3_lldxno,t1_gnozybe,10
AllerechteBetonMicha,"You know once, long time in the past, there was written on stone, the holy words, which may describe the path, everyone of us has to go in his life: Get the richness or die while you are trying! GME TO THE FUCKING MOON OR TO DEATH I DON‘T SELL UNDER 69,420 each 🚀",1613518964,gnpeeak,False,t3_lldxno,t3_lldxno,1
greenbayva,"Back in the day when I was a gme trader, I had 5k on one comment. I was like the 5th beatle. Fame got to my head and I lost everything. Money. I lost all my money. I literally had nothing else.",1613518929,gnpebrv,False,t3_lldila,t1_gnpdcrl,2
derelluaxon,"I can't wait for the r/wallstreetbets GME movie, it looks like we're getting near the end of the story.

1. **Exposition:** We all clowned u/DeepFuckingValue for not taking profit in GME back in 2019, but u/DeepFuckingValue uses plot armor and continued to 💎🖐
2. **Rising Action:** Price of GME goes up, u/DeepFuckingValue updates us and we start to get inspired by him, gamma squeeze happens
3. **Climax:** The news showcase the hype around wallstreetbets, everyone and their mothers invest their life savings into GME, GME goes up to $400, hedge funds get fukt
4. **Falling Action:** u/zjz removed from mod team, u/DeepFuckingValue on hiatus from SEC investigation, Robinhood and hedge funds now fukt us over and bring GME back down to $50, buncha 🦍🦍 still continue to bag hold GME at $300, people lose trust in each other in this subreddit
5. **Revelation:** u/zjz reinstated as mod, u/DeepFuckingValue comes back clean from the SEC investigation and updates us on how he's still holding his GME shares and call option (hopefully), we fukt the hedge funds again ;)",1613518922,gnpeb9l,False,t3_llgits,t3_llgits,1202
ApocalypseMao,"Wow! Now with zjz’s bots back, maybe the newer automod will stop tearing down everything GME! (Disclaimer: I’m cool with blocking all the ape stuff, but there is some cool DD that’s been blocked out too)",1613518918,gnpeaxm,False,t3_llgits,t1_gnpcza0,24
giantwashcapsfan8,Oh I’m probably going to lose it all lol. I started 2021 with a $450 and made all that between GME and weedstonks so I haven’t been doing it long but I am on a hell of a hot streak lol,1613518883,gnpe8hj,False,t3_lldila,t1_gnpd6qb,1
melody_elf,"how tf is this accurate though, the SEC has done absolutely nothing about GME. you guys have an insane victim complex.",1613518782,gnpe1a2,False,t3_lla9hk,t1_gnois6j,0
GrundytheGriller,"They aren't shills you retard they are just reasonable people, just like they were at the height of the GME hysteria. I got like -200 and called a shill for telling people they should sell at open on the Monday it crashed.. Yes, obviously you are a sucker, jesus man thats been obvious for like two weeks.",1613518715,gnpdwji,False,t3_lldxno,t3_lldxno,4
Gryzzyl,So now is the time to buy in on GME right?,1613518704,gnpdvpt,False,t3_lldila,t3_lldila,7
Alaniscarcassette,"I sold GME before it crashed but I also sold NIO at $6 . The misses hurt a lot more then strike outs, so keep swinging retards 🏟",1613518685,gnpdu9h,False,t3_lldila,t3_lldila,7
lemination,Borrow interest rate on gme shorts is below 2% as of today. It's dropped every day this month. Shorts have been going down,1613518682,gnpdu31,False,t3_lldxno,t1_gnp8rsu,5
aeywaka,Debating about dropping my GME bags and jumping into Lucid....,1613518612,gnpdp4m,False,t3_lldila,t3_lldila,8
uiuyiuyo,"GME isn't part of the video game industry though. Record revenue for gaming isn't going to GME, it's going to publishers, creators, Twitch, etc.

I bet the top 100 streamers make more than GME...",1613518579,gnpdmr1,False,t3_lldxno,t1_gnpbcf0,10
_GinNJuice_,He just got into $GME 19 days sgo.,1613518414,gnpdb02,False,t3_llgivh,t3_llgivh,1
4chanstan,"Guys pitching ULTA to GME holders? What are we, pussies?",1613518363,gnpd797,False,t3_lldila,t3_lldila,4
throwaway66280,"They criminally robbed anyone that bought GME by shutting off the buy side at 450$ and doing one sided capitalism and shills are out full force trying to tell us to sell. News is pushing propaganda everywhere about how this whole mess is over and “lessons we can learn.” 

It’s like they’re rubbing our nose in dirt and making us snort sand to remind us the rich follow no laws. 

Yet they’re still spending millions of dollars on media to try and convince us this whole thing is over, doesn’t compute. No thanks, I think I’ll hold 💎",1613518326,gnpd4lf,False,t3_lldxno,t3_lldxno,-1
LeakyThoughts,"I made 200 on one share and lost 200 on another 

In total I lost like 80 so I'm not upset about it

But the fact is.. GME has been on failure to deliver for MONTHS

They shorted over 100% of shares.. there's reasonable suspicion that there was fake shares being pushed into circulation

They caused a total market shutdown because they started to lose..

They are basically just a big fat kid that brings a ball to play and when they get tackled they just pick up the ball and run home..

GME was a fucking SHIT SHOW of various illegal activities that they were doing in broad daylight

I'm not pissed because I lost a bit of money.. I'm pissed because  this type of activity needs to stop.  Now",1613518308,gnpd3d2,False,t3_ll68pc,t1_gnpcj8q,3
Tangelooo,You could look at any ticker on the front page that’s not GME & cross reference it to the performance over the last week & I bet you wouldn’t be too shocked to find they all tanked.,1613518282,gnpd1hk,False,t3_lldila,t1_gnpcksm,1
FlyingTunaCycle,"before GME ppl post mainly about having sex with prostitutes. Ppl talk like WSB was some genius sacred place before, it was the same thing lmao.",1613518151,gnpcrvi,False,t3_lldxno,t1_gnozm4q,2
WillTheDreadWolf,Buy GME feb 19 800 calls,1613518103,gnpcogg,False,t3_lkvzj7,t3_lkvzj7,1
colligreen,"I honestly just think its to attempt to convince us we can't do the shit again. They're gonna keep pushing it down our throats that ""we lost"" and bs like that. So when retail traders show that they're capable of placing correct trades they'll start throwing around the ""look at what happened with GME"" lines.",1613518102,gnpcocw,False,t3_lldxno,t3_lldxno,-1
Ykana1,"My response to the claim that the sub is over taken by hedge fund shills: 

Maybe, just maybe, it’s because y’all are the most obnoxious bag holders the sub has ever had. You guys downvote everything that isn’t “GME GOOD” and make up delusional conspiracy theories with no proof. Every single one of us OGs have made fucking retarded ass plays. You know how we determine if it was retarded or not? It’s determined by the #1 rule here, make money.",1613518052,gnpcksm,False,t3_lldila,t3_lldila,15
Shabootie,"Basically it's all these GME tards who got burnt chasing a squeeze that already happened realizing that they can *actually make money* on the stock market by going long in non-retarded stocks and holding.

Probably too burnt from the GME crash to risk YOLOing into any real bets tho. I think next the apes will find out about $SPY and $QQQ and think they've hit a goldmine.",1613518035,gnpcjfy,False,t3_llfxep,t1_gnp9idn,7
LovableContrarian,"yes, that's what I'm saying.

DFV made a good play by playing the fundamentals, and perhaps recognized an undervalued stock that deserved a 100% boost, or so.

The fact that cohen was named to the board and a global short squeeze phenomenon sent GME to $500 was blind luck, and akin to winning the lottery.",1613517986,gnpcfub,False,t3_lld01t,t1_gnpbh31,10
GLOaway5237,So are you guys holding any GME? I have like 1 stock for shits and giggles cause I’d lose it if the apes end up winning and I didn’t have any.,1613517940,gnpcchv,False,t3_ll1iqy,t3_ll1iqy,4
Ykana1,"Maybe, just maybe, it’s because y’all are the most obnoxious bag holders the sub has ever had. You guys downvote everything that isn’t “GME GOOD” and make up delusional conspiracy theories with no proof. Every single one of us OGs have made fucking retarded ass plays. You know how we determine if it was retarded or not? It’s determined by the #1 rule here, make money.",1613517940,gnpcchy,False,t3_lldxno,t3_lldxno,24
deltamoney,I think it was something about how newer data from Feb showed something between XRT and GME with regard to short interest moving from one to the other.,1613517918,gnpcaub,True,t3_ll68pc,t1_gnpaydr,3
CloggedBathtub,"It doesn't, but that's fine for GME.",1613517918,gnpcauj,False,t3_ll5p7b,t1_gnny2y3,-2
Cuedon,"As much as it's making me gnash my teeth, the application process is a one-off thing and I don't expect much in the way of issues after... according to somebody else a few days ago, they got 400k new applications since GME, so they're probably just overloaded. I hope.

Incidentally, Webull flat out rejected me with no explanation. Not for a options/margin, but for a *basic* account.",1613517904,gnpc9t5,False,t3_ll74oq,t1_gnpbf1i,1
Capraos,"Wanna buy some GME? Green means it's ready for buying and red means it's a firesale, so you should stock up while price low.",1613517821,gnpc3t3,False,t3_ll90wj,t1_gnpb33y,9
GasolinePizza,"Did Mark Cuban have access to data that nobody else did? And CNBC said the opposite but are you going to believe them now? The whole appeal to authority spiel doesn't really work if said authority is just as in the dark as everybody else.

Amd why do you think them shorting on the way down supports your point? It keeps the SI high even if they were to cover the vulnerable/low shorts. It does the opposite of what you want, unless you believe you can hype the price *way* above the $400+ mark.

Also, I'm not seeing any other evidence that this place is drowning in shills besides said circular logic. Unless you count the crazy people calling ""conspiracy!"" on every little thing, like the guy who just replied to my original comment implying something was fishy about it. The fact that it was allowed to drown the front page for so long before the shitposts started being culled should be evidence that there isn't some grand movement suppressing GME.",1613517813,gnpc398,False,t3_lldxno,t1_gnp6ajb,6
kAALiberty,"I own 600 shares around 100 average. Just hold - one catalyst and we are off again. If not, there is no point to sell for a loss when we can give Cohen a shot to implement new changes that you move shares in 6 months for a gain.  I know the people in here claim
Opportunity costs to try to shame you into selling. Gme is like the best lottery ticket of all time - it might blast off for a wild gains or you hold and you walk away with modest gains. Either way, average down if you can. If not, just sit tight and don’t stress over red flat days.  Saw plenty of them before gme became international news.",1613517807,gnpc2rh,False,t3_lldxno,t3_lldxno,2
CommandoDude,"The gamestop squeeze caused a massive influx of political content on WSB the mods did nothing about. 

We saw weeks of people encouraging others not to take profits or to invest in GME for *political reasons* resulting in hedge funds making millions selling the high and leaving retailers to be bag holders.

Shit needs to be banned.",1613517752,gnpbyqn,False,t3_ll5wch,t3_ll5wch,4
Independent_Panic,Holding my GME 💎🙌🚀🚀🚀🚀🌕,1613517663,gnpbsea,False,t3_lldila,t3_lldila,-3
PlymouthSea,They'd have to go after the DTCC and somehow get a judge to approve subpoenas for enough financial transaction data to reconstruct all the trades made by the prime brokers and firms who were short GME.  That includes the options chains and the naked short call loopholes to avoid showing up as FTDs (the real FTD number is a good 20 times what the SEC reports).,1613517654,gnpbrqy,False,t3_ll68pc,t1_gnot1id,4
jaboyles,"If you think GME fair value is $17 you might be more retarded than Michael Burry. He also knew about the insane short interest and wrote several letters to the Gamestop Board urging them to buy back shares. He knew the stocks were massively undervalued, and he knew a squeeze was coming, yet he paper handed like a bitch. 

I agree with the above comment that it was probably to cover his Tesla shorts.",1613517566,gnpbl9i,False,t3_lld01t,t1_gnp8q7j,86
busytakingnotes,"Smart Palantards did. and tried to say so

Just like with GME, they got downvoted into oblivion by people pissed it didn’t match their confirmation bias",1613517566,gnpblbz,False,t3_lldila,t1_gnou95t,23
redstag191,I saw the word 'equity' in my brokerage account for the first time during the GME shit.  made me realize I have never bought shares before,1613517565,gnpbl8m,False,t3_lldila,t1_gnpbb5y,2
PlataoPlomo19,"Saw someone on LinkedIn explaining how he was learning market fundamentals and all, posting a screenshot of $700k worth of gains in GME. Like yes, gimme that gain porn but cringy LinkedIn posts? Puts on humanity",1613517472,gnpbegr,False,t3_lldila,t3_lldila,7
oledayhda,"Sure do, go look at the new SEC data on FTDs & then the ETFs being discovered for naked shorting. 

Volume being down also means the shorts can not buy shares being sold they desperately need & have to have. Time is running out & something will give or crazy will happen. The whole reason that is a big deal is because they overshorted the real outstanding shares on a historic level. Listen I actually get why they did it too, GameStop is/was a dying company. Depends on your belief now with the direction of the company. The play is still to quash shorts(if you are into that thing LOOL) & they are still in a bad position & doing everything they can to survive. 

If buying demand comes back, shorts will break, it’s that simple.

Even if nothing happens, the video game industry is a cash cow that has no breaks.

GME has a bright future with this new leadership. MY OPINION, suk my d*ck",1613517443,gnpbcf0,False,t3_lldxno,t1_gnpalzj,0
4chanstan,99% FDs 1% GME,1613517426,gnpbb5y,False,t3_lldila,t1_gnpb6mv,4
Powerful_Finger3896,"He was questioned by FBI several times for the money he made back in 2008 subprime mortgage crash. Probably the smartest move that he sold, even tho if he was ready to lock capital in GME and wait at least for Q4 earnings i think he would've sold for better price.",1613517397,gnpb910,False,t3_lld01t,t1_gnorzvg,74
MontyAtWork,Anyone who actually read the DD on GME knows the short squeeze was just icing on the cake.,1613517347,gnpb5gn,False,t3_lldxno,t1_gnp7o0j,1
TeleGod69,"## Thats the dumbest thing Ive heard any bagholder tell themselves. “ If they were actually winning, they wouldnt be here to try and convince us “ 

## You’re assuming all people here who are bearish on GME are hedgies and bots when theyre not. Theyre just Genuinely bearish on it because its a Dead stock that only went up because of Momentum, Not fundamentals.",1613517295,gnpb1ku,False,t3_lldxno,t3_lldxno,8
leredditbugman,He is he just bought into gme when his phone was upside down.,1613517282,gnpb0nk,False,t3_lldxno,t1_gnp3a9b,6
TPM_521,I had that shit for the longest time. One of the first stocks I bought...sold for GME heh,1613517273,gnpb00x,False,t3_lldila,t1_gnpaqy7,2
imsilver4fukyou,"gme taking everything from me

lul",1613517200,gnpauod,False,t3_lldila,t1_gnpaduf,2
asun350,"Is it just me, but after the GME hype train, everybody and their grandmother now is a day trade/ investor ?? My IG story timeline is people that I know, who never knew nothing about shocks, showing  off some random stock gain. Lol maybe this is a good thing ?",1613517149,gnpaqwy,False,t3_lldila,t3_lldila,12
IWAS0Wned,Selling out the group. And taking profit for GME when you tell everyone else to hold loses.,1613517145,gnpaqo0,False,t3_lkw043,t1_gnm4v92,1
spacepanthermilk,PLTR has been their thing longer than GME.,1613517132,gnpapnz,False,t3_lldxno,t1_gnp7ex7,2
pgh1979,GME options had insane IV.,1613517122,gnpaoz8,False,t3_lld01t,t1_gnp8cch,12
HookersForDahl2017,GME had more freezes than Texas,1613517096,gnpan0z,False,t3_lldila,t1_gnpa9nx,3
uiuyiuyo,"So none of those millions of shares that get traded every day are short covering eh? Got any proof.

Every single sale could have a short covering. Stock isn't going up because the bag holders ran out of money and no one with half a brain wants to buy GME other than to cover.  

Rememeber, holding doesn't make a stock go up. Buying does.",1613517082,gnpalzj,False,t3_lldxno,t1_gnp6bfn,8
[deleted],"Hiding GME short positions in XRT is devilishly clever if it can actually be done, especially if the other 75% of the ETF isn't heavily shorted.  But I think the main problem with the narrative is that you can't ""hide short positions"" by moving them between tickers.

How does that even work?  Do they buy more GME and just sell those shares to the XRT ETF?  How do you sell shares specifically to an ETF?  Wouldn't that require some sort of disclosure by the ETF?  This narrative is really, really fishy.",1613517068,gnpakx5,False,t3_ll5p7b,t1_gnou9im,6
LouisArmstrong3,The fact that gme and amc graphs look literally the same is pretty obvious....,1613517054,gnpajw3,False,t3_ll68pc,t3_ll68pc,5
krush38,GME earnings report is next month. why would you sell before they report earnings from their highest producing quarter?,1613516984,gnpaet1,False,t3_lldxno,t3_lldxno,23
pgh1979,"Went through the raw file

20210115|36467W109|GME|892653|GAMESTOP CORP (HLDG CO) CL A|39.91

20210119|36467W109|GME|1498576|GAMESTOP CORP (HLDG CO) CL A|35.50

20210120|36467W109|GME|1007562|GAMESTOP CORP (HLDG CO) CL A|39.36

20210121|36467W109|GME|1438994|GAMESTOP CORP (HLDG CO) CL A|39.12

20210122|36467W109|GME|273600|GAMESTOP CORP (HLDG CO) CL A|43.03

20210125|36467W109|GME|275113|GAMESTOP CORP (HLDG CO) CL A|65.01

20210126|36467W109|GME|2099572|GAMESTOP CORP (HLDG CO) CL A|76.79

20210127|36467W109|GME|1972862|GAMESTOP CORP (HLDG CO) CL A|147.98

20210128|36467W109|GME|1032986|GAMESTOP CORP (HLDG CO) CL A|347.51

20210129|36467W109|GME|138179|GAMESTOP CORP (HLDG CO) CL A|193.60

&#x200B;

This shows that by Wednesday 5 days had happened so Market Makers were forced to buy on Thursday. This is why they closed Retail buying on Thursday. This ties in well with the squeeze in Thursday pre market to 500 and also to their statements that they covered on Thursday and Friday. FTD fell on Friday

Seems like the Squeeze already squozed and 500 was the top. 

RH did us retards a favor by preventing us from buying at ATH while still allowing selling.",1613516958,gnpacum,False,t3_ll68pc,t3_ll68pc,-9
leredditbugman,It’s probably the same line of thinking as ‘wsb wants nothing to do with me or my bags so I’ll continue to shit up their board and attack their users and then act dumbfounded as to why everyone hates me and gme.,1613516936,gnpabb0,False,t3_lldxno,t1_gnp4h1m,3
Leejjj,the only thing that's gone colder than Texas is GME,1613516913,gnpa9nx,False,t3_lldila,t3_lldila,7
Hexys_broken_dreams,Yeah he said buy more GME,1613516894,gnpa89v,False,t3_lldila,t1_gnpa66j,16
Nonmockaccount,Because this sub was over GME two weeks ago. If you've been lurking here then you know people move on to other topics fast when the run is over. Wsb is still being bombarded by posts about a stock trading sideways for weeks now. It's not a topic of interest here anymore,1613516893,gnpa88r,False,t3_lldxno,t1_gnp7g71,14
rvnCLE,"Alright, guy. The GME craze is over. Now that you’ve lost all your lunch money, go back to r/CODZombies.",1613516893,gnpa89e,False,t3_ll1ir4,t1_gnp9jku,1
wictor1992,Yeah that's like 2 GME!,1613516880,gnpa7bc,False,t3_ll5p7b,t1_gnp81e3,6
uiuyiuyo,"That's the thing: They aren't trying to convince you. You're imagining it. You're holding the bag and you're imagining something that simply isn't true. It's a form of hopium.  

No one gives a crap about GME anymore. No one even talks about it anymore. It was a once in a decade kind of thing and you blew it. Oh well. Move one.",1613516875,gnpa6y2,False,t3_lldxno,t3_lldxno,4
LovableContrarian,"...which is why he got lucky. Because his gains didn't come from fundamentals.

It was perhaps a decent play that would've had some decent returns, but what ended up happening to GME was the epitome of blind luck. Dude basically won the lottery.",1613516829,gnpa3lx,False,t3_lld01t,t1_gnp4ce4,12
Youcarryoats_,"Its also shady when they stopped the buying of GME that they removed the ability to search for it as well i dont see enough people mentioning that, or the fact they removed GME from the top 100 stocks along with several others.",1613606388,gntru3h,False,t3_lm0s6v,t3_lm0s6v,1
yoinkie2020,"The first rule about investing is if you let your feelings get involved, you’re going to lose. Just go and ask the thousand broke wsb idiots who fell in love with a stock(gme) and created a cult. 

I personally love pltr because it has catalysts come up every couple of weeks when it procures new clients, because every new deal it makes is a 8 or 9 figure deal.",1613606270,gntrlqi,False,t3_lm4k2z,t1_gntr7ip,1
NovicePro_,"since i heard about wsb and the GME thing i hate every financial decision i ever made in my life even more

congrats tho",1613606264,gntrla1,False,t3_lm2byw,t3_lm2byw,1
sc0tt_1990,RIOT just does not stop.  This sorta feels like GME all over again.,1613606253,gntrkhg,False,t3_lm4k2z,t3_lm4k2z,7
jeebus224,If you're bearish on GME you're the reason this subreddit went to SHITE,1613606207,gntrh6v,False,t3_lm4k2z,t1_gntqw87,2
__maddcribbage__,I'll buy a share of GME for every lie told surrounding naked shorts and/or Robinhood halting buys.,1613606205,gntrh20,False,t3_lm7n51,t3_lm7n51,2
Hillcat10,What if GME has the supposed second short squeeze while everyone is in court tomorrow. Now they would be Hollywood worthy,1613606166,gntrecc,False,t3_lm4k2z,t3_lm4k2z,50
DirkDieGurke,"Are we talking about making money or is this a cotillion? I literally don't care what the company is about. GME was around $18 in January and made 1000% of gains for many people just a few weeks ago. PLTR was around $23 in January, and guess what, it's around $27 now. Oooooh Boy! Is that exciting???? Nope.",1613606155,gntrdig,False,t3_lm4k2z,t1_gntqnfd,0
ME_CPA,"How much have you lost on GME?

I plead the fifth!",1613606146,gntrcue,False,t3_lm7n51,t3_lm7n51,2
dub_life20,I’m about to move my shit to Twitter cause you fucking retards are only good at losing money anymore.  Got any more of dem GME gains?  And where the fuck was the RIOT DD?,1613606125,gntrbch,False,t3_lm4k2z,t3_lm4k2z,-1
whoswhohonestly,GME 1 @ 200,1613606057,gntr6gv,False,t3_lm8ad3,t3_lm8ad3,306
T30000,It means they bought a bunch of puts before retail GME purchasing was shut down.,1613606019,gntr3o3,False,t3_lm7fng,t1_gntmdnh,1
GhostZero00,420.69 it's the dip GME will be making EV with weed,1613605996,gntr20v,False,t3_lm4mhy,t1_gnt51wp,9
IronicallySaysHowdy,"sold my car today for more GME, I like the stock 



I love the stock 🚀🚀🚀🚀",1613605958,gntqz9a,False,t3_lm7n51,t3_lm7n51,6
martinsb12,Might hop into gme for part 2 since I missed out the first time,1613605957,gntqz65,False,t3_lm4k2z,t3_lm4k2z,4
MontyAtWork,"I literally didn't have any position on Melvin until I read this crap.

He basically insinuates this whole thing with GME was an internet radical anti-semetic conspiracy against Melvin, and that he's very upset and concerned for all the little people who put money into GME.

His statement about being bailed out is basically ""Oh, total coincidence we got a new investor while we were hurting. They just liked our company"".

DFVs opening statement reads like a lucky young guy's play at Capitalism. Robinhood comes off as covering their ass through a very lengthy opening statement that boils down to ""we were just trying to do what was right and might have made a whoopsie or two but we had no choice between a rock and a hard place"".

This Melvin statement just reads as out of touch and quite honestly way too defensive. It was pretty gross that they combed reddit enough to find the 1 in 1,000,000 comment on this sub from some random idiot while we had 100k comment threads every couple hours during the run up.

I have a feeling that Melvin's opening statement won't make them look the way they think they do in all this.",1613605955,gntqz2e,False,t3_lm75qt,t3_lm75qt,51
1980sTokyo,HE LIKES THE STOCKKKKK!!! I like the stock too! I just put 30 more GME shares for market open,1613605954,gntqyz4,False,t3_lm353n,t3_lm353n,1
dv_oc871,pla dont tell me yall buying gme again now. This shit turned the whole reddit to SHITE,1613605917,gntqw87,False,t3_lm4k2z,t3_lm4k2z,5
pavlos_pant,"Thank you for the explanation! Now I get it! I've been staying away from options because I don't understand them. So just stocks for me. I had put a lot of money on GME and AMC, and seeing those +700% returns one morning, felt so good. I was forced to sell at 150% profit because bills needed to be paid, can;t complain.",1613605913,gntqvyp,False,t3_llzwx7,t1_gnt3olu,2
dizzy_centrifuge,Can someone explain why they think GME will go up after the hearing?,1613605900,gntqv0c,False,t3_lm4k2z,t1_gntq7ep,1
steveturkel,"I welcome the palantards, at least they aren’t as annoying as the GME 🦍s",1613605863,gntqsbc,False,t3_lm4k2z,t1_gntq0u9,5
CK_S,So are we buying GME again? I like the stock,1613605849,gntqrbt,False,t3_lm4k2z,t3_lm4k2z,11
max1001,It's a self-fulfilling prophecy.  GME now has the cash to make the turnaround now.,1613605840,gntqqm5,False,t3_lm353n,t1_gnsvbwj,0
lethaldarts,For the people who are saying to buy more gme and didn’t read... please do! He said to wait till it drops more THEN buy more. Clearly you are all retarded,1613605808,gntqoa6,False,t3_lm0s6v,t3_lm0s6v,1
GhostZero00,ALL IN TOMORROW for GME!,1613605746,gntqjru,False,t3_lm7n51,t3_lm7n51,26
gotbeefpudding,"lost 200$ on this campaign, but it was worth it dammit. 

i can safely say i participated in the reddit GME movement",1613605745,gntqjqn,False,t3_lm353n,t3_lm353n,1
hockeyfun1,"I sold my GME at 340, who do I speak with about getting a price match to the 500 price it hit two days later pre-market?",1613605705,gntqgpw,False,t3_lm43n6,t3_lm43n6,3
unnecessarychaos,Why do people think GME will squeeze again?,1613605673,gntqebo,False,t3_llxh41,t3_llxh41,1
37366034,"Call me a retard but I just bought a gang of 2/19 GME $50 call options, DFV about to sent us to the moon once again!!!!!!!!!! 

I like the stock, again!!!",1613605624,gntqali,False,t3_lm7n51,t3_lm7n51,3
golden_n00b_1,"Well, flash your posted this cause I am post GME and that other thread has a quite someone posted from DFV.

 Meanwhile, someone posted the case, which paints the facts in a very differemt and bad light. This guy worked for a company that built stonk software, is a licensed advisor working in the field, is quoted as implying software algos were probably shorting like crazy when the price went up, ect...

 This case being made public is expertly timed, the people on the committee tomorrow will likely read the ""Factual Legal Document"" that was likely placed in their ISFT (important shit for tomorrow) box by a HF lucky in preparation for the hearing. Meanwhile, that DFV quote is 5 different comments worth of reddit text buried somewhere.

 Missed the drama with the investigation from the mods and what not, but if the gist was not to collect all of DFV's posts for the record, it would probably help his position if they, or at least his explanation, were sticker to the top of this sub making it easy to find.",1613605620,gntqaap,False,t3_llzwx7,t1_gntacyn,1
DVB135,"I kind of want to tell the older people I care about to pull their money out of the market, but then again, there is the risk of hyper inflation so that may actually be terrible advice.

The only people who truly even know what is going on are the elites working behind the scenes.  So instead of a massive redistribution, I'm guessing even if the market was allowed to function without manipulation and GME Squeezes, the elites are already repositioned for the wealth to be consolidated into their pockets.",1613605600,gntq8t8,False,t3_lm0ajw,t1_gntotdu,30
hashtagzee,Does anyone know what happened with u/sneakersourcerer at all? He was also pretty deep in GME calls before the squeeze. I’m wondering if he sold or is still holding?,1613605595,gntq8g5,False,t3_lm4k2z,t3_lm4k2z,8
itscmillertime,Gme is going to rocket tomorrow,1613605584,gntq7ly,False,t3_lm353n,t3_lm353n,1
Longjumping_Ad_5881,so we're buying calls on GME right?,1613605581,gntq7ep,False,t3_lm4k2z,t3_lm4k2z,12
LongjumpingTelephone,Who’s gonna play DFV when Tarantino makes the a film about GME? I reckon Morgan Freeman,1613605548,gntq4wz,False,t3_lm7n51,t3_lm7n51,3
EatACockadoodledoo,😂😂😂 PLTR bagholders since last November still tryna say that shit going to the moon 😂😂😂 the original GME bagholders,1613605493,gntq0u9,False,t3_lm4k2z,t3_lm4k2z,3
_blumeviolette,Nooo. Kitties-N-Titties-11 has [hard evidence ](https://www.reddit.com/r/wallstreetbets/comments/klefou/with_all_the_talk_about_gme_lately_i_decided_to/?utm_source=share&utm_medium=ios_app&utm_name=iossmf) that they used a magic 8 ball to decide to invest in GME before the referenced comment was made. SUCK IT LAWYERS.,1613605471,gntpz6y,False,t3_lm1kv5,t1_gnslol0,8
new-chris,You must be bag holding gme,1613605467,gntpywt,False,t3_lm4k2z,t1_gntp2xf,4
bandreup,"Considering to buy more GME. 

1 vote = 1 share",1613605401,gntptys,False,t3_lm4k2z,t3_lm4k2z,224
MightyMageXerath,"I just learned that a girl from my group of friends is active here and even lost money on gme like a real retard. Lena, if you see this, hi!",1613605387,gntpswe,False,t3_llrzit,t3_llrzit,19
qdolobp,You were right in a way. Now a lot of people have to be escorts to make up for their GME losses,1613605359,gntpqr2,False,t3_lfm36e,t1_gmoluyf,1
spacepanthermilk,Unabashed bear. Rode gme amc down with y’all. Now I’m inverted. Just remember half of the shares are cost basised below $113. What your moon is and somebody else’s may be different.,1613605357,gntpql6,False,t3_lm7n51,t1_gntp40l,1
Dasky34,"DFV just torpedoed my hope $GME would drop below $40... great remarks, guess I'll be buying more soon.",1613605342,gntppha,False,t3_lm353n,t3_lm353n,1
Chance-Soft5940,No. why would his testimony make gme run up? Gme is over.,1613605324,gntpo61,False,t3_lm4k2z,t1_gntowpr,4
KittyMuffins,Play keep away with GME from the hedgefunds,1613605310,gntpn4t,False,t3_lm4k2z,t3_lm4k2z,8
CareerLow,"F them, they need to learn the hard way like we did. You gotta lose money to make money (or something like that). 

Was all for it until they turned GME (even though I’m still long) narrative into sticking it to the man and were trying to collectively find the next stock to squeeze hedge funds on. All that shit just completely destroys the impressions for this sub, especially when everyone is paying close attention.",1613605286,gntplde,False,t3_lm7imq,t1_gntov18,4
FullCuntalLobotomy,Omg is GME still a thing - stop flogging that dead horse ffs,1613605280,gntpkuq,False,t3_lm4k2z,t3_lm4k2z,-14
MrPinkFloyd,"GME is literally on sale right now, and our guy still likes the stock, and the future looks bright.

I think you all know what to do tomorrow....and your two friends, and their two friends....

I don't...but some of you might? Please?",1613605273,gntpkbm,False,t3_lm7n51,t3_lm7n51,108
rainbowKing_the2nd,"Whats so negative about profiting on the ""GME Great Escape""? I see it as very positive, puts go up",1613605226,gntpgvn,True,t3_lm7vue,t1_gntp96o,-6
[deleted],"Yea, because its not like GME has ever been talked about before",1613605220,gntpgfl,False,t3_lm4k2z,t1_gntpafo,6
aLANparty,"The case is basically: ""I sold uncovered calls on GME because I thought the person who was talking about its potential was stupid and I was smart, but it turned out he was smart and I was stupid.  I broke now. Law fix please.""",1613605213,gntpfu7,False,t3_llzwx7,t3_llzwx7,1
throwaway9012,I REALLY hope they ask if they are fully closed out of ALL short positions in GME.,1613605186,gntpdxh,False,t3_lm7n51,t1_gntoxny,40
Flying_madman,"I doubt any real manipulation is going on, TBH -at least nothing out of the ""ordinary"", lol. I know I'm not quite at the point where I'm ready to buy shares in the meme stonks, I just see too much downside remaining (but I am tempted to buy back into GME eventually, just to have motivation to watch it, lol), but if I had to make a case for buying now it would be to boost yourself up to even lots of 100 shares so you can sell calls. At that point the price action is less important than the ""passive"" income they can generate for you.",1613605178,gntpdbh,False,t3_lm0as2,t1_gnthty5,2
Empyrean_MX_Prime,Last time I heard that phrase GME was at $350.,1613605173,gntpcwf,False,t3_lm7bt5,t1_gntonjj,46
sakuragi59357,"Just post the loss porn Gabe. Look at how many GME bag holders there are. Stop fighting us. Join us and post positions.

By the way op, positions or ban.",1613605139,gntpafm,False,t3_lm7z47,t3_lm7z47,131
DirkDieGurke,"Tired of hearing about PLTR, is anybody gonna point out the obvious that GME is still worth more than PLTR????   Nobody's saying it?  I will.",1613605139,gntpafo,False,t3_lm4k2z,t3_lm4k2z,2
CheeseYogi,DFV’s exit strategy was to pull 13M profits and let the rest ride. He’s set for life whether GME tanks or moons.,1613605132,gntp9wp,False,t3_lm4svh,t1_gnt7ukf,230
RiceDynamite,Coming out of retirement for one last fight. A fantastic addition to the GME movie,1613605086,gntp6iq,False,t3_lm7n51,t1_gntotpz,6
PeakOfTheMountain,So all these fucks who joined wsb for the gme craze better nut up and show up for DFV now.,1613605070,gntp5bd,False,t3_lm7n51,t3_lm7n51,653
ThisIsBiggy,"It might seriously take GME a year or more to realize e-commerce revenue. With so many great/easy plays in today’s market, it’s pretty unlikely that DFV wasn’t trying to initiate a short squeeze. God Bless him",1613605039,gntp30z,False,t3_lm4k2z,t3_lm4k2z,-17
The_KingofCarcosa,Selling my GME bags so I can reinvest that money somewhere with more upside,1613604977,gntoyeq,False,t3_lm4k2z,t3_lm4k2z,4
krush0910,Did anyone else buy GME calls for the hearing tomorrow? Or expecting a run up from DFV testifying?,1613604953,gntowpr,False,t3_lm4k2z,t3_lm4k2z,4
-_Han_Yolo_-,"my plan was to immediately buy up the crashed stocks.  But they never really crashed.  I had a little GME, but I was looking forward to the entry point for a lot of cash",1613604909,gntotdu,False,t3_lm0ajw,t1_gnth8o8,74
ThisShitIsFakeFoRill,Rip in IV crush. I’m bearish on GME at these levels but IV will eat your options value alive if it doesn’t move fast,1613604895,gntosf3,False,t3_lm7vue,t3_lm7vue,2
qdolobp,"What you pretend to be: 😎

What you really are: 👶

Hold that gme bag baby",1613604871,gntoqln,False,t3_llrzit,t1_gntaal5,1
new-chris,Sears had a catalog and mail order - they really fucked up when you think about it.  GME serves limited purpose in the cloud gaming world for new tech.  Maybe they turn them in to antique shops?,1613604868,gntoqde,False,t3_lm4k2z,t1_gnto3bq,1
ImAMaaanlet,Hate to break it to you 🦍 the hearings not gonna save gme,1613604866,gntoq7e,False,t3_lm4k2z,t3_lm4k2z,3
Total-Sky-1932,Some got but hurt that they went full retard and sold 200k worth of naked calls on GME and now they’re trying to sue DFV by throwing a tantrum about it.,1613604860,gntopry,False,t3_llzwx7,t1_gntnttu,1
Fieryhotsauce,I may have entered GME at $299 but the entertainment it has provided is at HBO levels now. WERTH,1613604853,gntopa5,False,t3_lm7n51,t3_lm7n51,665
danmtitsmang442,"That's fucking hilarious. 
I got a better one for ya. 

You know the only stock better than gme? 

My job. 

When your catalytic  converters  get clogged up all give you a good deal at 5k. 
Sucks to suck but I went out  and learned to weld. 

I take money from guys like you everyday who cant fix their own cars. 

Say what you want. 
Your gunna come crawling back begging for me to fix your busted pile of shit. 
Because you dont know how. 

I'm a fucking asshole  you got one thing right.",1613604846,gntoorf,False,t3_lm7238,t1_gnto77h,0
Total-Sky-1932,Some got but hurt that they went full retard and sold 200k worth of naked calls on GME and now they’re trying to sue DFV by throwing a tantrum about it.,1613604841,gntooeo,False,t3_llzwx7,t1_gntnttu,2
CurtissVTwin,Id like to hear a representative from DTCC on whether or not they were allowing Citadel to Naked Short GME.,1613604837,gntoo4r,False,t3_lm7n51,t3_lm7n51,10
Sarevok459,"I would be onboard with this!

Imagine the faces of the bastards also taking part in this as they glance down at their phones and see GME approaching $300...just the 'oh shit' factor of that moment would be worth losing everything on.",1613604836,gntoo06,False,t3_lm353n,t1_gntom0r,2
Traditional-Will-893,"GME after my paycheck clears, around midday. Then some more PSLV",1613604816,gntomjz,False,t3_lm4k2z,t3_lm4k2z,-3
Nice_Try_Mod,I say GME needs to be rocketed during the hearing as tribute to this hero.,1613604809,gntom0r,False,t3_lm353n,t3_lm353n,1
OriginalCTrain,"Senator: Mr. value... can I call you Mr value? Or do you prefer deep fucking?

Dfv: mr. value will be fine

Senator: ok mr value... can you please read.. for the record... a Reddit post in which you are instructing your followers 

Dfv: *ahem* (sips some water) (nervously) ok sure... (begins reading in monotone) ok all you fucking retards (looks around) I am going to ... uhh... hold onto GME like it’s my wife holding onto her .. err.. 

Senator: mr value please finish the quote or we will find you in contempt....

DFV:  err.. like it’s my wife holding onto her .. uhh.. boyfriends dick!!",1613604797,gntol53,False,t3_llzwx7,t1_gntk8ui,192
PeakOfTheMountain,"So if DFV and GME are married, why are they allowing them to testify against each other? Someone free this man",1613604786,gntokcn,False,t3_lm7n51,t3_lm7n51,7
DJpoop,I like GME. Has serious potential in a growing gaming sector,1613604776,gntojkw,False,t3_lm4k2z,t3_lm4k2z,13
soyeahiknow,"If GME breaks 1000 by end of 2021, I will let my wife bang me with a 10 inch long strap on molded in the shape of her boyfriend.",1613604758,gntoi6o,False,t3_llsead,t3_llsead,1
canadian_air,"Now the SEC won't let me pee or let DFV get GME

They tried to shut him down @MSNBC

But it's just DD, YOLO BB",1613604722,gntofir,False,t3_lm7n51,t1_gntmycp,188
savagecivilian9,honestly whats the point of investing in real estate or  a pension plan if these fuckers can bankrupt you when you need money to retire or support your family. This has nothing to do with the stock anymore. im in 33% in GME because either it succeeds or we are probably fucked.,1613604716,gntof07,False,t3_lm7n51,t1_gntn3yo,158
dumbledoreRothIRA,😎👉👉  $gme  👈👈😎,1613604697,gntodju,True,t3_lm4mhy,t1_gntk5h7,7
axe-2019-trading,I’m fuckig buying GME shares more tomorrow 🙏🏻,1613604693,gntodbd,False,t3_lm353n,t1_gnt27ss,7
Brewermcbrewface,Like the Phoenix GME will rise from the ashes and guide us to tendie town,1613604663,gntoayz,False,t3_lm4k2z,t3_lm4k2z,15
chuy2256,"I'm in the 💎👐 GME Club, but does anyone feel like we're sleeping on Semiconductors right now? 

AMD Pioneer here by the way, still holding since 2018",1613604660,gntoass,False,t3_lm4k2z,t3_lm4k2z,5
Megahuts,"Darn, hit submit before I was done.

$30 is a $540m payout.

Above $30, it is a pretty shallow u, though the options chain bottoms out at like $90, for a $345m payout.

So, as of right now, there are 200 million reasons for the share price to be at $90 instead of $30 come March 19th.

People have gone crazy buying puts. 

Which, I think causes the MM to sell shares to hedge? I think, because the puts all are ITM, and the MM doesn't want to hold shares.

So I think GME is in some sort of weird reverse Gamma squeeze right now, where every put that goes ITM triggers the MM to sell more shares (probably synthetic shares at that).

Idk,but it is still a crazy situation.",1613604652,gntoa5n,False,t3_lm353n,t1_gntfom5,3
Berto_,Gme better be green tomorrow.,1613604588,gnto5f5,False,t3_lm7n51,t3_lm7n51,10
[deleted],"Yes, but it's about more than that. Throw enough shit and some sticks. Have you not learned by now that the media is totally in the pockets/ in cahoots with the elite and politicians and the SEC literally doesn't give a fuck? They didn't report accurately or fairly on the GME situation to begin with, they're not doing it now, so why would not simply expect the powers that be to declare WSB a bunch of racist market-manipulating neckbeards and then report on it that? That's really the most likely outcome.",1613604584,gnto543,False,t3_lm75qt,t1_gntna4n,8
thomaspeacock,"don't buy gme to spite congress, buy gme because you believe that shopping malls are the future, load up on sears too which was Amazon in the 1900s",1613604560,gnto3bq,False,t3_lm4k2z,t3_lm4k2z,9
freehouse_throwaway,"""dude held it for two months! that's like EIGHT FDs!""

also i like how its safe now to post GME gains now that there are less salty ppl around.",1613604547,gnto2bw,False,t3_lm2m4q,t1_gntj85x,83
Wingnuttage,His last sentence speaks volumes and is forcing everyone with a modicum of interest in GME to look farther than tomorrow.,1613604504,gntnz5j,False,t3_lm353n,t1_gntngzj,17
Substantial_Today_11,Goddamn riveting. Cohen needs to make Gill part of his GME dream team.,1613604498,gntnyn6,False,t3_lm353n,t3_lm353n,1
moonski,"Melvin wasn’t bailed out. Citadel just approached us to become an investor the moment we were getting anally gaped by GME. 

Lol ok Melvin CEO.",1613604493,gntny9z,False,t3_lm75qt,t3_lm75qt,253
AmericanHerstoryX,"definitely not stupider than portnoy claiming robinhood is solely responsible, by way of literal theft, for his 700k loss on GME lmao",1613604455,gntnvc7,False,t3_lm4k2z,t1_gntnp2g,3
elkimist,Some dipshit that sold naked calls on GME and some bumfuk law firm that’s asking people to join its securities fraud lawsuit,1613604421,gntnspy,False,t3_lm353n,t1_gntmhit,4
xyzzy-86,"Can tomorrow’s congressional hearing trigger another bull run. If DFV is given enough time and he makes solid case for GameStop, then this is literally free publicity for the GME stock",1613604412,gntns0r,False,t3_lm353n,t3_lm353n,4
UsernameTaken_123,"SEC IF YOU'RE READING THIS:

FUCK YOURSELF AND THE CLIQUE YOU CLAIM

AUTISM FOR LIFE COME EQUIPPED WITH GME

YOU CLAIM TO BE COVERED BUT I FUCKED YOUR WIFE

WE BUST ON CITADEL, SHORTS FUCKED FOR LIFE",1613604401,gntnr5r,False,t3_lm7n51,t3_lm7n51,114
MaZZeL3L,"If my shit ass broker had gme options, 80 model S plaids, sadly only have stock so go figure.",1613604356,gntnnti,False,t3_llvssx,t1_gnt2dgs,0
LewsTherin177,"Smart but the part where he talks about GameStop being risky I would have instead said that if the markets are functioning lawfully then that shouldn’t even be the case and it is their duty as lawmakers to ensure that the markets are fair ans reflective of reality rather than “collusion” and “market manipulation” between hedge funds which is somehow rationalized as “idea dinners” or through interviews on CNBC. That’s where the con is that lawmakers need to create new checks and balances. And fucking deep dive on how the hedgies brought the GME price back down, which is not in the spirit of the law. Or why GME was even shorted over 100%.",1613604336,gntnmcm,False,t3_lm353n,t3_lm353n,1
BentoMan,Michael Burry sold his GME stock before the rally. No wonder he was so salty on Twitter. Some people look up to that guy but I recognize he is a 🌈🐻,1613604335,gntnm8y,False,t3_lm4k2z,t3_lm4k2z,24
ReconElite337,"The demand was hindered which was a change in conditions from the previous trading day. Even Interactive Brokers CEO recognized that GME would have gone into the thousands. Robinhood changed the game and broke the short squeeze that was occurring.

https://www.reddit.com/r/wallstreetbets/comments/lmagzp/today_interactive_brokers_ceo_admits_that_without/",1613692761,gny60h0,False,t3_lmvqyw,t1_gny59qf,2
EnderSword,"How is that in any way different from what did happen? 
A TON of retail investors came together and bought GME shares, that didn't make us an 'organization'

And certainly a lot more capital went in to Buying the stock up to $400 than would have been needed to short it. 
Shorting 140% of the GME interest back in November or something would have only required about $350 million in capital.",1613692754,gny5zzp,False,t3_lmzz0j,t1_gny29gz,1
Caesorius,this GME retard bought @40 and sold @150 and promptly put my 70k profit in PLTR and ARK. You can suck it,1613692718,gny5xg9,False,t3_lmx3k3,t1_gny5dxa,0
Olthar6,"You are 25% more moronic then I. 

I've enjoyed losing money on GME as much as the next guy, but I may be starting to play in some other sandbox soon.",1613692703,gny5wai,False,t3_lmsin0,t1_gnxycnk,1
QuietRodriguez85c,Gme is the best thing i have ever been involved with lol,1613692699,gny5w13,False,t3_lmsin0,t3_lmsin0,3
LSZNJDPFTK,I laughed so hard GME came out of my nose.,1613692690,gny5vb8,False,t3_lmyan9,t1_gny3r3k,303
GALM-006,"Thank you for your response. Yeah with this whole hearing process I think it'll be a little while until gme rebounds, but what do I know lol",1613692682,gny5uqs,False,t3_lmx3k3,t1_gny35e0,1
10bangerFD,"last month in this sub reddit ""institutions can lick my balls and my asshole GME to the moon""

this week ""wtf i love institutions now PLTR to the moon""",1613692646,gny5s4x,False,t3_lmx3k3,t1_gny5hpk,1
BrutalStonks,"DFV has options expiring 4/16. GME could still dip a lot, luckily I sold all mine near the top $280, but it I might buy back in before April.",1613692596,gny5oim,False,t3_lmx3k3,t3_lmx3k3,4
RichieBot,"Ever since GME, everything mentioned here is behaving like a P&D, i dont know if its outside manipulation or if its the new culture but im gonna stick around for the lolz and avoid the tickers like the plague",1613692592,gny5o8h,False,t3_lmx3k3,t3_lmx3k3,14
EnderSword,"Most of the retail brokerages would do that, you have to get Level 4 Options trading, usually you'll never to demonstrate you understand that, maybe be approved for credit etc... 

But any of the major things allow that, Fidelity, Questrade, I'm Canadian, all the major bank brokerages here allow that.

But that doesn't relate to shorting over 100% of a stock, so I don't follow you? 

No individual person or company was short 140% of GME, the entire market added together was short 140%. There's nothing that would stop that, you'd just need enough people to do it.",1613692582,gny5njc,False,t3_lmzz0j,t1_gny2lch,2
Cactusgun,Is congress gme themed now?,1613692549,gny5l3t,False,t3_lmx3k3,t3_lmx3k3,4
gewur33,AMC and GME will go up Bro',1613692540,gny5kfh,False,t3_lmqv76,t3_lmqv76,1
alleddie11,"How can they not see the gaming industry continuing to grow.   I used to hate on my brother for letting his son play games on iPads all day.   And here I am with my 3 year old playing games on my iPad.   Anyone with kids or grand kids can see this.   I work in a restaurant and every kid that comes in with their family same thing playing games.   

Before this whole GME thing happened I can’t tell you how many times I’ve bought gift certificates from games stop because that’s all my nephews wanted.   It’s only a matter of time until my kids are getting GameStop gift cards for every holiday.",1613692538,gny5kb2,False,t3_lmvn9z,t1_gnxy7al,9
ixc77,Haha yea I think this screenstill is actually from that response. I think this was when he was asked if he would still buy GME at it's current price he actually started going over his analysis and basically upselling GME to the audience before being cut off by the congressman who asked the question. It was fucking brilliant,1613692531,gny5jqj,False,t3_lmyan9,t1_gnxpszm,10
Sasha_Storm,Ehhh doeant matter to me either way. Im a GME hawk,1613692528,gny5jk9,False,t3_lmoyvf,t1_gny3jnr,2
PM_Me_Spicey_Boobs,What happened to GME after hours,1613692522,gny5j3b,False,t3_lmx3k3,t3_lmx3k3,1
AkatsukiRabbit,"I love the fact that I could only afford two shares of GME and 111 shares of AMC and bought when I did. Cause as it stands now even being like $1000 dollars down (big deal to me), I am about to be a millionaire one day. I don't consider myself part of this community, but I want to be and I have been holding since @240.",1613692501,gny5hoe,False,t3_lmtz4n,t3_lmtz4n,1
JPINFV2,"GME max pain this week is $60/share?

Interesting....

Edit: source: http://maximum-pain.com/options/gme",1613692478,gny5fyn,False,t3_lmx3k3,t3_lmx3k3,1
jonnydoo84,you sound like a GME retard. did you just start using robin hood you loser ? probably. you probably also follow Cathie like a simp with no mind.,1613692449,gny5dxa,False,t3_lmx3k3,t1_gny4omw,0
Spectacle_Maker,"Haha who gives a fuck what my avatar is?  Gimme a break. I made decent money on GME but it’s over now. It just goes down every day.  We are here to make money, after all. Unless posting loss porn is more important to you... you do you. 

BTW I did exactly as I described with AMC... wrote some puts and when it drops to my price I’ll pick it up and go long.",1613692436,gny5d0x,False,t3_lmqa1w,t1_gny333r,-5
0wl-Exterminator,Lol they wouldn’t have had cash to pay out the gme sellers post squeeze is likely the real issue all the way down the chain,1613692427,gny5cec,False,t3_lmxqkr,t1_gnxx7do,12
TheFlyingBoat,"SecretLab Gaming Chair: $400

Cat Poster: $16

Red HyperX Mic: $140

Red Bandana: $6.75

Bringing a major hedge fund to its knees with sound investing? Priceless. 

There are some things money can't buy. For everything else, there's ~~Mastercard~~ GME tendies.

I love CNBC's silly segments sometimes lmao. I hope this comment gets featured on air at some point lol as they've started to give shoutouts.",1613692416,gny5bku,False,t3_lmvqyw,t3_lmvqyw,47
lil-baddie,"Your boyfriends future wife here, are we all still holding gme like idiots?",1613692401,gny5ajq,False,t3_lmx3k3,t3_lmx3k3,0
dekd22,This sub nearly got ruined by all the morons trying to turn GME into a political movement,1613692377,gny58u0,False,t3_lmx3k3,t1_gny4tzt,1
suuupreddit,"I see where you're coming from, and it makes sense that someone leaning libertarian would have liked the Republicans more here.  Also, I deeply resent the Dems mostly treating investors like babies who have to be monitored and disciplined by their brokerage so they can never make a ""bad"" decision.

If I want to blow all my money on cocaine and GME 1k calls, get the fuck off my back.

I actually expected to agree with Dems a lot more than I did - monopolies and oligopolies undermine the freedom of the market and bend the rules to enrich themselves.  That was left alone and instead they just shit on the way Robinhood affords to offer no commissions.",1613692361,gny57m1,False,t3_lmvqyw,t1_gnxxmsk,1
DJRSXS,"I made a template for you guys to send to your representatives. Please send them something. Feel free to add your own requests or questions. 




Hello Congressman/Congresswoman, 

I would like to address the subpar representation of retail investors in the recent hearing. I feel that you were not asking the correct questions to get to the answers that we're looking for. I understand that you were under time constraints, but this is of the utmost importance for the security of retail investors across the nation. 

Instead of asking what is wrong with Robinhood, consider why this happened in the first place. Gamestop stock, as well as numerous others, were heavily shorted (GME was 140%). Retail investors saw this and decided to unite against the ""big players"", to beat them at their own game. 

Retail investors won, and pulled it off. After that the rug was pulled out from under them by Robinhood, as well as several other brokerages by limiting trading. There are halts when a stock is rising too quickly, but none when it's falling and retail investors can't even access their accounts? This smells of foul play. 

I would like to present a few questions that I would like to see answered in the upcoming hearings. 

1. Why is naked shorting allowed to happen? A stock should NEVER be over 100% shorted. 
2. Computer algorithms allow for ""short laddering"", this is an illegal practice that has been happening the entire time on multiple stocks (GME, AMC, NOK, BB). It needs to be investigated. 
3. Failure to deliver (FTD) needs to be addressed. Hedge funds and other companies should not be able to prolong their positions and pay small fines because of it in an attempt to manipulate the market to a desirable price. 
4. Market manipulation by hedge funds and other large market players can drive prices up and down with algorithmic trading. This is completely unfair to retail traders. Citadel even recently filed a lawsuit against GSA, a competitor that tried to hire one of their employees for disclosing their algorithmic trading strategy. 

In closing, I would appreciate it if you could stand up for retail investors across your state and voice our opinion and demand that our questions are answered. We just want a free market that is not corrupt, or biased in any way. 

Thank you for your time. 

Sincerely, 

Me",1613692357,gny57ad,False,t3_lmvqyw,t3_lmvqyw,37
CHEEB5,Buy some GME.,1613692349,gny56sc,False,t3_lmx3k3,t1_gny3yr6,1
[deleted],"Doesn’t matter Lmfaooo, why would they let gme get above 1k plus a share just so big wigs and kids can cash out and crash the entire market lmfaoooo this place would be boring and take months to recover",1613692303,gny53d9,False,t3_lmx3k3,t1_gny1y48,1
Sere81,"On a serious note. What can GME do, become another steam? Is there mechanism to resell digital games? If not there should be, even if publishers don’t like the idea.",1613692301,gny539n,False,t3_lmvn9z,t3_lmvn9z,5
deep3bat,Fucking piece of shit should fucking buy gme @ 69420 from the apes. Fuck him anyway,1613692278,gny51lp,False,t3_ln0npu,t1_gny31pr,11
iamXAEAXii,"If you are a retard and you meet the following conditions:

1. You claim to be Diamond handing you GME positions.
2. Are absolutely furious and complaining about RH and Mr. iWasBornInBulgaria.
3. Still on RH coz you are a complacent and lazy piece of shit.

**FUCK YOU and your little bitch ass.**",1613692234,gny4ye5,False,t3_lmvqyw,t3_lmvqyw,14
ReconElite337,"During the time of extreme market volatility, RH stopped the buy side of the transaction which impeded the demand surge and thus the price increase of GME. The theory was that due to the extreme shortage on the stock at the time, continual increase in stock price would have caused those that held short positions to cover their losses by buying stock therefore driving the price of GME even higher. Because the buy was removed  RH hindered demand on GME which lowered the price and stopped the short squeeze.",1613692202,gny4w24,False,t3_lmvqyw,t1_gny2kl1,2
Jealous-Meeting-7815,"You shouldn't be owning an Iphone at this point in time, should have sold it to buy more GME!",1613692198,gny4vq2,False,t3_lmtz4n,t1_gny23ws,3
docnimbus,"whens the next hearing? also, any relevant GME DD posted in relation to today's hearing? i know there are apes that have been banging keyboards with their bananas and searching the internet--- give me the DD I neeeeeeeed",1613692189,gny4v2a,False,t3_lmvqyw,t3_lmvqyw,4
alfen-dave,I feel bad for GME bah holders..they will most like never see that money back.,1613692142,gny4rq7,False,t3_lmdmur,t3_lmdmur,1
ebased,"broke: ""explain Deleuze to me"". woke: ""explain GME to me"". bespoke: ""explain natural gas futures to me""",1613692126,gny4qm2,False,t3_lmx3k3,t3_lmx3k3,1
FlighingHigh,"Normally, yes. But after spending the better part of a year locked in their houses people are going to flock to theaters for the social aspect. And considering no streaming service holds to what they originally were, streaming services are steadily becoming the same thing as cable tv which is why we started streaming to begin with. So no, they don't have as.much competition as you think, especially after COVID kept every human, as social animals, from socializing. People have literally gone insane and killed themselves in quarantine because they couldn't handle the isolation. Once that's up, plenty of people are going to go to movies, dance clubs, etc, just because they can again. It doesn't take the nation. Just enough people getting vaccinated.


And nope, I'm waiting for GME to settle to buy in at the low so I can hold for what Cohen is doing with the company, but I stayed out of the squeeze scene. So two misses in as many swings there.",1613692068,gny4mdj,False,t3_l9l78h,t1_gnwt00j,1
phoenixmusicman,Hey GME gang you're up 6 cents AH 🤡,1613692064,gny4m1k,False,t3_lmx3k3,t3_lmx3k3,8
suuupreddit,"There was both.  [Josh Gottheimer grilled Reddit's CEO, heavily implying that WSB could have been manipulated by bad actors, including bots.](https://www.youtube.com/watch?v=D7N4S_FKMq4&t=11730s)  Direct quote, right after Reddit's CEO spoke about verifying that bots/collusion were very unlikely to be involved in GME: ""Do you think you should be held responsible if there's some collusion, or if there's somebody who is a Russi-- it's a bot that's online, do you think you should be on the line?""

Gott's was the most overt, but the implication that Reddit and social media played a problematic role in this was not uncommon.

The trade tax is a whole thing, but not what I was referring to here.",1613692036,gny4k2b,False,t3_lmvqyw,t1_gnxxe7q,1
skg829,GME,1613692011,gny4i7o,False,t3_lmx3k3,t3_lmx3k3,1
1gnik,">I guarantee you RC is watching the Congress Hearings and would have no problem holding an emergency shareholder meeting. 

Honestly man, I don't know why the fuck has RC or even GME as a corp like said anything. Like what the shit.

I'm fucking diamond hands but I need to take my anger from these wallstreet crooks on someone and the only fucking person that has a chance of setting this shit straight is mia",1613691984,gny4g8r,False,t3_lmtz4n,t3_lmtz4n,1
TheLuckyO1ne,"The one question I have that nobody else is asking is this: if you had a liquidity issue and had to stop/limit trades on gme and select others, then why didn't they limit trading on all stocks? Did they have the money or not? Because I'm not buying it. If they were at risk of being shut down they would have limited everything, not just the stocks involved with transferring money from the rich to the poor.",1613691950,gny4dq6,False,t3_lmulfn,t1_gnxczu2,411
Someone973,"You have a point, but GME the company is super silent or even too much silent, I mean any PR shit is better than what they are doing.
It's like some one else stock.",1613691925,gny4byd,False,t3_ln0kv6,t1_gny3ico,1
ScooBySnaCk-SDRL,"I will wake up and say ""good morning..first thing I am not a cat"" then I will lick my balls then buy more GME",1613691893,gny49nt,False,t3_lmx3k3,t3_lmx3k3,1
SpaceEnthusiast,I've watched GME ticker for over 100 hours easily. I can do this,1613691889,gny49de,False,t3_lmy5li,t1_gnxs7pd,27
hammeroutremodels,"He didnt get out because he expected gme to go bankrupt. He then wouldnt have to pay taxes on his profits because he technically never realized any gains. GME goes bankrupt, he keeps all the profit and pay no taxes. GME doesnt go bankrupt, they cheat the system and fuck over retail while simultaneously blaming retail for fucking the system up.",1613691884,gny490f,False,t3_lmvqyw,t1_gny3wvu,6
Morevice,GME better make a shrine in honor of DFV... and make it the Mecca of GME supporters,1613691803,gny4362,False,t3_lmvn9z,t3_lmvn9z,1
STLboymom,AGREED. I’m buying more GME in the morning.,1613691791,gny4294,False,t3_lmvn9z,t1_gnxga6v,1
raenivon,I’m newish here (lurker) . Been in stonks (and Reddit) for years but I recently (last month) got some gme. Happy to be here holding with my fellow apes. 🤚💎🚀 also watched the hearing today. DFV is my President.,1613691763,gny407p,False,t3_lmyan9,t3_lmyan9,-1
--tc--,I put the 50k I made from GME into TSM end of Jan. Let's go!,1613691747,gny3z16,False,t3_lme2a0,t3_lme2a0,1
EatACockadoodledoo,They’re worse than GME bagholders. So pathetic smh,1613691696,gny3vdr,False,t3_lmx3k3,t1_gny3px9,-1
ScreenWaste5445,"The fed and US government need to take a self assessment, not retail people. A bank run to drain them of leveraged liquidity is the only answer to tip the apple cart and start the game over. An elder of mine who lived through and did it in the 1920's said it would be required to do so eventually again. The time is now my friends, and u have to spread the word, or nobody understands. Look around...the cost of capital is not 0...and yeah, I bought more GME today too...💎🙌",1613691639,gny3ree,False,t3_lmznt7,t1_gnxxp96,-2
DiverHikerSkier,actually no i didnt get sleep sleep lately cause I now wake up for premarket trading hours now ugh. have not sold a single share of GME nor AMC 💎 🖐 🤚,1613691632,gny3qvb,False,t3_lmvqyw,t1_gny0mdt,2
dj10show,"Honestly, all shareholders of GME during that nonsense should be compensated. Restricting the market so blatantly affected all shareholders of the stock regardless of brokerage used.",1613691614,gny3pj2,False,t3_lmvqyw,t1_gny07z8,2
ScreenWaste5445,"The fed and US government need to take a self assessment, not retail people. A bank run to drain them of leveraged liquidity is the only answer to tip the apple cart and start the game over. An elder of mine who lived through and did it in the 1920's said it would be required to do so eventually again. The time is now my friends, and u have to spread the word, or nobody understands. Look around...the cost of capital is not 0...and yeah, I bought more GME today too...💎🙌",1613691610,gny3p74,False,t3_lmznt7,t1_gny0ixs,0
niceboatdownvote,"Cool, does it say anything about how his action irrevocably changed the share price of GME screwed over not only their customers but other GME holders? No? Shove your apology right up your gaping ass.",1613691593,gny3ny6,False,t3_ln0npu,t3_ln0npu,16
drwhiskeyscarn429,"It’s really so true!!! Because of Reddit, GME got a quick push in funds to be able to re-structure itself and push into the online gaming market. 

Not holding currently (missed the beautiful run-up), but will be picking up soon...
This girl is rooting for them. I expect great things from them in the future!! 🚀🚀🚀",1613691515,gny3icj,False,t3_lmvn9z,t3_lmvn9z,18
jmillthathrill,"I just don’t get the point in holding it anymore., it’s not floated at this point and they aren’t making smart business decisions., at least with amc there’s the possibility of the buyout., but, even then, I don’t think Amazon is going to value your shares at higher than the current price because it is considered over-valued., these plays made sense when there was a goal., but after the bailout from citadel and apex I don’t see any logical reason to hold gme",1613691515,gny3ico,False,t3_ln0kv6,t1_gny3374,3
bigkev2569,"PLUG down 20% this week.  RIOT down 20% today and more AH.  GME, BB, PLTR down.  The top was two days ago.",1613691475,gny3fdy,False,t3_lmx3k3,t3_lmx3k3,3
DirtyPenPalDoug,"Hold gme.. Hold ozsc, hold enzc.. Those guys tanked hard, so gotta ride em up.",1613691470,gny3f21,False,t3_lmx3k3,t3_lmx3k3,1
ScreenWaste5445,"The fed and US government need to take a self assessment, not retail people. A bank run to drain them of leveraged liquidity is the only answer to tip the apple cart and start the game over. An elder of mine who lived through and did it in the 1920's said it would be required to do so eventually again. The time is now my friends, and u have to spread the word, or nobody understands. Look around...the cost of capital is not 0...and yeah, I bought more GME today too...💎🙌",1613691441,gny3cyz,False,t3_lmznt7,t3_lmznt7,1
tnmtnmtnm,"That’s quite alright, I just down voted myself to get there as well. Like the battle with GME, so will be the battle of maintaining 69 upvotes for all our wife’s boyfriends pleasure",1613691413,gny3aws,False,t3_lmupc7,t1_gny2rla,6
Dense_Monk,"Oh man I’m like 20k down on GME. Thank you, this makes me feel better. Holding forever.",1613691386,gny38xl,False,t3_lmqv76,t3_lmqv76,2
Neighbor_,"I gtfo'd GME and maybe I can regain something from PLTR.

Do you suggest I buy in this Friday EOD, or wait until Monday?",1613691354,gny36mp,False,t3_lmmhh0,t1_gnvrht9,2
BuffettsBrokeBro,"PLTR’s stock price was driven down by earnings and lock up expiry. With those road blocks out the way, there’s a solid chance it’ll go back to winning ways sooner rather than later.

GME may well make this CHWY style pivot into being an online retailer, but we haven’t seen it yet. The stock may well fall further and trade sideways before it takes off.

Both are firmly considered meme stocks still, but I’ve put my money on a PLTR recovery over and above a GME recovery. Think PLTR may still have some dip left in it, but GME could well bleed out a while longer. 

Longer term, I think both will give great returns. I’m just more confident we’re closer to the PLTR bottom currently, and that it has the momentum to go back up.",1613691337,gny35e0,False,t3_lmx3k3,t1_gnxndfa,3
PM_Me_Spicey_Boobs,What happened to GME? I took a nap,1613691322,gny34bf,False,t3_lmx3k3,t3_lmx3k3,1
PowerfulCommentsInc,"""uh thank you congressperson uh please let me keep my billions and uh let me keep making money out of poor people and uh we are called robin hood because we want to help the the poor but uh we made mistakes but I admit to try to improve always and uh thank you very important question maybe we should change some rules we can talk about that later but uh so far we helped people not make 35 billion because that includes unrealised gains and we spam people to buy more stocks but uh we try to educate them but they are retards and keep buying and uh gme is a black swan easter egg who helped us get a cushy $3.4 billion from our hedgie buddies by blackmailing them using our customer frustration and self-declaring the risk to be too high so uh we blocked buy but not sell because blocking sell would be bad for uh"" ""time's up next speaker please""",1613691317,gny33xk,False,t3_lmyy7p,t1_gnxth98,72
Someone973,"I like gme, but am not happy  from gme management passive or nuteral stand.",1613691307,gny3374,False,t3_ln0kv6,t3_ln0kv6,3
RealAverageJane,"DFV is going to be in the board of GME and then 🚀🚀.  Tendies all the way, but not for you paper handed retards.",1613691288,gny31uq,False,t3_lmvn9z,t3_lmvn9z,1
ScreenWaste5445,"The fed and US government need to take a self assessment, not retail people. A bank run to drain them of leveraged liquidity is the only answer to tip the apple cart and start the game over. An elder of mine who lived through and did it in the 1920's said it would be required to do so eventually again. The time is now my friends, and u have to spread the word, or nobody understands. Look around...the cost of capital is not 0...and yeah, I bought more GME today too...💎🙌",1613691277,gny310m,False,t3_lmzz0j,t3_lmzz0j,87
Anarch-ish,"Nah, I'm being conservative on AMC and GME. A little dumb money there and most of it went into ""smart"", more stable stocks. I'm treating loss and earnings like gambling. I have a set amount and if I lose it, I'm off to another table. I am clearly not a financial advisor and no one should EVER take my word as good advice. Lol",1613691260,gny2zsx,False,t3_lmso6c,t1_gny28fz,3
coq_rouge,"Well, I can certainly appreciate a good underdog story and attempting to f\*\*k big money a little bit from time to time is a worthy cause. But a lot of people staked a lot of money on what was essentially gambling and a fool's errand. I have been quite saddened to read the stories about suicides and people getting their 80-year old clueless grandmothers to buy GME in an attempt to troll Big Money-institutions that will always win in the end - billion dollar short losses or not.",1613691250,gny2z07,False,t3_lmvqyw,t1_gny15rk,1
Fred_Zap,Holding GME for Friday shenanigans.💎🙌,1613691246,gny2yow,False,t3_lmx3k3,t3_lmx3k3,-3
Specific-Industry-42,LOL. The PLTR boys saw this before GME doubled.,1613691205,gny2vs7,False,t3_lmx3wx,t3_lmx3wx,2
GreyVG,"I don’t think it makes it more difficult. It just means you need to have enough money/credit in your account to pay for the stock, which you do today anyway. The real expense would be incurred by the brokerages and market makers to do all the work to upgrade their systems and processes to handle it.

The main downside for retail is that it makes it easier for us retards to do dumb things faster. My GME losses would be double what they are now with T0 settlement. I sold a position to buy more at the peak, but forgot it took 2 days for the cash to appear.",1613691194,gny2uxk,False,t3_lmvqyw,t1_gny05jy,2
Shoobathedoggie,Gme is like the pee shelf. It isn’t getting me tendies but it feels so good,1613691190,gny2ukl,False,t3_lmpw4d,t1_gnwfhzt,1
vigocarpath,Need to vote him onto the board of GME,1613691183,gny2u3g,False,t3_lmyan9,t3_lmyan9,3
xtilexx,"Previous comment I posted, I just got this app today to consolidate my brokerage accounts for convenience and messed up the date (thought it was glitched but I entered it wrong), I also posted a screenshot from my fidelity account showing the GME position",1613691138,gny2qyg,True,t3_lmv6oc,t1_gny2knd,1
AmericanHerstoryX,"i don't think it was for privacy regulations but if RH is conducting pretty much any kind of business then they probably want to keep some of their numbers in house.

how would people lose a lot of money on GME because of robinhood's actions if they never halted selling?",1613691050,gny2kl1,False,t3_lmvqyw,t1_gny29yv,0
danyerga,"I will bother. I really do mean it's nobody's fault. How do you prepare for a once in 50yr or so snow storm in TX? The power company people have houses there too that also don't have power. It's not like anyone's trying to be dickholes and not give you power. I don't get the sue mentality, it's shit. If a tornado comes who's fault is that? Why is it someones fault? Is it anyones fault people lost money on GME and are bag holding? I guess it's DFV's fault based on the class action lawsuit. Is that OK? WTF. I've been without power for days MANY times and I've never even considered suing someone over it. And yes it was in winter and we also melted snow to flush the toilets.",1613691002,gny2h0r,False,t3_lmsin0,t1_gny0qek,0
ratzy88,"Just saying, if I was in your position I would take the job. While GME showed what power retail investors have when they group up. It was quite obvious once this ended the rich boys were going to do something expensive to stop this from happening again. I don’t think they will exceed however. 

I understand where you come from. The market should be an even playing field where those who have skill succeed. Not giving an advantage to the rich already. However that’s not how the world operates and people look out for themselves. You said what they would pay you is higher than what is normal for your experience. That’s already a great offer, especially considering it’s a 6 digit salary. 

I expect to see some downvotes on this as it may seem I root for the rich but I don’t and what they are trying to do to prevent this and remove more power from retail investors isn’t right but at least for me my goal is retirement so I can enjoy my life doing what I want. 100k-150k certainly makes retirement come quicker. Not to mention, they are going to hire someone anyways. May as well capitalize on it 

I’m not sure what your open source thingy you and others are building but I do plan to check it out. Sounded cool. Good luck on it",1613690965,gny2ec6,False,t3_lmze3i,t3_lmze3i,5
Spectacle_Maker,"You need to buy it at a level below its fair value, and it hasn’t dropped to that point yet. You’re better off buying something else that will actually go up. If you like GME so much, find a price you like and sell puts, collect the premium, and wait for it to come to you.",1613690945,gny2cyv,False,t3_lmqa1w,t1_gny1j44,-6
redbatman008,"Oh wise one show me a new path, I just joined. What's the next GME?!",1613690931,gny2bzt,False,t3_lmupc7,t3_lmupc7,1
OnlineBuffalo34,"> DID YOU KNOW MY GRANDSON STAYED UP UNTIL 4AM TO BUY GME STOCKS? 

I'm going to need a clip of that if it isn't sarcasm",1613690914,gny2ap2,False,t3_lmznt7,t1_gny0mzo,173
coffeeoops,"He fucked mine first, I swear to GME.",1613690908,gny2a9m,False,t3_lmsin0,t1_gnwzhg2,2
dmc1l,"Is it possible? Yes. If a TON of retail investors came together and decided to short GME, we could do it.  But as soon as that happens, we aren’t retail anymore.  That’s called an organization. If you have the capital to short that much GME, you’re not a retail investor.",1613690897,gny29gz,True,t3_lmzz0j,t1_gny1u3w,4
I_AM_SMITTS,Right about what exactly?  That the game is rigged against us?  It is. Which is why GME is over. There’s no more squeeze.,1613690888,gny28u5,False,t3_lmx3k3,t1_gny1y48,-1
sandpipa78,"Jag yolo ditched PLTR and got on the GME train, now he is lying on the tracks waiting for it to just crush him.",1613690888,gny28vv,False,t3_k27r9k,t1_gdsnu22,1
manonymous_1994,"Nah, GME has better memes. Today gave me a great chance to buy into PLTR so I’m not bitter.",1613690883,gny28hr,False,t3_lmx3k3,t1_gny1ahr,1
Biolante,"I plan on holding this stock forever. So let's say I gained $100k from GME, and then bought PLTR at $35.

The drop to $25 means I am showing a loss of $20k in PLTR. But it's all unrealized losses until I make them realized.

If I sat holding the PLTR at $35, then I haven't ""lost"" that 20k. So I sold it to actually show the 20k loss (and immediately rebought at the same price) and am now only getting taxed on making $80k total at year end.",1613690837,gny2558,False,t3_lmzenv,t1_gny1siy,3
me-no-likey-no-no,My 2 shares of GME are gonna put me in a very nice new iPhone someday,1613690820,gny23ws,False,t3_lmtz4n,t3_lmtz4n,1
pencock,"can i go back in time a few weeks please, that would be great for my PLTR and my old GME positions",1613690784,gny219o,False,t3_lmx3k3,t1_gny1y3b,1
Pinbrawla,"Same. GameStop has been a favorite store of mine since I was a kid, and it really looks promising that they'll become something great. Nostalgia is a hell of a drug for people... Gme is sitting on mountains of priceless inventory that will be quite valuable when 80s and 90s kids get more financially comfortable and tired of life in the next 10-15 years.",1613690776,gny20ny,False,t3_lmupc7,t1_gnxz3wz,5
Naive_Way333,"When you sell yourself out, you lose all forms of respect, credibility, dignity, pride, guts or any trait of actual value. I sense complete utter soullessness from most of these creatures in suits. You can tell who has a thinking mind of their own and who doesn’t, Jesus f Griffin. I doubt that man can form a sentence on his own without looking like a complete fool. His face tells all. GME is far from over. If you can hold on, you deserve it all. If not, shouldn’t of invested. 

Can’t stop, won’t stop, GameStop! 💎🤲",1613690733,gny1xla,False,t3_lmzhgv,t1_gnxybdo,3
CoreOfAdventure,"Yep, the entire financial and political system conspired to rob you of the $50 you invested in GME.

The system is made to protect legitimate trading in securities based upon their value. It shouldn't be surprising that it didn't help out r/wsb's market manipulation.",1613690725,gny1wyq,False,t3_lmunl0,t1_gnxbnvo,-10
lgo_andre,Mark my words GME will return to its former glory,1613690725,gny1wyu,False,t3_lmx3k3,t3_lmx3k3,7
lgo_andre,Buying the dip on GME,1613690695,gny1uqu,False,t3_lmx3k3,t3_lmx3k3,3
MinervaNow,"So is the GME cult going to shut up after the entered into its terminal descent today, or nah?",1613690680,gny1tml,False,t3_lmk8bq,t3_lmk8bq,4
Gattsuga,"She was just about to press about naked shorting... But plotkins already said he's not shorting GME anymore.  How can we prove these assholes are full of shit? I find it hard to believe he would blatantly lie under oath unless he's done something to hide their position somehow.

So if that's true and he's hidden his positions somehow, or he actually doesnt have anymore short positions... Then who has been shorting the stock for the last few weeks?? Is there another player we don't know about?",1613690673,gny1t7q,False,t3_lmvqyw,t1_gny0wmn,9
mainingkirby,Man I hear that rumour is a FUD distraction for GME. Careful,1613779184,go2bu91,False,t3_lnt2np,t1_go26h5v,9
-2Black2Strong-,"Nah not GME, there's a hearing on monopolistic entities like Amazon and Google.

I think that's why it dropped like a rock today. It'll probably hover in the 3200s next week.

GME I think I might throw some at it for earnings hype.",1613779153,go2bs3k,False,t3_lnd8jo,t1_go204gs,2
[deleted],And buys fractional gme shares,1613779117,go2bpm1,False,t3_lnqdke,t1_go2bgfh,6
manitowoc2250,Is it bad that I wanna buy back into GME like a retard?,1613779076,go2bmq0,False,t3_lnss80,t3_lnss80,2857
BladedD,"Means he bought a call months / years ago when the price was less than $12, he bet that GME will be worth at least $12 by April, which it’s obviously worth a lot more now.

He could either exercise the call to buy 100 shares at $12 for each contract, or sell it to someone who wants to do the same",1613779073,go2bmj0,False,t3_lnqgz8,t1_go26sqi,1
andrestg99,"He bought 2 million dollars worth of GME, this man is my fucking idol.",1613779071,go2bmbf,False,t3_lnqgz8,t3_lnqgz8,2
HardcoreLARPer,So how much money on GME did you make?,1613779032,go2bjko,False,t3_lnqgz8,t1_go22evp,1
Gerrdo,I am disappointed in myself for taking so long to transfer my account but i finally did it today. It is so easy i encourage you all to transfer away from this shitty brokerage. Diamonds hands GME still holding,1613779032,go2bjks,False,t3_lnmnks,t3_lnmnks,1
tommyblack,No GME movie. Just a DFV movie please. That's what the world needs. A fucking god.,1613778991,go2bgpl,False,t3_lnqgz8,t3_lnqgz8,4
TavorX,"I have PLTR, but I also have AMC... and GME

&#x200B;

Do you have a Blue Eyed Dragon to trade?",1613778977,go2bfnt,False,t3_lnqdke,t1_go2b7fh,5
Slinkusmalinkus,"DFV is so hot right now.

$GME 🚀 🚀 🚀",1613778894,go2b9mh,False,t3_lnqgz8,t3_lnqgz8,3
apogreba,Whats everyone think GME opens at?? im going with 55,1613778885,go2b91g,False,t3_lnqdke,t3_lnqdke,5
DontShitBricks,"I read all of these dds, various holding posts of gme, but the price plumbing down every day nonstop. Seems like the squeeze was at almost 500 and people missed this shit out",1613778877,go2b8g8,False,t3_lnt2np,t3_lnt2np,5
blipsman,"I opened an account but hadn't yet funded it... was waiting for my bonus to hit. Then the whole GME fiasco was same day bonus was paid and I just moved the money into my E-Trade account I've had for years, and closed the RobinHood account.",1613778872,go2b852,False,t3_lnmnks,t3_lnmnks,1
Groundbreaking_Cat64,God damn it I'm in buy GME,1613778754,go2azrm,False,t3_lnqgz8,t3_lnqgz8,9
WillTrigger4Upvotes,"Anyone still buying GME is a certified 100% pure retard.

Of course DFV is still in, dude pulled millions in profit. He can afford to gamble on speculation.

I doubt you are in the same position.",1613778750,go2azhc,False,t3_lntank,t3_lntank,0
Jeff_Bezels,"Why are you even in shares? That's like driving around in a moped.

Buy some 2/26 50cs if you're bullish on GME. Every 1% that GME's stock increases, your investment will increase 10%, and vice versa if GME goes down.",1613778750,go2aziq,False,t3_lnqdke,t1_go2a3qb,2
Desenski,"I get that.

Until IRS comes knocking asking why I'm filing false information.

I'll 💎 ✋ GME, but I'm not retarded enough to want to mess with the IRS.",1613778716,go2ax3y,False,t3_lnmnks,t1_go29a1x,3
Automatic-One-9175,Bbby and gme,1613778687,go2auzr,True,t3_lnta1a,t1_go2aqto,2
Substantial_Flow_943,"[Own congressman didn’t let him state a fair market value thesis result]

I’m starting a Game(Stop) for anyone and everyone to play along and choose a COMPLETELY RANDOM number 

 1 - 1000

The game is simple!
Just choose a number that is totally unrelated to GME speculators pricing. A completely random number that would just pop into your head at any given moment.
Maybe it’s a lucky number.
Maybe it’s a favorite number. 

No winners. No losers. 
Just a nice fun game among strangers.

I’ll start it off... hmm 🧐 

547",1613778617,go2aq3n,False,t3_lnqgz8,t3_lnqgz8,-6
MickolasJae,GME has momentum. If there’s a catalyst on Monday... 🚀,1613778605,go2ap8v,False,t3_lnqdke,t3_lnqdke,10
Lightning-Dust,"Sold my Tesla and went all in on GME, if hes still in I can join him 🚀🚀🚀",1613778599,go2aosw,False,t3_lnqdke,t3_lnqdke,9
Noob_Noodles,Actually I MADE $25k on GME lmfao,1613778595,go2aohe,False,t3_lntr4g,t1_go2ajp3,5
bitsocialist,"He should be on the board of GME, AMC, NOK, BB, PLTR and eventually Reddit (when they go public).",1613778580,go2angt,True,t3_lnrynb,t1_go26104,30
[deleted],Considering? They would have to pay ME in GME to use them.,1613778565,go2amfs,False,t3_lnmnks,t3_lnmnks,1
josh72811,Joined on the GME train and got paper hands pretty fast but it got me interested in stocks. Turned around my GME and AMC losses into an overall profit of 2% so far. Thanks wsb.,1613778533,go2ak8w,False,t3_lnkpjk,t3_lnkpjk,1
MasterChiefX,"GME is a really bad comparison. GameStop was an old retail company where business was dying and it was shorted to oblivion. The interest in GME had to do with its potential to reinvent itself, but also the insane levels of short interest with potential for a squeeze.

PLTR is a new company with future potential with emerging technologies. No short squeeze aspect here. 

There’s no reason for PLTR to moon like GME did, this isn’t a quick short term play, it’s very long term.",1613778532,go2ak4c,False,t3_lnku2m,t1_go13ps5,1
NYGiants181,Wait what did you lose all this on?? GME?,1613778526,go2ajp3,False,t3_lntr4g,t3_lntr4g,3
rzzstar00,GME is back!!,1613778524,go2ajlz,False,t3_lnqdke,t3_lnqdke,0
jaboyles,I love GME at it's current price. Only major natiionwide retailer in a $200 billion industry. Positioning to own the Esports market. Highschool's and colleges will be buying 10s of billions of dollars worth of gaming equipment for their own leagues too.,1613778523,go2ajjb,False,t3_lnqgz8,t1_go1w60w,2
Maximum-Painter-9342,Is this why gme is up after hours,1613778466,go2afh3,False,t3_lnqgz8,t3_lnqgz8,2
kidglove,Let's make GME reach $500 again 😁,1613778466,go2afic,False,t3_lnqgz8,t3_lnqgz8,3
mastermartian1,"Funko is the fucking shit on a stick. I been deep in them
Since the pre-pandemic drop. Just ask GameStop: funko is saving FYE, GME, other retail stores. Once they make a DFW pop they are destined for the fucking stars",1613778456,go2aesn,False,t3_lnnwcy,t3_lnnwcy,1
apogreba,GME IS THE WAY,1613778424,go2acmr,False,t3_lnqdke,t1_go29mfo,2
LostSecondaryAccount,I've opened accounts with fidelity and webull but I havent transferred out of rh yet because I dont want my gme and amc fucking frozen for several weeks.,1613778410,go2ablh,False,t3_lnmnks,t3_lnmnks,1
rzzstar00,Been out of GME since Jan and honestly been over all the GME bullshit since. But seeing DFV doubling down makes me wanna buy at open Monday,1613778385,go2a9vh,False,t3_lnqdke,t3_lnqdke,21
IFromDaFuture,"Or just dont try at all next time, thats a start.

Thanks for ruining the sub here newb. You guys and your GME cult is fucking embarrassing. Fuck you and your mother. You guys ruined the culture here. 

So all I care to do moving forward is tell you how fucking pathetic you are and how disgustingly creepy you seem

Edit to add: give me the downvotes you fucking pussies. My flair was given to me for a reason. You think I give a fuck about you stupid ape fucks and your cringeworthy attempts at trying to fit in?",1613778385,go2a9vk,False,t3_lntmgt,t1_go29q4n,-11
Matrix1216,They talked about GME and you know how that went,1613778327,go2a5vy,False,t3_lnqdke,t1_go29z9p,1
apogreba,GME,1613778310,go2a4na,False,t3_lnqdke,t3_lnqdke,4
iAbc21,these journalist cucks were never here until gme. they have no clue,1613778306,go2a4du,False,t3_lnkjh0,t3_lnkjh0,1
xRudolVonStroheim,GME,1613778227,go29yum,False,t3_lnqdke,t3_lnqdke,1
Hywrth,So many awards.. Imagine how many GME shares this would be,1613778227,go29ywd,False,t3_lnqgz8,t3_lnqgz8,3
Galaxy_star_walker,"He just bought 50k more gme shares you retards.. paper handed wussies are shook to the core as we speak. Congress is in disbelief. Hedge funds are scrambling to find out what caused what seemed like the biggest earthquake on earth only to find out it was Deepfuckingvalues balls falling to earth as he was about to take a piss on everybodys faces with 50k more GME shares! 
If you dont have the guts to do what must be done you dont belong here!
If you want to call others bagholders you clearly had DFV's balls resting on your head for too long since you have permanent brain damage.
We're riding this until our wifes leave with her boyfriend forever💎💎💎💎🙌🙌🙌 

TL;DR 
Buy this GME sale or you will be eating crayons while your wife is out with her boyfriend",1613778221,go29yet,False,t3_lnqgz8,t3_lnqgz8,66
pixelwalrusca,Can someone calculate how many awards are here in GME share units?,1613778203,go29x6w,False,t3_lnqgz8,t3_lnqgz8,3
todiefore,"Please buy this new diversion stock, fellow kids. Anything but that awful smelly gme. WE....ARE...NOT...SELLING...",1613778188,go29w5r,False,t3_lnry5z,t3_lnry5z,2
notnumber2,"Currently transferring almost all of my assets to fidelity for obvious reasons except for a single share of GME. Don’t close your accounts, leave them open with a single share of GME so RH has to maintain the account and can be frequently reminded that wall street didn’t make them, we did. Power to the players",1613778183,go29vty,False,t3_lntokr,t3_lntokr,1
LegitimateWhile3228,What does that mean for GME?,1613778154,go29tvs,False,t3_lns38o,t1_go250mt,11
xRudolVonStroheim,all gme comments keep getting downvoted lmao. shills doing their work xD,1613778090,go29phg,False,t3_lnqdke,t3_lnqdke,-8
meritorius_demotion,"RIP to all the GME bag holders who liquidated at $50 and pivoted to options trading  buying 4DTE Calls on Tuesday Open hoping to make it all back.

Your posts here will be missed.",1613778047,go29mhd,False,t3_lnqdke,t3_lnqdke,3
ev01ution,Lol so is GME back on the menu or we still riding pltr?,1613778046,go29mfo,False,t3_lnqdke,t3_lnqdke,4
Slut_Spoiler,Because the fundamental play hasn't changed. Yes it went up and back down. The SI is still high when you count GME heavy ETFs.,1613778045,go29mdx,False,t3_lnrr7a,t1_go1zfbn,84
jaboyles,Yeah wtf. I love GME at it's current price. Only major natiionwide retailer in a $200 billion industry. Positioning to own the Esports market. Highschool's and colleges will be buying 10s of billions of dollars worth of gaming equipment for their own leagues too.,1613778038,go29luo,False,t3_lnqdke,t1_go28n9v,2
Buusey,"If RH buys my GME shares out at $1,000+ per share I would consider maybe not entirely leaving them.",1613778034,go29lmc,False,t3_lnmnks,t3_lnmnks,1
surfinThruLyfe,Fuck me. I’m definitely buying at least 50-70 GME stocks on Monday. Gamestop will become _Dave and Buster_ meet _Apple Genius bar_ in the near future for us ape gamers.,1613778008,go29jsh,False,t3_lnqgz8,t3_lnqgz8,5
brokenowbaby,"Listen to yourself... The value play that was GME is dead... The stock will never rise to that price until the next console launch 10 years from now if they survive. GME held some real value before WSB destroyed it...

I've took back my offer and am now offering you half a bigmac for your arrogance",1613777995,go29ix4,False,t3_lnrfgs,t1_go290cc,2
Ant831720,"Finally, something that promotes GME that gaybear mods can't delete. Mwahhahahahhahahhahah",1613777979,go29hqb,False,t3_lnqgz8,t3_lnqgz8,6
Thestockbroker22,The emails to Melvin and GME were a very considerate gesture   Lol,1613777943,go29f6f,False,t3_lnrmn7,t3_lnrmn7,5
rtheiss,"Yes it's called greed. The same mechanism that caused them to be billionaire hedge funds is also their tragic flaw - too much greed. They could've closed out their short position when GME was at all time lows, or not shorted over >100% of the company, but they want it all, and it will eventually be their downfall.",1613777942,go29f3m,False,t3_lni5mm,t3_lni5mm,1
djheat,"I unsubbed til it's over, just checking the daily once in a while, but holy shit I can't possibly care less about GME and DFV testifying to congress",1613777922,go29dn3,False,t3_lnqdke,t1_go296s0,4
jonmarcus,"Sadly, shares are still the best play with GME.",1613777902,go29ca7,False,t3_lns3yp,t1_go24upg,28
PikeEater47,Wtf? 1 million after hours volume for GME,1613777899,go29c32,False,t3_lnqgz8,t3_lnqgz8,2
bchrzfg215,"Holy shit. If GME hits $10,000 r/DEEPFUCKINGVALUE will become Wallstreetbets’ first yolo stock billionaire.",1613777897,go29bx6,False,t3_lnqgz8,t3_lnqgz8,24
jairzinho,"Everyone should know that odds are stacked in favour of the house, for sure. And if you're trading you should know that the odds are stacked in favour of the hedge funds, the banks and the HF traders with a fiber connection to the NYSE.

What RH did that was underhanded is that they're charging a commission by giving a slightly lower price. Instead of charging you $100 for the knives + $10 s&h, they sell them at $105.

If RH hadn't restricted buying, a whole bunch of people with no idea of the risk they're assuming would have bought GME at $500, $600, whatever, and it still would have crashed back to $40 like it did. And RH could have washed their hands of the whole thing.",1613777884,go29azj,False,t3_lnmnks,t1_go27da8,0
thatsenoughMrLahey,Watch DFV video and he is a major I mean major investing nerd if you seen his spreadsheets video you would know what I’m talking about. I find it hard to believe that this guy wasn’t already sitting on a serious nest egg before GME.,1613777875,go29acn,False,t3_lnqdke,t3_lnqdke,6
hesh582,">  Meanwhile DTCC is a private corporation owned by its member brokers one of which is Citadel....

Eh.  It's also owned by *hundreds* of other financial institutions, many of whom are far larger and more influential than Citadel, and many of whom were on the other side of the GME play making a killing.  

I think one of the stupider things about the way the discussion has evolved in this sub is the focus on pretty much just 2 actors, Melvin and Citadel, as if they represent ""Wall Street"".   Everyone had their fingers in that pie on all sides, folks, and many of them were much bigger and more powerful than either of those hedge funds.",1613777834,go297kx,False,t3_lni5mm,t1_go0mgbp,16
Nateconf,Why is this sub still a GME cult? There’s other subreddits for that shit,1613777822,go296s0,False,t3_lnqdke,t3_lnqdke,3
brokenowbaby,"Hold your shares to zero.. the value play In GME is dead thanks to these paper handed idiots this page has been infected with.

We need to make a rule that you need to lose 90% or more on a stock/option for you to be allowed In WSB.. that proves your not a paper handed pussy and a real diamond handed warrior!",1613777808,go295uu,False,t3_lnt2np,t3_lnt2np,-16
xRudolVonStroheim,liquidating all my positions except gme on monday and going all in,1613777795,go294wp,False,t3_lnqdke,t3_lnqdke,6
McKrakahonkey,Buy GME!,1613777771,go293ba,False,t3_lnml7u,t1_go26zte,8
tyrusthomas11,"So I sold GME at $50 for a loss, smart or stupid since DFV is posting again now? Is it back or is the AH activity just temporary hype? I’m in on PLTR since a few weeks ago as well as RIOT, trying to make back what I lost.",1613777745,go291ht,False,t3_lnqdke,t3_lnqdke,-1
DimeBag18,So gme part 2 or what?,1613777737,go290yk,False,t3_lnqgz8,t3_lnqgz8,21
QuantityExternal8102,"If he said this live, GME would be at $1000.",1613777726,go2907c,False,t3_lnqgz8,t1_go1vbb8,2
Tisjustatossaway,"Not sure how big your account is, but if it is not much, just leave. Don't abandon it, but it isn't worth moving it. Just transfer any cash you have out and when you sell positions, move the cash somewhere else. Or those are my thoughts. I was going to leave a fair amount on there until GME mooned or I sold it at the end of the year, to record the loss, and bought back in on another broker. But I had twice as much on Fidelity, so just moved and it went faster than I feared. Now I regret making all those sales and moving the cash to buy back in. This was about as fast.",1613777718,go28zmq,False,t3_lnmnks,t1_go28c9s,2
godofcatsandgoodfood,"Imagine if they actually call a shareholder vote while all of us are still holding. GameStop is technically governed mostly by a bunch of people who met online... since apparently most of the institutional investors have forfeited their right to vote by lending out shares.

Can we vote for Tesla charging stations in the parking lot and GME brand tendies? Like our version of IKEA meatballs.",1613777703,go28ylo,False,t3_lnrynb,t1_go27s1h,3
CroissantDuMonde,"Increased my position in PLTR, BB and GME. Opened a position in AAPL. Gettin 2nd microchip from Bill Gates this weekend.

Things are lookin up 😎",1613777695,go28y1t,False,t3_lnqdke,t3_lnqdke,15
lfrfrepeat,"$ilnastyOne could use some, too. Mainly to throw it at GME for discount pricing.",1613777686,go28xf1,False,t3_lnt2np,t1_go27k2j,-1
jeremy_322,"Bought 3 GME stonks in Canada.

Fuck those market manipulating swine. 💎🙌 

I Like the stock. I am not a cat.",1613777671,go28wcy,False,t3_lnqgz8,t3_lnqgz8,19
Slinkusmalinkus,">>I didn't think the brokers could pull the bullshit that they did
>
>Basically the reason why most of WSB who was vested in GME isn't significantly wealthier..

I had to focus on other stuff happening in of my life, so I set sell orders intermittently from 600-5K. Whoops.",1613777597,go28qyw,False,t3_lnl86q,t1_go1bsxx,15
MangoManYummy,Atleast the loss from 80% gme tendies.,1613777591,go28qis,True,t3_lnsrvq,t3_lnsrvq,7
komoru-1,"It was the catalyst that pushed people to buy in. They wanted to buy in so that they could ride the squeeze of when the shorts had to cover at high price levels. My thing is if we all have GME stock right now and just keep throwing change in here or there it won’t make a difference. The bigger volume and buys is what will
Help the price recover. Am I wrong??",1613777579,go28ppw,True,t3_lntank,t1_go28bb6,-4
cloudninexo,Lmao did this man move GME AH with this post? Legend,1613777560,go28ody,False,t3_lnqgz8,t3_lnqgz8,2
i-am-sui,Who says I don’t want to buy and hold GME as well? This is a long term play for me. I like the stock. I also bought more PLTR.,1613777544,go28n9v,False,t3_lnqdke,t1_go28irz,6
bchrzfg215,"Holy shit. This means if GME hits $10,000 per share, DFV will become a certified billionaire.

He will literally be everybody’s wife’s boyfriend.",1613777544,go28naa,False,t3_lnqgz8,t3_lnqgz8,7
brokenowbaby,"You are so adorable... You think you holding 3k is making a difference? I'll laugh in your face If you weren't talking to me through the phone.. now I'm just laughing at my phone.

You and everyone else with  your small ass portfolios think you can move a stock against market makers with hundreds of millions...

Don't sell GME keep it.. and run it straight into the ground. 

Today I'll give you an offer. All of your GME shares for 2 Big Macs from McDonalds...

Take my offer becuase next week I'll offer you half a big Mac and some toe nail clippings for that trash ass stock",1613777540,go28mzm,False,t3_lnt4j1,t1_go27r41,-15
Jonnybarbs,Nah you’d be surprised at how many people are completely and totally unaware of the GME situation or have already forgotten about it.,1613777527,go28m2m,False,t3_lnmnks,t1_go1esaf,0
locomaynn,Literally laying the foundations to stop the GME squeeze! 😂😂,1613777498,go28k1o,False,t3_lnnbgk,t3_lnnbgk,1
Sweet_Premium_Wine,">Yeah I’ve been wanting to invest for years 

There's an old saying in investing:  ""The best time to start investing was yesterday, but the second best time is when GME is in freefall and you're a retard for memstocks.""

I think Abraham Lincoln said it.",1613777495,go28jtg,False,t3_lnkpjk,t1_go19n5l,1
RaubtierKT,You have enough buying power for a couple more GME!,1613777489,go28jei,False,t3_lnta1a,t3_lnta1a,10
FreddieMurkury,"To all the GME traders who are day-trading PLTR, Palantir is a company you actually WANT TO BUY AND HOLD. We don't have to agree to buy and hold in order to ""screw over the man"", it's literally just a good idea this time. This company is the future of A.I./Deep Learning.",1613777480,go28irz,False,t3_lnqdke,t3_lnqdke,18
treesandbeers,"I thought so too, which is why I am confused about next week vs Mid March when we expect GME to release their Q4 earnings report.",1613777460,go28hdx,False,t3_lnss80,t1_go284ms,6
jonnohb,If DFV wants it I support it but I don't think there is any reason to push it. I also don't think GME owes him anything but having him on the board could be a good thing for all. It would show geemees support of the retail investors.,1613777432,go28fbq,False,t3_lnrynb,t3_lnrynb,1
i-am-sui,Get off Robinhood. You can’t use GME DFV and Robinhood in the same scenario. That is disgusting.,1613777431,go28f9d,False,t3_lnqgz8,t1_go283sc,3
Treegonaut,Wow this inspired me so much that I'm selling most of my other shares to buy GME.  Why?  Because I like the stock.,1613777430,go28f7c,False,t3_lnqgz8,t3_lnqgz8,4
chuckdoe,"So what you are saying is to buy more $GME and keep holding. 

I like the stonk!

🚀🙌💎🙌",1613777417,go28e82,False,t3_lnt2np,t3_lnt2np,517
Mrpinky69,Wonder if amy congressman bought GME after the hearing lol.,1613777392,go28cgo,False,t3_lnqgz8,t3_lnqgz8,1
Original-Baki,GME long play,1613777384,go28by1,False,t3_lnqdke,t1_go25zwy,2
SquoozenBrain,"DFV should get a spot on GME’s board, we could all vote him in",1613777345,go2895k,False,t3_lnqgz8,t1_go20g5b,8
varnalama,He didn't double down. He cashed out over 11 million when GME was going up. Who cares if he buys more GME now. He is just playing with house money. That is way different than the many people who bought in the $100+ range who were left bag holding.,1613777335,go288e6,False,t3_lnqdke,t1_go27t3a,4
FreddieMurkury,"no, the key is to hold it. This isn't GME. This is the future of A.I./Deep Learning.",1613777328,go287y6,False,t3_lnqdke,t1_go27vqv,3
ARDiogenes,"Lotsa PR spin in defense of payment for order flow biz model today out in MSM. Rep French Hill quick to argue its a good source of revenue, nothing to see here [no conflict of interest between Citadel HF, Point 72 + Melvin, & Citadel Securities + RH in GME 1/28-29 buying halt/et al restrictions]. Ken Griffin quoted in various headlines saying he's not worried about some ""insane conspiracy theory"". Then why bother with the press push, my guys? So much talking talking talking.",1613777325,go287ol,False,t3_lnqgz8,t1_go20qmi,47
OOminati1,"As soon as I can pull out of SOS with some baller gains, 90% of 20-30k is going right into GME :)) I may have lost some faith in our system but I never sold my GME. LETS. FUCKING. GO.",1613865589,go6832f,False,t3_lnvvu3,t3_lnvvu3,2
rollinrevue,The difference is these month long investors know what happened with GME and probably got burned. They have reason to change. Your average Joe who has a hundred bucks in a robinhood account and gets their news from CNBC won't feel overly inclined to switch brokers.,1613865529,go67z2f,False,t3_lodpnu,t1_go66lqc,2
Djmaumau84,It’s 1 GME @ -86%. If anyone ever look at it they’ll know why there was no movement. Plus it’s not a loss until I sell it. I’ll keep it till I need some tax deduction.,1613865514,go67y1o,False,t3_lodpnu,t1_go64e4f,1
DMND_Hands,"For my Canadian friends Questrade is good they didnt block any buying with gme or any restrictions except for margin reqs which I think most brokers had as well, Not sure about wealthsimple but thats another Canadian platform",1613865506,go67xio,False,t3_loef9o,t3_loef9o,1
EnemyBagJones,"What's to say we don't find the big players that are caught with their pants down pull a $GME and just royally f\*\*\* retail by changing the rules of the game/breaking the law when it comes time to settle? 

Can we expect COMEX to enforce settlement/delivery? I watched the Ed Steer video and couldn't help but thinking if it's even 1/4 as bad as he says, this is a 'too big to fail' situation and the powers that be, including the govt, will obviously sacrifice retail to keep the machine running.",1613865486,go67w7d,False,t3_lnzeho,t3_lnzeho,5
carlos_2332,I sold gme at the top,1613865471,go67v6n,False,t3_loeb96,t3_loeb96,-3
--ph,"Ain't gonna happen bro.

tl;dr - there is no tl;dr I am posting this just so I can reference it later when $GME declares bankruptcy because they are literally a retail shop selling downloadable products in an increasingly digital economy and I want a chuckle about people denying obvious truths like ""the earth is round"" and whatnot.",1613865467,go67uxm,False,t3_loio0b,t3_loio0b,11
Alunidaje,"the best thing about rh is they didn't charge fees, which made the rest also quit charging fees. it's so much easier to do small trades.

get yourself a real broker like fidelity. they own GME too.

FUCK ROBINHOOD",1613865431,go67sj7,False,t3_lodpnu,t3_lodpnu,1
kennfabio,"If I had an extra 20k buying power, it would be going all in on GME. Not financial advise. 🦍💎👐🏼",1613865388,go67piz,False,t3_lnqdke,t1_go67eg0,0
gammaradiation2,We just need to fund  an ad campaign after GME squeezes. Let them give away a bunch of stocks and then tell everyone why they shouldn't use robyahood.,1613865382,go67p6j,False,t3_log2tt,t1_go5zgju,1
The_Ron_Swansonson,If this goes to 100k I’ll open a GME storefront,1613865361,go67nr4,False,t3_lnvvu3,t1_go32t70,1
qdolobp,"Real brokers didn’t nuke trading. Only small brokers with barely any cash did. You could still buy Gme on many other platforms. 

And no, the shorts wouldn’t raise the price that much. A huge chunk of people would’ve lost money. Gme supporters claim they haven’t even covered anything yet. So wouldn’t that mean that the price was only driven up by retail buyers buying? Assuming they haven’t covered their shorts, then all that means is retail investors fucked over other retail investors by driving the price up and then selling off.",1613865341,go67mdy,False,t3_lodpnu,t1_go675mu,1
floev2021,"My favorite is the influx of bandwagonners who heard about GME and came here asking dumb questions and marking their comments with “serious answers only, please.”

*insert crying wojak*",1613865331,go67lq0,False,t3_loef9o,t1_go62h1q,3
whiteguycash,"Yes. There was a reason the entire market was red while GME was green. There were market-wide divesting moves mandated by margin calls on Leveraged GME short positions. A rug pull would have meant a mass liquidation of massively leveraged positions of all sectors. An easy and perhaps not entirely accurate way to consider the overall damage to the market would be to take all the Combined assets under management if funds and firms holding short positions and then apply the average leverage multiplier to that to envision just how many positions across the overall market would have been liquidated. Suppose that ABC capital had 10 billion assets under management. Should the infinity squeeze have squoze, and assuming a leverage of 30x due to margin granted, you would be looking at a liquidation of (assuming a full investment if all fully leveraged AUM) $300b assets. And that is just 1 firm.",1613865328,go67lhm,False,t3_lofrgo,t1_go5v6d6,81
javeliner10000,Fucking BB baby and GME if it ever gets back up,1613865224,go67ej6,False,t3_lnqdke,t3_lnqdke,0
Young-Dweeb,"Quick question. am I still buying GME?

Edit: there is no ""we""",1613865221,go67ebl,False,t3_lnqdke,t3_lnqdke,9
Malice4you2,"RH might be out of favor on WSB but the millions sucked into the market because of the hubub about GME will likely go to RH. Its east to use, free, well known and has pretty much everything a beginner needs. 

When they grow enough as traders to stumble on WSB we should tell them 1. Get the f outa here and 2. Switch to a real broker. .",1613865201,go67d1v,False,t3_lodpnu,t3_lodpnu,1
qdolobp,"Because losing money on your own trades is one thing. But it’s become a cult. A group of people trying to convince others to buy. And I think it’s fucked up that people are convincing newbies to buy GME just so they make their money back. 

I’m not mad about GME. I’m mad about people who are in the hole convincing others to bail them out essentially. They’re going to cause a LOT of people to lose a LOT of money. It’s been disguised as a “brotherhood”, when in reality it’s just a bunch of people wanting the price to get back to where they bought it at so they can cash out.",1613865192,go67cfy,False,t3_lodpnu,t1_go6732o,1
Coral_Bones,"also, don’t take this the wrong way, but i’m just curious: why so many negative comments about GME? Like if you don’t own any of the stock, why are you putting in so much effort? 

i really am just curious i’m not like trying to be a dick haha",1613865052,go6732o,False,t3_lodpnu,t1_go65j87,2
NooGeni,Because their retard leader DFV just bought like $2M more GME stock,1613865017,go670qh,False,t3_lo4qu6,t1_go4dvqy,1
Bendetto4,"Does this guy realise that he needs billions of dollars to own GME and even if you earn 1 million dollars a year,  you need 1000 years to earn enough to buy gamestop",1613864983,go66ycu,False,t3_loio0b,t3_loio0b,135
username--_--,"but neither of them are responsible for clearing. One is the hedge fund, one is the market maker. RH included in it's submissions for the committee what their required deposits were through the GME fiasco for DTCC and you could see that they had exceeded what they had. The guy i was responding to had 0 understanding of what the letter meant but basically just talked out of his ass in order to ""rile up the troops"".

Heard the story of the boy that cried wolf? you guys keep accusing them of things that are easily disproven and expect anyone [of worth] to take anything said seriously",1613864952,go66wbh,False,t3_lofrgo,t1_go660h5,1
LrdCochrane,"Honestly, best thing to do with gains was the guy that went into a gamestop and bought a few hundred switches and donated to children’s hospitals across america. Its brilliant because it will actually make gme numbers go up and put even more pressure on shorts.",1613864936,go66v8b,False,t3_lob61p,t3_lob61p,1
Available_Lobster923,If you do not appreciate GME at its lows you do not deserve it at its highs,1613864929,go66usj,False,t3_lnqdke,t3_lnqdke,9
exchangetraded,"Great DD 👍

I hypothesize that there are countless shares that simply do not exist, and the only way to fix this without a full financial collapse is if GME issues new shares.",1613864921,go66u9o,False,t3_lohyug,t3_lohyug,10
pwnering,"Anyone have a list of all the brokers that halted buying GME, I haven’t gotten out of RH yet and I want to get out but idk which brokers DIDN’T halt buying",1613864888,go66s0t,False,t3_loef9o,t3_loef9o,1
ScrotusMahotus,"Palantir was on Pluto in my dreams yesterday. I wonder what tonight will bring. Maybe GME. Or better, GME and PLTR.",1613864883,go66rng,False,t3_lnqdke,t3_lnqdke,11
attrition0,"Fidelity did not halt trading of GME at any point, I had my GME on that platform. However when it got crazy they did not allow market buys, you had to use limit orders. This was claimed to be because of the volatility, however you could buy and sell that way through this whole saga.",1613864870,go66qrl,False,t3_loef9o,t1_go5wh2j,2
Top_Accident_5080,I am hearing PLTR and GME again since 2 days. So r we going in it?,1613864828,go66o00,False,t3_lnqdke,t3_lnqdke,16
butters106,I still could buy GME on Fidelity during the RH halt. How did that work?,1613864825,go66nuf,False,t3_lodpnu,t1_go5ur4f,2
Over-Moment1584,"You know what you have to do with that 35$
.9 share of $GME",1613864794,go66lv4,False,t3_loatvv,t3_loatvv,1
deathvalley_101,"When I look at other stocks, I feel everything is at ATH anyway so I might as well average down on GME and hope for the turnaround by papa cohen.",1613864789,go66lk0,False,t3_lnqdke,t1_go64i1n,3
rocket-L,Is GME back in the menu?,1613864784,go66l74,False,t3_lnqdke,t3_lnqdke,7
OldSchoolHardcoreG,"It’s safe to say this is the next level of retard GME has brought to the sub. 

I’m excited, so fucking entertaining reading this dumb shit",1613864709,go66g84,False,t3_loio0b,t1_go61qn2,696
AbbreviationsLow1535,I'm tired of gme,1613864640,go66bms,False,t3_loio0b,t3_loio0b,7
BurningB1rd,silent is like the last word i would describe gme holders,1613864593,go668g1,False,t3_lnqdke,t1_go65tx4,3
WarrenBuffat,Who actually is bag holding gme shares over $100,1613864543,go664ym,False,t3_lnqdke,t3_lnqdke,-7
Mcnst,"TDA had plenty restrictions on GME — it's not any better.

Did everyone really forget that fast?!

Interactive Brokers, too.

Fidelity is probably the only choice, and it's swamped due to all the exodus — reviewing my cash-only options application since Feb 10 — it's Feb 20 now — normally supposed to take just a few days.",1613864542,go664x1,False,t3_loef9o,t3_loef9o,1
jttv,I am still confused why they restricted only some securities and not all of them if they had a collateral issue. Any stock buy on the platform would have been hurting them not just GME and AMC ect. Thats what looks most fishy to me,1613864531,go6644t,False,t3_lodpnu,t1_go5lbx0,0
Tiny_Philosopher_784,"Message unclear, putting a buy order for GME.",1613864499,go661up,False,t3_lodpnu,t1_go5v6n5,8
nos_quasi_alieni,"I recently transferred my money from Robinhood to a real broker and apparently my account with Robinhood was margin and not cash. I guess that’s how you can spend your deposit instantly. 

If enough GME holders move away from Robinhood we’ll see them forcibly buy back those shares to transfer to the new broker. 

GME holders should absolutely abandon for a reputable broker.",1613864479,go660gn,False,t3_loef9o,t1_go5n64e,2
Yukimor,"That’s a fair take. I would say that given my understanding of the timeline, they should’ve seen this coming when GME started hitting $40-50 a share— in short, they should have begun preparing when the signs started coming in. Their systems *have* to have a way to alert them to sudden unusual increases in volume, for example, and so they should have seen this at least a week ahead.

It should not have come down to Vlad having to respond to a call in the middle of the night telling him they need $3B immediately or it’s all over (which is my understanding of what happened).",1613864476,go66092,False,t3_lodpnu,t1_go63b9j,44
LetsGetLostSomewhere,"Anyone got opinions on using JPMorgan's platform? 

I have only briefly looked it up, I can't find how they handled GME . I'm sure they don't have liquidity problems and what I find was generally positive. Worst case, if I don't like it I transfer it to another broker but I was hoping some on here tried and and could give me info if it's worth it. They're also doing low cost trades but I'm sure they get the orderflow and that's that's why.",1613864455,go65yse,False,t3_lodpnu,t3_lodpnu,1
judi_hench,"I think you're correct but not enough people are willing to hear this. Full disclosure I made 15k on gme then bought back in like a fool and lost most of my account.... Having looked back on it, I was always in line to lose because I jumped back in at a retardedly high price (for greed).

Restricted/unrestricted/manipulated/etc there would always be an absolute shitshow when the peak was reached.

The way it was handled was wrong, and unfair etc but I doubt anything significant will change. Ultimately nobody gives a shit that retail bought the top",1613864454,go65yod,False,t3_lodpnu,t1_go62xoq,2
SHsji,The new users are one keeping GME going... I don't know why you think the opposite?,1613864433,go65x9l,False,t3_lo4qu6,t1_go65jeo,2
Available_Lobster923,Yesterday i had a dream tha GME stock was 3000 dollars and robinhood became a porn site,1613864424,go65wm4,False,t3_lnqdke,t3_lnqdke,14
123archer,"Jeez. Good luck to you buddy. I hope the Schwab does the right thing and resolves this for you. But it makes me wonder how many naked shorts got out there resulting in fail to deliver due to this bug. 


Not that it is related, but TD is not accepting simple cash secured puts in GME still saying the underlying stock is difficult to borrow. Not sure what the heck is going on.",1613864420,go65wbl,False,t3_lojn4x,t3_lojn4x,2
jorel43,"Kramer is saying don't be too greedy, he's telling DFV to get out and sell his gains in GME. Basically don't be too overconfident.",1613864406,go65vcp,False,t3_lo8tmk,t3_lo8tmk,1
Kangaroobjj,gotcha. im sad I sold 5k shares in my cash account and 10k shares in my IRA...entry was at 21.55...during the height of GME and AMC to get more action there...but it was such a stagnant stock for awhile. I saw it creep to 22 and 23...rebought on friday. would be nice having more shares for those $1 moves but its all good. glad to see a post about CCL. its about time it gets its time to shine in the covid recovery.,1613864339,go65r1z,False,t3_locy08,t1_go65dli,3
gecemg,GME bagholders,1613864266,go65m78,False,t3_lnqdke,t1_go65k0a,7
ArcticPros,I genuinely can’t believe people actually think RH should have restricted selling. No chance any of these folks ever invested before GME.,1613864249,go65l3a,False,t3_lodpnu,t1_go5zkw1,2
NooGeni,"The new users are the only thing that makes this sub bearable.  The cringe retards who won’t let the GME disaster fucking die already were the retards who have always been here.

The sub IS the meme.  Everyone here prior to GME was literally retarded.  It was never actually a meme, they just didn’t know it",1613864223,go65jeo,False,t3_lo4qu6,t1_go4vtzv,1
qdolobp,"Robinhood doesn’t own them, and neither do you. Well you kinda do because you can transfer it to another broker. You own the rights to the stock. Similar to a video game. You’re buying the license, but you don’t actually own the game. But at the same time you pretty much do lol

Also your link isn’t valid because that’s assuming RH goes under while you have money in there. They return your money. But if Melvin goes under, you don’t get reimbursed for whatever GME profit you WOULD have made. It’d fall back on your responsibility to sell when you think you need to sell.

It’d have to be robinhood that went under. Which they wouldn’t in this scenario.",1613864221,go65j87,False,t3_lodpnu,t1_go64t8s,2
Yukimor,"In a sense, they were protecting their customers. If they’d fallen out of compliance with the NSCC, then their customers’ asserts across the entire platform could have been liquidated. That means that the majority of their customers who weren’t involved in the GME craze could have had their assets liquidated— which is honestly the more unacceptable outcome.",1613864184,go65gvb,False,t3_lodpnu,t1_go64nnr,2
OGVirtued,*plot twist* \- Your 253.3413473 GME shares make up 4.57% of your loss,1613864142,go65e38,False,t3_lo4z6e,t1_go4ui14,1
DevinCauley-Towns,"How much do you think this actually matters?  IBKR is at the bottom of the list, yet their chairman has been very vocal in defending their decision to shut down buying of GME. His reasoning is that brokers would be obligated to buyback the shares if the shorts became insolvent and that would be a huge hit to them to say the least.

It clearly is selfish and saves themselves at the cost of their customers (at least the ones holding shares) but doesn’t seem like he needed much outside influence to come to that decision.",1613864100,go65bbv,False,t3_lohdsd,t3_lohdsd,30
samcar330,Seriously people act like he's their savior after they bought gme at $300,1613864068,go6593z,False,t3_lod00m,t3_lod00m,28
Sweet_Premium_Wine,">get this to AOC...he can get extradited for perjury

This is the perfect summation of you GME retards.",1613864061,go658p9,False,t3_lofrgo,t1_go5u0ed,1
SirMooncake,"I’m not saying one player did this. 
I’m talking about all the power users. 

Redditors of these subreddits never seemed to stop and think about why the big investors of WSB know so much about derivatives trading. 
Or how they seem to know how to access and read from a Bloomberg Terminal. Or why there are so many user there that can seemingly drop hundreds of thousands if not more on complicated meme plays. 
How do you think that WSB knew that GME was open to a short squeeze and a gamma squeeze play? 
WSB’s power users are younger finance bros. 
It’s 30-something investment bankers and portfolio managers memeing with eachother and cosplaying as “autists”. 
If you didn’t know what a short squeeze was before this, you are their exit strategy and downpayment on their next Porsche.",1613864044,go657iu,False,t3_lo32zv,t1_go4246x,1
rokr1292,"The only reason I still have robinhood is because it's holding 2 GME shares that it's not worth $75 to transfer, and I refuse to sell.",1613864026,go656ad,False,t3_lodpnu,t3_lodpnu,2
Gooseman1019,So excited for GME open on Monday.,1613864009,go6558j,False,t3_lnqdke,t3_lnqdke,9
Available_Lobster923,Am i the only one who still hodl GME?,1613863991,go65416,False,t3_lnqdke,t3_lnqdke,8
ExoticDankOnly,But Plotkin lost money on being a GME bear by getting greedy and not closing as well,1613863961,go6522d,False,t3_lo8tmk,t1_go6220f,1
--ph,"Robinhood gained a billion dollars in customer deposits in the week following their $GME fiasco.

I think people are retarded. Not the wallstreetbets kind of retarded, but retarded retarded.",1613863879,go64wn4,False,t3_loef9o,t3_loef9o,1
PublicAccessNetwork,"This is pretty autistic, but if you wanna go next level make a GME meme out of the scene from Mad Max: Fury Road where all the war boys begin their chase. Primo GME autism material right there.",1613863813,go64s7p,False,t3_logd9i,t3_logd9i,6
rollinrevue,"Not that they don't know what GME is, but don't know about all the bullshit. Imagine your average retail investors who takes their tips from Jim ""the Shill"" Cramer. They know stock went up, Reddit got greedy, stock went down. I would say that is the level of understanding of a good 75% of all people who know anything about GME",1613863795,go64r2b,False,t3_lodpnu,t1_go64d1a,3
Yukimor,"GME isn’t as unprecedented as you think. We’ve had all kinds of bubbles and weird short plays throughout history, and sudden frenzies aren’t unheard of. [We’re quick to forget them](https://www.latimes.com/business/story/2021-01-27/gamestop-wall-street-bets-frenzy-history). GME was a unique situation, but frenzied buying of assets, goaded and cheerled by a growing crowd, is not unprecedented at all. 

I contend that brokerages should be better prepared for sudden shifts in behavior, and that Robinhood should have been prepared for this better considering their entire platform presents the market like a casino. They were specifically appealing to a demographic of people with little financial education, little to no investment experience, low savings, and the impulses of young people who’ve just escaped the regimented drudgery of high school and finally been unleashed upon the world. And when stimulus money started coming in, RH should have anticipated higher (and possibly more risky and desperate) activity. 

They have data scientists and behavioral scientists in their company. We know they do, because their job is to implement gamified elements to incentivize more frequent trading behavior that helps RH make money. They should have been better prepared and the fact that they weren’t is because they, like their customers, were also gambling— they were gambling that this type of event would not happen.",1613863759,go64opl,False,t3_lodpnu,t1_go62nto,1
bobwehadababy1tsaboy,"Robinhood charges a $75 ACATS fee. Some other brokers will reimburse you for that fee.

I would ask for this back from robinhood too. Fuck them. They failed to do what they are designed to do which is allow retail investors to trade and give access to the markets. 
They did the opposite, restricted the markets and didn't allow you to trade GME.

Now google had their back and removed all the negative reviews we posted.

The better business bureau hasn't removed any negative reviews.
Here is the link to leave a complaint and submit a review.

https://www.bbb.org/us/ca/palo-alto/profile/financial-services/robinhood-markets-inc-1216-417256/addressId/1

If you wanna leave a review on yelp or Google maps, their address is 3200 ash st palo alto.


If they fail to refund your acats fee or just for the hell of it, you can file a finra complaint. Here is the link

https://www.finra.org/investors/have-problem/file-complaint

Disclaimer: I don't like robinhood. I do like the stock (GME)",1613863702,go64kx4,False,t3_lodpnu,t3_lodpnu,2
idrinkh20frombottles,The crappy part is I still own GME and AMC through RH and am afraid to try a transfer to Fidelity because of the horror stories of the transfer process. I'm getting out asap but I'm stuck for a little while.,1613863698,go64kns,False,t3_lodpnu,t3_lodpnu,1
mapin1,"*Buys $1,000,000 in crayons, $1,000 in GME*

We love to see it bud, own that shit.",1613863681,go64jka,False,t3_loio0b,t3_loio0b,19
samslater23,Honestly at this point if I was down tens of thousands on GME I would just lower my average cost down a shit ton. Wouldn’t even think of opportunity cost because would prob lose everything trying to find a multibagger to make it all back,1613863656,go64i1n,False,t3_lnqdke,t3_lnqdke,7
tensorcat,"Gme isn't gonna be studied until the end of time.  Same thing happened to tlry a while back, but 10x, it went to 4000",1613863643,go64h7d,False,t3_loio0b,t3_loio0b,3
bartier999,still crazy to think that GME really introduced so much people to the stock market...,1613863639,go64gvu,False,t3_lodpnu,t1_go5auc3,2
Morindre,So you think the strategy of after you have a solid pool of funds to just toss it all in ark could be pretty solid? I have lost a lot of my GME gains since it happened and kind of want to switch it up,1613863628,go64g66,False,t3_lnqdke,t1_go647db,1
untappedmememarket,"Even the moon people are buying GME!

( /s )",1613863604,go64ely,False,t3_lnybwl,t3_lnybwl,2
Kggcjg,"You guys- QUESTION: I have fidelity up and running, took almost 2 weeks. 


I want to transfer my position from RH to Fidelity, but we know that I can’t do anything until it is transferred. 

Does anyone think this is a good play during this week? I can still *buy on fidelity * but I won’t have access to my shares on RH to sell. 


I’m *not* looking to sell GME, but I ain’t looking to be fucked again by RH. 

Not seeking financial advice, seeking basic conversation that we’d have at a bar, or at home.",1613863599,go64ea3,False,t3_loef9o,t3_loef9o,1
the_wiener_kid,Is there a reason to keep the GME open and not transfer?  Honest question,1613863596,go64e4f,False,t3_lodpnu,t1_go5tid2,1
peeonyou,How does anyone not know about GME at this point?,1613863580,go64d1a,False,t3_lodpnu,t1_go5nf4o,0
Talhallen,Reached out twice about the account downgrade and still no response. 11 shares of GME and they will be in RH until it or the stock market collapses.,1613863468,go645jp,False,t3_loef9o,t1_go5n1it,2
mooglinux,"A lot of people went to Fidelity, including me. If you get past the dated UI, it’s plenty solid. No fees for trading stocks. They never limited GME either as far as I know.",1613863453,go644hg,False,t3_loils7,t1_go5zcky,35
DorkHonor,"GME puts hit harder on RH, fight me.",1613863451,go644dq,False,t3_lnqdke,t1_go63mur,-1
Replybot5000,"Did you go from 95k to 12k?

If so, Can we get a diamond balls award for these people.
Because anyone who holds with gme and can prove it should be honored on this sub.",1613863436,go643dr,False,t3_lo9pok,t3_lo9pok,3
zhululu,"Yeah I wouldn’t buy a stock based on SI alone. You’ll need a compelling case on why it’s undervalued and going to turn around and it’s probably a very long play. SI might help explain one of many factors why it’s undervalued but it can’t be the only or even main one.

Go read DFVs old DDs on GME. SI wasn’t part of it. At the time he thought it would slowly rise to $20-25 and it took over a year to get there.",1613863431,go6432r,False,t3_lnqdke,t1_go5t86j,2
inspectametal,GME was always on the menu,1613863416,go6423n,False,t3_loef9o,t3_loef9o,2
Professional_Hippo80,Let's not bother with Robinhood's sh\*tbag. keep those diamonds for gme,1613863373,go63z7z,False,t3_log2tt,t3_log2tt,1
arlsol,"The whole point of the linked report is that no one was required to halt trading. Robinhood is a lot smaller than you'd think. I saw from the hearing that a crazy % of total accounts traded GME (don't know if true), but if that's the case I'd think fidelity had WAY more trading in GME going on than RH.",1613863345,go63xcm,False,t3_lofrgo,t1_go6306l,22
74orangebeetle,">Didn't pretty much every brokerage put restrictions on GME 

Literally the comment you replied to!  Read the quote above....they said pretty much every brokerage put a restriction on GME...I said that's incorrect...there are a lot that didn't...I just gave Fidelity as one example...didn't feel like looking up every single one that didn't just to prove my point, but Fidelity is not the only one.  
   
Now you use your brain and re-read the comment you initially replied to...I didn't pull it out of nowhere...it's not that no one asked it... LITERALLY THE TOP COMMENT THAT YOU ORIGINALLY WERE REPLYING TO ASKED IT.  Use your brain and read it...if it still doesn't make sense then I can't really help you.",1613863327,go63w46,False,t3_lodpnu,t1_go5x3io,-1
Secret_Rooster,Don't close your account. Leave one share of GME on there so they have to keep paying for tax docs.,1613863315,go63vcv,False,t3_lodpnu,t3_lodpnu,1
Hank-TheSpank-Hill,"How many sure fire theories have gone up in smoke the last 3 weeks? The past does not matter it’ll take years to fully piece everything back together when all the info is collected. Don’t let incomplete information influence your trades because that’s just emotional.

GME, at this point, is a long term play the arbitrage opportunity is gone.",1613863284,go63t8t,False,t3_loj8fe,t3_loj8fe,1
Ecstatic_Garlic_,"Good afternoon out there fellow retards! I'm Garlic, the WSB DJ. Traffic is back to normal out in the roads thanks to the snow thawing, still a couple of slick spots as the thawing snow turns back to ice tonight. All you smooth brains be safe out there!

Up next on GME radio, The Red by Chevelle.",1613863284,go63t9e,False,t3_loeb96,t3_loeb96,1
JustinianIV,"I'm retarded so I've already bought in to PSLV, but as a veteran of GME, my cynical side has to ask this: what's to stop all these big banks who control silver prices, like JPM, from simply tanking the price of silver and causing all of these ITM contracts which stand for delivery to go OTM?",1613863275,go63sn5,False,t3_lnzeho,t3_lnzeho,10
ImEnglish121,"Looks like the train starts from here again.

Time to buy GME again, most undervalued stock.",1613863252,go63r49,False,t3_lnqgz8,t3_lnqgz8,14
Capraos,"You're absolutely right about GME. You even made some really good arguments for it. That is massive market potential. I think we all have been feeling that way but by all means, go for it.",1613863248,go63qvs,False,t3_loio0b,t3_loio0b,-2
Juan-Gute,"Sorry sir, I already own GME.",1613863154,go63kmw,False,t3_loio0b,t3_loio0b,3
Morindre,Yeah that makes sense. I made around 60k from GME and just making over 100 percent a year on ARK sounds really sexy.,1613863098,go63gwv,False,t3_lnqdke,t1_go637mj,1
snorkleboy,Didn't all the brokers shut down trading for gme?,1613863046,go63dim,False,t3_lodpnu,t3_lodpnu,1
ChuckFeathers,Honestly this dude's take is only slightly more insane than most of the other GME hyperbole posted here.,1613863044,go63dff,False,t3_loio0b,t3_loio0b,42
qdolobp,"Were IBKR even shorting gme? 

And it just doesn’t matter. The squeeze happened. Could it have gone higher? Yes. But even then, three things to keep in mind:

1. About half of you would’ve still lost money. For it to hit $10k, someone would’ve had to buy at $9,999. Those people and honestly anyone who bought over 50% of its peak price will lose money on average. 

2. We KNOW the market is manipulated. Take this as a fact of nature and play around those rules. Fighting against them is great and all but people acting surprised it was manipulated baffle me. Like no shit. 

3. At a certain point, Melvin would’ve just declared bankruptcy and wouldn’t have to cover the shorts. Meaning at that very moment it would tank the price and retail investors would be fucking over retail investors as described in point 1.",1613863034,go63co1,False,t3_lodpnu,t1_go62uyy,-5
bologna_tomahawk,"Yea they make butt plugs, I got a diamond one for these GME diamond hands",1613863034,go63cq8,False,t3_log9ur,t1_go5w0vc,3
kneelb4neil,Bruh the hedge funds will just one up us and squeeze robinhood the way we did with gme lol,1613863029,go63cbg,False,t3_log2tt,t3_log2tt,2
npahc,GME futures bots are back. Bullish indicator,1613951992,goa7nmd,False,t3_lp6i2q,t3_lp6i2q,11
r0b0t_LM,Which puts Dfv’s cost basis at what... 26??? This GME play is honestly just sad for the vast majority of you guys.,1613951929,goa7jhu,False,t3_loptmf,t3_loptmf,1
BoomerImpairedShtSux,GME retards haven't figured out diamond handing shares is exactly how their Boomer parents/grandparents do it.,1613951922,goa7iy8,False,t3_lp6i2q,t1_goa796d,6
Hey_Hoot,"Ain't that the truth. Boy wouldn't it be lovely to learn just how many of these diamond hands actually sold GME when shit hit the fan. 

The guys saying ""ape strong, hodl line"" were in at $300 and now begging to get their money back.",1613951860,goa7eow,False,t3_lp45yt,t1_goa4bij,1
Rrfei,"**Why** are people predicting 10-100k a share for GME? 50k values GME at 10x the entire gaming industry.

I’m hearing people say “short term technicals due to a short squeeze can make it happen” but companies in the past at any given time have had more SI then GME currently has and never skyrocketed 10000000%",1613951850,goa7dz5,False,t3_lp6i2q,t3_lp6i2q,1
lilrush,GME double down let’s goooo,1613951839,goa7d6h,False,t3_lp6i2q,t3_lp6i2q,8
analfarmer10,Stock market since last month has been very anemic and low energy (besides gme and the other couple)... I wonder why.,1613951808,goa7b66,False,t3_lp6i2q,t3_lp6i2q,2
Reganp52,No I got rocked by SNDL. Everyone hates it. Do GME.,1613951777,goa791k,False,t3_lp6i2q,t1_goa6xm3,2
ImAMaaanlet,"GME 💀

AMC 💀

apes 🤡",1613951731,goa75x8,False,t3_lp6i2q,t3_lp6i2q,-10
the_whole_new_world,"Everyone... repeat after me: one share of GME a day, keeps the bears away.  Say it retards.",1613951720,goa756f,False,t3_lp6i2q,t3_lp6i2q,13
mattdillonjax,If you lost on GME why buy and lose again?,1613951709,goa74fu,False,t3_lp6i2q,t1_go9vc0u,-16
throwaway_0x90,"There's /r/investing & /r/stocks for reasonable discussions. This sub is all about craziness & gambling. I think the new people didn't see how PLTR dominated this sub a couple of months ago. Now it's GME's turn; especially since it reached mainstream media and it's the reason this sub has so many new people right now.

Relax and go with the flow. :)",1613951707,goa749g,False,t3_lp9j35,t3_lp9j35,8
Reganp52,GME! YOLO,1613951683,goa72pc,False,t3_lp6i2q,t1_goa5ty1,1
Chaoticimpact,"Lol @ the retards buying GME, PLTR is free money below $30",1613951652,goa70i9,False,t3_lp6i2q,t3_lp6i2q,16
burninggreenbacks,"The GME posts never stopped 

Honestly I wish they would, get new material",1613951641,goa6zsb,False,t3_lp6i2q,t1_go9rq5z,-29
MinotaurOnLucy,"He said he was long gme, did a post on wsb saying he’s alive",1613951595,goa6wnx,False,t3_lp6i2q,t1_goa6sng,0
Adventurous-Shower88,"I don't know who you are, I don't know what you want but if you try to stop me trading GME, I will find you and I will kill you!!!",1613951586,goa6vz9,False,t3_lp6i2q,t3_lp6i2q,1
Reganp52,GME,1613951582,goa6vqx,False,t3_lp6i2q,t1_goa6038,1
nicky94,George i thought you joined GME for the week?,1613951558,goa6u3h,False,t3_lp6i2q,t1_goa5rek,1
Don_vs_World,"i like gme, but PLTR has got wayyyyyyyy more upside rn",1613951550,goa6tiy,False,t3_lp7onc,t3_lp7onc,0
DickBatman,I don't quite understand the question. After the March crash last year and the gme debacle this year I no longer trust that anyone knows what they're doing and am more willing to throw money at a thesis that sounds like it makes sense to me.,1613951534,goa6shg,False,t3_log2g8,t1_goa4f9x,2
[deleted],GME 🦍 💎 ✋,1613951514,goa6r25,False,t3_lp6i2q,t3_lp6i2q,16
Reganp52,GME,1613951508,goa6qpc,False,t3_lp6i2q,t1_goa6c1g,1
zheng_ole,Stopped reading after “I first found out about this subreddit when GME was mooning”,1613951492,goa6pkg,False,t3_lp9ssl,t3_lp9ssl,2
Reganp52,GME,1613951488,goa6p9t,False,t3_lp6i2q,t1_goa6d71,4
Reganp52,GME,1613951464,goa6nno,False,t3_lp6i2q,t1_goa6g1l,4
Reganp52,GME,1613951454,goa6mvx,False,t3_lp6i2q,t1_goa6gs1,2
chakkali,"It’s haupt bro. Like gme, this thread will shoot into the stratosphere.",1613951434,goa6lin,False,t3_lp4460,t1_go9ptud,8
crisscross89,"Wtf do you mean no one knows the GME story? It was in the fucking news on every fucking network, social media platform, my fucking 80 year old Asian grandmother who only watches Asian shit even knew what happened. Even the international news knew what happened and reported it. PLTR is more like the under dog here that investors do not really understand. Your logical thought here is not in reality there is no reinvention in GME it’s DYING! The financials are not there to back it up and it’s in a failing business sector or RETAIL! Get real! OP made a horrible decision in trading PLTR for GME. You thought you saw something in GME because it rallied on a once in a lifetime well shit get ready to see what PLTR will do to your account.

Good luck!",1613951419,goa6kfh,False,t3_lp7onc,t1_goa346u,7
itscolinnn,Might have to buy more GME as usual! Great discounts!,1613951414,goa6k37,False,t3_lp6i2q,t3_lp6i2q,6
dgnitty,"It’s a fairly horrible, vapid article, but at least the guy acknowledges that GME is a real company trying to do real things. Sort of refreshing since 99% of media coverage treats GME without any consideration that it actually is a business.",1613951406,goa6jj8,False,t3_loyrfq,t3_loyrfq,3
FaithlessnessFree331,Gme it is,1613951405,goa6jf9,False,t3_lp6i2q,t1_goa602w,2
GME_4EVER,What do you think? #GME 4ever,1613951346,goa6fau,False,t3_lp6i2q,t3_lp6i2q,8
youngslyboltsup,I’m in at 1.54 with 666. I lost so much in gme so starting out small again,1613951331,goa6e9r,False,t3_lp9ui5,t3_lp9ui5,0
the_whole_new_world,"Wtf. Suddenly there are so many doubled retarded bears shitting GME.  Well, I guess that’s a good sign.  Dude bears are dumb.",1613951261,goa69cz,False,t3_lp6i2q,t3_lp6i2q,4
TheSouthAlwaysFails,Why aren't the pussies talking shit about GME posting screenshots of their puts?,1613951234,goa67gf,False,t3_lp6i2q,t3_lp6i2q,-1
Reganp52,"ALL IN ON GME 🦾
DFV✊",1613951221,goa66jd,False,t3_lp6i2q,t3_lp6i2q,7
stonetaylor,Thread is being overtaken by GME and flat futes warnings bots.,1613951200,goa652q,False,t3_lp6i2q,t3_lp6i2q,2
InvestingNerd2020,"Agreed that they both did it, but IBKR is mostly used by Hedge funds.  Robinhood is used, on average, by regular retail investors.  Particularly beginners.  Also Robinhood's message of ""democratizing investing for all"" looked hypocritical.  They clearly did not try to show democracy for GME.  Thus the greater hate towards Robinhood than IBKR.  

I've never meet someone under 40 years old who uses IBKR.  I can find 100 random people down any city street that has used Robinhood before this GME fiasco.",1613951157,goa6200,False,t3_lp45yt,t1_go9o8q3,2
Shavel04,Does anyone think GME is actually going to go back up?,1613951154,goa61s6,False,t3_lowgx3,t3_lowgx3,1
menwa,Buying GME at the open.,1613951127,goa5zuq,False,t3_lp6i2q,t3_lp6i2q,15
Original-Baki,Only one move: Buying $800 GME calls.,1613951083,goa5wn8,False,t3_lp6i2q,t3_lp6i2q,18
fasulo_,Not everything is GME,1613951070,goa5vpr,False,t3_lp5adu,t3_lp5adu,1
IsLivingWorthIt,Step 1: Yolo GME,1613951057,goa5ut7,False,t3_lp3lhd,t1_go95i1v,2
Cashmoneytendies,You didn’t even know what a hedge fund was before GME lmao cut the bullshit,1613951045,goa5tyu,False,t3_lp786a,t3_lp786a,27
PikeEater47,GME 800 strike feb 26 exp call,1613951026,goa5so9,False,t3_lp6i2q,t3_lp6i2q,13
[deleted],"It's a fucking cult man. See I'm not dumb enough to invest in GME, I want the super long term value of Blockbuster.",1613951007,goa5rac,False,t3_lox4sr,t1_go9dxua,3
augrr,GME is the hedge,1613950991,goa5q6w,False,t3_lp6i2q,t1_goa4bkz,1
the_whole_new_world,All in GME tomorrow before market opens,1613950981,goa5pgd,False,t3_lp6i2q,t3_lp6i2q,15
NottThatGuy,What's GME? I haven't heard of this stock.,1613950966,goa5od4,False,t3_lp7n6t,t1_go9u5wi,1
ScrewedUpDinosaur,"GME GO ***SKRRRRRRRRRRRRRRRRRRRRRRRRRRRRRR***  
 
And by that I mean trading sideways xd",1613950942,goa5mp7,False,t3_lonpp9,t3_lonpp9,0
LittleDruck,"Didn’t use chwys market cap, used their multiple on GmE sales. 

Chwy sales are about $9b growing at 30%

Gme e comm only sales are 1.4b growing at 300%

Pet and gaming TAM seem to be about similar at $200b",1613950916,goa5kri,False,t3_lp1kzk,t1_goa3mzu,2
DoctorBagels,Can't imagine getting emotionally affected by people online.  Also hard miss on me being a GME spammer.,1613950897,goa5jga,False,t3_lp6i2q,t1_goa3eva,2
AsianBond,"IMO, the fact that this is what they took from the hearing, is proof that they had preconceived notions of how to twist the $GME situation around to push their own agendas. They don't care and we shouldn't pretend that they care.",1613950888,goa5it8,True,t3_lp9ot8,t1_goa5028,1019
idiotarse,Let's go GME,1613950882,goa5id4,False,t3_lp6i2q,t3_lp6i2q,17
mirinfashion,"Driving *factor*, he could've been *one* factor that helped it squeeze by posting his daily updates and having the GME cult follow. Would it have panned out the same way if he didn't post any of his GME updates and didn't make it publicly known that he was RoaringKitty back in December? Who knows, but I do know people continued to jump in because he kept posting updates showing he was still in. Also, 5 of his update posts are in the top 10 of most upvoted in this sub of *all time*.
 
>And as far as I know, he didn't have anything to do with the squeeze but he invested a big sum into the stock very early on hoping it will rise from the 'death' ( aka bankruptcy which was very close to when he got in).

One of the reasons why he invested, which he mentioned during the hearing is he noticed the ridiculous SI %. Bankruptcy were just rumors spreaded by average individuals who had no clue about GME as a company. 
He also dug into this during on his YT channel and the numbers didn't add up to indicate that they were indeed at the verge of bankruptcy.",1613950869,goa5hdh,False,t3_lo32zv,t1_goa4bnj,1
DorkHonor,"If you're going to try and DCA your way out of the trade wait until you're sure it's done dropping. The more shares you have above the money the more you'll have to buy at the money to get your cost basis down to near the money. Then run the math on how much extra capital you'll have to put in. 

Say for example you bought 10 shares at $300 and GME stops falling and trades sideways for several weeks at $20. You need to buy another 500 shares at 20 ($10k) to get your cost basis down to $25.50. You've nearly quadrupled your investment and still need a 25% increase in the stock price to be almost back to break even. If you invested another $20k at 20, you'd have a total cost basis of $22.77. You still need a greater than 10% upside move to break even and you're risking and additional $20k to do it.",1613950789,goa5blw,False,t3_lp6i2q,t1_goa3pe1,1
nicky94,"Missed the bus? I got in on GME when it was $17 dollars and sold at 250ish xD 

Back in longterm and potential burn up/squeeze

Dunno what your problem is with people buying the most talked about stock in the world, being pivoted by a new successful board, in a booming industry, with high af SI .... all while only at a 2.8 billon dollar cap......  like any fud attempt you try against me is ridiculous. 

You are probably the type to go buy PLTR at a 55 billion market cap with revenue of 1 billion lmao",1613950780,goa5axp,False,t3_lp6i2q,t1_goa3r0c,1
Year-Either,"Good thing we are retarded and cant read..back to buying more GME ,AMC stocks and eating crayons 🦍🦍",1613950738,goa57vz,False,t3_lox4sr,t3_lox4sr,1
AdrenalineRush38,"Been setting up other plays while GME goes lower and lower but I swear every time I see it inch in the other direction I sit straight up, light a cigarette and think it’s game time. I do this a few hours a day.",1613950653,goa51va,False,t3_lp6i2q,t3_lp6i2q,3
VaultBoy3,"He got out too early but he thought the regulators were going to crack down on the GME investors.

He still more that tripled his investment IIRC. Dude just had an exit strategy.",1613950649,goa51ld,False,t3_lp6i2q,t1_goa4v7d,1
an0therreddituser73,"You’re 1000% right and even the positive GME DD takes this into account (closing locations is good for shareholders) but the idiot GME cultists won’t let you say anything bad about it. 

Can’t wait till they go away",1613950636,goa50mw,False,t3_lp7wa8,t1_go9zr1b,2
exchangetraded,"I expect a 100-200% end of year rise for PLTR from the low of $25 from lockup, but can we really say that GME is going to finish the year at $80-120? I think GME will have another flash in the pan with 800%+ gains that last two days, but end of year to be under 200% total gains from where we are now, and betting on winning on a flash in the pan is super risky compared to the presumed growth of PLTR. But this is WSB after all, and we’re here to bet, but GME could tank 50% before even getting the squeeze. Or, it could never come if GME issues new shares and takes the pressure off the shorts.",1613950634,goa50ir,False,t3_lp7onc,t1_goa42te,19
Nihaohonkie,I’m convinced none of these gme apes have even been in a GameStop store recently. You tell me if you think those stores are worth 50-40 or even 30$ a share.,1613950624,goa4zv2,False,t3_lp7onc,t3_lp7onc,5
Outrageous-Complex84,20 more GME at  open,1613950610,goa4yr8,False,t3_lp6i2q,t3_lp6i2q,6
riwalk71,"For every person who was was mad at Robinhood for shutting off GME trading, 9 people read about it and said, “Wait, I can buy and sell stocks on my phone?”

They’ll be fine.",1613950605,goa4yfk,False,t3_lp45yt,t1_go98xxb,1
Chicano_Ducky,"WSB buying GME is like Randy Marsh buying Blockbuster on Southpark.

Both are screaming at people who have no idea what a ""CD"" is.

prove me wrong.",1613950586,goa4x0r,False,t3_lp6i2q,t3_lp6i2q,11
thorlewis84,"Tbh this is what I think. Tastyworks even mentioned the clearing house in the email. 

Apex Clearing, who acts as the custodian of all tastyworks accounts, has informed us that the following symbols (AMC, GME, & KOSS) will be set to closing only order status immediately. You will only be able to submit orders to close out any open positions that you have in these symbols. ",1613950543,goa4u1k,False,t3_lp45yt,t1_go9zdcm,3
glkh76,IMA BUY SOME MORE GME YO,1613950538,goa4tp2,False,t3_lp6i2q,t3_lp6i2q,12
[deleted],GME AT OPEN,1613950489,goa4q9c,False,t3_lp6i2q,t3_lp6i2q,14
ric9mm,Can you let GME hit the mid $30s on monday before you do? I would like to buy some more GME before it goes to the moon.,1613950446,goa4ncv,False,t3_lp5adu,t3_lp5adu,4
glkh76,"UPVOTE IF YOU'RE IN FOR GME 2.0, STARTING TOMORROW!",1613950445,goa4n9m,False,t3_lp6i2q,t3_lp6i2q,11
CappedCrib,"Bulls & Bears don’t fret, this could go either way

GME & AMC guys: You are fucked regardless, just delete whatever app you’re using to look at futes",1613950422,goa4lmw,False,t3_lp6i2q,t3_lp6i2q,-6
MichaelS10,GME up [23%](https://youtu.be/2ocykBzWDiM) in premarket on Eritrean banana exchange 🤯,1613950420,goa4lho,False,t3_lp6i2q,t3_lp6i2q,-5
fuckYEWshoresy,"Buy gme last Friday, sell at open",1613950407,goa4kli,False,t3_lp6i2q,t3_lp6i2q,-7
thecheekyvariation,"probably bout to go in on GME to get back at those short sellers for attacking CLOV

Fiscal warfare",1613950404,goa4kcu,False,t3_lp5adu,t3_lp5adu,13
SURGE_ACME_OFF,"Well I WAS going to increase my GME position and sell some CCs to offset my cost, but apparently I am not allowed to do that on TDA. I don’t understand how it is legal to restrict a non-margin account from selling a covered call on 100 stocks that you already own. It makes absolutely no sense.",1613950360,goa4h77,False,t3_lp6i2q,t3_lp6i2q,7
pedrollpalma,It's not my fault GME became a meme,1613950357,goa4h04,False,t3_lp6i2q,t1_goa3vil,2
BuyTeslaStonks,Gonna fuck the market up tomorrow for sure! GME or IDK but gonna be big time stonks for retards for sure!,1613950339,goa4fqi,False,t3_lp5adu,t3_lp5adu,2
grooter2,GME,1613950285,goa4buv,False,t3_lp6i2q,t1_goa47s7,6
yakimawashington,"Exactly. There's a loud mob mentality on here, but the lurkers and plenty here that are claiming to be part of the mob aren't *that* committed to sending whatever message is trying to be sent by this subreddit each week.

Just like diamond hands, to the moon etc with GME while everyone started secretly selling. Robinhood is no different.",1613950279,goa4bij,False,t3_lp45yt,t1_go9okrl,5
_AetherStar,Holding what I have and considering buying like 4-5 shares of GME since I plan on working overtime this week at my workplace,1613950258,goa49x6,False,t3_lp6i2q,t3_lp6i2q,4
miles_crotch,He’s upset he sold his GME position too early back before the run up (sold it all in Q4 2020) and only made 400% on his investment. What an idiot.,1613950231,goa4802,False,t3_lp9btj,t3_lp9btj,104
WoOoOoOoShHhHh,"**You guys are going to have to pick one**

• GME 

• AMC

• NOK

• SNDL


The homeless shelter has limited space and is only going to let you bring in so many bags.",1613950228,goa47s7,False,t3_lp6i2q,t3_lp6i2q,22
nomorholywar1,It is. GME ruined it,1613950227,goa47pe,False,t3_lp786a,t1_go9vq4g,22
RoboNotPro,You guys are just beating a dead horse at this point. GME will continue to go down and there’s nothing you can do so just give up.,1613950208,goa46cl,False,t3_lox4sr,t3_lox4sr,-2
grooter2,GME tomorrow. I am easily distracted by shiny things.,1613950207,goa46ax,False,t3_lp6i2q,t3_lp6i2q,5
Cucumber_Big,"For real, my fried on RH sitting next to literally screeching that he can only buy 1 GME and 100?(or 10?) AMC. I'm sitting there like, nah I'm good.",1613950204,goa461t,False,t3_lp8kzg,t1_goa3utd,3
Reganp52,I got rocked by SNDL so I'm selling my 118 shares I bought at 3.38 and I'm going all in on GME tomorrow. LET'S DO THIS. 💫💫💫,1613950197,goa45lh,False,t3_lonpp9,t3_lonpp9,1
og_loki,The bet was that brick and mortar would go bankrupt due to the virus.  Bankruptcy is off the table for both GME and AMC.  Those bad bets are still placed.  GTFOH,1613950194,goa45di,False,t3_lorpuz,t1_go8aax5,3
Ackilles,"I mean, it could also hover near this range for quite some time.  It could also see more people sell from the unlock, not everyone wanting to sell likely did it immediately.

There is also the fact that GME with Cohen has a path to multiple times its current price in the year, and its less likely for PLTR given size and valuation.

I own PLTR now as well (was waiting for the unlock to buy in)...but I fully expect GME shares to outperform PLTR shares on a % and dollar basis for 2021",1613950159,goa42te,False,t3_lp7onc,t1_goa3m6p,10
GeorgeHarris420,"GME futures oh goodness gracious oh no

ape is bankrupt",1613950149,goa424z,False,t3_lp6i2q,t3_lp6i2q,0
opiumjuice999,"this said, I hope both PLTR and GME skyrocket next week",1613950130,goa40tt,True,t3_lp7onc,t1_goa1u4u,10
StretchApprehensive2,I have 50 shares of GME me set to go at open but its on RH so who knows 🤨,1613950116,goa3zu9,False,t3_lp6i2q,t3_lp6i2q,6
Narrow-Cup-3500,"MARA, RIOT, PLTR, GME

yeah, it’s that easy",1613950114,goa3zn9,False,t3_lp6i2q,t3_lp6i2q,12
Optionsfuckup,"My dog fucking predicted GME to go up that means nothing, he said the most valuable automaker in the world is worth $100. He’s dog shit and got lucky",1613950090,goa3y0f,False,t3_lp6i2q,t1_goa3j74,2
mjgcfb,"As an experienced trader, I would never consider GME unless it fell below pre January numbers.",1613950075,goa3wwc,False,t3_lp7onc,t3_lp7onc,3
nick042416,Nope....I realized I had missed the GME train. My current positions have rocketed over the last week and will 100% go up substantially more this week. Because I researched and don’t look at “stonk memes”,1613950055,goa3vil,False,t3_lp6i2q,t1_goa376b,1
VaultBoy3,"Well that dumbass is actually a wall street legend who predicted the financial crisis in '08 and the rise of GME...

But yeah I think he's wrong about hyperinflation. Fed wont let that happen. They'd raise interest rates right away.",1613950043,goa3umu,False,t3_lp6i2q,t1_goa3ekh,-1
bowtiewonder,I’m going to put my tin foil hat back on and buy some GME again on Monday.,1613950012,goa3sfq,False,t3_lp6i2q,t3_lp6i2q,19
Ife4rn0evil,Come on GME i just want my Stingray Corvette c3 1978 That s all i m asking !!,1614038375,goegbxx,False,t3_lpl1je,t3_lpl1je,26
Individual_Error_428,Pullback will prob go a little more I see support is getting close. I thought the market ranked harder during the GME fiasco? It’s just tanking slower rn and a lot of people r hurting because options. It really isn’t that bad and should bounce soon.,1614038374,goegbve,False,t3_lpzquu,t1_goeg4xv,1
QuaviousLifestyle,"I hope so man it’s a terrible mindset. I never come in here to shit on the gme holders but guys like him make it hard to support the gang when it gets so culty and QANON-like. 


Good luck with your bet man I hope you come out victorious.",1614038318,goeg7ur,False,t3_lpl1je,t1_goefv9a,1
BreezerD,hey guys i found a phony who thinks buying GME for 300 at the time was a bad move,1614038308,goeg72v,False,t3_lpl1je,t1_goeg195,1
ProfnlProcrastinator,I agree. We need some diversity I can’t keep seeing AMC and GME loss porn.,1614038287,goeg5kz,False,t3_lpzquu,t1_goeg16c,2
Important-Response-9,Absolutely. And just like GME money made for AMC allows them to plan for the future. I like the stock.,1614038287,goeg5l1,False,t3_lpzquu,t1_goeg07q,2
ganjabat21,If gme is your only play investing isn't for you lol but no need to spread FUD to make yourself feel better about paper handing. Take your gains and go. You're not needed here anymore,1614038205,goefzqn,False,t3_lpl1je,t1_goefuc5,5
jdeangelis,"Guys we're all looking at this the wrong way, this is direct proof they're still scared, which means the squeeze has not been squoze. this isn't trade advice, my only stock trade is currently -1000$ of gme.",1614038194,goefyyj,False,t3_lq1gks,t3_lq1gks,98
douglasmacarthur,"Can anyone explain to me why Robinhood needed a massive amount of credit or liquidity to allow people to buy GME, when presumably they needed to have enough money in their Robinhood account to make a purchase (which at the time would be a lot)?

I understand brokerages aren't immediately finding a buyer for each seller, but why would it be *that* much risk? When they are spending money their users already deposited. Or if RH is allowing you to purchase with ""borrowed"" money then why not just shut off credit-based GME purchases?

I probably know more about trading, options, etc. than the average person on the street but similar or less than the average person with a trading app. I'm also a Canadian with a boring Canadian app, not Robinhood.",1614038161,goefwm0,False,t3_lpl1je,t3_lpl1je,6
faultz0042086,imagine still using robinhood after paper handing gme,1614038149,goefvsy,False,t3_lpy7b1,t3_lpy7b1,-4
s0hungry1,This was before the gme drama really started,1614038114,goeft9v,False,t3_lq1gbo,t1_goe40cu,-2
greenback_59,And yes I own GME FOR Ever,1614038112,goeft49,False,t3_lpl1je,t3_lpl1je,9
Integratedgrapes,"Hold my GME, buy a share of Rolls Royce. Await tendies.",1614038096,goefs1q,False,t3_lpzquu,t3_lpzquu,1
Ok-Reporter3555,A rocket going up  Vlad Tenev ass with him wearing a GME shirt,1614038085,goefr9g,False,t3_lpl1je,t1_goefjqg,14
glennbitcoin,Trump told me he likes GME.,1614038059,goefpe4,False,t3_lpl1je,t1_goef5mi,1
Accomplished-Ad-3064,Sir this is a GME thread,1614037982,goefjr1,False,t3_lpl1je,t1_goefi1o,16
glennbitcoin,In 1 week if GME goes above $200 I'm getting a WSB tat. If it goes above $1000 you tards can choose the tat.,1614037981,goefjqg,False,t3_lpl1je,t3_lpl1je,73
commentingrobot,GME gang did ok for once.,1614037967,goefinw,False,t3_lpzquu,t1_goefao9,4
BTC_Throwaway_1,"I sold covered calls of AMC and GME today and they didn’t show up for awhile in my account taking much longer than usual, and then upon refreshing the page sometimes they show up and sometimes they don’t. I’m sure they’ll work it out eventually but there is definitely some bug in their system causing things to display incorrectly.",1614037963,goefibc,False,t3_lpxqzm,t1_godlhv8,5
Im-a-waffle,I just want GME to go back up so my family won’t look at me like a crazy person lol 💎✊🚀🚀🚀,1614037949,goefhbm,False,t3_lpl1je,t3_lpl1je,50
Specialist-Mix8828,Haha Revolut and Capital.cim suspended GME. Same did trading 212,1614037947,goefh5t,False,t3_lpnpn2,t3_lpnpn2,1
-BobDoLe-,"If you YOLOd it all into one stonk such as GME, you could reduce this from several slaps in the face to one big one.",1614037872,goefbsl,False,t3_lq32l8,t3_lq32l8,1
Alskiessss,Can you remix ACDC and replace TNT with GME?,1614037819,goef7xh,False,t3_lq0qn7,t3_lq0qn7,40
Niriro,"Jesus fuck yall weren't kidding. I went into the GME thread and commented ''GME good, hedgies bad"" and got over 30 fucking upvotes. How are so many people so retarded?",1614037804,goef6sg,False,t3_lpzquu,t3_lpzquu,20
QuaviousLifestyle,"I understand how u guys don’t like paper hands but I set a strike price at $420 (keep in mind GME was only at $40 so i thought 420 was crazy at the time), and so when it hit $420, my shares got taken away and given to somebody else. I thought it was a great play, I made a ton of money, and I saw another potential play rn and thought i’d share with gme gang that i might hop back in. That guys just a douche for no reason, i’m not even here shitting on gme (the opposite actually). just somebody who’s been following since last year. Sucks man",1614037804,goef6sj,False,t3_lpl1je,t1_goeeq8v,1
jassal1729,I take objection when you said DFV is going to take us to the moon. I did not get into GME because DFV will take us to the moon. I JUST LIKE THE STOCK.,1614037740,goef25v,False,t3_lq0fkd,t3_lq0fkd,1
Upset_Glove_4278,Are you lunatics still bullish on GME? Is that why you banned this?,1614037730,goef1e6,False,t3_lnzeho,t3_lnzeho,19
phoenixmusicman,"HOLY SHIT SOMETHING THAT ISN'T GME

UPVOTED",1614037682,goeexsb,False,t3_lpub0x,t3_lpub0x,5
glennbitcoin,Buying more GME.,1614037680,goeexl5,False,t3_lpzquu,t3_lpzquu,-2
Existing_Rent_4716,Better yet buy nio gme bb and all those dog shit pot stocks don’t forget nok and all the other shit with no earnings u will be broke soon goodluck,1614037662,goeewb6,False,t3_lpzquu,t1_goedurd,0
Houston_swimmer,"You’re good man! 

The gme phenomenon has been wild. I made a bit of money on calls, nothing crazy but I was happy. But these guys are like emotionally attached to it or something.

Like bro it’s a stock make your money and move on. Then they shit on you. It’s really weird",1614037616,goeesu1,False,t3_lpzquu,t1_goee517,2
spyVSspy420-69,"Ally Invest, Schwab, or WeBull. I know WeBull gets hate because Apex did some fuckery with GME too, but it’s still better than RH.",1614037611,goeesfu,False,t3_lpy7b1,t1_goedg27,-6
TheAlbinoAmigo,"Funny that, you've spent every day shitting on GME but five hours ago you claimed you *just* sold your position in GME 🤔",1614037604,goeerxh,False,t3_lpl1je,t1_goeefea,12
zena5,Were you the one that bought $13 million in GME today??,1614037597,goeerf3,False,t3_lq1e46,t3_lq1e46,4
No_Supermarket_1860,Don't worry guys. If AMC moons before GME I'm taking all profits from AMC and putting them into GME. No man left behind!,1614037566,goeep51,False,t3_lpwtdx,t3_lpwtdx,15
phoenixmusicman,GME too high (amount of WSB) imo,1614037564,goeep10,False,t3_lpzquu,t1_goeejci,2
Houston_swimmer,"Oh Jfc! It’s been so many “gme dd” posts I hadn’t checked. 

Damn that’s awful lmao",1614037533,goeemqs,False,t3_lpzquu,t1_goee9br,2
ImNotAGiraffe,"I mean with all the advances in technology, there will come a point of time where we figure out how the market works and how to beat it. I'd say we are on our way there, especially with the recent GME fiasco.",1614037501,goeeker,False,t3_lp9btj,t1_gob9tz0,1
CarelessCupcake,GME is .004% of the stock market but it's >50% of WSB,1614037486,goeejci,False,t3_lpzquu,t3_lpzquu,4
IJustWantaQuietLife1,I am absolutely shooketh that GME actually held onto its gains today. This says something as every other time it just bled down throughout the day.,1614037420,goeeekt,False,t3_lpzquu,t3_lpzquu,5
lbiele,I vote for this to be the trailer to the GME movie,1614037392,goeeckf,False,t3_lpxl2c,t3_lpxl2c,1
AmericanScream,"In fairness, this isn't as permanent as tattooing ""GME to the moon"" on your body.",1614037359,goeea73,False,t3_lpu81h,t3_lpu81h,2
Grand_Barnacle_6922,"Seriously wtf is going on?  All the trading anomalies are making it evident that GME is not exhibiting free market behavior.  If intentional, this is blatant market manipulation period.",1614037337,goee8ol,False,t3_lq1gks,t1_goe3n2u,664
Coasty_1,Roblox to the moon after AMC and GME?,1614037336,goee8mx,False,t3_lpub0x,t3_lpub0x,2
Bigpapijoshi,Umm u/thehappyhawaiian had the most awarded post on all of reddit yesterday in in wallstreetbets on silver. What are you talking about? Today his DD was deleted on this sub even with 6k upvotes which were probably higher because of all the gme bag holders. I suspect that one of the mods was paid to delete the post.,1614037326,goee7uw,False,t3_lp5lx4,t3_lp5lx4,16
DoItNowMikasa,"Hmm? I was referring to the period his initial investment went as low as $3. Comment seems like a bit of a tangent for something I only spent a few words on. 

Although I do think that significant GME movement will drive the rest of the market down. Hedgies liquifying positions is one reason.",1614037303,goee66k,False,t3_lpp05w,t1_goeawj4,3
QuaviousLifestyle,"they are also assholes lmao. I went into gme chat saying i might consider buying back in (sold covered calls on my 325 shares on way up) , and they all shit on me for my $400 strike getting triggered. They don’t even know the game but will talk down to everybody else 


(sorry had to get it off my chest and decided to respond here lmao my bad)",1614037287,goee517,False,t3_lpzquu,t1_goe3jfq,2
Lord-Tone,r gme,1614037286,goee4yz,False,t3_lpl1je,t1_goedgeq,6
OptionsAndTren,Imagine losing half a million dollars because you bought GME at $368 in your fucking IRA,1614037280,goee4g0,False,t3_lpzquu,t3_lpzquu,21
Ok-Reporter3555,From one gme stock to 4 let’s go!! My diamond hands might be small but they are sharp as hell,1614037276,goee479,False,t3_lpl1je,t3_lpl1je,30
traderdanny8,"I just showed my wife this


She said for 400k she would get this tattoo on her ass and post the picture...

She holds 1 gme share.",1614037273,goee3z5,False,t3_lpmnwe,t3_lpmnwe,1
PracticalStranger317,"dude, we only GME. I looked at aMC and given the outstanding shares and float which is like 2-3x GME, plus AMC management recently issued more shares, I wasn't sure the squeeze would be there. 

Im glad amc is able to limit reopening etc and hopefully get on the right track to profitability, I would only buy amc as a long term play and not for the squeeze. 

anyway, this isn't financial advise, and I am not a priest.",1614037271,goee3t7,False,t3_lq1gks,t1_goe76ie,6
PaleontologistOdd504,"Daily reminder that GME has its own subreddit, and it's in everyone's best interest to read the pinned DD before putting your money in.

Don't get over excited and paper hand or despair. This is a long play, and might take some time.",1614037230,goee0sp,False,t3_lpl1je,t3_lpl1je,64
QuaviousLifestyle,"😂😂😂 imagine shitting on somebody who made $$ off gme and is still considering hopping back in. This is why you guys get so much hate, just so negative and culty. I guess unless you bought at 300+ and never sold any profits you are in the wrong.",1614037178,goedx1v,False,t3_lpl1je,t1_goe3m7x,2
DMBofficial,Don't fucking touch $GME,1614037171,goedwj0,False,t3_lq32l8,t3_lq32l8,1
Independent-Offer-22,GME is having another run whether the shills like it or not. 🚀🚀💎🤲🏻 I’m putting more in tomorrow 😈,1614037114,goeds90,False,t3_lpzquu,t3_lpzquu,7
RogueRAZR,"Honestly the fact that they almost didn't meet their margin requirement I am kind of glad that they chose to halt buying on those stocks vs liquidating all positions for all users.

Like either way they should be in trouble just in the fact they were somehow able to put them selves in a negative liquidity situation but it is important to realize the situation could have been handled a lot worse.

Also not stopping GME and AMC buying could have been disastrous if it continued especially if the stock continued up. The next day their margin requirement could have just doubled again, ensuring their bankruptcy and liquidation of all users assets.",1614037114,goeds99,False,t3_lpweob,t3_lpweob,-3
FaithlessnessFree331,Might as well go all in on gme my portfolio shit anyways,1614037091,goedqkp,False,t3_lpzquu,t3_lpzquu,5
BeardedSpartanN92,"You’d still get your ass kicked in every event. In wrestling you’d get destroyed by some kid with the downs and retard strength.
In running you’d get out sprinted by a quadraplegic.

The only thing you will out retard them at is how much GME, AMC, BB, and NOK you buy.",1614037080,goedprx,False,t3_lpzquu,t1_goed987,8
Reddituser5059,You gotta include dfv gme yolo screenshots too,1614037061,goedocb,False,t3_lpxl2c,t3_lpxl2c,1
Mrcrazyboyravi,GME tards.,1614037061,goedocf,False,t3_lplby9,t1_goe9rh0,0
FinntheHue,"A note to all you apes out there. TLDR at the bottom. 🦍🚀🦍🚀

If you are long on GME you should be long on CRSR too. They literally go hand in hand. GME sells a number of CRSR's products on their website.

CRSR also owns Elgato which is like the #1 used capture card on twitch. You ever see how many 0 viewer andies there are on twitch at any given time? Most of them are using elgato hardware. 

When GME starts doing build your own PC kiosks they are going to be suggesting add ons at point of purchase to increase sales. Asking 'Do you want your pc to be streaming compatible?' To someone riding the endorphin rush of building their dream rig is like asking a retard who Yolod on gourd futures if he wants to meet you behind the wendies dumpster. They won't be able to say no. Everytime they do that they are going to be cramming an Eglato capture card in that motherfucker.

If GME is serious about wanting to capitalize on the esports and streaming industry they will be heavily incentivised to sell as many capture cards as they can. In fact they might even be incentivised to make them standard for free because they will help an entire new market for themselves in streaming accessories.

Stream lights, green screens and tons more accessories could then be sold to the new 'streamer hobbyists'. People buying new hardware like stream decks or even mice and keyboards will be incentivised to stay in the CRSR/Elgato family because they will all be compatible with the same software.

Do you want to open 3 apps to edit your Stream deck, adjust your mouse sensitivity, and change the light pattern on your keyboard? Fuck no give me one software for all that and I will stay in the CRSR ecosystem just so I don't have to learn how to use software I don't care about. 


TLDR:

🦍 WANT 🍌

GME SELL 🍌 TO 🦍

🍌 IS CRSR",1614037054,goednvv,False,t3_lpl1je,t3_lpl1je,-46
Mfibbs69,"Had a nice peak up GME’s skirt today! What a tease! Mom told me to never wear sweatpants when she staarts to move like that. Mom told me Im special and not to stare, or cause a scene,but I can’t help it! She’s such a hot piece a stonk! My Ma always told that I’m retaarded and I shouldn’t have these feelings but when that skirt rises just a little, I staart to feel funny down dthere. I keep sayin,”I wanna see mour he he! I hope it’s windy tomaarrow and that skirt flies right up to her boobies! Oh no, but whaat if she thinks I’m a retaaded pervuert? Oh fuck it, I am!",1614037053,goednsj,False,t3_lpl1je,t3_lpl1je,20
62frog,GME is the only thing green for me today. This is bizzaroworld,1614037050,goednjl,False,t3_lpzquu,t1_godv7pl,18
rinuxus,btw guys AH trading GME back to 45,1614037000,goedjvz,False,t3_lpl1je,t3_lpl1je,1
hibbjibbity,"U bought low enough that you should be straight either way but with that being said it fascinates me how people just chose to adopt the GME gameplan and apply it to AMC, using the lingo and all. It doesn’t have half the hype that GME has nor does it have a man with extremely large testicals backing it who happens to like cats.",1614036979,goedidt,False,t3_lq29k6,t3_lq29k6,-2
QuaviousLifestyle,"do u know what a covered call is? I didn’t choose to sell, that’s the risk of covered calls. Smh you apes are the worst, I came in here to throw some support from somebody who’s been in GME longer than most, and you call me a paperhand bitch when you don’t even understand the game",1614036964,goedhb9,False,t3_lpl1je,t1_goe3dfw,0
abuscemi,"The thesis on GME was 100% corrent but they manipulated the market on 1/28.....get out of any class action law suit, find a good lawyer and sue the fuck out of these motherfuckers....",1614036962,goedh61,False,t3_lpu81h,t3_lpu81h,0
FaithlessnessFree331,Pls go back to 43 so I can buy you gme,1614036959,goedgwt,False,t3_lpl1je,t3_lpl1je,12
Specimen_7,"According to [FINRA,](http://regsho.finra.org/CNMSshvol20210222.txt) today’s total volume they recorded was 8,765,028 and short volume was 5,477,700.  

**62% of the volume that FINRA recorded for the day was from shorts**.   

I expect FINTELs total volume to be significantly more than FINRAs, the difference coming from dark pool and otc stuff.   

XRT and IJR ETFs both had shorts account for more than half of their total volume too.  

Edit: for reference, this is a higher % of short volume to total volume that any day during the last two weeks of Jan. The days it blew up, it was ~50-59%. Higher volume some of the days tho. I still need to look at Feb days but 62% is extremely high lol dunno why they needed to but they shorted a lot of shares today.  

Edit 2:  WOW. [FINTEL](https://fintel.io/ss/us/gme) has total market volume for GME at 18,887,863. That’s 10 million shares traded OTC THAT is also probably the top 3 largest difference I’ve seen between the FINTEL and FINRA total market volume numbers.",1614036957,goedgsh,False,t3_lpl1je,t3_lpl1je,51
FortuneAsleep8652,I’m a retard but I have faith in DFV and GME Bought more today and holding till the moon🌝🚀🚀🚀🚀,1614036953,goedgie,False,t3_lpxl2c,t3_lpxl2c,-2
AstroRaptor56,"Honest question, why do you apes think GME will go up? Other the DFV buying more.",1614036952,goedgeq,False,t3_lpl1je,t3_lpl1je,8
aberrant_arachnid,"Can this be our gme anthem? 

https://youtu.be/dN3wEdK_vxw",1614036947,goedg13,False,t3_lpl1je,t3_lpl1je,6
WendigoActual19,"Aight but GME themed beastie boys song. ""I CANT STAND IT, THE WAY YOU PAPER HAND IT""",1614036928,goedepg,False,t3_lq0qn7,t3_lq0qn7,1
bmoore1337,"I’m fuckin hype now.

Entire savings into GME tomorrow.








disclosure: I have $3 in my savings",1614036923,goedear,False,t3_lq0fkd,t3_lq0fkd,106
colbysnumberonefan,"Honestly I can't see GME going below ~40. I'm not exactly confident that there will be a 'squeeze' but I bought a few hundred $ worth of stocks anyway because at this point I feel like it's very low risk, potentially-high reward stock.",1614036904,goedcwr,False,t3_lq396r,t3_lq396r,27
Thenachopacho,"I mean if the news came out today then yeah it had no catalyst. The amc hype was built up before that. I also just believe it’s a terrible stock. Even if they recover they won’t crazy high and they don’t have a crazy short interest to trigger a short squeeze. You could buy Boeing right now and double your money as well and it’s a better bet


Also these meme stocks are all gambles. Gme was always a yolo/gamble. People talk about amc like it’s a solid investment . It’s a gamble which I believe will not pay off

Edit: just read the news. Reopening in NY that’s your catalyst? How is doing business below capacity a catalyst? Them being opened is business as usual not a catalyst . Gme literally got new board members and a plan to focus on e-commerce . That’s an actual catalyst",1614036885,goedbgk,False,t3_lpyawz,t1_goed2u2,5
BTC_Throwaway_1,Same after I sold covered calls on AMC and GME they kept showing up and disappearing and email/push notifications came hours later.,1614036877,goedav9,False,t3_lq168n,t1_goe732o,2
kylac1337kronus,"Yo listen I had the exact same thing happen. Write another email saying ""I  have RH support contacted multiple times about the money in my account. I am  currently unable to WITHDRAW my own cash which does not seem right, if not illegal""

Mention transferring your account too. You're taking the GME bomb off their books lol

Basically same thing happened to me, some transfer got reversed for whatever fuxking reason and they locked down my account. After trying to buy, withdraw and eventually transfer my account (got blocked) I got a reply explaining that ""Theyll let it slide this time but next time a transfer is reversed you're in trouble mister"" basically. My account was downgraded to cash only, which I'd honestly an upgrade because it means you arent on margin.",1614036856,goed9cw,False,t3_lpz4i1,t3_lpz4i1,2
GeorgeHarris420,"GME dummies ain't gonna talk about real companies doing real things

Plus the REEEEE about beating -> dumping is always a treat",1614036841,goed86a,False,t3_lplbye,t1_goed44n,2
Harvey092698,$GME coming back look at the volumes,1614036791,goed4j8,False,t3_lq396r,t3_lq396r,40
iwoketoanightmare,"Mostly ABML, random mining pennies, and gme stonks in this acct since it's what I trade OTCs on.",1614036769,goed2yn,False,t3_lpzquu,t1_goecxf7,2
_hostility_,You waited for it to peak again before you bought in? you're a true member of the GME gang.,1614036762,goed2f4,False,t3_lq396r,t3_lq396r,31
[deleted],RBLX bigger than gme,1614036650,goecu5c,False,t3_lpzquu,t1_goecp34,2
drhuehue,"It’s over for gme, amc, pltr, and basically every other meme stock when roblox comes out on March 10. Everyone jumping on this new bandwagon.",1614036645,goectq5,False,t3_lpzquu,t3_lpzquu,-16
STONKS_ONLY_GO_UP3,Same bruh I was up bigly on gme and plug but now I’m negative for the year,1614036631,goecsr1,False,t3_lpzquu,t1_goeck3m,3
CommandanteMeow,"## Mainstream media has been saying all kinds of nasty stuff about us; we are hateful, trying to tank the markets etc etc 🤢

## Well, these are the things and events that happen when a sacred landslide short squeeze is so unceremoniously & viciously stripped away from great GME apes who have been badly & unfairly treated for so long. Go home with love & in peace. Remember this day forever! 💎🙌🏻",1614036617,goecrn2,False,t3_lpl1je,t3_lpl1je,47
martiny236,"Doing my daily duty, GME, AMC, BB, NOK",1614036456,goecfur,False,t3_lpzquu,t3_lpzquu,4
thet-shirtguy,"I am new to the GME thing, but I'm in. There's so much shady shit going on that I just keep on buying, and holding. Fuck em'. 

If I lose, oh well. I'll be fine.

 If they lose, we're going to be able to enjoy the videos of these fuckers jumping out of windows! I guess we'd have to go to r/gore to watch them, but that's cool by me. It'll be great to watch Vlad plummet to his death while the newscaster plays his answer to a yes or no question: ""I was born in Bulgaria...""

This is not financial advice, but I thought about staying at a Holiday Inn Express once...",1614036427,goecdqy,False,t3_lq1gks,t3_lq1gks,26
arandomnewyorker,"Literally the only things keeping my portfolio green are 401K boomer plays and my ESPP.

That said, still averaging down my GME",1614036367,goec9a1,False,t3_lpzquu,t3_lpzquu,3
DaStampede,"I bought my first shares ever today. I chose GME; because, I like the stock.",1614036365,goec958,False,t3_lpl1je,t3_lpl1je,61
0rigin,"My first ever investment in my life: 20 GME @ 220 and I will hold it until the end.. Alexa, play Diamond Life by Sade.",1614036309,goec4yw,False,t3_lpwfj7,t1_gods3fn,3
XxpapiXx69,"Just to be clear, you were long 3 GME calls?

TFSA are cash accounts ( I am not Canadian)?",1614036304,goec4jx,False,t3_lq1gbo,t3_lq1gbo,4
diddycorp,"Noobs freaking out about a -2.5% day must not have been around during the double circuit breaker days . Not surprised, most people joined after hearing about GME crossing 300.",1614036261,goec1cu,False,t3_lpzquu,t3_lpzquu,14
Isaacrod12,"Buying more GME, holding what I have.",1614036235,goebzd5,False,t3_lpzquu,t3_lpzquu,3
TheSouthAlwaysFails,Too bad I sent in 5 mail in ballots from California to the swing states and they never said anything. Now I can use the money the Clinton Foundation paid me for more $$$$$GME.,1614036231,goebz2s,False,t3_lpl1je,t1_goebh24,5
pwnznewbz,"Seeing as today was red for everything except GME, I actually went in on sensible high dividend stocks like T, PFE, and WBE.  

I also bought more GME because I like that stock.",1614036223,goebygz,False,t3_lpzquu,t3_lpzquu,2
Mr_Winemaker,"I may be extra special restarted, but why can we buy more GME but the hedge fucks can't cover their shirts",1614036193,goebw9e,False,t3_lq1e46,t3_lq1e46,12
Corgi_Proper,I am a simple 🦍 who buys $GME whenever I see 🚀🚀🚀,1614036184,goebvlr,False,t3_lpl1je,t3_lpl1je,23
Baelthor_Septus,I expect this to be in internet historian vid about GME.,1614036174,goebuu8,False,t3_lq0qn7,t3_lq0qn7,0
Volkl777,Not when it comes to GME,1614124755,goiwb5z,False,t3_lqx5s7,t3_lqx5s7,2
TheFlightlessPenguin,Yeah they are way overhyped on here just because they had a massive stake in GME and didn’t restrict trading. I’m deciding between E*TRADE and TDA to move to.,1614124752,goiwawr,False,t3_lqswtl,t1_gois226,1
MomentaryMoney,Easy to say now that GME is on it's way back down.,1614124743,goiwa9g,False,t3_lqtd6b,t1_goieags,1
tenagent,"GME  
All my troubles seemed so far away  
Now it looks as though they're here to stay  
Oh, I believe in GME  
Suddenly  
I'm not half the man I used to be  
There's a shadow hangin' over me  
Oh, GME came suddenly  
Why she had to go, I don't know, she wouldn't say  
I said something wrong, now I long for GME  
GME  
Love was such an easy game to play  
Now I need a place to hide away  
Oh, I believe in GME

Why she had to go, I don't know, she wouldn't say  
I said something wrong, now I long for GME  
GME  
Love was such an easy game to play  
Now I need a place to hide away  
Oh, I believe in yesterday",1614124665,goiw4gf,False,t3_lqswtl,t3_lqswtl,-6
StolenCarVt,Theta gang GME. Look that up to earn.,1614124643,goiw2vh,False,t3_lqj165,t1_goiw08z,4
CommandLineEnterFace,"Nah, guy is a paper handed pussy. He sold his GME stake.",1614124621,goiw1bn,False,t3_lqx6a1,t3_lqx6a1,54
blaseblase51,"Lost big on SLV, GOEV, TLRY, and of course our wsb baby, GME.

Think im taking a break for now(2 weeks) but good luck to you all.",1614124607,goiw09a,False,t3_lqx5z8,t3_lqx5z8,1
Wayneisthebatman,"I used to be that guy who didn’t care about money, then 2 kids and a wife happened. Yup. Now I’m 50K in student debt. Hold for your loved ones! We will make the billionaires BLEED. All you have to do is trust each other and believe! ❤️ GME 10,000 IS NOT A MEME! 🦍",1614124605,goiw04o,False,t3_lqj165,t3_lqj165,36
highwirespud,"Holding gme forever 

Fuck u melvin",1614124571,goivxlt,False,t3_lqswtl,t3_lqswtl,-6
momarketeer,"My financial advisor says time in the market > timing the market.

So I bought more GME",1614124568,goivxd6,False,t3_lqv1z2,t3_lqv1z2,30
lotrmemescallsforaid,"I saw posts on the daily thread yesterday that literally only said ""GME"" and had double digits upvotes.  Fucking apes man.",1614124557,goivwm7,False,t3_lqswtl,t1_goivjrh,2
Dormant123,"Nah fuck that, it’s against the spirit of the sub. You’re allowed to be a retard in more ways than supporting GME. But pics or gtfo apply",1614124538,goivv8z,False,t3_lqj165,t1_goilaxb,1
Fall_Guy_Spot,"People be like

It looks just like $GME
This is the next $GME

There is only one $GME fool, dont shill me some trash. You either with us or you not.",1614124538,goivva8,False,t3_lqswtl,t3_lqswtl,5
ekhogayehumaurtum,The big question is did Jordan Schlansky buy GME?,1614124537,goivv6q,False,t3_lqvusp,t3_lqvusp,0
bmc08gt,Anyone want my GME 2/26 33p? No one? Damnit. 😓,1614124494,goivs1b,False,t3_lqswtl,t3_lqswtl,1
Paradox68,Or the 2021 GME fiasco people would be behind bars and Robinhood would be liquidating assets.,1614124466,goivq0y,False,t3_lqra7k,t1_goimj12,1
[deleted],"When did this start? I bought 70 shares of GME on margin yesterday with TD

I guess my equity covered it",1614124433,goivnjo,False,t3_lqow0n,t3_lqow0n,1
bleakj,He's probably still hodling GME from buy in at $300,1614124414,goivm7p,False,t3_lqwhul,t1_goitg09,1
immaculatedipshit,I have a question from somebody smarter then me (which I pretty much anyone). Why do ridiculously far OTM options have such huge premiums with GME? Is it priced that way because of volatility? Or just to see if some perceived idiot will buy that far OTM? Or is it because even the market itself is worried it will moon and those options may print? 6@44 avg....,1614124409,goivlt9,False,t3_lqj165,t3_lqj165,3
NearABE,How do you land on the moon when GME gets there?,1614124407,goivlo0,False,t3_lqj165,t1_goir6fp,2
blaseblase51,"Culmination of trading since COVID started. Lost most the money on GOEV, TLRY, and our lovely baby, GME.

Good luck to you guys and going to be taking a break for sure",1614124398,goivl0d,False,t3_lqx1qa,t3_lqx1qa,1
HolderofFour,"If you want easy karma just go on the GME thread and say something along the lines of “I used to be that guy who didn’t care about money, then 2 kids and a wife happened. Yup. Now I’m 50K in student debt. Hold for your loved ones! We will make the billionaires BLEED. All you have to do is trust each other and believe! ❤️ GME 10,000 IS NOT A MEME! 🦍”",1614124380,goivjrh,False,t3_lqswtl,t3_lqswtl,13
TehCheator,"... wat? Their page literally says the opposite (emphasis mine):

> While there are always different margin and trading requirements on some securities, including IPOs and stocks valued at less than $4 per share, **we’ve lifted the increased requirements on GME and other stocks that have recently seen increased volatility.**

https://www.tdameritrade.com/td-ameritrade-trading-restrictions-stocks.page",1614124363,goiviiy,False,t3_lqow0n,t3_lqow0n,1
junjie21,This is quite retarded. Each ETF share =/= 1 GME share.,1614124267,goivbe7,False,t3_lquk8y,t3_lquk8y,11
Rhuckus24,"He made a really genius ballsy play.  It worked out better than he could have ever imagined, now he's set as long as GME doesn't go tits up.  Even then, he's made money, and he's good.  He's living the dream.",1614124247,goiv9zh,False,t3_lqvusp,t1_goiulas,3
Stenbuck,"\- It decreased bloated operations last year via selling assets and cutting costs

\- It has a MASSIVE fucking international spotlight on it due to all the attention these past few weeks

&#x200B;

\- Possibility of a refurbishing of the business model to also include locations for gaming and tournaments, which as a gamer I find fucking AWESOME

&#x200B;

\- Retail  sales are down but not out. For fuck's sake. Although I myself prefer digital, I know lots of gamer friends who will absolutely not buy digital due to worries over getting fucked by the company providing the games-as-a-service model down the line (which is absolutely possible and has happened before)

&#x200B;

\- You still need to buy the console (which you can do online, granted, but some people do still shop retail)

&#x200B;

\- COVID should be easing pretty soon which could mean increased earnings

&#x200B;

I mean, you could read this... or you could go watch DFV himself talk for HOURS about it. Here's his main video on it: [https://www.youtube.com/watch?v=GZTr1-Gp74U&t=912s](https://www.youtube.com/watch?v=GZTr1-Gp74U&t=912s)

&#x200B;

And on top of all those fucking things, some actual retards at wall street were so SURE the company was going under at any second that they bet their fucking house on it. All that has to happen for our call on their bet to work is for the company to not immediately go bankrupt and for their time to run out as interest continues to gnaw at their capital, if slowly. That's it. Of course, any stock could go to 0, but the main point is that the GameStop in the real world does not justify the INSANE bearish position undertaken by these funds (assuming here they don't have insider knowledge of some HIGHLY illegal shit on GME, but looking at the data these past few weeks the ones pulling highly unethical (if not strictly illegal) shit is them, not gamestop).

&#x200B;

You would have to have fucking godlike futuresight to justify a 140% short position. Like, time traveling certainty that the company is going under. Assuming they do not have that, they are deeply fucked, and we are not, and that's all I care about.",1614124246,goiv9we,False,t3_lqj165,t1_goiemqn,1
pantzparteez,Just put in an aftermarket order to execute tomorrow morning for 22 more GME stocks.,1614124239,goiv9an,False,t3_lqswtl,t3_lqswtl,-3
XOtaryX,Other brokers blocked GME tho,1614124164,goiv3w3,False,t3_lqow0n,t1_goitap2,41
30307Dawg,You don't 'exit' GME. You hold it and become one of those scary guys from Hellraiser,1614124101,goiuzc7,False,t3_lqswtl,t1_goiugaf,3
casuallycruelhonesty,"CFO resigned. GME looking for  someone accelerate tech growth. 

This completely aligns with a Cohen takeover",1614124052,goiuvte,False,t3_lqj165,t1_goitue6,23
NearABE,6.9 million is not very low.  It is lower than average for GME but that is only because GME trade volume is nuts.,1614124047,goiuvex,False,t3_lqj165,t1_goisuut,2
ecrane2018,Because GME still has an outdated business model there is potential but not as much as a hydrogen car company your comparing apples and oranges tech is always more valuable than retail,1614124038,goiuus6,False,t3_lqthun,t1_goihlj3,1
CALLMYBALLS,I will drink my own piss if GME hits 500 by 3/5/2021.  I will upload the video with me in frame while the ticker passes or hits $500.  This is not a joke. I will have a reserve of 16 fl oz.  book me.,1614123918,goiulzi,False,t3_lqtd6b,t3_lqtd6b,2
tsa004,"This explains another WSB theory, we have insiders trying to bankrupt G M E for a possible LBO from a private equity that would take on massive amounts of debt dilute shareholders and fuck all the little guys up. 

If he stayed in GME we would be headed for bankruptcy.",1614123855,goiuhia,False,t3_lqvg5q,t3_lqvg5q,29
Haunting_Fact_8486,"Well GME is the main stock held by European Etoro users and the platform has consistently repeated everything that RH ever did and more with other stocks or great buying days like today - and is continuing to do that, and is seemingly able to continue.",1614123850,goiuh6a,False,t3_lqswtl,t1_goituts,1
BeneficialDiscount80,Exit strategy on GME?,1614123839,goiugaf,False,t3_lqswtl,t3_lqswtl,-9
Dinkleberg162,"Lmao, I got pulled for day trading GME. Banned from remote working. Now I just do it at work when he's not there. Fuck him.",1614123831,goiufrx,False,t3_lqswtl,t1_goitbex,3
Individual_Error_428,"Yea of course but if DFV gets involved with the company he’s asking for trouble for both the company and himself. Once the gme speculation pays off, DFV will have more than 100 million under his belt. I think that alone is good for gme. Still very risky I’m not saying g this is a sure thing. I’m willing to risk that gme succeeds👌👌 Cohen is the main man here and he needs more attention from us. We should speculate on this company’s potential and buy stuff. Remember to get ur PowerUp membership.",1614123823,goiuf5x,False,t3_lqj165,t1_goiu414,1
BeneficialDiscount80,What’s the plan with gme?,1614123736,goiu8s1,False,t3_lqswtl,t3_lqswtl,2
depolkun,Waiting on money for GME,1614123710,goiu6vk,False,t3_lqswtl,t3_lqswtl,1
maysayassholethings,"I think GME has more potential long term, but I don't agree with its current valuation. Otherwise PLTR in a couple weeks will be poppin IMO",1614123702,goiu69d,False,t3_lqswtl,t1_goitvqe,1
theoutsider711,Not sure what this is about ... I bought 2 shares of GME and they made me $4.00! It's a good day.,1614123699,goiu61n,False,t3_lqjxhp,t3_lqjxhp,1
MoonHunterDancer,"I know, I meant dfv. With all the attention, if he got hired by gme the advertisement section/news channel thing would be best. Grube does seem like the guy they were aiming for cfo

Edit: auto correct is dumb sometimes",1614123672,goiu414,False,t3_lqj165,t1_goisv8r,2
xSnowingx,i think you’re misreading. he’s on the way out not in on GME,1614123662,goiu3b1,False,t3_lqvg5q,t1_goiqiyo,33
Rhuckus24,"DFV bought in when it was under $10.  He continued buying in as it went up, but his average cost per share was still insanely low.  Even with his recent buy in, if GME hits $60, whether that's in six months, that's a year, if that's ten years, he will make money.  He has money to sit on while that happens.

TLDR;  He doesn't need it to go back up to $300+, because he's only holding his massive balls, not bags.  He's playing GME like boomers play SPY.",1614123659,goiu34o,False,t3_lqvusp,t1_gois2ax,5
Sven1542,"I’m with that too, just saying the sub glorified GME as a way to slap the hedge funds in the face. At the end of the day, we’re all here to make money. But it’s just comical that one day it’s screw you hedge funds, and now if they join us, we love them. Melvin Cap could join in and they’d be cheered.",1614123651,goiu2ib,False,t3_lqvusp,t1_goit6c0,12
AlternativeVirus9614,"Once my wife's boyfriend is done fucking her, I'm gonna ask for his credit card to buy more GME 👈👈😎",1614123651,goiu2jd,False,t3_lqswtl,t3_lqswtl,12
lemination,"That etf had 600% short interest back in 2011, it's not because of gme that it's shorted. It also only holds like half a million gamestop shares. Explain to me how that's going to do anything.

If you guys want to do a new squeeze you should be buying that etf, not gamestop",1614123648,goiu2au,False,t3_lqj165,t1_goid2lf,-1
imsoepicxd,"Anyone else here shorting GME?

I HATE THE STOCK!",1614123580,goitx8a,False,t3_lqj165,t3_lqj165,-84
robertleeblairjr,GME only is shorted and long options on the other underlying securities making up the ETF.,1614123545,goituq2,False,t3_lquk8y,t1_goijgkx,10
tenkunin,"Accounts with little to no history posting comments to not buy AMC = I’m going to buy more AMC. Whenever I buy more AMC, I also buy more GME and TSLA. Suck it.",1614123543,goitujr,False,t3_lqswtl,t3_lqswtl,5
qwerty222222222,"Actually, Charles Schwab did limit buying and selling both GME and AMC. I saw the notifications. It lasted for at least two trade days.",1614123491,goitqqq,False,t3_lqow0n,t1_goiars7,-5
rslashbo,"Yeah how tf could you do that?


>!*hides portfolio showing the exact same numbers due to GME*!<",1614123463,goitoq6,False,t3_lquirs,t1_goiog86,2
godofcatsandgoodfood,"Plenty of people have said it was a major mistake not to issue shares, and that could very well be due to board incompetence. (The CFO even resigned today, which is not a good sign despite what everyone is saying about it in the comments. If they appoint a new hotshot right away though that becomes a good thing.)

However IMO the decision not to issue new shares is incredibly bullish IF the reason they did that is because they are confident in their next moves and know that they already have enough cash on hand from earnings. 

It's also not really a random chance that shorts get squeezed. It is a combination of factors that all combine to produce upwards pressure. Squeezes happen pretty often. 

Chances for another infinite short squeeze though? I think you're right - there was a chance for it to happen but the market was manipulated to prevent it. The hedge funds shorting GME now would have to be smooth brains to make the same mistake twice. But personally I am always willing to bet on human incompetence... probably the most sure thing you can bet on is people being stupid! 

: D",1614123453,goito1l,False,t3_lqttmb,t1_goirhac,1
rinuxus,"yeah that came out of left field today

Conan O'Brien buying gme stock?

and that Tiger Woods shit? broke his legs

gme fires the cfo

weird day today, burning some sage right now",1614123428,goitm7p,False,t3_lqj165,t1_goit7g6,21
toddrob,It would make more sense for Amazon to buy GME than TSLA,1614123423,goitlrz,False,t3_lqra7k,t1_goi6ktj,3
Necessary_Public6157,"That's great for DFV, more GME to buy",1614123398,goitjy4,False,t3_lqj165,t1_goisfil,2
Anyntay,"I'm down 60% since i bought into gme (5 at 90 and 5 at 340, and recently another 6 at like 40 something when DFV said he'd buy) BUT
it's not a loss until you sell.

March I lost all of it, though my buyin was way higher this time around (around 2k instead of 200)",1614123397,goitjvl,False,t3_lqkddw,t1_goiqzwl,6
gladitwasntme2,"@elonmusk So I have a great idea for you. Since gamestop already has building's across the US, couldn't you team up with them to sell Tesla and increase battery charging stations? #gme",1614123380,goitip9,False,t3_lqswtl,t3_lqswtl,-2
[deleted],WHAT A FRAUD. GME WSB IS A FKNG SCAM!! Everyone LOST Money!!!,1614123347,goitga7,False,t3_lq4udf,t3_lq4udf,0
[deleted],"Lol so desperate

Gme has Tesla charging stations, gme stocks going to be $5000 lol how gme people think weird",1614123327,goitets,False,t3_lqswtl,t1_goit9hh,5
wankerbanker415,"You can check my posts to find my shrine i made for roaring kitty, i was deep in GME for a hot minute.",1614123310,goitdgw,False,t3_lpvx00,t1_goisqpv,1
terribletowel_ben,"Buy mor amc and gme, to the moon bb🚀🚀",1614123284,goitbkt,False,t3_lqswtl,t3_lqswtl,11
Haunting_Fact_8486,"Is it realistic to say that given the majority of Etoro members are GME holders, it is worth throwing Etoro under the bus, to get novice investors to leave Etoro. Including the GME bag holders?

Just a thought!",1614123278,goitb4p,False,t3_lqswtl,t3_lqswtl,0
gladitwasntme2,"@elonmusk So I have a great idea for you. Since gamestop already has buildings across the US, couldn't you team up with them to sell Tesla and increase battery charging stations? #gme",1614123256,goit9hh,False,t3_lqswtl,t3_lqswtl,-4
Individual_Error_428,Look at Steve Jobs and apple(DFV said in his stream that this reminded him of that as well). Risky speculation? Fuck yea? But I’m taking my shot. This is a life changing play if Cohen can work his magic. I will be forever in-debt to GME if that happens.,1614123254,goit9dw,False,t3_lqj165,t1_goiszmw,8
Wholistic,"They released a statement saying they are only restricting margin trades, and customers are free to trade with cash and that has never been restricted.

Then the price bumped another $100, Peterffy from IB said this is going to crash the market - IB is out, and then things got pretty weird, whole listings were disappearing, and I don’t know any retail brokers except Fidelity (who has a massive long GME position) who didn’t freak out.",1614123249,goit90d,False,t3_lqow0n,t1_goip1cu,10
MrHalla79,Get more AMC. GME had it's time.  Jump on the AMC rocket and buy more GME.,1614123248,goit8x1,False,t3_lqnuy7,t3_lqnuy7,7
gladitwasntme2,"@elonmusk So I have a great idea for you. Since gamestop already has building across the US, couldn't you team up with them to sell Tesla and increase battery charging stations? #gme",1614123243,goit8lc,False,t3_lqra7k,t3_lqra7k,1
edwinkulk4t,Still holding GME,1614123220,goit6u1,False,t3_lqswtl,t3_lqswtl,7
brizzybrew,"Current RC plan: 
1. don’t say shit
2. Buy the dip starting March 1st. (edit to March 15-20 to start buying his 7% he's allowed to purchase per RC Ventures agreement)
3. Announce new shares purchased through disclosure. 
4. Release Q4 earnings with profit 
5. Announce RC as new CEO on earnings call. 
6. ???
7. Profit

Edit: I’m saying he’ll start buying around March 1st to build his extra 6% position. If GME hits profits, which is expected, the price will jump. Just not sure if he can scoop 7% up and announce or if he’s required to announce before buying additional shares. But if he takes 7% of shares off the float and it hits profit, that would help squeeze up even harder. I’m just theorizing what he’s going to do to cause shorts maximum pain and increase his investment in a sustainable, long term way to earn trust of shareholders and board members. If he makes the board money, he’ll have free reign to do as he pleases.

Edit 2 - 13D filings are required within 10 days according to the SEC (https://www.investor.gov/introduction-investing/investing-basics/glossary/schedules-13d-and-13g)

That means if I'm him, I'm actually going to start buying closer to the 12-16th of March (12 days prior to earnings which date isn't announced) to coincide the announcement to the SEC with earnings. The SEC doesn't state terms, so I'd assume it's 10 days from settlement of the purchase, not initiation, so on T+2, he's at 12 days. That means he has roughly 12 days to buy up 7% of GME shares prior to earnings. I'll bet this is when he loads up as I think it will be the last time shares are this cheap again. 

But with that, keep in mind that he's going to be keeping his mouth shut. He wants shares as cheaply as possible, especially if he's buying roughly 4.9m of them, which I truly don't think will happen. If you paper hand it now, you're losses are well deserved and your shares will go towards giving our lord and savior cheaper shares. Take solace in knowing your paperhands are boosting RC's bottom line. 

My bet: He buys 2m more shares pre-earnings and at a later date is given a stock bonus deal similar to Elon.",1614123173,goit39k,False,t3_lqtsep,t3_lqtsep,2902
lennybrew,Does anyone here sell GME puts and use the proceeds to buy GME?,1614123151,goit1lg,False,t3_lqvlme,t1_goiprxv,99
slash_sin_,this GME saga has already created so many meme opportunities,1614123061,goisuwu,True,t3_lqoilz,t1_gois9si,2
HolderofFour,Anyone else getting their dividends from Melvin tomorrow for making fun of GME bagholders? 😎🙋‍♂️,1614123043,goistje,False,t3_lqswtl,t3_lqswtl,3
Specimen_7,"Because it’s FINRA data dude what the fuck are you talking about lol it’s not total GME on all markets, it’s what FINRA reports. You can manipulate the date but not read where it tells you what the data is?",1614123040,goistb1,False,t3_lqj165,t1_gois7db,1
youdoitimbusy,"This might be my favorite. It's a toss up between this, and the meme with the kid and the reporter. Where she asks him what he bought at, and what gme is worth now. Then he instantly starts crying.",1614122994,goispzk,False,t3_lqoyst,t3_lqoyst,1
qtwitaboooty,I will do the same if GME hits $1. Bought poots at $75 and god I’m thirsty,1614122991,goispp9,False,t3_lqtd6b,t1_goieags,1
keneno89,"God I wish he'd do skit with Jordan about this. Jordan being a boomer, but also a 300$ gme holder would be golden.",1614122989,goispjm,False,t3_lqvusp,t3_lqvusp,922
HiIAmFromTheInternet,"I don’t understand why this is so hard

Naked shorts are *illegal*

Force naked shorts to close; they are after all illegal. Allowing them to stay open endangers interstate commerce as it indicates the market is bullshit. 

This will cause the rocket to lift off.

GME holders will sell, I think we’re all basically short term? 

Reap taxes. Plug national debt. 

Wow that’s not even a hard problem to solve.",1614122981,goisozs,False,t3_lqsxy5,t3_lqsxy5,12
Its_the_dankness,"HEY EVERYONE GET A LOAD OF THIS GUY, HE JUST BUYS GME, HE LIKES THE STOCK!!


See, nobody cares",1614122970,goiso6r,False,t3_lqswtl,t1_goish20,9
darnitsaucee,GME has so much potential to reinvent itself that I’m in this stock just because of all the things I can think of doing if I were in their position. Gets me so excited for the future of GME.,1614122950,goismo2,False,t3_lqj165,t1_goircpf,6
TheArcticBoss,It looks almost exactly like that happening. Ryan Cohen brought his previous crew with him. Jim Grube who is already in the GME board of directors with Cohen was his CFO at Chewy. Shit is getting exciting.,1614122940,goislzc,False,t3_lqttjn,t1_goilzfl,2
arlakin24,Yes we all know and are happy that he profited off of GME.,1614122888,goisi84,False,t3_lqj165,t1_goisfil,17
Sevuros,"Gme only, im just an ape",1614122873,goish20,False,t3_lqswtl,t3_lqswtl,-9
Neshura87,"One thing you gotta keep in mind: The RETAIL brokers are raising these margins this high, I don't think there are a lot of people short on GME in Retail but that small number is apparently posing enough of a risk to the brokers that they raise the margin requirements above and beyond standard",1614122846,goisf3l,False,t3_lqow0n,t1_gohpdjx,122
BadBadBrownStuff,GME looking really good right now,1614122800,goisbp7,False,t3_lqtsep,t3_lqtsep,98
Totally_Kyle,"Oh fuck me, I knew something was up when I saw the news on RH “GME tanks as CFO resigned” or some bullshit",1614122786,goisaqa,False,t3_lqtsep,t1_goifdg5,39
Emprease,Something something daily $GME thread for over a month now,1614122772,gois9nd,False,t3_lqswtl,t1_gois68y,1
GeorgeHarris420,I can confirm this account is managed by a hedge fund. We're short 100M shares of GME by ourselves,1614122756,gois8gq,False,t3_lqswtl,t1_goirv16,4
WtfisGME,Wtf is GME,1614122728,gois6fc,False,t3_lqswtl,t3_lqswtl,1
ricosworks,My urine is expensive. I only drink if gme above 2000.,1614122705,gois4ts,False,t3_lqtd6b,t1_goieags,1
0Bubs0,It's kind of like shorting GME. Just with piss drinking instead.,1614122684,gois38c,False,t3_lqtd6b,t1_goim6om,16
jemoederkanker,"Gonna need gme, December and this month to refund my money back 🤡",1614122657,gois183,False,t3_lqswtl,t3_lqswtl,2
immafivestarman,"Quote from Rep. Al Green during the GME hearing:

*""The risk of punishment for violations must always exceed the reward to deter the risk""*

Big Dick Statement and I think easily agreeable",1614122624,goiryom,False,t3_lqra7k,t1_goimj12,0
Iusedtolovewings,AMC is just a preview for GME,1614122600,goirwvf,False,t3_lqj165,t1_goio85x,1
SunBrilliant549,and buy GME,1614122597,goirwnm,False,t3_lqswtl,t1_goirsbc,6
MrHalla79,"I feel like GME was prematurely squozed by Robinhood. I think AMC will squeeze before GME gets the other half of the squozening. 

Do AMC and then buy more GME. Stop letting your wife's boyfriend call all the shots here.",1614122596,goirwly,False,t3_lqnuy7,t1_goi1cvk,7
DragonNovaHD,"Imagine you have 5 shares at $300 cost average —> $1500 in. GME now shoots up to $500 —> your 5 shares are worth $2500, minus the $1500 means you make $1000 profit or (1000/1500 x 100 = 66.66% Profit)

Now imagine that you buy another 5 shares at $50 each, meaning you’ve now instead spent $1500 + $250 = $1750 for 10 shares, cost average now $175. If GME shoots up to $500 again, your 10 shares are now worth $5000, minus the $1750 in leads to $3250 profit. 3250/1750 x 100 = 186% profit.

As a result, by just putting in $250 more to buy another 5 shares and bring your cost basis down, you’ve now nearly tripled your profit percentage from 67% to 186%. This does require the input of more principal investment and consequently leads to more risk if the price continues to drop, but if it shoots up then you’re off to the races",1614122585,goirvsw,False,t3_lqj165,t1_goi7gbf,8
Houston_swimmer,"Man some of y’all take this shit way too seriously, I’m literally just a retard screaming into the void, for all I know I’m the only human in a sea of hedge fund controlled gme bots lmao",1614122575,goirv16,False,t3_lqswtl,t3_lqswtl,19
scklep,This is just the informatiom about the GME stock itself. I'm curious about the short position at a notorious etf (which I'm not allowed to name) in combination with this new info.,1614122555,goirtht,False,t3_lqvlme,t3_lqvlme,97
BigNastyPie,"the last time the bucket was bb, bbby, pltr, gme, amc,",1614211199,gon865d,False,t3_lrne7f,t1_gon82xw,2
Bp2871,Holding GME till my diamond hands turn into vibranium,1614211198,gon860a,False,t3_lrne7f,t3_lrne7f,4
ShrykeAbysmal,"Held my GME. Dumped my AMC at a loss and put what was left back into TMRC to get back to 575 shares and since, TMRC popped up 120% in a week. Right now it's at over 80% and it's gonna keep climbing. Good old rare Earth minerals from right here in the USA. And I own their only competitor too but USA Rare Earths/TMRC are the only guys that will be able to mine AND process in the USA. Lynas has to send what they mine to China to process.

Happy with my swap but if course wish I'd kept hitting GME art the dip. But that's just 20/20 hindsight.",1614211196,gon85xh,False,t3_lrmrsc,t1_gomw147,1
mcchubbin1," [**Jim Cramer**@jimcramer](https://twitter.com/jimcramer)·[2h](https://twitter.com/jimcramer/status/1364693198048747526)I mean ,really, GME up 100, why not?  How about $120? yes Ahh poot Jim..the shorts have not left the building.  when is he going to wise up and join the rebel alliance? the old guard sure is coming out of the wood work today",1614211193,gon85ok,False,t3_lrne7f,t3_lrne7f,5
i8b4u,I hope you guys fuck WallStreet again with GME. That was so fun to watch,1614211193,gon85p9,False,t3_lrnc62,t3_lrnc62,1
Final-Adhesiveness-3,Is GME a good buy at $91 a share? Working with limited funds atm.,1614211183,gon84x5,False,t3_lrne7f,t3_lrne7f,3
pprifold,"Our good friend Mr. Cohen innovates and disrupts within the normal business framework. That’s what he did to Chewy and the pet biz. The Reddit Community and WSB has proposed so many sensible potential partnerships and pivots for this BRAND...

Long $GME",1614211181,gon84qj,False,t3_lqzszf,t1_goko8u7,1
Ghost1242,80% SI on GME 👀,1614211180,gon84n1,False,t3_lrne7f,t3_lrne7f,5
therealglory,"I made my salary in GME gains and I plan on making more now. How’s that for real wealth? I’ve held most
of the companies over the past 1.5 years and never made money like this.",1614211180,gon84oo,False,t3_lrq1fu,t1_gon3h4b,261
babybrazil,"Alright retards, im glad you idiots were rewarded today after buying the top and holding GME for a while, but please don't spam this fucking sub with GME posts every single fucking minute or your autistic shit ""if hes in im in""; instead buy some billboards for our entertainment.",1614211177,gon84eu,False,t3_lre2k6,t3_lre2k6,-35
_YourImagination_,"I will play this for my kids while they go to bed and kiss them goodnight. I will be thanking $GME that I can free myself from our unseen chains.   


Then, I leave my wife n kids and buy a castle in Bulgaria. Vlad's gf is my wife and I say every night ""My mistake is I am always improving!!""",1614211177,gon84f3,False,t3_lrocqh,t3_lrocqh,12
AutoModerator,"Thanks for participating on WSB! 

We're experiencing very high levels of discussion on GME right now. Please post instead to the [GME megathread, here](https://www.reddit.com/r/wallstreetbets/comments/lre2k6/gme_megathread_for_wednesday_february_24th_2021).

For ease, here is your submission again:

I thought the short interest had been greatly reduced?  Would love an explanation.

*I am a bot, and this action was performed automatically. Please [contact the moderators of this subreddit](/message/compose/?to=/r/wallstreetbets) if you have any questions or concerns.*",1614211174,gon848e,False,t3_lrqyfb,t3_lrqyfb,1
AutoModerator,"Thanks for participating on WSB! 

We're experiencing very high levels of discussion on GME right now. Please post instead to the [GME megathread, here](https://www.reddit.com/r/wallstreetbets/comments/lre2k6/gme_megathread_for_wednesday_february_24th_2021).

For ease, here is your submission again:



*I am a bot, and this action was performed automatically. Please [contact the moderators of this subreddit](/message/compose/?to=/r/wallstreetbets) if you have any questions or concerns.*",1614211174,gon849f,False,t3_lrqyf6,t3_lrqyf6,1
datbf4,Can we actually talk about our theories on what happened today with GME instead of memes? I wanna hear some DD from some autists that know a think or two.,1614211172,gon842l,False,t3_lrne7f,t3_lrne7f,23
TheMajesticLight,"WHY IS THIS EVEN A QUESTION.
$GME $GME $GME",1614211171,gon840u,False,t3_lrne7f,t3_lrne7f,6
AutoModerator,"Thanks for participating on WSB! 

We're experiencing very high levels of discussion on GME right now. Please post instead to the [GME megathread, here](https://www.reddit.com/r/wallstreetbets/comments/lre2k6/gme_megathread_for_wednesday_february_24th_2021).

For ease, here is your submission again:



*I am a bot, and this action was performed automatically. Please [contact the moderators of this subreddit](/message/compose/?to=/r/wallstreetbets) if you have any questions or concerns.*",1614211170,gon83ye,False,t3_lrqydc,t3_lrqydc,1
1BigCactus,"That's a valid question.  I'm gonna be real with people.  

The ""moon"" is different for everyone.  Will we see something as high as the VW short squeeze?  Will we go back as high as the first run?  Will the hedge funds pull out all the tricks and stop the run like the first time?  I'm sure you've seen the VW squeeze chart, you saw what happened at the end of the chart, the line still came down.  Only you can answer what the ""moon"" is for you.  You have to do what's right for you, you have to have a strategy and don't be greedy.

For me, it's to hopefully get to $300 - $400 and rescue those people holding strong for us and allow them a way out.  Prefer with profits, if not, hopefully the loss is not as much as before.  I'm sure they've learned their lesson about holding.  After that, I'll see where the ship goes and hopefully leave the hedge funds holding the bags and none of our brothers and sisters.  This is my opinion with the short squeeze.  For GME long term, as a value play/turnaround story is another story and I'm very bullish on that, but my entry will be at a lower price point!",1614211169,gon83wx,False,t3_lrmrsc,t1_gon654e,1
mnrmeixner,"Straight from Robinhood’s Twitter feed:

Earlier today the NYSE temporarily halted trading of $GME as a result of the SEC’s Limit Up-Limit Down rule, impacting all brokerages. To be clear, Robinhood did not decide to pause trading.",1614211167,gon83pr,False,t3_lrne7f,t3_lrne7f,12
subscribetopewdiep13,UPVOTE THIS IF GME WILL HIT $250 TOMORROW 🚀🚀🚀🚀📈📈📈📈💎💎💎💎🔥🔥🔥🔥🔥🔥,1614211164,gon83ij,False,t3_lrne7f,t3_lrne7f,37
tonofbasel,Just imagine those tasty gme shares you will get at the end of this... LOLOL,1614211164,gon83je,False,t3_lrpcc4,t3_lrpcc4,1
KamiNoChinko,Is anybody still short on gme?,1614211163,gon83gf,False,t3_lrnpci,t3_lrnpci,1
AutoModerator,"Thanks for participating on WSB! 

We're experiencing very high levels of discussion on GME right now. Please post instead to the [GME megathread, here](https://www.reddit.com/r/wallstreetbets/comments/lre2k6/gme_megathread_for_wednesday_february_24th_2021).

For ease, here is your submission again:

How many of you degenerates are waiting for Robinhood to go public to do a GME inverse, and bring it to the ground!

*I am a bot, and this action was performed automatically. Please [contact the moderators of this subreddit](/message/compose/?to=/r/wallstreetbets) if you have any questions or concerns.*",1614211161,gon83a8,False,t3_lrqy8p,t3_lrqy8p,1
anthegoat,I SOLD MY GME AR 48 HOLY DUCK IM A RETARD,1614211161,gon83ay,False,t3_lrne7f,t3_lrne7f,11
FaithlessnessFree331,I say gme only,1614211160,gon837y,False,t3_lre2k6,t1_gon80ht,1
constantine1993,Lol not begging anyone. Just seeing things that will likely happen. Good night angry GME man,1614211160,gon838m,False,t3_lrq3mv,t1_gon7zsx,1
brokester,"30million afterhpurs? Uff, shorts may have covered some part but with shortinterest at 80% we are going to 1k at least. 
May also have been a whale who bought a shittonnof gme",1614211158,gon8327,False,t3_lrohpv,t1_gomuglo,60
baconilla,That GME picked up momentum. The volume is going to be nuts later today and tomorrow when GME headlines news again.,1614211156,gon82xl,False,t3_lre2k6,t1_gon7tu0,3
sco_cap,seriously what are the meme stocks? Just GME and AMC ?,1614211156,gon82xw,False,t3_lrne7f,t3_lrne7f,4
AutoModerator,"Thanks for participating on WSB! 

We're experiencing very high levels of discussion on GME right now. Please post instead to the [GME megathread, here](https://www.reddit.com/r/wallstreetbets/comments/lre2k6/gme_megathread_for_wednesday_february_24th_2021).

For ease, here is your submission again:



*I am a bot, and this action was performed automatically. Please [contact the moderators of this subreddit](/message/compose/?to=/r/wallstreetbets) if you have any questions or concerns.*",1614211156,gon82yj,False,t3_lrqy6u,t3_lrqy6u,1
Manoj109,I hope you are not holding gme on RH. They will fuck you in the ass again without lube.,1614211155,gon82wn,False,t3_lre2k6,t3_lre2k6,9
SmokedManMeats,💎💎✋🏽✋🏽Hold GME you damn dirty APES! It's only just begun. Don't fucking sell. Don't be the loser in the Disney movie that betrays his friends by switching teams and ultimately loses. Follow your heart. My heart tells me that 1) I am an Ape 2) we don't fucking sell till we land on Mars 3) I can't wait to meet Matt Damon when we get there 🚀🚀🚀🚀🚀🚀🚀🚀🚀,1614211148,gon82d6,False,t3_lrne7f,t3_lrne7f,22
maysayassholethings,It would be safer to buy GME at 1000 than bet RH stays out of it this time,1614211144,gon8232,False,t3_lrne7f,t1_gon7wf2,1
Salt-Chart3985,"Europe is going to sleep, it’s 00:57 (Netherlands). We saw the news. GME TO THE FUCKING MOON 🚀🚀",1614211142,gon81wm,False,t3_lre2k6,t1_gon7oup,4
Shot_Low_7630,"Fuck I forgot to mention that RH was quick to notify you after hours that GME was down 10% (briefly) but I never once got a notification that it was up when it was climbing. Only way I saw was cause yahoo finance sent me an alert.

In short, I need to switch from Robinhood already",1614211142,gon81xa,False,t3_lrne7f,t3_lrne7f,39
slick_dev,"Buy the dip tomorrow.  


Edit: Not financial advice, I got into trading with GME at 270 lul.",1614211142,gon81xo,False,t3_lrne7f,t1_gon7n24,2
arurja,To gme all?,1614211139,gon81ph,False,t3_lra5cg,t3_lra5cg,9
Jsand117,I wonder why GME was halted until close.... such BS,1614211135,gon81d2,False,t3_lrne7f,t3_lrne7f,3
tinyhandsPtape,I finally understand! Buy more GME!,1614211134,gon8195,False,t3_lrpvou,t1_gon7wwp,6
No_University6636,"AMD looking ready for a squeeze also, went all in $100 3/19 calls yesterday with everything I had. Too bad it could have been GME instead smh",1614211134,gon81ao,False,t3_lrne7f,t3_lrne7f,-3
AutoModerator,"Thanks for participating on WSB! 

We're experiencing very high levels of discussion on GME right now. Please post instead to the [GME megathread, here](https://www.reddit.com/r/wallstreetbets/comments/lre2k6/gme_megathread_for_wednesday_february_24th_2021).

For ease, here is your submission again:



*I am a bot, and this action was performed automatically. Please [contact the moderators of this subreddit](/message/compose/?to=/r/wallstreetbets) if you have any questions or concerns.*",1614211133,gon818h,False,t3_lrqxwf,t3_lrqxwf,1
goingtothemoon11,AMC AND GME ALL DAY,1614211130,gon80yc,False,t3_lrne7f,t3_lrne7f,12
adamsang,"Well this morning I had a hunch about GME, what can I say I like the stock. I bought 1 $155 call option expiring 3/5 while it was still not doing much in the $40's. I opened my phone after a long day of grad school and thought there was a glitch. I will see you apes on the moon",1614211130,gon8100,False,t3_lre2k6,t3_lre2k6,9
My___Cabbages,🚀🚀🚀🚀 All aboard the GME express 🚀🚀🚀🚀,1614211128,gon80ur,False,t3_lro0p9,t3_lro0p9,1
carlpanda,"ok dude for real I hope you and anyone else who got stuck bag holding gets to make a few bucks if love if it passed 600 which is actually reasonable, 1000 is possible depending on if people keep buying... remember people you can buy a portion of a share as well so if you only got $5 you can spend that on gme why not use some pocket change on make some money if you can spare it, an monky, soon to be in space monky",1614211127,gon80rm,False,t3_lro0p9,t1_goms5c9,1
Krombops7,"Would it be smart to look into 40c options for $BB and $AMC as well? Notice how all three share the exact same trend. They have been going up and down exactly in line with each other. So, if GME is poised to explode, then the others should too. And the call options are cheaper on the other stocks. Trying to get some input from people smarter than I.",1614211124,gon80ht,False,t3_lre2k6,t1_gon7nbb,0
MaxMustermannYoutube,"I don’t follow the memes here. I don’t invest in hype stocks either, but I bought 2 GME at €244 on average out of solidarity.",1614211122,gon80bu,False,t3_lro0p9,t3_lro0p9,3
maker_n_fixer,I think this is trap again from big hedgies to suck us in and then short GME. Remember there is still 40% short interest on this one,1614211121,gon80ab,False,t3_lrne7f,t3_lrne7f,2
Neither_Meat8226,Bought calls on BB and GAMER but should’ve went full retard on GME. 🥴,1614211120,gon807w,False,t3_lrne7f,t1_gon7pl3,1
AutoModerator,"Thanks for participating on WSB! 

We're experiencing very high levels of discussion on GME right now. Please post instead to the [GME megathread, here](https://www.reddit.com/r/wallstreetbets/comments/lre2k6/gme_megathread_for_wednesday_february_24th_2021).

For ease, here is your submission again:



*I am a bot, and this action was performed automatically. Please [contact the moderators of this subreddit](/message/compose/?to=/r/wallstreetbets) if you have any questions or concerns.*",1614211119,gon8058,False,t3_lrqxpp,t3_lrqxpp,1
JonStowe1,i mean GME went from 400+ to the 30s....so there was a bit of a dip,1614211117,gon800g,False,t3_lrne7f,t1_gon7uhc,6
flammablepenguins,"A call can be purchased for a set amount that gives you the ability or option to purchase 100 shares at the set price. This autist bought two calls one at a $60 mark and one at $73. Both of these calls expire on Friday so if the price of gamestop were below what he paid for the calls and the strike price of the call they would expire worthless. Seeing how GME had been hovering in the 40-50 range it was very unlikely these calls were not going to expire and the ape would have been out the money paid for the calls. 

As I write this GME is currently trading at $166 a share. This idiot can buy 100 shares for 60 and 100 share for $73 which right now would be worth around 20k. That's assuming the price doesn't change between now and opening of the market tomorrow when they can sell or hold and hope for higher.

No matter what, we now say fuck you and congrats to this retarded and wonderful buy.",1614211117,gon800v,False,t3_lrnc62,t1_gon6u3g,4
Derpweest,Your post history is public. Your literally begging for a silver short squeeze and encouraging other people to buy silver for your benefit. That’s illegal. And what happened to gme will never happen to silver. Good night.,1614211115,gon7zsx,False,t3_lrq3mv,t1_gon7lz6,2
korismon,"I haven't even said you are wrong,  I own no stake in GME,  I'm just pointing out you have as much evidence as those who think its going to moon.  You are just making a statement while the price is in your favor,  what about now that it's up 200% today,  with 90% coming AH?  Are you as convinced the shorts somehow covered?  Or is this gunna be like VW where it dipped back down near market value for a little while then really soared?  If you can't support your statement what is even the point in making it dude?",1614211115,gon7zug,False,t3_lrd5ip,t1_gon5sc8,1
Buttscritch,I already have my unemployment checks going into GME,1614211114,gon7zqe,False,t3_lre2k6,t1_gon7p3r,3
djs093,"I will use my stock proceeds to order more used games from gme, after I reach $40269",1614211113,gon7znz,False,t3_lro0p9,t3_lro0p9,1
wait-what_was_that,"NEED ADVICE, noob here ! I sold a **GME covered 03/26 200C.** Should I close it out and wait for it to moon?",1614211113,gon7zo0,False,t3_lrne7f,t3_lrne7f,0
CKatz5257,Don’t be surprised if you see a huge dip tomorrow. Volatility is inherent in GME. I’ve held large swings.,1614211112,gon7zk6,False,t3_lre2k6,t3_lre2k6,26
Creative_Bill_1771,Ape not know Nok. We know GME,1614211109,gon7zct,False,t3_lrne7f,t1_gon7ih1,1
Cyb0Ninja,I sold calls against all my PLTR and loaded up on GME. She's back baby!,1614211106,gon7z5s,False,t3_lre2k6,t1_gon7nx8,1
iwasshotbyatigeronce,Welp... Missed GME again.,1614211105,gon7z1k,False,t3_lrne7f,t3_lrne7f,14
AutoModerator,"Thanks for participating on WSB! 

We're experiencing very high levels of discussion on GME right now. Please post instead to the [GME megathread, here](https://www.reddit.com/r/wallstreetbets/comments/lre2k6/gme_megathread_for_wednesday_february_24th_2021).

For ease, here is your submission again:



*I am a bot, and this action was performed automatically. Please [contact the moderators of this subreddit](/message/compose/?to=/r/wallstreetbets) if you have any questions or concerns.*",1614211104,gon7yzw,False,t3_lrqxhy,t3_lrqxhy,1
AutoModerator,"Thanks for participating on WSB! 

We're experiencing very high levels of discussion on GME right now. Please post instead to the [GME megathread, here](https://www.reddit.com/r/wallstreetbets/comments/lre2k6/gme_megathread_for_wednesday_february_24th_2021).

For ease, here is your submission again:

Somebody is already thinking of betting puts!! How about we make them pay for it RETARDS?

*I am a bot, and this action was performed automatically. Please [contact the moderators of this subreddit](/message/compose/?to=/r/wallstreetbets) if you have any questions or concerns.*",1614211103,gon7yyc,False,t3_lrqxhz,t3_lrqxhz,1
Barbie_Crash,Don't know if im going to fomo into gme again... ugh I was about to buy at 60 then cancelled it because I remember how gme fucked me before. I hate myself.,1614211102,gon7yuk,False,t3_lrne7f,t3_lrne7f,5
Safe-Biscotti,I sold $2000 of my BB for PLTR like a clown.  Still got $1000 left on BB lets go!  Wish you all in GME all the best!  Lost $400 last time on GME and I want you guys to strike back with a bloody vengence!!!!!!,1614211097,gon7yhf,False,t3_lrne7f,t3_lrne7f,9
Civil_Location_5009,There’s money to be made on all of the others like naked brand and AMC don’t put all you’re luck into GME and end up posting lost porn here my guy😂😂😭also fuck the hedges funds,1614211094,gon7y9u,False,t3_lrne7f,t1_gon7jnm,-1
iTriggaWiggas,Yeah I know I'm def gonna paper hands gme this time around,1614211089,gon7xv9,False,t3_lre2k6,t1_gomonh5,1
mr_fraktal,"Massive chunk of +25k shares of GME being sold in aftermarket.How much of GME shorted shares could be sold during this time? Is there any restriction or limit in the amount? Thanks fellow apes

BTW GME is 172.11 aftermarket :D +81% lol",1614211087,gon7xq9,False,t3_lrne7f,t3_lrne7f,2
I_Mine_it," PLTR, GME, AMC, NOK, BB  
To the Moon Hell Yeah!!!",1614211087,gon7xrb,False,t3_lrne7f,t3_lrne7f,10
babybrazil,"Alright retards, im glad you idiots were rewarded today after buying the top and holding GME for a while, but please don't spam this fucking sub with GME every single fucking minute or your autistic shit ""if hes in im in"".",1614211087,gon7xr6,False,t3_lrne7f,t3_lrne7f,2
Smartestgeniusever,"Gme is the catalyst that will make the stock market crash.. its gonna go to $130,000 per share",1614211082,gon7xda,False,t3_lrne7f,t3_lrne7f,25
Rawrsdirtyundies,Anyone else see $GME listed as 91.71 per share on cashapp? Haven't tried to order.,1614211080,gon7x9w,False,t3_lre2k6,t3_lre2k6,3
anslew,Hold $gme til Melvin Capital’s wife is on my dick,1614211079,gon7x6h,False,t3_lrne7f,t3_lrne7f,9
ItsAlkron,"Let's see...   
For learning purposes, 💎= 1 stock, 🤏= buy

📈 💎=💸💸💸  

🤏💎

📉📉📉   

😭💎=💸  

🤏💎💎💎💎

🤔💎💎💎💎💎=💸💸💸💸💸

📈📈📈

🤩💎💎💎💎💎=💸💸💸💸💸💸💸💸💸💸💸💸💸💸💸💸 

(Translation: Buy more when it's cheaper to lower your average cost per share that you paid for your positions. If you bought at $100, then it tanks to $20, if you buy 5 at $20, now your average price per share is $33 instead of $100. When it rallies, 💸💸💸💸💸💸💸💸💸💸💸💸💸💸💸  
   
Second Translation: BUY MORE GME)",1614211075,gon7wwp,False,t3_lrpvou,t1_gon6xbj,10
AutoModerator,"Thanks for participating on WSB! 

We're experiencing very high levels of discussion on GME right now. Please post instead to the [GME megathread, here](https://www.reddit.com/r/wallstreetbets/comments/lre2k6/gme_megathread_for_wednesday_february_24th_2021).

For ease, here is your submission again:



*I am a bot, and this action was performed automatically. Please [contact the moderators of this subreddit](/message/compose/?to=/r/wallstreetbets) if you have any questions or concerns.*",1614211074,gon7wus,False,t3_lrqwdn,t3_lrqwdn,1
ClamPaste,"AMC, BB, and GME are all undergoing another gamma squeeze. Expect this episode to be a rerun.",1614211071,gon7wl0,False,t3_lrn6n8,t3_lrn6n8,1
travellinglaowai,"I convinced my friend to sell his GME on the way down at 70.

I think I'm gonna need a new friend",1614211068,gon7wdu,False,t3_lrne7f,t3_lrne7f,25
ris3rr1,"I just looked at my trading app after a long day of work and saw gme is up almost 200%. Anyone know what is going on? Is the squeeze happening? ![gif](emote|free_emotes_pack|scream)

And I was wondering whether could the market ""crash"" the past few days be due to hedgefunds selling their longs to raise money to cover their shorts.",1614211067,gon7wcu,False,t3_lre2k6,t3_lre2k6,5
AutoModerator,"Thanks for participating on WSB! 

We're experiencing very high levels of discussion on GME right now. Please post instead to the [GME megathread, here](https://www.reddit.com/r/wallstreetbets/comments/lre2k6/gme_megathread_for_wednesday_february_24th_2021).

For ease, here is your submission again:

Hi there

First of all 🚀 and 86@81 avg now 

My dear brother works at a large VC firm (which is NOT a hegde fund) 
The story being told is 2 large funds are screwed big time on their gme shorts, and as a product of that: hedges are now squeezing their own kind.
Will probably take off completely. 
My brothers fears are: how it works in case they go bankrupt and no squeeze commences 🐵
Will look into it 


Tl:dr
Two Hedge 🏳️‍🌈🐻 are major fuk💀 on 🚀 gme 
Other hegdies🏳️‍🌈🐻 notices this 👀 and now squeezing them 🪗
Buy and hold fggts

*I am a bot, and this action was performed automatically. Please [contact the moderators of this subreddit](/message/compose/?to=/r/wallstreetbets) if you have any questions or concerns.*",1614211063,gon7w0o,False,t3_lrqwzf,t3_lrqwzf,1
BitCoiner1000,http://imgur.com/gallery/aILDYXw I just purchased some GME ..and I am not a bank...,1614211063,gon7w2g,False,t3_lrnpci,t1_gon02nt,2
Poopsmith89,I just left my gme at robinhood and finally got my bank hooked up to fidelity,1614211062,gon7vz7,False,t3_lrne7f,t1_gon6omz,1
AutoModerator,"Thanks for participating on WSB! 

We're experiencing very high levels of discussion on GME right now. Please post instead to the [GME megathread, here](https://www.reddit.com/r/wallstreetbets/comments/lre2k6/gme_megathread_for_wednesday_february_24th_2021).

For ease, here is your submission again:



*I am a bot, and this action was performed automatically. Please [contact the moderators of this subreddit](/message/compose/?to=/r/wallstreetbets) if you have any questions or concerns.*",1614211062,gon7vzs,False,t3_lrqwz9,t3_lrqwz9,1
Moonman_JJ,"Going to hodl AMC GME and BB, and buying more EMO.V for its \*$MOON\* mission next week",1614211057,gon7vmn,False,t3_lrne7f,t3_lrne7f,7
AutoModerator,"Thanks for participating on WSB! 

We're experiencing very high levels of discussion on GME right now. Please post instead to the [GME megathread, here](https://www.reddit.com/r/wallstreetbets/comments/lre2k6/gme_megathread_for_wednesday_february_24th_2021).

For ease, here is your submission again:



*I am a bot, and this action was performed automatically. Please [contact the moderators of this subreddit](/message/compose/?to=/r/wallstreetbets) if you have any questions or concerns.*",1614211054,gon7vdw,False,t3_lrqwv5,t3_lrqwv5,1
slick_dev,GME was halted at 91.70 for the last 10 mins of market. It plummeted from 91 to 80 then rocketed to 120+ AH.,1614211050,gon7v1b,False,t3_lrne7f,t1_gon7own,3
garrettzanol1023,Someone convince me I shouldn’t FOMO YOLO 10k into GME tomorrow...,1614211050,gon7v1z,False,t3_lrne7f,t3_lrne7f,21
Kemptation,GME for the short term 🚀 Gotta get it hot this time. Pickin me some more TSLA too for them long term 🚛 she’s a mover and earned me more than a few nuggies.,1614211050,gon7v21,False,t3_lrne7f,t3_lrne7f,4
chrswnd,"all in GME... this is definitely the last life time chance for serious gains in such a short time
2021 is going to be a slow trading year in regards to the broader market",1614211045,gon7up0,False,t3_lrne7f,t1_gon7nlx,2
InStride,"Everyone: GME! GME! GME!

Me: SPCE earnings tomorrow are making my insides hurt",1614211042,gon7uhe,False,t3_lrne7f,t3_lrne7f,9
NatsuDragn1,I bought at 250 and 19.75 for GME and AMC lets bring this thing way beyond where it was before,1614211042,gon7uj4,False,t3_lrpmx4,t3_lrpmx4,1
FallenGear,GME $1K 🚀👐🏼💎,1614211033,gon7tub,False,t3_lre2k6,t3_lre2k6,11
Ostroh,"I'm debating dropping GME at open, 150% gain. That's... a lot.

We'll see!

Edit: Haha well it's no so much for many of you apparently!",1614211028,gon7thl,False,t3_lrne7f,t3_lrne7f,-21
LeeGod,Can't believe I sold all my GME at a loss. Fucking apes madmen did it. Feel like a real retard.,1614211027,gon7tfu,False,t3_lrne7f,t3_lrne7f,27
AutoModerator,"Thanks for participating on WSB! 

We're experiencing very high levels of discussion on GME right now. Please post instead to the [GME megathread, here](https://www.reddit.com/r/wallstreetbets/comments/lre2k6/gme_megathread_for_wednesday_february_24th_2021).

For ease, here is your submission again:

Does anyone know what Linus bought the $50k at? I'm curious if he's going to break even or come ahead?

Thanks!

*I am a bot, and this action was performed automatically. Please [contact the moderators of this subreddit](/message/compose/?to=/r/wallstreetbets) if you have any questions or concerns.*",1614211027,gon7tgk,False,t3_lrqwiq,t3_lrqwiq,1
vo_boi,"Last week my wife's boyfriend took my shoes and told me to sell or he would sell my shoes.

Looks like two dudes are getting new shoes in April when GME hits $10,000.",1614211019,gon7sul,False,t3_lrmqr5,t3_lrmqr5,2
I_Mine_it," 

PLTR, GME, AMC, NOK, BB  
To the Moon ![gif](emote|free_emotes_pack|give_upvote)

Hell Yeah!!!",1614211017,gon7squ,False,t3_lrne7f,t3_lrne7f,9
Goodoleboy007,New to this this and jumped on the GME train due to FOMO.  Bought at 305 and again at 203 had faith and bought again at 70.  Time to make our money.  Not an ape or retard just trying to get mine and level up.,1614211013,gon7sf3,False,t3_lpl1je,t3_lpl1je,0
cptphoto,Don’t even have GME but damn it’s good to be up after yesterday,1614211012,gon7sby,False,t3_lrne7f,t3_lrne7f,15
zionistmuslim,"FUCK EVERYTHING ELSE, GME OR NOTHING",1614211010,gon7s7w,False,t3_lrne7f,t3_lrne7f,13
Osrsdoesntcare,Jim is a little bald bitch boy who’s wife is getting plowed by GME bulls,1614211010,gon7s82,False,t3_lrq1fu,t3_lrq1fu,1
Jeff_Bezels,"The theory mostly seems to be that there are etfs that have GME holdings you can short. There might be trading desks doing that, but I don't see how it could account for a large amount of short no accounted for. If it did, buying gaming etfs at a premium would be the smart move.",1614211007,gon7ryc,False,t3_lre2k6,t1_gon6jpa,1
Rrrrandle,This guy has less voting power in Congress than your fractional share does in GME.,1614297598,gorrqab,False,t3_lsk9y2,t3_lsk9y2,747
youngheezy44,Where are the billboards and NYC time square signs for GME when we need it the most ??,1614297597,gorrq7s,False,t3_lsc5ji,t3_lsc5ji,18
Careless_History3567,AMC can’t even hold $8.... where is the “squeeze” back to $25? Waste of time. You’re better off with GME,1614297595,gorrq32,False,t3_lsgrk1,t3_lsgrk1,1
StopWhiningPlz,"Given the downward shift in GME since the close, you're probably better off.",1614297594,gorrpzx,False,t3_lsgv43,t3_lsgv43,1
InIce1234,GME,1614297593,gorrpxm,False,t3_lsgrk1,t1_gorrmxl,4
Jdoggg80,There is some DD going around that today was the highest day for shorts on GME.,1614297592,gorrpt4,False,t3_lskj4z,t1_gorr387,4
emsharkey,"To those who sold today,  you abandoned our brothern at 300 or 400. . This is not the way 💎 GME",1614297580,gorroxn,False,t3_lsgrk1,t3_lsgrk1,8
Kingace__,"It’s already going poop, they want the crash to happen & this GME thing is making it even worst & then they’ll blame us",1614297579,gorrovj,False,t3_lsgrk1,t1_gorrk92,0
GrabCritical2310,what kind of bike do you want my guy? if GME closes above $300 tomorrow 'll start a campaign and donate $500 to your new bike fund,1614297571,gorro9k,False,t3_lsc5ji,t1_gorr8dl,5
wallace367,Averaged up to 89.78 on GME today.Lets hold and ride this rocket.,1614297562,gorrnkw,False,t3_lscure,t3_lscure,1
LaUNCHandSmASH,"Get an account with a broker that will allow you to instantly trade with your deposit. Link bank acct. Transfer. BUY GME AND HOLD until you reach the promised land (or planet).

I guess from there you can do whatever you want because your rich, I think, IDK I am currently still a poor (for now). $100 isn't the worst position to be in tbh.",1614297559,gorrne4,False,t3_lsc5ji,t1_gor71d0,2
PetrisCy,"This only means, GME is on sales! Apes together stronk",1614297558,gorrnc2,False,t3_lsh9vf,t3_lsh9vf,1
theProfessor1960,Appreciate the Reddit push on GME. Vertical call spread today very goooood.,1614297556,gorrn77,False,t3_lsc5ji,t3_lsc5ji,10
James30Conner,"GME has no other options, it will have to go up because of the *IMPLICATION*",1614297553,gorrmyy,False,t3_lsgrk1,t3_lsgrk1,13
locomaynn,That’s not even the peak and I can confidently say you won’t lose more than half your investment as I doubt GME will ever see below $55 again ( after the squeeze obviously),1614297545,gorrmcm,False,t3_lsjmws,t3_lsjmws,1
sur_surly,"cheaper than GME now, lets GOOoooOOOOO",1614297545,gorrme9,False,t3_lsgv43,t1_gor5ofa,1
Nintendam,">ink GME is actually movin

what flavor whiteclaw?",1614297534,gorrlky,False,t3_lsc5ji,t1_gorr9gq,2
VoxUmbra,"If that's really your motive, why do you think it's your responsibility to prevent other people from wasting their money?

If we want to buy GME and it evaporates, let us be",1614297532,gorrle7,False,t3_lsc5ji,t1_gornqh6,2
Newtothisshit133,GME is love GME is life,1614297527,gorrl0n,False,t3_lsc5ji,t3_lsc5ji,20
Terrible-Sugar-5582,"I keep buying because I love the stock, I’m actually averaging up my cost average now lol.  Not financial advice, I just really want to lose my monies ooooor go to the moon!

🚀🚀🚀🚀💎🙌💎🙌💎🙌💎🚀🚀🚀🚀

Edit: hey kind redditor, thanks for the gold!  Holding this gold forever, right next to my GME shares.",1614297521,gorrkl2,False,t3_lsc5ji,t3_lsc5ji,56
sprankletoe,"Shit, I'm gonna get a gme diamond hand tattoo anyway at this point. Lol. 

If saying im going to do something if nothing specific happens in the future needs proof or ban, I'll let y'all know once ive gotten my tax refund.

I've already filed.",1614297521,gorrkla,False,t3_lsc5ji,t1_gorqwvd,2
habb,i wonder how many others fat fingered and got gmed instead of gme because of after market,1614297519,gorrkf4,False,t3_lsgv43,t3_lsgv43,1
ThePrankMonkey,"Is it the hedges selling off other assets to cover their ~~ladder~~ attack losses?

I just know that GME rising creates more dips to buy in other stocks.",1614297519,gorrkg1,False,t3_lsh9vf,t1_gorco7d,44
Bison-Silly,Lol I wasnt in tech stocks. I did GME and weed. After GME I went weed and fucked up there too which half of my portfolio is in and then the rest in ARKS so I just cant fucking play the market like at all,1614297516,gorrk6x,False,t3_lsgrk1,t1_gorrctb,1
BryPri55,Yep.  Buncha apes selling their shares of other companies to hop aboard the GME 🚀,1614297513,gorrk0t,False,t3_lsh9vf,t1_gorco7d,13
No_Idea6049,"i dont know, what is money

my portfolio consists of 100% gme and this is the way",1614297512,gorrjwk,False,t3_lsc5ji,t1_gorreh7,12
[deleted],I accidentally bought PLTR puts instead of calls because webull . Best trade I’ve made for weeks besides the GME  pop . Thanks webull,1614297511,gorrju5,False,t3_lsgv43,t3_lsgv43,1
Similar-Stock-8811,"A fuckin men brother.  Gtfo here trying to tell me what to do with my money cause you don’t have balls and feel bad for yourself.  Also, fuck it I’ll loose all the money I have In gme or I’ll make 100k, not your business.....",1614297510,gorrjqv,False,t3_lsc5ji,t1_gorrc04,8
PlanAheadAlways,"For every $10 GME goes up by, we should all purchase 1 item from them to help their business.",1614297510,gorrjt0,False,t3_lsij89,t3_lsij89,65
Deezy_McCheezy,"I only have one move. 

H
O
L
D.

$GME and $AMC to the moon.",1614297497,gorritn,False,t3_lsgrk1,t3_lsgrk1,18
Prince_Chunk,What does that say about the people who didn’t invest and made no money. GME gang let’s go!,1614297494,gorrim6,False,t3_lsdga0,t3_lsdga0,1
bagel_maker974,"I have a few shares of GME - fuck it 

if we see $750+ tomorrow and I manage to sell - I'll donate to St. Jude or something as well. If I sell over 1k definitely 10% going to charity.

Should be able to hand over some windfall money without it hurting too much.",1614297492,gorrig0,False,t3_lsc5ji,t3_lsc5ji,26
Nungie,"Shorted GME, AMC, and PLTR today. Easy.",1614297489,gorri7f,False,t3_lsgrk1,t3_lsgrk1,8
Longjumping_Iron8826,"GMED up AH, GME down...well played",1614297477,gorrhb0,False,t3_lsgv43,t3_lsgv43,3
Mitch_Grizz,"Humor me for a second. I think GME is actually moving the entire market.  

I was curious and was looking at the 1 month chart for GME, NASDAQ, DOW, NYSE, VIX, and UVXY (which is an ETF for the VIX).

I noticed something rather peculiar. FEB 1 was when GME noise dived quickly to 40 and held there until yesterday. 

Now in that EXACT time frame DOW, NAS, and NYSE all rose some hitting new heights while the VIX and UVXY fell respectively. 

When GME popped yesterday DOW, NAS, and NYSE all followed GMEs path but inversely. To the T! While VIX and UVXY rose as GME rose. 

Now I’m not a financial advisor or smart in general but it is uncanny how similar these tickers are to each other. 

I think GME controls the market at this current state so hold and wait our day will come. 

*Check the charts out for yourself and let me know what you think*",1614297465,gorrgi3,False,t3_lsc5ji,t3_lsc5ji,27
Useful-Equal-9990,"If GME hits $4,206.90 tomorrow or next week I’m gonna get the wsb face tattooed on my face",1614297463,gorrgbs,False,t3_lsc5ji,t3_lsc5ji,32
Lybraa,Now boomers are going to go balls deep on GME because they’ll think we’re pushing it to 1000,1614297459,gorrg09,False,t3_lsgqig,t3_lsgqig,1
Due_Truck,"You did not write a big post but rather a quality post. Give this man an award. 

Also to add they have been shorting 4 tickers massively. GME, NOK, SOS (Super high short) and AMC. 

However for AMC the short interest is not that high and most of the shorts were covered since the news of reopening was out. I could be wrong.

&#x200B;

Pardon me if this was meant to be a GME post only.",1614297455,gorrfou,False,t3_lsdehv,t3_lsdehv,1
Superfizzo,"Honestly it would probably only take about $250 to have me all choked up at this point. I sold a bunch of blackberry, AMC, and GME last week thinking it was cut your losses time, and then they all boom just a bit later. Got back in in after hours last night. Reading all the comments on the gme post I was bummed at how busy work was yesterday or I would have totally believed reddit like I always do.",1614297454,gorrfot,False,t3_lsc5ji,t1_gorcx72,1
robertleeblairjr,"You’re a douchebag. Them holding AMC is a good play and if they hold GME, then so be it. I do on both. Stop being a mindless prick.",1614297453,gorrfjz,False,t3_lsjx1t,t1_gorrac3,2
Nicoangele,"The wealth of the whole world is in hands of 1 % ( HF, Bll..) of the population. They made their fortune on us “ The Retards “ , the other 99 % of the world. Its time to take back our fortune from them !!! GME - AMC TO THE MOON",1614297452,gorrfii,False,t3_lsgv43,t3_lsgv43,-1
Maciejos87,"Whats yours exit plan boys for GME 
Holding over 150 shares  in price from 50-120 🤑
500 its possible next week/week's",1614297450,gorrfdb,False,t3_lsc5ji,t3_lsc5ji,2
mulletstation,"L💎💎k!
Wow I think it has a chance to hit $6633.33/share in the next 2.33 weeks (repeating of course), based on my calculations of short and melvin interest hedge fund. I just like stoc.

🐳💎🙌🚀🦍🐳

FOR EVERY UPVOTE I WILL ENTER 1 GME POSITION UP TO A LIMIT OF 1

This is the way. 

We like the stock. I am not a cat.",1614297449,gorrf9u,False,t3_lsc5ji,t3_lsc5ji,31
scrappyy,Hedgies will want to cover before the next stimulus checks are sent out by mid march. Cant imagine how many apes will spend their entire stimulus on more GME shares,1614297449,gorrfaa,False,t3_lsc5ji,t3_lsc5ji,17
PandaBroPound,"I spent 300 dollars on these two GME lottery tickets. 

I'm not selling till it pays off my mortgage. The worst threat can happen is I lose 300 dollars. 

I'm not financial advice, I'm not even literate.",1614297448,gorrf7y,False,t3_lsdehv,t3_lsdehv,7
Next-Bedroom2night,dude... if GME gets a Tech valuation... thats all it needs rofl... it makes 6B in sales,1614297446,gorrf27,False,t3_lsh9vf,t1_goroy8f,4
SnooPickles937,APE don’t read book APE FULL CRAZY AND APE IS ALL IN GME,1614297445,gorrezj,False,t3_lsc5ji,t1_gorrbmf,2
[deleted],"🚀Ok, you guys drive a hard bargain. If GME hits 2500 I’ll file my LLC for Tiddies N’ Tendies. The first chicken tenders kitchen / strip club.",1614297436,gorreeo,False,t3_lsc5ji,t3_lsc5ji,33
blkcffee,Is it advisable to buy GME now? This would be my first investment.,1614297428,gorrdrx,False,t3_lsh9vf,t3_lsh9vf,1
dababypowder,"i'll perform passionate fellatio on melvin if gme hits $600 tomorrow

^^about ^^to ^^pull ^^a ^^quick ^^one",1614297427,gorrdqi,False,t3_lsc5ji,t3_lsc5ji,14
Cbear-909,I littery sold off of all my positions and yolo on GME two week ago at 48 by doing that I tripled my portfolio and saved myself from losing %20. GME is my hedge agaist a falling market I atleast trust you guys not to sell off into a falling market like paper hand bitches.,1614297424,gorrdj2,False,t3_lsjiby,t3_lsjiby,45
Mo_Investing,I’m not in GME but I did get chills 🥲,1614297422,gorrddt,False,t3_lscure,t3_lscure,1
No-Lengthiness-9334,"I'll tattoo GME on my Virgin skin.
then when it reaches 1000, im getting it removed.",1614297421,gorrdai,False,t3_lsc5a9,t3_lsc5a9,1
37366034,"GMED is currently up 8% in the aftermarkets

GME is curerntly down 5%.

You tell me who is winning!!!",1614297420,gorrd8v,False,t3_lsgv43,t3_lsgv43,28
OGrickyP,"I bought that call today for tomorrow thinking I’d make a quick $100 to get me back towards green and yeah, they kept it under 10...let’s get it over 15 for the weekend so $20 is possible...once we’re at $20 it could really start to jump 10pt a day...I think amc top is around 100 and GME is around 750-800..just basing this off everything I’ve taken in and how the charts keep reacting to their bullshit games. They’ll prob close GME for 2 days once they start not cover to try to keep their ppl waiting as long as possible in the red but at this point they have to either fight til dead and walk away laughing at getting outta the worst situation in stick market history w scratches, or get ripped apart by apes and served a rope w their loss porn so they can go catch up w Epstein",1614297418,gorrd28,False,t3_lsggit,t1_gorg28v,1
Every_King_8759,John Titor should’ve told us to hold gme 💎🙌,1614297418,gorrd2u,False,t3_lsc5ji,t3_lsc5ji,6
Man-i-love-reddit,Gme day ending wasn’t ideal ima go beat my meat,1614297414,gorrctk,False,t3_lsgrk1,t3_lsgrk1,7
RoddyChooch,Imma be more realistic with tattoo bets BUT if GME hits 10K I will tattoo some combination of wsb DFV diamond hands ape crayons rockets,1614297413,gorrcom,False,t3_lsc5ji,t3_lsc5ji,6
someonerezcody,"You are receiving threats in your DM's because of this post? Seriously?  


I think I'll buy some more GME.",1614297411,gorrcm7,False,t3_lsh9vf,t3_lsh9vf,1
mgramos222,Ahahahahahahaah !!!!!!!!!!!!!!!!! you guys are crazy! but i'm with you!!!!!!!!!!! HOLD the line apes don't sell!!!!!!!!!!!!!!!!!!!!!!!!!!!!!!!!! GME to the moooooonnn!!!!  💎🚀,1614297404,gorrc1i,False,t3_lsfph1,t3_lsfph1,0
Don_Julio_Acolyte,"Did you not see the 10 year treasury bill hit 1.6%....literally we saw an inverted treasury and S&P index yield today (which is like 100% indicator of a recession/bear market). I think things are out of whack right now as we push for a post-Covid reopening, but that is what hit the market today. 

If you think GME is ""at work"" here...then you are kidding yourself. Retail investors don't have the volume to move the entire market like that. The massive sell off today was because of the 10 year bill hitting pre-Covid rates. Got nothing to go with GME tbh.",1614297404,gorrc2l,False,t3_lsjalb,t1_gorly3o,-1
bigdawgruffruff,"Why does everyone think the price action on GME is insane? Isn't that what PRICE DISCOVERY and FREE MARKETS are all about?

If you don't like the stock don't buy it .. or, better yet, short it. Stop telling me what it can or can't be worth. 

I like the stock, so I buy the stock and hold the stock. I'm not telling you it's worth $100/share .. that's what supply & demand is telling you. It's a STONK market, not a ""everything must be 15 P/E market."" Stonks price the future, not the past. We're not valuing Blockbuster here; we're valuing something with much more channels. Omnichannels, if you will.

Honestly I'm so glad I found this community, even though later in the game. I've learned more about the guts of the market a few weeks than in the past few years of investing. This has been a learning experience for me, well worth the cost of admission.

100 shares at $67. Guess I could write calls now if I really wanted to 🤷‍♂️🤷‍♂️

See you on the moon .. or back on earth.",1614297403,gorrc04,False,t3_lsc5ji,t3_lsc5ji,21
perfectsnowball,He has $10k in puts reliant on GME hitting 45 by next Friday.,1614297401,gorrbw7,False,t3_lsc5ji,t1_gorqjpu,1
Durtly," 

If they make bone repair tools and prosthetics you're in a good position. Lots of people jumping off of high places soon.

WSB apes if GME tanks.

Institutional shorts if it doesn't.",1614297399,gorrbre,False,t3_lsgv43,t3_lsgv43,1
CodyLeet,CNBC will be reporting this move tomorrow. WSB loses interest in GME...,1614297396,gorrbk0,False,t3_lsgv43,t1_gor8yqo,2
[deleted],anyone invested in gme that didn't already see this 595748 times today literally can't read so don't bother,1614297376,gorra4v,False,t3_lsc5ji,t1_gorqz45,2
JANmau93,False. I didn't lose that much because of options. I lost bagholding for GME. Then the market decline on my other holdings. So you can stfu keyboard warrior. Watch yourself punk.,1614297370,gorr9pc,False,t3_lsgrk1,t1_gormuc4,1
Enjoyingstuff,I finally caved to the retards and bought my first shares of GME today. HOLD HOLD and.... HOLD,1614297368,gorr9iq,False,t3_lsgrk1,t3_lsgrk1,9
qweelar,"OK Meme-Gang 

I was just listening to ""The Viking"" by Lars Frederiksen And The Bastards.

[https://open.spotify.com/track/1k4d6n2q3p6Ez3PxGxpgVx?si=Np7bNGk-SZG0wtFq2patPQ](https://open.spotify.com/track/1k4d6n2q3p6Ez3PxGxpgVx?si=Np7bNGk-SZG0wtFq2patPQ)

&#x200B;

All I can hear is *'And I know \\ I'm married to GME'*

Somebody, PLEASE make a GME / WSB cover of this song!",1614297362,gorr975,False,t3_lskaxp,t3_lskaxp,1
neighborhoodasshole,Just got my bicycle stolen last night hopefully GME can buy me a new one 😪🚶🏽‍♂️🚶🏽‍♂️🚶🏽‍♂️,1614297351,gorr8dl,False,t3_lsc5ji,t3_lsc5ji,15
Designer-Relation188,What am I doing tomorrow? My f-king job. Which is holding my GME.,1614297351,gorr8dp,False,t3_lsgrk1,t3_lsgrk1,17
milksteak122,"Sold my Xbox 360 I didn’t play anymore for $100, threw all that money into GME and amc earlier this week.",1614297350,gorr8cc,False,t3_lsh9vf,t3_lsh9vf,1
Next-Bedroom2night,lol what gets me is... how CHEWY is worth 60B... and RC is personally going to see to GME going to 60B ($1000/share),1614297341,gorr7nt,False,t3_lsc5ji,t1_gorqvc8,2
xavmous,"At the risk of introducing some reality, the truth of the matter is most people didn’t buy the stock because they believe in the fundamentals of the company but bought it because they believe it’s a get rich quick scheme.

Ergo, the second they start to lose some money they’ll just panic sell. I’m not entirely sure if this is the short squeeze we’ve all been waiting for but outside of some funky fresh short squeeze even with digitization and an org restructure GME is not likely to hit the $1000 mark anyyyyytime soon.

So, if you’re holding because you “believe in the company” but you bought in at $100... you’re in for a long, long ride cause the natural value of the stock today isn’t anywhere near that.",1614297331,gorr6xh,False,t3_lsij89,t3_lsij89,11
emissary442,"I'm being very serious about this. I'm dumping $50,000 into GME tomorrow opening!",1614297311,gorr5gj,False,t3_lsc5ji,t3_lsc5ji,76
Unfair-Regrets08,The cycle should be back-and-forth between AMC and GME.,1614297305,gorr50k,False,t3_lsgrk1,t1_gorptba,1
meshreplacer,I have no dog in this GME fight but its damn entertaining watching from the sidelines.,1614297301,gorr4qz,False,t3_lskaxp,t3_lskaxp,3
josenros,"NOK short volume ratio is 10%

BB short volume ratio is at 12%

These are not heavily shorted stocks, relatively speaking, and it's rather silly that they get grouped with GME in this regard.",1614297290,gorr3wz,False,t3_lsgdqn,t3_lsgdqn,6
KenekiKen,I will donate $6.9k to St. Jude's if GME goes to 500 tomorrow,1614297287,gorr3qr,False,t3_lsc5ji,t3_lsc5ji,65
CobraKing44,I will as well get a GME tattoo if it hits 420.69. Let’s tat up boys🚀,1614297267,gorr2aq,False,t3_lsc5ji,t3_lsc5ji,26
dgodfrey95,You can't buy or sell during after hours until a certain time. I can't buy or sell options at all during that time. If the price doesn't stick when the market opens it's as if it never hit that price to begin with. I'd like to see GME at $200 during market hours. That's when i consider it official.,1614297264,gorr23x,False,t3_lsc5ji,t1_gorqnrr,1
Keepitlitt,"I already assumed a total loss after GME round 1, so if I did not sell then, I definitely refuse to sell now. 💎🙌🏻

GME ROUND 2 LETS GET IT! 🚀🚀🚀🌕",1614297261,gorr1vu,False,t3_lsjqai,t3_lsjqai,2
steak_blues,"Imagine you were a time traveler. But a poor time traveler. Who didn’t have a lot of money to buy a lot of stock and only had $300 to your name. It’s mid January 2021 and you know that GME currently priced in 20s for stock will skyrocket to 300s. But again, you only have $300. So you settle for “call options” which essentially is back door gambling, think guys playing dice crouched down smoking cigarettes behind Wall St on the stocks potential future trend instead. You can’t afford many stocks at $20/stock so you’ll buy “options” instead that are $0.88/option per stock. You’re buying the option because of the very advantageous “strike price” of $60, expiring in 1 month on Feb 26, 2021 which is a fancy way of saying you are buying the privilege to buy GME stock at the price of $60/share by 2/26/21. essentially you pay the contract seller (your brokerage firm) say $300 for all these contracts (they usually lump them together as a bulk buy) which would get you a “call” on ~340 GME stocks total ($300/$0.88). So you’re owed a IOU privilege to buy 340 GME stocks at $60 anytime between now and 2/26/21. How this makes you money is if you hold the call until the stock price soars >$60, well now you’re in a position to make a buttload of money because contract seller still owes you the opportunity to buy those stocks at $60 despite the market price being ~$150. You can see how you would make the difference on this situation if you exercised your call or sold it. Again, it’s a bet in real life, but in this scenario, you knew GME would rocket and you only had $300, so this afforded you an exponential gain over what you could’ve afforded by buying just stock (roughly 15 stocks vs ~340 hypothetical stocks via options). 

Now if it’s Feb 26 and GME tanked to $40, you can see how if you exercised your calls you would be in a massive loss (you would have to buy 340 stock at $60/share vs market value at $40/share) - people therefore will let it expire out of the money (OTM) where basically the option is worthless and you lose the premium ($300) you paid to the seller. 

Understanding this let’s you see how this whole GME thing started - hedgies have millions poured into this option/put business and are approaching expirys with their options WAY OTM when GME skyrockets like this aka they’re at risk for losing millions of premium money. They want to short the stock to drive the price down to give them a chance to recoup losses or avoid them. 

EDIT: on the flip side you can also see how this situation screwed RH and how bad it could’ve gotten for them as major sellers of these options to everyday traders like us. All these people back in late Jan looking to execute on their options HUGELY in the money (ITM - opposite of OTM, market price > strike price) are owed the opportunity to do so - but most of the time, these brokerages do not actually own the stocks they are selling you options on. They would have to scramble to BUY the stocks however to provide to you at your strike price when you execute your options. So RH would have to buy GME at squozed market price $300s and then sell to you at $60 - MASSIVE losses for them + “gamma squeeze” as they have no choice but to buy at this rate which drives the price up even more. This is why they manipulated the market and had their dicks in their hands.

Hope that helped 🤷‍♀️",1614297258,gorr1oy,False,t3_lsis6p,t1_gornlti,40
Altruistic-Pirate-87,Put my life savings in gme this morning boys. Worked hard the past few years for it to be lit on fire. Time to get a job now ...,1614297254,gorr1ei,False,t3_lsgrk1,t3_lsgrk1,18
Technical-Fun-2671,"After all happened? GME, AMC and so on... ?",1614297243,gorr0n8,False,t3_lsgrk1,t1_gorqqru,0
POSITIVEVIBESONLY21,Fuck GME. I might start having my nightmares in red technicolor now! Can’t get that red off my mind and prolly need a beach vacation to drink and relax to forget all this 🤣,1614297240,gorr0gk,False,t3_ls42wu,t1_gorofre,3
R_U_Kidding_Me_68,My whole heart prayers for you!! Lost my dad just 2 years ago. Fucking hospital killed him with a bacteria after surviving massive heart surgery. The 2008 took most of his life savings. He changed after that. I will be here to stick it to those cunt Hedgies till GME is ZERO!! For my dad & yours!! Much love!! And peace of a quiet heart! 👩‍🦳🦍👉🏻❤️,1614297234,gorr01p,False,t3_lsd088,t3_lsd088,1
According_To_Me_,"I believe GME will fly tomorrow, but not if they start restricting buying again",1614297226,gorqzfn,False,t3_lsc5ji,t3_lsc5ji,25
pastureofmuppets,"If I cash out big I’ll buy in when price normalizes and put a bunch in my long term portfolio. Unless you get left holding $100+ I suspect it’s a good long term play to hold. People forget GME has a dividend as well. 

This place is not about that though.",1614297223,gorqz73,False,t3_lsc5ji,t1_gorpz1g,4
Noogz,Lost me a grand that I should have yolod into GME.,1614297220,gorqyzk,False,t3_lsgrk1,t1_gorquvr,12
kingoftwins22,Fuck I'm wishing my damn tax return would show up already. I need more GME!!,1614297218,gorqyu6,False,t3_lsk5kj,t3_lsk5kj,2
0wl-Exterminator,"Please correct me if im wrong, isn’t the entire key to the short etf theory that they are NET short on gme by shorting the etfs and buying the rest of the underlying stocks long? I dont mean to be antagonistic if you have a valid response id actually love to hear it. Also curious as to how XRT (for example) having 200% short interest squares with your statement “No one is shorting an etf to short GME.”",1614297216,gorqyo5,False,t3_lsja3r,t1_gormzyb,23
whiskeyfillsthevoid,"If blowing your rent money on GME is cool, call me miles davis",1614297216,gorqyoh,False,t3_lsc5ji,t1_gorqfw2,3
workinghormiga,"How does selling an etf affect GME? Someone ELI5 pls

Thnx",1614297216,gorqyok,False,t3_ls8dka,t3_ls8dka,1
civiksi,Brilliant man. I wish I could make shit like this. That was awesome. I'd give you an award but I'm putting all my $$ into GME. Best thing I can do for you is save it to rewatch it with my kids one day explaining how daddy drives a lamborghini,1614297212,gorqydp,False,t3_lskaxp,t3_lskaxp,31
1893Chicago,"**♫ ♬ The bots went down to WallStreetBets ♫ ♬**

**♫ ♬ They was lookin’ to make us feel ♫ ♬**

**♫ ♬ Like GME was a pretty bad stock ♫ ♬**

**♫ ♬ Instead of it bein’ a steal ♫ ♬**

**♫ ♬ Now you talk a pretty good game there bot ♫ ♬**

**♫ ♬ And I might be a baboon ♫ ♬**

**♫ ♬ I done told you once you goddamn bot ♫ ♬**

**♫ ♬  I'M HOLDING TO THE MOON!!! ♫ ♬**",1614297211,gorqyb1,False,t3_lsc5ji,t3_lsc5ji,14
AhoboThatplaysZerg,We don’t need to hold.... we need to all BUY the FUCK out of gme . And the MOASS will come. I will be buying another couple shares. Hope y’all do your part🚀🚀🚀,1614297202,gorqxof,False,t3_lsgrk1,t3_lsgrk1,13
Honest-Championship5,I bought in with my retirement and savings today at 488 shares @ 149 each on GME I hope it moons tomorrow  💎👋🚀,1614297196,gorqx9g,False,t3_lsc5ji,t3_lsc5ji,37
JeronimoPearson,Everyone that was on GME last time should know that holding will 🚀🚀 All the people in on AMC do the same. This is bigger than your $100 profit.,1614297186,gorqwj5,False,t3_lsh9vf,t3_lsh9vf,1
Prohunt,"Did fuck it when gme closes again. Just buy GMED instead lmao, if we retards can hold 1 stock why not 2?",1614297186,gorqwji,False,t3_lsgv43,t1_gorb97l,1
callme-Goodboy,"Pretty sure it says ""weekend"" discussion not ""weak hand"" discussion.
Why're people talking about selling GME??",1614383998,gowvm6k,False,t3_lt7pdk,t3_lt7pdk,0
Remote_Impression597,This confirms my bias. This makes me like the stock more! I have a crush on GME and I want the whole world to know. I want to hold gme forever,1614383990,gowvlc6,False,t3_ltagot,t1_gowno8a,224
Advanced-Watercress8,"No. I bought penny stocks with my GME winnings. So far one is down and one is up. Breaking even skewed to a small profit. 

Am confident April will deliver 4 to 5 baggers on both. We shall see.",1614383985,gowvkuk,False,t3_lsvmfs,t1_gowooq7,2
AeLyXr,GME my dude!,1614383965,gowvioh,True,t3_lt5ifm,t1_gow4qrg,2
AeLyXr,You mean GME coupons?,1614383950,gowvgzo,True,t3_lt5ifm,t1_gow48nv,1
djprice23231,Wait... so you're saying my 200$ 3/6 GME call is worthless? 😂😬,1614383924,gowvdwz,False,t3_lt7pdk,t1_gowtgch,1
jaypx21,Excuse me for my smooth brain but can one ape explain to another ape how AMC is not as volatile as GME even with the volume 4x higher ?,1614383923,gowvdw0,False,t3_lt2ay0,t3_lt2ay0,11
SniffMeHardish,"Not right now, but you think TSLA is worth it's stock price? Fuck no.

 This is the best advertising campaign I've ever witnessed. I will be telling my grandchildren about GameStop someday, the same way grandpappy talked about cracker jacks or coca cola. You sound like a fucking boomer asking about current value based on fundamentals. The market is a way to vote for which companies live and die and I don't see GME dying anytime soon now",1614383904,gowvbow,False,t3_lt2ay0,t1_gowtitw,1
DaMose_Schrute,Let's go to the moon 🌙 GME to the moon,1614383896,gowvase,False,t3_lt49gl,t3_lt49gl,3
CalamariAce,"Now would be a good time to review your share-lending settings:

[https://www.reddit.com/r/wallstreetbets/comments/l2n5wv/most\_of\_you\_are\_helping\_the\_gme\_shorts\_and\_you/](https://www.reddit.com/r/wallstreetbets/comments/l2n5wv/most_of_you_are_helping_the_gme_shorts_and_you/)",1614383889,gowv9zi,False,t3_lszyv3,t3_lszyv3,1
GeneralOCnonReposti,My wife’s boyfriend distracts her which give me more time to invest in GME,1614383886,gowv9n3,False,t3_lsvmfs,t1_gown87r,3
MailNurse,"&#x200B;

AMC doesnt have any reason to explode. it is a long hold. Period. People shouldnt be treating AMC like GME. AMC isnt even shorted 20%",1614383880,gowv8w1,False,t3_lt6uh9,t1_govoscz,1
OneRougeRogue,">Hedge funds can only bleed for so long buddy!

Yeah but there is zero evidence that these *multi-billion-dollar* hedge funds are going to be bled dry by ""next week"".  The entire market would be quaking if interest on GME was literally beating Hedge Funds to death.


>Your scepticism is really annoying! If your not an optimist then get the fuck off and stop bursting everyone else’s hopes! Some have put very little of what they had in this

I was not implying anyone should sell, I'm just saying these constant ""squeeze is coming NEXT WEEK because of *(bullshit reason)*"" posts have been happening every week since like December. 

The hard truth is the Big Squeeze will only happen when;

1). Hedge Funds say, ""fuck it, you guys win.  This interest is getting too expensive"" and close a massive amount of short positions at once, driving the price up to the moon

2).  Big Brokers say, ""yeah we don't want your free interest money anymore, we aren't going to lend you more shares so you'll have to buy real shares to close all your expiring short positions""


\#1 can be achieved by everybody holding long enough, especially since interest rates will keep going up the more demand there is to borrow shares.  

\#2 can be achieved in a lucid dream but it will be undone when you wake up and rejoin the real world.

But all this ""well we were wrong about the date the last 37 times, it's gonna happen NEXT WEEK for sure!"" posts are getting old.  It will be pretty obvious when the squeeze is about to happen.",1614383856,gowv620,False,t3_ltabyi,t1_gowpyt3,43
log-money,"None of these expired worthless, though. GME closed over $101",1614383853,gowv5qy,True,t3_ltb1bl,t1_gowuk6y,2
dragonowl1990,"this is awful trading advice, at a certain point you are better off moving that money to something else (or at least an index fund), even if you bought GME at like $400 or something.  If you are in this to make money anyway, that being said power to the players.

if GME keeps moving like this all year then sure, but if things settle down and you're still -80% get rid of it and buy something else.

definitely even more important if theres a bear market that lasts more than a couple months, almost everything will return to ATHs in a decade long bull market, but if theres any sort of lengthy bear sentiment (like a year or 2), chances are you can pick something else that will outperform it when the bulls come back.",1614383835,gowv3g0,False,t3_lt7miq,t3_lt7miq,16
bruski2021,"Ok, so...why didn't we jump on the EFT's with GME in them first? If GME rockets, that ETF is going to semi-rocket.",1614383833,gowv36t,False,t3_lt49gl,t1_govst6a,1
OMGAssaulT,"It was something about them being partnered with another company, but I can’t remember the name, it was on the GME thread from yesterday somewhere, but I guess dude from company who does rec centers and shit is also starting recreational gaming areas and mentioned they have 160 customers currently one being GameStop and about how it could be related to that if there is any news for them.",1614383824,gowv22w,False,t3_lsvmfs,t1_gowuj2e,2
RedDragons8,"Based on the figures and patterns being established, I've linked my detailed analysis's of the charts for the [last GME run up](https://i.imgur.com/tThtMmZ.jpg), and the [current one under way](https://wp.technologyreview.com/wp-content/uploads/2019/01/falconheavyflickr-7.jpg).  
Please let me know if I missed anything.",1614383817,gowv1b8,False,t3_lt2ay0,t3_lt2ay0,25
ragstorichespodcast,"Guy, downvote me to hell but... It's getting tiring to get my hopes up. Both times that GME skyrocketed were out the blue for me. Yes we knew they were shorted and it was bound to happen but no one out right said ""it will happen tomorrow"". I have 2 shares since I bought at $45 after I sold my initial 8 share @$220. I'm gonna hold these still until we hit over $1k or we are worth $1 but continuously reading to hold on or that ""tomorrow we'll hit the moon"" only to see the share price drop is disheartening. Like I said I'm still holding but this is just tiring. 

&#x200B;

Forgive my drunk rant. I'm on my laptop so pretend these are diamonds and rocks (DMND RKTS)",1614383810,gowv0ei,False,t3_lt2ay0,t3_lt2ay0,-15
BenHJ25,Broke College student anyone know is the stimulus is going out to dependents? If so I’m YOLO $1400 in $GME even if it 🚀,1614383809,gowv09w,False,t3_lt7pdk,t3_lt7pdk,4
Dumputer,"I would actually basically agree with you there. In fact, the whole notion of ""sunk cost"" is a fallacy, and it holds true with investing too. The only thing you have, is what you have. Past prices are relevant only in that a drop would on average tend to indicate a future rise.

However, if you don't set yourself guidelines, it's very easy to lose money in the market. Easier to control the chaos by just following simple rules that keep emotion out of it. ""Don't sell any position at a loss"" is the best one sentence rule I can give a newbie investor to achieve that aim. If you're desperate to get out of position, and have another position way in the green that will ""cancel"" it out, I suppose I don't really see anything wrong with that... except maybe in the case of GME, where you'd be donating to hedge funds and betraying retail investors.

If you invest in another symbol and it goes up, why not then sell it and reinvest that money in your symbol that's down, instead of closing it out at a loss?",1614383796,gowuyq7,True,t3_lt7miq,t1_gowjwq0,5
HelloImJoel,Should I keep holding GME?!?,1614383792,gowuy6s,False,t3_lt2ay0,t3_lt2ay0,20
CognitiveJay,Lmao DFV bought in dirt cheap. I love seeing retards baghold GME.,1614383777,gowuwk6,False,t3_lt79lh,t3_lt79lh,1
aprizm,Gotta love that while the guy is trying to discredit us the real two WSB stock (GME and AMC) are showing gains.,1614383765,gowuv7j,False,t3_lt6fqw,t3_lt6fqw,1
EmperorOgden,Ok. You’re definitely signed for Netflix GME Season 2: The Emperor Strikes Back.,1614383748,gowut7a,False,t3_lt7v4w,t3_lt7v4w,1
-BobDoLe-,i've already got orders queued up for more GME... as well a few hundred shares worth of limit orders... i cannot argue with you there.,1614383738,gowus43,False,t3_lt2ay0,t1_gowiczu,2
OlyBomaye,"By the way my question has a +16 score only because it has the words ""hedge funds + convince you to sell""  it should be negative based on what I'm implying. 

You think you dont have pro-GME bots in here?",1614383731,gowurfs,False,t3_lt2ay0,t1_gownlxa,1
brynleyt,Instructions unclear. I just remortgaged the house and put it all into GME and AMC,1614383727,gowur0o,False,t3_ltaa89,t3_ltaa89,1
Manb,"The paper hands (that somehow held all the way from 400 to 40) that still want out at 1K will get out.  That's only a few percent.  On the books it's showing 50% shorted float, which is probably low considering last two days trading and ETF's shorted 200% that contain GME.  The people holding higher and higher are playing the game to see when they will run out of money or the gov't will intervene.  These hedge funds are massive and the price won't just fly up so people will have time as it'll jump up 10% and get halted every time it jumps.  Considering the shorted volume and institutional shares that won't just dump 10 million shares on the open market, some large portion of retail will get to set the price to what they believe their share is worth while hedges get liquidated to fulfill their short obligations.",1614383719,gowuq72,False,t3_lt9kda,t1_gowndc6,7
Radio90805,Honestly squeeze or not if gme is valued the same as Chwy like a e-commerce stock.it would have a fair market value of 600 bucks since it makes around 6x what Chwy does and they trade at 100$. Dfv isn’t going anywhere,1614383708,gowup5a,False,t3_lt7v4w,t3_lt7v4w,2
ionmeeler,"Eh, I feel like lots probably do. Just check the gme thread.",1614383691,gowung0,False,t3_lt7pdk,t1_gowlvjf,1
Nuevex,"That's the only reason I ain't fully in on FDs - dont have the time. I've got an actual job, with an income higher than I'd ever personally make on the market. 



Not a calendar spread but just reminded me of my pain, wanna hear what I almost did Monday? Had my finger over the trigger to buy 2/26 70c and 3/12 45p for GME. Was gonna throw 5k at both.  Wouldve been up like 20k% minimum on the call alone. Was anticipating a small hype bump because of the hearing, but backed out last second.",1614383685,gowumsp,False,t3_lt7pdk,t1_gowtlrc,2
OhLookAtMeImSpecial,"Got killed on last minute SPY calls at 83c. Sold for 70% loss. Sold GME at 150 and bought 60p for 3/12, gonna buy in again at 50-60s while permaholding 100 shares.  


I hope the bull run doesn't end here, if we enter a bear market, I need a poppa bear to show me how it's done uwu",1614383661,gowukaa,False,t3_lt7pdk,t3_lt7pdk,7
Rachman_Dunivy,"I see a fellow eToro-tard

My only fear in GME next week is actually eToro breaking down after opening like it does every week on mondays... or enabling some unavoidable tom-fuckery like they did during first peak",1614383656,gowujpx,False,t3_lt9srl,t3_lt9srl,3
VeterinarianLow412,Anyone know the likelihood of a ssr on Monday. From my understanding gme would have to open 10% less than Friday close price. Alternatively if the stock drops more than 10% during the day it kicks in as well. Am I correct in this train of thought?,1614383655,gowujnr,False,t3_lt7pdk,t3_lt7pdk,1
DeadpoolE616,GME closing above 100$ and AMC closing above 8$ last minute was like clutching a 1v 6 in cod search& destroy,1614383650,gowuj4l,False,t3_lt7pdk,t3_lt7pdk,11
PatsythePolarBear,You heard about Melvin Capitol mentioning that GameStop should buy a sports gambling platform. All of a sudden Melvin CapitL is bullish on GME,1614383649,gowuj2e,False,t3_lsvmfs,t1_gowqa43,6
wannabe_country_1526," bought 5@100

Last time, GME was doing fine on Feb 1/first Monday after options expiry in Jan. Expecting push again on Monday this time too..",1614383616,gowuflc,False,t3_lt2ay0,t3_lt2ay0,-12
0liBayley,"Copied from user u/HappyBus8759 go give him some credit just wanted to spread the message. 

How the hedges hoped this would go...

For all the new GME investors who might be slightly confused about why and how the hedge funds have gotten themselves backed into this corner..

Melvin and friends decided that GameStop was a failing company, so they decided to short it's stock. They got so greedy, they decided that they would short the company by more stock than actually existed (naked short selling),  such was their confidence that GameStop was worthless. 

The very act of doing this, if it hadn't been discovered might very well have driven Gamestop into bankruptcy, with the company still being viable. 

When a company goes bankrupt, the short sellers don't haver to buy back or return the stock, so if GameStop had been driven into bankruptcy, this dirty illegal tactic they used might never have been exposed. By not having to buy the stock back, they make maximum profit on their short trade, and don't even have to pay any taxes on their profits.

Tens of thousands of people lose their jobs, homes get repossessed, suicides increase all while Melvin and his buddies eat caviar and count their ill gotten gains. It really is the devil's work what they do.

But now that the hedgie's devious ways have been exposed and shared with apes allover the world, Melvin and his friends can never drive GameStop into the ground, so they will be forced to buy back the shares at some stage. And because they were so greedy by naked short selling, now they have to buy back more shares than actually exist. They sold fake counterfeit shares, but they need to buy back real shares, the shares we own. 

So even if you only hold 1 share, they need it. They need to buy every single share that actually exists to cover their position. And that is why 1 share of GameStop is worth whatever price you're willing to sell for, even if it's $500k and above.

For the last few weeks, Melvin and friends have been using even dirtier tactics, trying to fool us all into thinking that they do not need our shares. 

Do not fall for this. They will use every psychological tactic they can to convince you to sell. Manipulating the price, turning off the buy button via RobinHood, paying media to say they have already covered etc. They are going to be using even dirtier tactics eventually, that we haven't event thought of yet.

All we need to do is hold ; nothing else, and get on with life.

&#x200B;

&#x200B;

As an Irish Ape, I will finish by sharing an Irish patriotic saying..

""*Tiocfaidh Ar La     -     Our Day will Come""*",1614383603,gowue67,False,t3_lt2ay0,t3_lt2ay0,51
peternorthstar,"Don't forget Canadian tax returns just opened for filing earlier this week, lotta Canadian's gonna get their hands on some juicy juicy liquid cash here anytime now...which you're just a retarded snow ape if you're not investing that straight away into GME",1614383585,gowuc93,False,t3_lt2ay0,t1_gowts12,3
mad_r0d,I'll believe it. I only have a certain amount of $$ to spend but I'm waiting in hopes of a next fire sale to buy more GME shares. I didn't give in to FOMO today!,1614383536,gowu6qw,False,t3_lsvmfs,t1_gows16o,5
wo1f-cola,"My average cost per share used to be $225 back when I bought my first shares in January. I bought all the way down and every more at $50. My average cost per share now is pretty close to the current price ($86). So if you buy in now you’re not paying much more than my average. My advice though is if you do decide to buy GME, you should only buy with money you’re totally willing to lose, and have your own exit strategy. 

I know I’ll sound crazy for saying this but this sub was VERY anti GME after the first price leap and crash in January. Paid shills were in here spreading all kinds of FUD. It felt like I was in a cult for being the only idiot still holding. Obviously other were holding, but there weren’t open discussions about the stock anymore. GME is a gamble IMO, and if you’re gonna get in on the action be ready for the DD to disappear and having to call your own shot. Good luck in whatever you decide. Before you put any value into my thoughts on the matter, you should know that I’m retarded and don’t know what I’m doing at all.",1614383530,gowu651,False,t3_lsvl8k,t1_gowjg77,4
TYST19,Just bought 9 shares of GME at 97 I pray it goes to at least 200,1614383529,gowu616,False,t3_lt7pdk,t3_lt7pdk,3
Jetset_ash,"Let me start by saying, I appreciate your question. 
But I ain’t freaken answering it.

I like this stock but we love DFV! GME 💎👐🏼",1614383528,gowu5us,False,t3_lt7v4w,t3_lt7v4w,1
SkyTraderStocks,Trends are trends. Eventually they die! Just like GME will! Bankrupt!,1614383528,gowu5xf,True,t3_ltb4sn,t1_gowtk8o,1
lotrmemescallsforaid,I love how any dissenting opinion means you're a bOt or a sHiLL now.  I wish hedgies would pay me to talk shit about GME.  I already do it for free anyway.,1614383515,gowu4gs,False,t3_lt7pdk,t1_gowrdip,6
hammydwnjizzblanket,No I do t have any gme. Every time I think I should I just can’t justify it. Might keep going but I don’t like to gamble that much.,1614383510,gowu3xz,False,t3_lt7pdk,t1_gowtq5q,1
bevespi,"As an attending who wasn’t looking at Reddit to know all of this GME shit was going on earlier this year, I have FOMO. But, my advice, is if there is anyway you can play this to cover your school costs, cash the fuck out and run. +1 if you can somehow squeeze out a mortgage from it as well. ;)",1614383506,gowu3iq,False,t3_lt0qct,t3_lt0qct,2
jfwelll,Youre litteraly on the gme thread.,1614383502,gowu2zt,False,t3_lt2ay0,t1_gowr7og,3
ecto88mph,"Depends on what happens.

Three positive scenario:

The recovery play - covid crisis ends, everyone wants to go out and do group events and entertainment venues see a huge boon.  $25-30 range based on historical highs.

Amazon acquisition - AMC is purchased by a large company and our shares get cashed out.  This happened with whole foods and I think people received $30 a share.

The big squeeze - a true wild card and very hard to predict a peak.  Based on GME and other squeeze it could go as high as 1k or higher? But this is not a for sure thing and who knows.  

Best of luck to you!",1614383501,gowu2yb,False,t3_lt7358,t1_gow9vx3,9
oXyounceXo,It is very obvious that there are NO MORE paper hands in GME.... They are bots trying to spread FUD.... Get fucked Melvin boys 🤣🚀🚀🚀🚀💎✋💎✋,1614383475,gowtzxc,False,t3_lt2ay0,t3_lt2ay0,39
Original_Martian,"Mr. Gill has no influence over my investment decision, never has never will, I just like the $GME stock.",1614383457,gowtxyn,False,t3_ltaa89,t3_ltaa89,1
hipster3000,It might be I truly have no idea where you got that number so I'll assume it's right but I think that number probably has the by back yield included in it and also And I doubt I'd they are buying back their stocks on it's way to 1000. Also I think thats probably the annual not quarterly yield  so it would have to stay at 1000 for a whole year to get $100 a share assuming they paid out 10% but anyways typically companies don't pay out dividends as a function of the  the stock price. Rather they try to increase it continually by a certain percentage each quarter. And from what I can tell  gme didn't pay out a dividend for the last 3 quarters,1614383435,gowtvex,False,t3_lt2ay0,t1_gowpn61,1
TheAutumnProphet,"If you search his posts, I believe he opened the position (aka purchased the call options) in July 2019. At the time, his cash outlay (or what you refer to as capital) was $10,000. 

500 options contracts x 100 common shares per contract x $0.20 (the price of the contract back then) = $10,000 

The reason he was able to purchase the options so cheaply is because they were way out of the money at the time. $GME shares were only around $5 back then iirc.",1614383425,gowtuag,False,t3_lt7v4w,t1_gowslez,12
MultiEvents,"Well...what happened today. Based on not closing higher than yesterday along with less volume compared to yesterday, it seems interest in GME has once again died down. We are headed back down...Fudge!",1614383412,gowtsnr,False,t3_lt2ay0,t3_lt2ay0,-48
Sweatingtoomuch,I’m holding shares on GME but that was a dumb ass assumption lol,1614383396,gowtqtd,False,t3_lt7pdk,t1_gows3ss,2
CommieTheCapitalist,"Nah. If other ppl make money, I'm happy for them. I just don't see it happening with GME. And frankly, I think we should move on to other meme stocks. 

If it does explode, then well done and y'all deserve the gains.",1614383380,gowtozy,False,t3_lt7pdk,t1_gowt3le,9
throwaway8769910,"Bullish asf but man sounds like he just learned how to read yesterday. 

GME > AMC",1614383378,gowtou1,False,t3_lsx62x,t3_lsx62x,1
cornhole6969,Imagine not having GME puts and making free money,1614383369,gowtnoo,False,t3_lt7pdk,t3_lt7pdk,4
mahmutrs3,"55 shares of GME for sale @ 69,420 each
Serious buyers only
Must have ape license to operate",1614383331,gowtj9x,False,t3_lt2ay0,t3_lt2ay0,16
DialPlumeria,Who would waste hard earned time to just go around bashing GME? People that are bought my Melivin,1614383312,gowth3n,False,t3_lt7pdk,t1_gows3ss,0
hammydwnjizzblanket,"Cults an interesting phenomenon. I posted on the gme thread today telling people to sell, just to mess with them. I got 70 downvotes in less that a minute and people were replying with totally unhinged comments. It was hilarious but I deleted because it was annoying.",1614383305,gowtgch,False,t3_lt7pdk,t3_lt7pdk,11
AlternativePomelo547,Palantir. Big tech. Lots of tendies. Projection over $100 in the next two years. Slow and steady win. Company owners that have been with the company since 2006 are finally cashing out part of their shares. News jumps on anything remotely dramatic and makes it a bigger deal than it is. Stonk go down. Clearance prices. Big tendies 2022 is the year of big tendies. Plop some of that GME gainz and watch it float up up and away. No rocket ship but a nice hot air balloon 🎈,1614383294,gowtf6z,False,t3_lt4qd6,t1_gov62hh,8
EnderSword,"I know 'Gamma Squeeze' again is a thing you heard so you're repeating it like everyone else.

Do you know the Gamma of GME options right now? Would you be surprised to learn they're about 0.008? That Apple's is 0.12? Amazon's is 0.13? 
How is a gamma Squeeze going to work when it's that low? Doesn't make any sense. 

Why does it 'Seem that way' that MM's are on the hook...what makes it 'seem that way?' again outside of just repeating things other people are repeating, is there some reason you'd think that Market Makers have abandoned their 300 year old strategy and taken a speculative side on a meme stock?",1614383287,gowtefx,False,t3_lt6qw1,t1_gowppkv,1
antenonjohs,Thought I was above y’all until I didn’t cut my yolo GME position the first time and went from up $35000 to $3400 on it. Then chased losses this week and went from $12400 to $5800.,1614383261,gowtblp,True,t3_ltayf0,t1_gowsskn,4
Ddubs35,"I feel you man, I think it’s been tough on a lot of us. 
Just imagine how confident you are going to feel when GME spikes and that negative turns into a fat check. You won’t think twice about your hair.
Just like I know GME is going to come roaring back, I feel the same way about the comeback your hairline will make",1614383241,gowt9ip,False,t3_lt7pdk,t1_gowrtwr,5
durrrr___,"Fuck me my platinum is gone, time to buy some GME so I can get free platinum.

This is the way",1614383234,gowt8si,False,t3_lt7pdk,t3_lt7pdk,9
hell-mitc,Its almost like if they shut down gme and amc they'd have to actually investigate it. Doubt that will happen or fraud might actually be exposed.,1614383223,gowt7qm,False,t3_ltb4nr,t3_ltb4nr,1
DeepBuddy5,🤡🤡🤡🤡🤡 ALL GME holders say next week... not going over $205. Sorry,1614383210,gowt6cj,False,t3_ltazef,t3_ltazef,-20
doscillating_bass,"I think GME with the volatility and media coverage is an amazing stock to swing trade, holding when its lost all value of the orginal investment is smart but even when it's up and you know it's dropping is just stupid. Play the market, WSB controls sediment not the market. We had large heggies and investors on our side this week.  There is still opportunity in GME and value long-term if they're able to realize their strategy. 

In short: you do you",1614383143,gowsz8e,False,t3_lt7pdk,t1_gowrgn9,3
Jgp_p1,"Upvote

Hold GME",1614383126,gowsxbl,False,t3_lt2ay0,t3_lt2ay0,46
fukilliteratelibs,people seriously don’t learn I swear to god if they ban option trading bc of amc and gme im killing myself,1614383114,gowsvyl,False,t3_lt7pdk,t3_lt7pdk,17
Stan_Laurel1,"I’m not sure what I should respond to that. Anyway, let’s just make sure to take $GME to the moon. I don’t want to argue today.",1614383113,gowsvr5,True,t3_lt9cx2,t1_gowsjfe,1
DatBoiye,If GME hits $1000 I will film a documentary about DFV,1614383112,gowsvow,False,t3_lt7v4w,t3_lt7v4w,2
BobbysSmile,"I think the hostility because the post is still in New.  Lots of funky stuff happening to new posts lately.  
I for one think you did well lowering the average cost.  I still think GME has legs.  Not the $100k per share target everyone is sperging over but still pretty good upside.",1614383106,gowsuwm,False,t3_lta6g8,t1_gowka2c,2
Seaniton,Is gme on ssr on monday?,1614383106,gowsuyq,False,t3_lt2ay0,t3_lt2ay0,7
10-0011-10-101,"IF HE'S STILL IN ME, IM STILL IN gME",1614383088,gowsstd,False,t3_lt7v4w,t1_gowowjw,3
Walk_About7,"Good points. I was just trying to talk about these gamma squeezes. Like mentioned below, they aren't fully effective unless people actually exercise the contracts, which most people won't do, and that's totally their call. I do too believe $1000+ aren't memes, the IBKR guy said that's exactly what was about to happen during the First GME War. But like you said people who want/need to sell for whatever reason will play a big factor in GME or any other stock. The human factor is impossible to account for. And the hedgies playing by their own rules will also be something we can never account for.

Heres to hoping for the best. Cheers",1614383081,gowss3v,False,t3_lt2ay0,t1_gowrb3a,1
BladedD,"There's a difference between a gamma squeeze and a short squeeze. Gamma squeeze is triggered by options play, which happened a few times to GME now. But the real squeeze has never happened",1614383023,gowslrn,False,t3_ltagot,t1_gowosl4,6
poplouis,"I think I just saw a path. I have been hitting the gym at red days and also to get some ""gains"". Is this a sign for gains in GME ![gif](emote|free_emotes_pack|flip_out)",1614383015,gowskx5,False,t3_lt2ay0,t3_lt2ay0,20
[deleted],"Started buying GME Thursday, yeah I know I’m retarded. Got my 14 measly shares and holding.",1614383013,gowskrg,False,t3_lt2ay0,t3_lt2ay0,27
[deleted],"Are you mad because you're not making money on gme swings and just trying to rain on everyone's parade?

Or are you genuinely retarded and don't understand what's going on?",1614382994,gowsiig,False,t3_lt7pdk,t1_gowqsj2,-2
g4_analytics,I hear you man.  I went big into BB because I couldn't buy AMC or GME because of restrictions and wanted to feel included.  It's definitely been a heavy burden lol,1614382993,gowsifc,False,t3_lt421e,t1_gov3c9o,6
stereotyyp,"I'm simple man - I see $GME, I click and buy",1614382991,gowsi63,False,t3_lt9vfo,t3_lt9vfo,2
CrunchGD,It's funny because I have yet to see a halt on gme when it dropped 10% in less than 10 mins,1614382979,gowsgs4,False,t3_ltagot,t1_gowrlw4,-8
jfwelll,Gtfo hater.  Why go in the gme thread to bitch on gme shareholders... you must be one sad human being,1614382969,gowsflg,False,t3_lt2ay0,t1_gows6mk,14
StonedTurtle420710,"This for GME, yes?",1614382961,gowsem5,False,t3_lt49gl,t3_lt49gl,3
[deleted],"Keep buying with those diamond hands!!!!Run GME up to the moon!  oh when it's sliding back down to $4, be sure to buy puts...",1614382936,gowsbpy,False,t3_lt2ay0,t3_lt2ay0,-11
TheAutumnProphet,"The screenshot shows two different securities: shares of $GME  common stock, and Apr 2021 calls. Each of those securities has a different price. Hence, two different prices.",1614382933,gowsbad,False,t3_lt7v4w,t1_gowkykj,2
kdnzindahouse,You realize this was the exact same reasoning given in Jan before GME cratered...,1614382925,gowsaez,False,t3_lt2ay0,t1_gows1as,11
Doge-to-Dollar,GME 🚀🚀🚀🚀🌙,1614382921,gows9vw,False,t3_lt7zhz,t1_gowbj76,1
Blackjew12,"LOL, 

SEC halts trading on certain stocks.

GME and AMC? Nowhere to be found",1614382919,gows9mx,False,t3_lt7pdk,t3_lt7pdk,0
ziggy_rose,"Well I don’t know about the liquidity thing well enough to speak on that. But in a normal stock, more buyers and the price goes up. More sellers, the price goes down. GME has farrrrr far strayed from being a normal stock, it has a lot of manipulation and tricks being played that we try to figure out. There’s naked shares/ladder attacks/freezing the markets/buying walls/etc. But it’s true that it’s not about buying more to make the squeeze happen. No lil guy can do that just whales with massive cashflow, and even then, the manipulation pushes the charts back down. Buying is just for strengthening your own position at this point in time. So u make more diamonds. 

And holding is the true key, as to not sell ur shares at too low of a price to help out the Hedge Funds that need ur shares back. 

Not financial advice, just ape monkey helping fellow ape eat some crayons 🚀🚀🚀

Edit: one more thing, don’t spend what you can’t afford to lose. And you can hold all the way thru, or sell to cover ur start up money. Personally I’m not selling to cover my capital investment until we hit at least $1000.",1614382919,gows9pp,False,t3_lt2ay0,t1_gowqka0,2
HelloImJoel,Thinking about purchasing GME with my next paycheck. Is it a good idea?,1614382915,gows93s,False,t3_lt2ay0,t3_lt2ay0,31
youngheezy44,It’s house money from round 1 on GME,1614382894,gows6fs,False,t3_lt2ay0,t1_gowrn5o,4
vonbarge101,I was inspired by you smooth brained autists. Tracking GME since $16. I bought in at $100 today just to see what happens. My ticket to Valhalla. 💎,1614382890,gows5wu,False,t3_lt2ay0,t3_lt2ay0,22
seattle_exile,"GME, for one.",1614382890,gows5za,False,t3_lt7pdk,t1_gowrymf,5
Sugardevil27,"This should be shared in every GME thread!  

https://iborrowdesk.com/report/GME

“50,000 more shorts just entered the market! This dip is artificial. That's what we've been dealing with the last 30 minutes.

Was even worse a few days ago. 400,000 shorts entered trying to keep it below $50. We held the line which resulted in a ride from $50-$191 over the next few hours

Edit:

100,000 now.. they're taking advantage of this low volume over lunch hour to induce panic selling. Fucking pieces of shit. They can't have this close above $100 and as of now they're winning.

Edit 2:

150,000

Edit 3:

200,000 2:45 PM

Edit 4:

250,000 3:00 PM

Edit 5:

Ladies and gentlemen, we boutta go parabolic 😎

Edit 6:

Check out level II sell data. They aren't even trying to hide it anymore.”",1614382885,gows5bw,False,t3_lt7v4w,t3_lt7v4w,6
bandrews091,If you believe any of the asshats saying we are screwed in GME... Just assume they are one of the hedgies tryin to get people to sell for his own benefit. Fuck you hedgies. Apes got a pack mentality and we will hold hold hold.,1614382872,gows3ss,False,t3_lt7pdk,t3_lt7pdk,11
Nashtark,"Mutual fund ownership of the GME stock is 3291% while institutional fund ownership is at 112% with a float of 77.6%.

Ha ha",1614382864,gows2w7,False,t3_ltagot,t3_ltagot,16
Drew_Woodruff,"Plan to throw some money at Golf stocks. Golfing is one of the only sports unaffected by covid and a steady growth in popularity in the NBA scene. You can play upwards into your 90s. Most sports die when you turn 18. In my weekly golfing group, I play with a highschool varsity student and he said there were 3x the number of tryouts for this year. If gme moons, we all become golfers. If it doesn't, the hedge funds will still be golfers. Win win",1614470386,gp3lmfj,False,t3_ltzrbg,t3_ltzrbg,54
csr8765,"https://m.youtube.com/watch?v=uuVgvab1gSg

Solid DD video on GME I came across",1614470351,gp3lk9q,False,t3_lsvmfs,t3_lsvmfs,2
JackThaBlumpkinKing,It was a joke. Market's closed on Saturday so a million dollars worth of GME on a Saturday is 0 shares.,1614470318,gp3li4j,False,t3_lt2ay0,t1_gp1g86i,1
market-unmaker,"I want to short GME, so I borrow a share from the market, and sell it immediately. I owe my broker a share.

You want to short GME, so you borrow a share from the market, and sell it immediately. You owe your broker a share.

Except you borrowed the same share I’d sold back. One share exists, and two are shorted. We now have a short interest ratio of 2.0 without any fictional shares having to be created.

We don’t *need* naked short selling to have a short interest ratio above 1.0, nor do we need it for a short squeeze to exist. It may well have happened here, but the mere existence of a short interest ratio above 1.0 is not evidence.",1614470293,gp3lgit,False,t3_ltpnrj,t3_ltpnrj,1
chrisdub84,"Even if this never truly takes off, if it just keeps falling back to 40ish and then doubling or quadrupling every few weeks based on hype/shorts/people thinking they saw gme in the news and feeling fomo or whatever it is...there are gains to be had from the volatility. Man if it drops back to 40-60 again I'm likely to just buy more and buckle up for another ride. I think it's more likely it spikes again than the company goes under, and if nothing else it's looking like a good long term value buy.",1614470289,gp3lgb4,False,t3_ltpnrj,t3_ltpnrj,1
sorengard123,I [posted](https://www.reddit.com/r/wallstreetbets/comments/l97ykd/the_real_reason_wall_street_is_terrified_of_the/glgp95o?utm_source=share&utm_medium=web2x&context=3) about TD shutting down GME trading and got significant pushback.,1614470238,gp3ld1m,False,t3_ltuu37,t1_gp2ps2j,0
Canadianpainter59,AMC is not shorted so no movement there.  When the theatres re-open then there will be significant movement.  Buy low and wait it is coming.  I am all in on GME though if that goes that's where the $ are but losses will be the same.  Not that it matters cause I'm not selling!!!!,1614470214,gp3lblb,False,t3_ltudj3,t1_gp2c86p,3
lolfunctionspace,"https://imgur.com/B9Jgmur.jpg

First, look for huge open interest. Where open interest * 100 is some substantial fraction of the free float.

Then, google ""NOPE options model"". Run the calculation on the options chain but ignore the volume part, and this will give you approximately how much delta, which when multiplied by 100 gives you how many shares the options market makers either own, or have sold short if delta is negative or positive. 

Thursday at 11:00 am, the net delta of the options market for 2/26 expiry was 75,000. If most options are properly hedged, then MM's must have owned 7.5 million shares at that time. All of them had to be sold by close at 2/26. A lot of them were sold intraday friday from call option holders taking profits.

I'll let you run NOPE on March 5. I will say, it appears to have been *remarkably* directionally predictive on GME stock, and it has other effects related to gamma/trendiness that I've posted about before.",1614470212,gp3lbgb,False,t3_ltcdf5,t1_gp36dn4,2
InevitableAmbition,"Anyone buying in to GME at current price is being silly, because we will likely see a correction to $50 or lower. 

Comparisons to last round are pointless. Immediate gamma squeeze potential was priced in Wednesday. There are no catalysts. Just look at the concurrent online user counter here in WSB. It’s a fraction of the growth that happened during the Big Squeeze. Remember also that the people shorting GameStop back then had purchased at really low prices, so were historically underwater and more prone to being forced to pony up. By degree, the present is much lighter. 

I think price will continue to descend this week while awaiting catalysts. However, I do believe GME can exceed $100 on its own legs in the coming years If Cohen is successful, so take the gamble if you want. I know nothing about Sundial.",1614470201,gp3larl,False,t3_lt7pdk,t1_gp3kpvr,2
VerdaXucK,"If $GME was a woman, ID TOTALLY PEE IN HER BUTT!!!!!",1614470185,gp3l9sr,False,t3_lt7pdk,t3_lt7pdk,-8
Kneckbeerd,I can assure you no one here cares about dated or acceptable. Retard has such an amazing ring to it. Been called a retard since I was 5 and wouldn't trade it for even a share of GME,1614470184,gp3l9qg,False,t3_lu05w7,t1_gp3kqeb,5
DaddyGogurt,I know this is a really dumb question but should I buy a GME stock at the current price of $99? I can only afford 1 but I want to be retarded and ask my wife’s boyfriend if he can scoot over,1614470181,gp3l9ia,False,t3_ltnnun,t3_ltnnun,-1
No-Radish-3556,Purchased 10 more GME stonk AH,1614470173,gp3l923,False,t3_lt7pdk,t3_lt7pdk,9
alwaysin64,This has more story than we all talk about $gme,1614470158,gp3l844,False,t3_ltrc2w,t3_ltrc2w,1
MoneyComesToMeEasily,"Why wouldn’t you go all in on GME?
Ape is very confused.",1614470154,gp3l7uu,False,t3_lu0f05,t3_lu0f05,27
alltannat,So pretty much if this is true it's time to day trade GME. Every day. All day. Yeah I can do that.,1614470150,gp3l7kf,False,t3_ltpa27,t3_ltpa27,1
[deleted],And we haven’t landed yet. I’d say that scene is more representative of the GME haters who think spike #1 was the squeeze.,1614470150,gp3l7kl,False,t3_lu0d59,t1_gp3kmyq,24
Baxxb,Least Of all GME. AMC is just a distraction to dilute the GME pool.,1614470140,gp3l6yt,False,t3_lt7pdk,t1_gp3kusf,3
WhatnotSoforth,"I’m buying one of the safest stocks on the market: GME. It’s a leading VIX indicator causing the most pressure on the market, and it’s inflating... It’s going up. It’s not going down. I don’t know how fast it’s going up, but everyone can see it happening, right? You folks do have eyes? 

I’m up, I’ve taken a little profit from this 🍋and now I’m squeezing. And them I eat it like your moms pussy. Go eat your tendies and play your roblox. If I catch you jerkin off to anime again imma use a belt on your ass. 

And when I’m done fucking your mom, I’m squeezing this lemon and the rest of these lemons into one giant diamond under the gigaton nuclear blast of GameStop. 

Can’t stop. Won’t stop. GameStonk makes my eggplant go brrr. I’m picky and I don’t like to eat crayons I like to eat paste and cardboard. 🍦",1614470138,gp3l6sq,False,t3_lu0ase,t3_lu0ase,81
leadfoot100,"To be fair, the last “whole month” we had was just like trying to time the dips and peaks. It’s impossible to tell when gme was going to move again. I was afraid to move everything myself, so I ended up opening fidelity and tda accounts so I could play with them both a bit before making the transfer to one. 
Ended up just moving cash over to both. Still don’t know what I like better.",1614470132,gp3l6fj,False,t3_ltxv73,t1_gp37eg3,15
dadjeans7,Straight to gme baby,1614470104,gp3l4la,False,t3_ltpjjz,t3_ltpjjz,1
bishwtfum,i cry a little bit every time i check gme after hrs,1614470081,gp3l349,False,t3_lt7pdk,t3_lt7pdk,2
drrdoo,It seems that GME has no stock expiration date on eToro. I assume this is because on eToro you buy the underlying asset?,1614470077,gp3l2vg,False,t3_ltzb4d,t3_ltzb4d,1
WhichTreacle8504,Who is holding strong on GME for this coming week,1614470056,gp3l1j6,False,t3_lt7pdk,t3_lt7pdk,21
loveNthundermifflin,Learn to invest in GME or something,1614470050,gp3l16y,False,t3_lu0f05,t1_gp3kunz,11
MommyTHEdaytrader,Ignore these troll comments - same handful of trolls on all GME posts. This thing is only going up next week - the real diamond hands are in this round 💎 I’ve got 799 shares @ at avg cost of 112 and I’m fucking holding / averaging down ALL week.,1614470048,gp3l10v,False,t3_lu00cm,t3_lu00cm,9
connsack,"Ideally I would like to sell no lower than $200, if it never passes, I will sell at the end of the year and take the loss as tax credit. I think we will see meme stocks jump significantly again, if/when stimulus is passed again. If GME passes $250, I plan to sell in clusters to hedge against another crash and minimize my loss.",1614470031,gp3kzzw,True,t3_ltod8r,t1_gp1wezy,1
CreepingFog,Lmao what? That would put GME at a 7 trillion dollar market cap,1614469996,gp3kxsj,False,t3_ltpnrj,t1_gp2etji,0
Bcron,"Yes, so buy 100 shares of GME @ 10000, write a 5.00 covered call, grab a net credit of 9500, max risk 500.

Essentially hitting the ask with 100 volume and only risking 500.


But, there's a chance somehow you don't get assigned, in which case they don't take the hundred shares.  So you have the 9500 credit, and the 100 shares, essentially landing you 100 shares for 500 bucks.

10000 out, 9500 right back in, 500 MIA until the contract is exercised and the 100 shares are called away... But if the shares aren't called away, you have 500 MIA and you keep the 100 shares.  That's what I mean.  It's so stupid and so low-risk that I'm gonna try",1614469977,gp3kwnp,False,t3_ltzb4d,t1_gp3kcjx,0
StephenElliott,Not even gme / amc !?,1614469947,gp3kusf,False,t3_lt7pdk,t1_gp3k45l,1
lazy_herodotus,"If you believe that Melvin and co. are offloading their external shares to short GME, buy those at a cheaper price. If Melvin does win, they might buy back the stock they just sold. If or when that stock rises, sell the peak for tendies.

I am not a financial services professional. I have no idea what I'm even doing with my own life let alone yours.",1614469896,gp3krin,False,t3_ltt17r,t3_ltt17r,-2
omnicrvpt,Should have gone gme but good luck hope to see you on the moon,1614469895,gp3krh5,False,t3_lu0f05,t3_lu0f05,-6
GR8NBED11,Should just get a 100 dollar bill tatted on his PP so he can see his money grow like GME🍻💸📈,1614469892,gp3krag,False,t3_lts1ak,t1_gp3jxr1,2
ScreenWaste5445,"Make 0 mistake, this is exactly how Tesla got into sp500--to give the system endless boomer retirement money to get out of their short trade. This is also how the Tesla split happened. 

Imho, Musk knew there were counterfeit shares of Tesla out there being shorted to take retail money, and must have had proof, because otherwise, when he said he secured funding to go private (and lied), he would have went to jail. Whatever proof he had on the SEC (I suspect he rounded up enough stock holding whales to prove they owned all available stock), was enough for him to scare the bejesus out of those synthetic shorters when he said they secured private funding. If retail could somehow figure out a way to prove we own ALL gme shares (which I know without a doubt we do--this thing has worldwide attention with 50M float shares, really, u don't think 5M people hold on average 10 shares?!), we would win like tesla. MOD request: while we hodl and buy more shares, please help figure out a way to prove we own more than 70M shares, because I KNOW in my heart we do.",1614469863,gp3kpiy,False,t3_ltudu7,t1_gp2zg62,49
happy_Patience_786,When GME reach even 300?,1614469856,gp3kp3t,False,t3_lts1ak,t3_lts1ak,0
undergraduateproject,"My nerves highkey frayed for Monday and GME and I’m not even gambling more than 10% of my portfolio. 

I really need to stop this shit",1614469840,gp3ko3c,False,t3_lt7pdk,t3_lt7pdk,9
gemsnthings,"I want to go in on leaps so bad, but I ain’t fuckin around with them until this GME nonsense goes away",1614469824,gp3kn4o,False,t3_lt7pdk,t3_lt7pdk,8
animaltree,Anyone getting lawyer ads on ig for getting fucked by robinhood from first gme spike ??,1614469801,gp3klr0,False,t3_ltu3dc,t3_ltu3dc,-1
anon17g,"The amount of volume vs float is what hasn’t made sense to me since the big January move. What’s stopping hedge funds from exercising ITM calls (at 2x their short position) at a strike well below market thereby covering their short and taking a long position? In this scenario, the market makers in Chicago would be the ones scrambling to find shares to deliver, not the hedges. Anyone have thoughts on this possibility or is my brain as smooth as a marble?

My position: 500 shares of GME, holding till valhalla",1614469798,gp3klk1,False,t3_ltt17r,t3_ltt17r,7
JackOfAllTradezs,"I’m going to assume that since the first spike on GME happened late January, and the second one in late February, that late March could be the timing of the next one especially with earnings coming",1614469789,gp3kl0g,False,t3_lt7pdk,t3_lt7pdk,6
Im_A_MechanicalMan,"GME hype purveyors bring false hope to people who are blindly buying into the hype, and in turn are a hurt more than a help to the sub.  Like a drug dealer.  They befriend the junkies who are hooked on the poison they're selling in order to profit off of them.  In reality they're just killing them slowly.  Financially at least.   They're no friend but a friendly enemy.

I'm sure it will go up eventually and stay up if the new team and board are successful.  But there are people making 'DD' claiming the share price should be valued between 800 and 2000 dollars per share.   And that's bogus.

We used to have DD where people took time to explain risky, but reasonable plays.  Not just reheat the same GME bullet points over and over for extra karma points.  I miss those days. 

I wish the mods would finally do their jobs and funnel it all into a single thread, instead of letting them reheat more fake DD posts.  We've had plenty of GME DD in the past 6 months.  Even if it soars to new levels, it's time to let new DD shine.",1614469769,gp3kjs1,False,t3_lsveu7,t3_lsveu7,9
AGI_69,"You think GME is moving the market ? Holy shit, that is almost as crazy as the other guy claiming his AI predicted GME share at 130k.",1614469759,gp3kj3q,False,t3_lteecj,t1_goxhzre,1
dv_oc871,"anyone noticed any account spamming the words : GME,Smoothbrains,Apes,short ladder,squeeze,gamma squeeze and the gorilla emoji literally xannot be over 30 days old? Most of them are identical 28 days old...",1614469737,gp3khs1,False,t3_lt7pdk,t3_lt7pdk,10
Cool-Horse4281,"Bruh do not buy GME with your inheritance check.
Buy PLTR, it's at a great price right now. GME gonna burn ya.",1614469731,gp3kheh,False,t3_ltr78b,t1_gp1fzio,-5
Hyperjeesus,"I know that, it is 30% i'd have to save for a next years tax. And ofc invest that amount for nice stonks like gme to gain that 30% and then do it next year again. :)

edit: at least in my country, tax for capital income is 30% and im too lazy to find ways to cut taxes. I want to keep it simple.",1614469714,gp3kgcl,False,t3_lsvmfs,t1_gotvobn,1
Fallen_Walrus,"Gme wouldn't want it any other way, just like the ol halo 3 days now pass the gamer fuel",1614469704,gp3kfq1,False,t3_ltpjjz,t1_gp0vtb4,1
PandorasKeyboard,Made this in the earlier stages of the $GME battle. Got a couple of sequels planned out if you apes like this.,1614469696,gp3kf9w,True,t3_lu0bqh,t3_lu0bqh,33
colossus127,">colossus127 commented on GME Me

At one point the stock will go up, but then at another, it may go down.",1614469685,gp3kejl,False,t3_lt2ay0,t1_gp332am,12
ImAMaaanlet,Gme ded bro,1614469682,gp3kedt,False,t3_lt7pdk,t1_gp3ju39,-5
[deleted],"*""Edit2: 8.01 for AMC and 101.34 for GME at close. While above 8 I don't really think it matters when it's that close""*

Okay dummy. Don't make silly statements when you don't understand this stuff.",1614469657,gp3kcvp,False,t3_lt421e,t1_govui2w,1
schizoballistic,Why doesn't the government just give gme shares to every American??? They would make everyone millionaires...wtf is their problem???,1614469652,gp3kcjp,False,t3_ltpjjz,t3_ltpjjz,1
S_T_Nosmot,I'm going to invest in RH because I fucking hate GME apes. You want to see a real counter movement?,1614469607,gp3k9q2,False,t3_ltdxzb,t3_ltdxzb,1
Pomany,"If anyone made money from GME the last time I can assure you it was the hedgefunds. They shorted us into fucking oblivion man. If you want to recoup losses after being squeezed just short it when its on the top lol, in fact you can short it all the way to the top and all the way down If thats how you wanna play it.",1614469597,gp3k95l,False,t3_ltzsrp,t1_gp3j1zt,12
oargu009,Gme,1614469569,gp3k7f7,False,t3_lt7pdk,t1_gp3jg0q,1
BarackOsaamaa,Instead of buying Into GME buy into AMC boys and girls don’t make a $20 profit make a $20000 with amc GME already had its squeeze don’t be dumb by listening to these GME dudes that are losing money it’s too late but not for AMC!!!,1614469509,gp3k3og,False,t3_ltm9gp,t3_ltm9gp,-4
MoistPossum,"Exactly. This is a smooth move by some really pissed off millionaires who want us to dump AMC so they can make their moves and get back some of what they've lost on GME. And AMC has the strength to handle that short storm and get back to business as usual, so they have no problem dropping news like this and having it pushed in our faces.",1614469497,gp3k2xk,False,t3_ltp3p1,t1_gp0dvtu,1
Scatamarano89,"I knew he started with 50k and assumed it was his whole portfolio, knowing he had much more in other assets makes his GME play even more solid from a risk/reward prespective. 
That being said i went from EUR 8k to about 30k in the span of 5 months myself, so i know it's doable! Especially if you have the luck to enter when the market is on easy mode, make big bucks, and then play the safeish game.",1614469496,gp3k2uv,False,t3_lth0io,t1_gp0oijc,1
daehdaed,"That is a great analogy. Move the decimal the other way, and that's where I am at. Trying to parlay some gains into a $900 nissan xterra that needs a clutch, and the windows don't work. I can fix that, and when Biden sends us some money, I will sell the truck to a smooth brain, and buy more $Gme.",1614469479,gp3k1re,False,t3_ltuu37,t1_gp31rke,3
skiskydiver37,"I actually like all this bullshit, keeps my attention on GME and I’m not bored or FUD. Victory will taste better than a crayon because we held the line. Even if we lose, we did the best we could & by the rules. It’s my money and I can do with it as I want. Great DD here and the shills give me more drive to buy & hold",1614469464,gp3k0va,False,t3_lty1na,t1_gp329g1,147
Nashtark,"I cannot tell you what will be the effect. 

I keep researching the stocks mentionned on this sub and most of them have a mutual fund ownership between 1000% and 3200%. AAPL and BB being the only exceptions so far while PLTR is only at 182%...

GME being the highest I found.",1614469462,gp3k0ro,False,t3_ltxcnv,t1_gp3jkcb,2
C4242,What happened to the gme thread? And what happened to that exhaustive DD post with over 400 awards that was posted a few hours ago?,1614469414,gp3jxrh,False,t3_lt7pdk,t3_lt7pdk,8
BrunoCantona,Buying more gme on Monday as a hedge for 19/3,1614469413,gp3jxor,False,t3_lteecj,t3_lteecj,1
but-this-one-is-mine,"GME will cause a market crash coinciding with the March lows of exactly a year ago
And those that bought the dip last year will be cashing out with long term tax gains
Followed by another K recovery from all you monkeys buying the dip",1614469355,gp3ju39,False,t3_lt7pdk,t3_lt7pdk,10
Mysterious_Error_852,"Lmao... I’m also an accountant, and simply not reading this bc idc what it says... I know it’s accurate. Ive self employed and neglected my job for the past two weeks until I figured it out. So I’ve already bought my gme.. and bit stuff and will wait patiently... 

But to explain why this is right... other hedge funds that don’t operate as HF and a MM will be fucked in the end. The MMs gain what the HFs lose. So that is why they are not backing down and continuing to further short the stock. Citadel bailed out Melvin capital for a reason.. and they both lied about closing their positions. This are digging themselves into this hole. Not us. If you buy, you better be buying to hold. If not, we don’t need you. Go buy puts on any other stock.... you’ll make easy money that way.",1614469319,gp3jrs7,False,t3_ltpnrj,t3_ltpnrj,1
[deleted],"Just to understand WSB; are all of you strictly trying to make massive money off of stocks as fast as possible? In other words, you’re gambling with stocks with high volatility rather than banking on something like Apple, which probably doesn’t have crazy growth potential anymore, but nonetheless, could double as it did the past year, and at worst, wouldn’t drop too much. 

I mean, I’m 100% for hurting hedge funds and billionaires who have unlimited resources to manipulate the market and reduce their risk, but as someone whom has no stocks and has never invested, I’m just curious what exactly the general mentality is?

It’s incredibly enticing to see GME jump from $40 to $170 in a day, but that level of risk is scary haha",1614469301,gp3jqn6,False,t3_ltpjjz,t3_ltpjjz,1
Hedge_fondue,Im really thinking about taking a 50k loan to gamble on GME.,1614469293,gp3jq4h,False,t3_lt7pdk,t3_lt7pdk,10
jerdub1993,Why is he buying GME from GameStop? 😂,1614469271,gp3jose,False,t3_ltrc2w,t3_ltrc2w,1
Syvaeren,"Google MACD and do some research of the different average lines.

As the price shoots up and holds at higher prices it creates floors and ceilings, although I will say GME is not a typical stock so...",1614469239,gp3jmux,False,t3_lteecj,t1_gp3jdgn,1
StonkerGraduation,"Retards who joined during GME, their level of their mental disability is off the chart",1614469236,gp3jmmb,False,t3_lt7pdk,t1_gp3i7s7,1
Stonks_GoUp,GME touches $500 per share and you must unmask. Do we have a deal? 😂,1614469222,gp3jlqb,False,t3_ltu3dc,t1_gp3jc6r,2
AmericanJay,GME stimmy,1614469204,gp3jknk,False,t3_ltpjjz,t3_ltpjjz,1
GnowledgeAesthetic,Why do GME apes keep infiltrating this thread? You have your own thread,1614469154,gp3jhld,False,t3_lt7pdk,t3_lt7pdk,8
Whamburger3457,"Because it shorted or because it's shorted while smart money is taking profits during this extended and once in a decade opportunity? Or because their entire business relies on a housing suppy that is log jammed for 5 years? They made money, now people will take their cut. Like the GME board did for 10 years",1614469148,gp3jh6i,False,t3_lt7pdk,t1_gp3hup1,1
Spicyasianbadboi69,My hands are harder than tiger woods cock! I ask of you fellow retards? Want to get rich with Gme? The G is silent in my culture,1614469128,gp3jfya,False,t3_ltrcav,t1_gp1396q,2
non-spesifics,Holy fuk that's exactually how holding gme feels like,1614469124,gp3jfoe,False,t3_ltv4nn,t3_ltv4nn,1
tlonghorn,"Right just curious 

I’ve heard stories that when the first squeeze with gme happened there was some people that had like 16 17 dollars and after came out with 16k and stuff but I’m new to stock marketing only been studying for 4 months 😅",1614469090,gp3jdl7,False,t3_lt7pdk,t1_gp3iz3h,1
MoistPossum,"Negative, friend. This is a PR stunt pushed by the people who stand to lose billions if we keep hodling and buying AMC stock, just as they already have with GME. 

I knew it the moment I saw the photo attached to the article. This is specifically designed to get your exact reaction, so they can quietly and peacefully make some of their money back on AMC shorts. And there are absolutely influential people inside AMC who were willing to make it happen, knowing they'll just come back stronger after the storm.

HODL!",1614469085,gp3jd9i,False,t3_ltp3p1,t1_gp0myr1,1
MugShadow,GME to 150 Monday.,1614469083,gp3jd58,False,t3_lt7pdk,t3_lt7pdk,9
itchyBallz007,"Honest question.. Regardless of what the deal is with GME's stock.. after all they are a brick and mortar store so I am having trouble understanding what Ryan intends to do to save it from hell. I mean, I can download a game on my console so what would I need Gamestop for? I cant picture Ryan saving it at all.",1614469059,gp3jblf,False,t3_lt7pdk,t3_lt7pdk,2
ForShotgun,"No real evidence other than a market downturn that should have been happening. Hedge funds are not a monolith, there are likely some pushing GME up as well as others pushing it down. We don't evidence that the ones pushing it down are actually running out of cash. For all we know the money they made shorting the last run-up gave them more than ever.

I'm tired of these shit-tier posts that aren't remotely helpful to anyone. Also shorts are just a part of the market. They should be disclosed more transparently, we shouldn't get updates every two weeks, we should get them daily, or better yet hourly the same way we get other data, but they shouldn't be eliminated entirely, that's just stupid.

Stock manipulation is already illegal, what we actually need is an SEC that has its balls, that can hunt down the ones destroying companies for profit on a regular basis, not just when it becomes popular.",1614469056,gp3jbeh,False,t3_ltt17r,t3_ltt17r,16
Comprehensive-Cat874,I’ve been telling you retards AMC is not the play. It’s just a distraction from gme .,1614469032,gp3j9u5,False,t3_ltp3p1,t3_ltp3p1,0
CommodoreHaunterV,Buy more gme! *ape noises*,1614469027,gp3j9gy,False,t3_ltpjjz,t3_ltpjjz,1
purple-pizza-eater,I know. Honestly the gif would make a lot more sense if the dude buying gme got knocked out and had _his_ money taken... cause thats what ended up happening right?,1614469007,gp3j84i,False,t3_ltrc2w,t1_gp2u9wh,0
newguytosavetheday,"Yeah, generally no one is feeling the risk of not getting paid here lol. I'm aboutta risk some months salary dumping it into gme. Hopefully it's not too late to buy in again",1614469004,gp3j7z3,False,t3_ltpnrj,t1_gp3i8yp,2
[deleted],Team Player Here......Took the AMC play cuz I could get more shares to help the team more than I could do for the GME gang,1614468928,gp3j37d,False,t3_ltxnav,t3_ltxnav,11
Marascokd,"This is a major turn off, I mean how out of touch is this for a fledgling company? 

I don’t believe in the CEO’s judgement, I don’t believe in the company. It’s as simple as that. 
I’ll be moving out and along to more GME 😤",1614468916,gp3j2hs,False,t3_ltp3p1,t3_ltp3p1,0
Smooth_Sky_2011,Sounds like those AMC shares should probably be dropped for GME shares.,1614468892,gp3j0y5,False,t3_ltp3p1,t3_ltp3p1,0
breeeds89,This is GME! 🚀🚀🚀,1614468885,gp3j0gg,False,t3_lu00ex,t3_lu00ex,104
True-Requirement8243,"You know gme can go back down to 40 in as month right.  It's so violatile.  You would lose 4k right there.  Risky play, high reward.",1614468879,gp3j04h,False,t3_ltzb4d,t3_ltzb4d,5
ETH-wins,I have 60 shares of GME now and if i will be adding more at every opportunity along the way 🤲💎🚀. Not letting go until 5 digits,1614468831,gp3ix0j,False,t3_ltt17r,t3_ltt17r,4
Blackjew12,Gme majority owner,1614468812,gp3ivuc,False,t3_lt7pdk,t1_gp3ipco,1
Character_Credit,"I mean, I’ve not worked in the American side of wealth management but I have a good idea of the British side of things.

Honestly, any firm worth their salt has recouped their losses from the peak last month, the moment you saw robinhood and such restricting trading, you knew that shit would go back down, and they probably shorted it.

From my personal experience, I shorted it at $350 and sold when it hit $100, plus you know, they have access to more capital and more financing than any single Redditor could. 

Like, I know for a fact that banks are super happy to lend to a hedge fund / high net worth individual provided collateral is available and it’s not seen as “too risky” - that’s an algorithm I have no idea about.

Will GME short squeeze, who knows, I have shares still that are heavily profitable so I’m indifferent, but what can I say, don’t be a dumbass and go all in, also, no loss is worth ending your life over.",1614468772,gp3itbl,False,t3_ltzsrp,t3_ltzsrp,73
RockIce17792,GME!!!!,1614468748,gp3irrl,False,t3_ltpjjz,t3_ltpjjz,1
HamishMills,if i wasn't down 4000 on gme i'd buy you an award for this,1614468721,gp3iq0t,False,t3_ltv4nn,t3_ltv4nn,1
ScreenWaste5445,"If we want to make this the best short squeeze in history, it must hit 16,000 to eclipse the highest market cap ever to date...like VW did...

Edit 1: back of napkin math to find that 16000 number was bad. Second try at it with a new crayon and yahoo finance shit data as follows: To beat current apple valuation, Gme share price need to be over the following answer number thingy to the right of the equal (=) sign:

2,035,730,000,000÷69,750,000=29,186.09318

Edit 2: Anyone finding it hard to believe that JUST Apple's stock is worth approximately 290 dollars per person on the entire planet?
2,035,730,000,000÷guessing 7B people on planet according to internet data=290.8185714",1614468660,gp3im4p,False,t3_ltt17r,t1_gp26asc,12
AssWrapSupreme,I made about 600k from GME shares since January. Gonna roll up to 20% of profits into deep OTM calls each week and maybe make millions if it actually pops,1614468635,gp3ikkn,False,t3_lt7pdk,t3_lt7pdk,16
UnUnimportant-,"Completely. In that the various mechanisms working around GME have basically superseded any level they should’ve been able to reach... considering also the theory you can find on the GME subreddit, which I encourage you read, it seems that indeed some very large actors are predicting a large market-wide decline by March 19th.",1614468626,gp3ijyz,True,t3_ltudu7,t1_gp3i273,7
CrafterWave,YeaHhh!!! More GME shares!!!!,1614468618,gp3ijgi,False,t3_ltpjjz,t3_ltpjjz,1
Vegetable_Sample7384,"On another account one of my top comments was something along the lines of “wtf is going on here?” This was pre GME of course. 

Top response: “you’ll fit right in”",1614468598,gp3ii4v,False,t3_ltv4nn,t1_gp3db5c,104
Excellent-Ad-1275,"Praying GME hits 100k each on Monday so I can quit my shitty job driving for Amazon. The only good thing is I lose brain cells working here which helps me with my positions. If any of you apes are hiring that’d be great, I have a degree in film",1614468582,gp3ih4b,False,t3_lt7pdk,t3_lt7pdk,14
badchillapa,buying appl and gme! let's wait and watch this shoot!,1614556796,gp8u7li,False,t3_luqc3p,t3_luqc3p,2
dv_oc871,nah fr tho. Your acc is 30 days old. Prolly bought gme at 300 i hope you loose it all dawg,1614556789,gp8u729,False,t3_luqc3p,t1_gp8u4nn,1
REguyyy,"Guys my wife is due with our first baby March 17th. If $GME hits $150+ tomorrow she has agreed to our daughters middle name to be “GME”, pronounced “Gemma” 🙌🏻🙌🏻🙌🏻",1614556768,gp8u5pa,False,t3_luqc3p,t3_luqc3p,-1
dv_oc871,"I love the hate gme is gettin! Hopefully shits finally over🤝 edit: i have upvotes on a bearish gme post, i thought id never see the day again",1614556749,gp8u4g4,False,t3_luqc3p,t3_luqc3p,11
Critical-Flight-3196,Methinks squeeze will be at GME earnings date in March.,1614556738,gp8u3r9,False,t3_lugobr,t3_lugobr,2
LooseLeaf24,Why do you need to stand up to buy GME or jerk off?,1614556710,gp8u1uy,False,t3_luqc3p,t1_gp8tsx5,2
OfficerTactiCool,"A GME streaming platform to rival Amazon owned Twitch would be dope, especially with how bad twitch is getting lately",1614556707,gp8u1oe,False,t3_lur4jj,t1_gp8lk9m,1
Adorable_Ad8515,LUCID motors & GME !!!,1614556696,gp8u0z7,False,t3_luqc3p,t3_luqc3p,-5
namjones2004,Elon launches tonight. GME launches tomorrow.,1614556688,gp8u0ei,False,t3_luqc3p,t3_luqc3p,9
Morindre,Made 50k last week off SPY/TSLA puts and GME calls so that’s your opinion!,1614556688,gp8u0gl,False,t3_luqc3p,t1_gp8ty1f,3
LasVegasWasFun,I miss the twitch chat GME emoji mode of january. Now it's a bunch of people spamming random tickers with no DD in a red market or suddenly caring if if I baghold gme lol.,1614556684,gp8u06f,False,t3_luqc3p,t3_luqc3p,1
mattstover83,Thetagang GME,1614556681,gp8tzxa,False,t3_luqc3p,t1_gp8tk44,3
wuffle_waffles,GME is selling NVDA graphics cards now. BULLISH af for both.,1614556676,gp8tzmv,False,t3_luqc3p,t3_luqc3p,28
---Ozymandias---,"They short laddered gme once, what’s gonna stop them from doing it again? And we know now what happens then.. people are gonna emotion sell, little by little. Price drops until the hard core remains (at 40-50) with occasional spikes. No squeeze.",1614556652,gp8ty0z,False,t3_luqc3p,t3_luqc3p,-1
ctrinity2231,Selling ALL my portfolio at open and buying GME only,1614556650,gp8txwu,False,t3_luqc3p,t3_luqc3p,10
Quinn__Hughes,The only answer is GME,1614556644,gp8txia,False,t3_luqc3p,t3_luqc3p,6
Investorian,I’m making sure to do the complete opposite of what you just wrote. At least one of us retards will make money and re-invest into gme,1614556629,gp8twge,False,t3_luqc3p,t1_gp85d72,42
Gooseman1019,Sell and get GME,1614556614,gp8tvfb,False,t3_luqc3p,t1_gp8tqp1,10
Bro-from-Austria,"My to do list on Monday:

Stand up, Buy GME shares, jerk off, and go to work! (till GME lands on moon)",1614556575,gp8tsx5,False,t3_luqc3p,t3_luqc3p,9
billyjk93,"I haven't factored in my 1 share on fidelity, which helps my average. But I've also got 30 AMCs ready to be held to the moon or sold to buy more GME. So I still have some plays hopefully. Either way, let's hope we are all laughing about these prices by April",1614556574,gp8tstg,False,t3_lul2ti,t1_gp8t7yd,3
bendersfembot,Even a retard knows the stock market is a gamble. Were all here trying to catch the big one. At this point it only makes sense to 🐟 in the same pond. There's only one lottery stock right now that could change your life in a very short time. Yes im new but i assure you i was retarded before i got here. Fuck amc it's a simple distraction that's appealing for its low $ compared to gme but it's still overvalued with a slow future.,1614556569,gp8tsi5,False,t3_luqc3p,t3_luqc3p,-1
LasVegasWasFun,or market red gme green :),1614556560,gp8tryk,False,t3_luqc3p,t1_gp8tcb7,1
blbloomer52,10 GME here. That's it. Holding. Most fun I've had in forevs...,1614556556,gp8trmp,False,t3_lugobr,t1_gp6o3dm,1
[deleted],"Let me tell you something, these are the most beautiful GME’s I’ve ever seen. I probably shouldn’t even say this... well ok I’m gonna say it they’re sexy",1614556544,gp8tquy,False,t3_luqc3p,t1_gp8ti6r,0
[deleted],Blast off from GME will be so intense the entire market will be dragged down 20% as people rush to liquidate their crappy genomics stock to hop on the rocket before blast off,1614556544,gp8tqw0,False,t3_luqc3p,t1_gp8tfyy,1
Hontik,"Holding off on the gme but don't see the problem buying weekly spy puts. Price is low if you go far enough and if the economy shits itself, return could be massive",1614556542,gp8tqru,False,t3_luqc3p,t1_gp8song,1
Gooseman1019,"Bulls on food stamps by EOM, except GME bulls who will be pile driving top of the line whores.",1614556537,gp8tqgi,False,t3_luqc3p,t3_luqc3p,1
Apprehensive-Gas9552,"Amen. And it is so fucking shit that us little insignificant humans have to be at the mercy of having a 9-5 job and just maybe survive. I do however put pressure on my trading platform prior to markets opening as they have has issues. But seem to have been sorted. I suspect they are not willing to take the risk. People that used RH and lost due to the suspension should take action againts them. 
For every threat made against DFV and GME and WSB we should start a revolt and fight back. 
This is not just about the hedge funds anymore. Its about us humans. We have a voice.",1614556515,gp8tozp,False,t3_lumhek,t1_gp8t4pn,3
GoGriz3344,We could see a huge spike Monday/Tuesday on GME with naked call options getting exercised resulting in roughly 17 millions shares being bought.  Keep and eye on GME next 2 days,1614556508,gp8tohf,False,t3_luqc3p,t3_luqc3p,2
Wnkmilkme,Quickest way to get rich? Buy GME puts.,1614556493,gp8tnic,False,t3_luqc3p,t1_gp8tk44,4
MolassesLate4676,This sounds similar to GME... hmmm 😂,1614556492,gp8tnfv,False,t3_luprzx,t3_luprzx,1
breadmaker1911,Boy if FUBO closes over $50 this week I will make my wife do a line blow to all the retards in here.....that’s the one along with GME I want to go to the fuckin moon Brodie!!!,1614556487,gp8tn2j,False,t3_luqc3p,t1_gp8sa6g,2
ScrewedUpDinosaur,"Same, except im waitin for the 69420xt gme edition",1614556440,gp8tjx2,False,t3_lur4jj,t1_gp8glff,1
HitmanBlevins,"It would be awesome to see the price come down some,  I need more GME shares. 💎🙌",1614556429,gp8tj5w,False,t3_lumhek,t3_lumhek,1
PhantomGenocide,"I know everybody was watching GME, but the $8.01 finisher for AMC was GIGANTIC. So excited for this week!",1614556422,gp8tiqr,False,t3_luqc3p,t1_gp8ag4g,10
perkunas81,"At this point it feels like :
*Hold my GME
*Buy more RKT
*Buy PLTR
*Hold my NCLH and AAL
*Prob buy TLRY
*Prob buy SNDL",1614556412,gp8ti14,False,t3_luqc3p,t3_luqc3p,5
Atomskii,"OP: ""people are losing money because they have no idea what they are doing""

Also OP:
- Has 29 days of post history and is telling people to buy options contracts.
- Says to buy GME because ""It is a Meme Stock""",1614556412,gp8ti1n,False,t3_luc6hf,t3_luc6hf,1
[deleted],Nah gme brah,1614556408,gp8thsd,False,t3_luqc3p,t1_gp8td02,0
Supert5,">GME

gme is the new tvix",1614556400,gp8th8g,False,t3_luqc3p,t1_gp8sz1v,1
Gooseman1019,Bulls on food stamps by EOM. Except GME bulls who will be pile driving top of the line whores.,1614556397,gp8th1a,False,t3_lt7pdk,t3_lt7pdk,5
Anxious-Sail-536,BUY GME Dips!!!!,1614556395,gp8tgwi,False,t3_lumhek,t3_lumhek,3
NoviceCoinCollector,"If you're here for a quick buck it's not gonna happen, and (meant or) you're going to be the one to see a $50 gain per share and cash out when we really do moon. Fact of the matter is you believe or you don't. The highest spike may only last a few minutes, but as one DD suggested we may be trading at 20% from the peak for a few days. If you need the cash for rent, food, bills I'm sorry but I'll be honest with you. You may not be able to hold till we moon. This has been an ongoing battle from Dec/Jan if we are talking squeeze. Longer if you were long for RC joining and changing GME into a successful business. This is a waiting game. A game that is now in the hands of institutions and whales. They have funds to war for a long time. They are in no rush to make sure we get a cut. Pshh they might prefer if you call it quits, so that they can buy your share for cheap.",1614556393,gp8tgs8,False,t3_luol45,t3_luol45,20
dreamsforgotten,"I'm a true paper hand bitch, I bought at 1 @ $94 (yes that's not a typo, my broke ass could only afford 1.  I sold it off at @45 then put grabbed a second AMD.  A week later I sold both AMD stocks bought GME again at 134 and when it dipped, I bought another at 127.41.  I'm riding this out.  Soon as my bike loan is 86'd  next month I'll be regaining my 2x AMD.  The moment I do, my entire portfolio will be flagged as a wash sale xD",1614556361,gp8tekg,False,t3_lumhek,t1_gp8skif,-7
RiverFlowsinU,"GME early rally in the morning, then its all up to voluuuume",1614556355,gp8te6x,False,t3_luqc3p,t3_luqc3p,6
Ryantacular,Building a PC for my daughter buying everything through GME after this is all over !,1614556346,gp8tdlm,False,t3_lur4jj,t3_lur4jj,1
Sea-Potential4170,"GME closed red AH Friday, AMC didn’t.",1614556332,gp8tcjm,False,t3_lutnhr,t1_gp8t7zp,37
MicMcKee,"So let's put this into an actual scenario to see what I understand...

I buy a call for GME out to Apr 1st at 55.76

It's showing a cost of 5,576.00 + .65 + .03. I'm assuming that's the price of the stocks + the premiums so $68 in premiums.

So in thinkorswim I have it set like t[his](https://imgur.com/a/fufmLxM)

From what I get I can either buy those shares or I can sell the call. And this is where I get a little fuzzy.

What is the benefit of someone making that making that contract when the stock is sitting at 99 a share right now?

If I were to buy/sell the shares immediately when markets open that's close to $40 a share right off the bat right? If a calls strike price is normally less than the price of the stock, what's the downside of buying a call that's in the money?

Then the thing I really don't know because I can't see it, I can just sell my call at market value. At that point isn't it the delta of the strike price vs the current stock price? I've no idea what that looks like from an interface standpoint because I've never owned any calls.

Why isn't this call worth 4k immediately when I buy it? That's roughly the delta between the strike and current price of GME.

Edit 1-

Why do strike prices go down when I extend the length of the call? I don't see any changes except the strike price goes down. The other fees - (.65+.03) remain the same. Doesn't it just benefit me to have the call open longer if it's going to lower the strike?",1614556329,gp8tcbl,False,t3_luc6hf,t1_gp6b23d,1
Hites_05,They're not trying to innovate AT ALL.  Best Buy would do good to follow in GME's footsteps.,1614556322,gp8tbuh,False,t3_lur4jj,t1_gp8sp09,1
Fage138,"Because the public float of GME is about 54m, if we assume that all options are covered, it would mean that there are only about 5m shares on the open market. Taking retail into account, and assuming that they only hold like 1m shares, the float would be 4m shares. Yesterday’s volume was 92m shares, which would mean the same shares traded hands 23 times (which is unrealistic imo)",1614556319,gp8tbol,True,t3_lusra4,t1_gp8swz7,3
EthanfrmOBN,Can someone explain to me why we think gme is going to go to the moon again,1614556312,gp8tb5n,False,t3_luqc98,t3_luqc98,10
fomogang,GME opening price guesses?,1614556296,gp8t9y8,False,t3_luqc3p,t3_luqc3p,5
Wnkmilkme,"There are two types of GME supporters.

1) those who hold the bag

2) those who will hold the bag


Losing your portfolio is not cool. Short this pos pump and dump and then you will make real money.",1614556293,gp8t9qa,False,t3_luqc3p,t3_luqc3p,-12
JayDee_88,Everyone is too into GME here,1614556284,gp8t94g,False,t3_lutnhr,t1_gp8rvd0,84
CommonTwist,"fuck this automod shit. I know it's necessary to handle the traffic to some kind, but this isn't an open forum anymore. I feel like 98% of the people are shadowbanned and the rest that gets through is conspiracy theories about gme and other spam",1614556283,gp8t92l,False,t3_luqc3p,t1_gp89kzq,-3
noahshivers,praying gme hits $200 tmrw at least,1614556270,gp8t85j,False,t3_luqc3p,t3_luqc3p,6
DontShitBricks,The only time amc will jump in price is if gme will jump. Amc follows gme graph every day. If gme goes to 300. Amc will jump to 20. I can guarantee,1614556268,gp8t7zp,False,t3_lutnhr,t3_lutnhr,19
Canadianpainter59,"Thursday 33 million in losses.  Most likely call options which they had to short or borrow. Friday 200 k shares were borrowed for  GME  at a cost of 1.8 million to the HF's  Interest, covering calls and borrowing shares are adding up.  Hold Apes Hold!!!!",1614556260,gp8t7fk,False,t3_lusra4,t1_gp8pgpe,4
MrTinybrain,AMC and GME are actually very similar. Why did GME shoot up last week? AMC got news of opening in NY so it jumped and GME followed. Give me any other reason.,1614556249,gp8t6o8,False,t3_luprzx,t1_gp89lwg,1
minizanz,They mostly sell steam keys.  You can also buy steam gift cards that GME gets a 5% cut of.,1614556249,gp8t6pm,False,t3_lur4jj,t1_gp8e4rq,2
Muscar,"The many dads that used their child as a reason to go to GME, because they didn't want to say it really was themselves that wanted to go there and nerd out about all the things.",1614556217,gp8t4g5,False,t3_lur4jj,t1_gp8ryx9,3
tsumnia,"> I think the reality is that the new bear market may really just be an industry shaking out dead weight like the current ICE Auto industry

That's where I look even more philosophical to [Ray Kurzweil's ""The Singularity is Near""](https://en.wikipedia.org/wiki/The_Singularity_Is_Near). The Singularity is this epoch where we just hit a point of massive increase in technological advances. Like when the printing press or computer were invented. Kurzweil thinks its suppose to happen around 2026 (give or take).

I'm looking at the current bearish sentiment as twofold - one, that the current antics that made GME happen will be a catalyst to a crash but also a general sense of digital darwinism where the companies that don't get on board will suffer. Even the GME situation is a bet that the company didn't make the transition in time and was going become another Blockbuster. I think part of the bearish sentiment is that this singularity isn't going to happen.",1614556207,gp8t3qc,False,t3_lui4ui,t1_gp7twe8,1
Wnkmilkme,"At this point GME could fart in the wind and you guys will immediately seize the news as some sort of ground breaking development that completely justifies the ridiculous 400+ target valuation you guys are hoping for.

It won't. This is a pump and dump. You're either a bagholder or on your way to being one.",1614556191,gp8t2mb,False,t3_luqc3p,t1_gp8spsi,-6
G_yebba,"I'm thinking $gme, Gamestop. 

It is starting to make sense why I keep hearing about Gamestop in the news. 

Gamestop is a company that sells shares in GME! 

But how do I buy shares of Gamestop?",1614556170,gp8t14q,False,t3_lu921a,t3_lu921a,1
AlexKarp2024,Futes blood green = GME drilling,1614556142,gp8sz1v,False,t3_luqc3p,t3_luqc3p,22
SlowPurplePanda,"Maybe some RKT leaps and continue to hodl GME shares like a true ape. Interested to see what happens to tech, and especially TSLA this week.

Saw a lot of people going for 3/5 22-24C on the RKT thread. I pray for them and their smooth brains that shit goes their way.",1614556131,gp8syav,False,t3_luqc3p,t3_luqc3p,4
Nosp1,going 20 \* 100 GME,1614556125,gp8sxsx,False,t3_luqc3p,t3_luqc3p,8
Bro-from-Austria,GME and AMC will get listed on the Moon Market soon!!! Let's goooooo brrrrrrr,1614556120,gp8sxff,False,t3_luqc3p,t3_luqc3p,6
throwaway3921218,Preordered a copy of the new Pokémon Snap for myself and a copy for my little nephew thru GME. I LIKE THE STOCK 💎🤲,1614556089,gp8sv6t,False,t3_lur4jj,t3_lur4jj,1
indepndnt,Hey guys can someone help me set up my GPU to mine $GME stonks? Maybe we could set up a WSB mining pool?,1614556087,gp8sv0y,False,t3_lur4jj,t3_lur4jj,1
botchedcoffee,"No dude

If puts youre buying it's only puts on SPY or QQQ

Buy gme puts essentially asking for iv crushed",1614556041,gp8srr9,False,t3_luqc3p,t1_gp8smyf,1
THOTsViews,"Shit... am I reading this right?  GME projecting a gap up to 117.46 tomorrow?  

A nice early rally would be choice! 

🚀🤠🚀🤠",1614556041,gp8srsu,False,t3_luqc3p,t3_luqc3p,0
Dex62ter98,GME scalping us? 🤯,1614556040,gp8srou,False,t3_lur4jj,t3_lur4jj,1
stupid-should-hurt,Good to see some AMC talk in this subreddit finally. Most of us are all on the same team after all. AMC and GME to the moon!,1614556039,gp8srml,False,t3_lutnhr,t3_lutnhr,294
ISeekGirls,"I need Samsung SSDs. I buy them all the time. I am an impulsive buyer especially when I can see the product. If GME had a store front with PC parts and accessories plus GME points, forget about it. Fuck it they should cater to PC gamers.",1614556031,gp8sr2i,False,t3_lur4jj,t3_lur4jj,1
[deleted],Spy is irrelevant. Gme defies all logic. Moon tomorrow,1614556024,gp8sqjy,False,t3_luqc3p,t1_gp8snkz,4
SniffMeHardish,I think he's saying there will be an increase in demand from retail because of the stimulus checks. Even if 5% buy GME it will still increase demand = increase price.,1614556021,gp8sqdc,False,t3_luc6hf,t1_gp8dim8,1
SwingsetSuperman,"Reading some of their DD cracks me up. I’ve taken plenty of profits on GME. Coincidentally enough most of the time it was when “the price soon plummeted due to shorts.” Or at least that what’s they always believe.

For some reason it’s unthinkable to them that there are people out there taking profits when their shares quadruple in value over two days",1614556014,gp8spt6,False,t3_ludpwy,t1_gp6c4fg,1
down40kin6years,market up gme down right?,1614556008,gp8spfc,False,t3_luqc3p,t3_luqc3p,2
RiverFlowsinU,SPY puts and GME calls who's with me??,1614555998,gp8song,False,t3_luqc3p,t3_luqc3p,4
Wnkmilkme,Clicked it many times on GME. I'm up 800% since.,1614555997,gp8soiw,False,t3_luqc3p,t1_gp8sies,2
Soggy_Influence_7604,Thank you smart ape I buy more Gme 2am mst I suppose,1614555993,gp8so8j,True,t3_lutyyr,t1_gp8sknp,1
settanitti,Will the circuit break if both spy and gme is at 420 at the same time?,1614555984,gp8snkz,False,t3_luqc3p,t3_luqc3p,-2
No_Acanthisitta_4500,"Why wouldn’t you it’s good money lol gme probably on the downtrend this week , and possibly late March or early April when people have income tax or stimulus another pump to join. But right now puts are a good way to go",1614555976,gp8smyf,False,t3_luqc3p,t1_gp8ptjf,1
[deleted],I think you guys just confirmed GME 200,1614555965,gp8sm6b,False,t3_lur4jj,t1_gp8sgp5,3
SPCEMember593,"I’ll tell you this.
When Robin Hood and others were blocking some of you guys from buying, every Vanguard buy I made on GME went through immediately.

Especially on the dark day of the great steal.
It may be clunky, old, tired... but their website and mobile app’s BUY button never failed.",1614555964,gp8sm37,False,t3_luip9b,t1_gp70l2o,17
Inbox_Goblin,"I call myself cardboard hands; I sell when it starts dipping towards what I initially bought it for and buy before the paper hands realize the dip was just their own fault.

Was able go buy more GME with it. I’m not doing it again though. I’m not a high roller myself; Bought 2 at 46, sold them at 130, and now have 4 @ 100.27

The bulk of my money’s in NCLH for a long term play. If I hit the moon with GME I’m just throwing it in there.

Obligatory “Not an advisor. I’m a tard with no professional experience.”",1614555944,gp8skif,False,t3_lumhek,t1_gp7snoo,5
ak22801,"Mods we need to have a flair that says “$25k” when a user verifies they have at least 25k in the market.

This way when I read “screw it, all in on X in the morning” I know it’s not someone throwing in $57.00 at a fraction of GME.",1614555933,gp8sjnz,False,t3_luqc3p,t3_luqc3p,217
Thrawnbelina,"My boyfriend is his best friend naturally, he probably have him the great advice to give me his munniez for GME! They're playing Xbox together in my husband's terrarium until I throw some crickets in there for dinner and take the boyfriend to bed 💕",1614555923,gp8siv3,False,t3_lumhek,t1_gp8rcor,3
STONKS_ONLY_GO_UP3,Gme to $420 🚀🚀🚀,1614555917,gp8sigl,False,t3_luqc3p,t3_luqc3p,7
giantwashcapsfan8,"No one knows what will happen, GME continues to defy logic, but personally I think it continues to dip and ends the week below $60, but if you have the money to risk and it won’t kill you, go ahead and take your lotto ticket.",1614555902,gp8shdq,False,t3_lt7pdk,t1_gp8s705,2
longandthickx,Green futures are bearish for GME and AMC,1614555898,gp8sh40,False,t3_luqc3p,t1_gp8sais,2
JustANyanCat,Please don't start with GME,1614555895,gp8sgvv,False,t3_lut1ga,t1_gp8poh0,-4
undergraduateproject,"Why tf people saying the PT for GME is $100k that’s actually ridiculous smh 

Some people need a reality check",1614555888,gp8sgd2,False,t3_luqc3p,t3_luqc3p,5
TryandStopMeBro,Lol I already know they went out of business but GME has a massive fanbase and they can adopt some of Frys business models and add to what they already offer,1614555883,gp8sg1s,False,t3_lur4jj,t1_gp8row6,2
Wolfkist,If GME dips tomorrow below $95 I’m buying several more,1614555878,gp8sfpi,False,t3_luqc3p,t3_luqc3p,19
STONKS_ONLY_GO_UP3,By shorting the “restricted” shares too. High ranking managers in GME has some restrictions on how much they sell and not included in float. They basically shorted the whole company,1614555869,gp8sf02,False,t3_luqc3p,t1_gp8rpk2,1
CappedCrib,I see GME bagholders & r/politics nerds have come together to ruin everyone’s good time,1614555850,gp8sdo5,False,t3_luqc3p,t3_luqc3p,4
turboCode9,SPU calls and GME puts baby,1614555847,gp8sdhi,False,t3_luqc3p,t3_luqc3p,1
ApplecakesMcGee,"So I’ve followed this sub a while and full disclosure I only bought one share for the memories. It’s a wolf(edit: wild) ride and I hope you retards bring down the world. Question though, how do you know when the squeeze has happened? I subbed to wsb for the memes, but I’ve actually learned some in this great moment in history. Can anyone point me to info for how to watch this and be able to see shit y’all see to know? Like when Melvin etc is manipulating the market or when a squeeze is over? What should GME be when this is over and just a well run company under the new leadership?",1614555835,gp8scn6,False,t3_luqc3p,t3_luqc3p,3
[deleted],GME money tall like Shaq,1614555829,gp8sc5s,False,t3_luqc3p,t3_luqc3p,1
subdep,Who the hell is selling that much GME? That person is an asshole.,1614643183,gpcx8l9,False,t3_lvkqmu,t3_lvkqmu,1
Southern_Struggle,"Its short for ah ha, as in ""ah ha GME went up""",1614643180,gpcx8d2,False,t3_lv7ahq,t1_gpcwwmn,14
Gucci_Gainz,"This is getting blown out of proportion.  It's totally normal when you leave a FINRA firm.  They are no longer sponsoring your license, so...no more license.  This has zero to do with GME or anything else going on.",1614643179,gpcx8ab,False,t3_lvlm1e,t3_lvlm1e,26
onezerozeroone,"An important thing to note about this is that you should 100% be in a buy and hold mode similar to GME right now. 

It's the shorts running up the price now scrambling to try to cover in time, don't help them buy at (relatively) lower prices in anticipation of the buyback.

As a RKT holder, you want to be selling *during* the buyback and into the ex-dividend date, so that RKT is driving the price up w/ $1B of demand while also sucking dividend payments from the short's coffers. That's when they will be at their weakest and most desperate. 

If they can't locate shares, they owe the dividend out of pocket. They can't play games with that, either. They just simply owe it and must pay it. That's millions of dollars less they will have to buy shares back with. BUT, if they don't buy back, their interest rates are going to be shooting up all while the float is going to be reduced 20-30% making it even harder to get shares.

Regardless, I think this is going to be epic, especially if we manage to squirt some gamma squeeze fuel onto the fire, but the less wood we take off the pile by not selling too early the hotter this mofo is gonna burn.",1614643176,gpcx84j,False,t3_lvb407,t3_lvb407,4
boopinhi,Bought RKT calls on open. Will sell them as soon as GME punches through 200 resistance and roll them into GME to fuel the rocket ride.,1614643166,gpcx7dj,False,t3_lv7ahq,t1_gpcwkbp,6
labradorstock,Can someone find that retard with 100 GME contracts calls expiring 3/5,1614643166,gpcx7e7,False,t3_lvkeek,t3_lvkeek,5
sam14cool,How many real GME supporters are here? And what their thoughts?,1614643154,gpcx6je,False,t3_lvkeek,t3_lvkeek,11
HoeWrangler5000,"You are chanelling the GME BDE keep it up everyone!

💎🤘",1614643139,gpcx5h8,False,t3_lvbkmh,t3_lvbkmh,1
deontamorgan1,"Why you so angry btw, just buy GME and slap your meat and relax",1614643137,gpcx5cs,False,t3_lvkeek,t1_gpcwu3u,0
Reisyz97,Tuesday? Weather says I should buy more GME,1614643133,gpcx53q,False,t3_lvkeek,t3_lvkeek,8
BurnerAcctNo1,"Did he lose his license for not YOLOing his clients into GME?

Before this news, I was going to hold. I still am but I _was_ too.",1614643121,gpcx49u,False,t3_lvmyou,t3_lvmyou,3
Feka99,Should I do 5 k in GME?,1614643095,gpcx2hg,False,t3_lvkeek,t3_lvkeek,10
OppositeHyena915,Also sold 88k GME shares sub $20 right before Ryan Cohen joined. That has got to be painful as a mother fucker. This should read minimum of $10m not 1.7.,1614643093,gpcx2en,False,t3_lvhbk8,t1_gpcqtr8,2
MilwaukeeRoad,"I *loathe*  whenever somebody uses the words ""short ladder attack"".  It was literally made up by somebody on GME to represent something that doesn't exist. Somebody every time the market sells off it's because of these ladder attacks.

Maybe it's a term in WWE, but it just sounds stupid here.",1614643037,gpcwylx,False,t3_lv90li,t3_lv90li,2
ghostmom66,Just trying to make a quick buck to throw more into gme.  Hodling 131 of GME 🚀🚀🚀  RKT will be done by friday,1614643022,gpcwxka,False,t3_lvoerd,t1_gpcwok5,1
Luv_Sosa21,I will sell the calls when I'm MORE up than I am now. I have 100k in losses to offset from bagholding GME the first time it went ballistic 😎,1614643011,gpcwwv4,True,t3_lvmkeo,t1_gpcwh6m,1
JunkyardRazor-74,Blackberry? In the middle of a GME super squeeze? Cmon man,1614642990,gpcwvf8,False,t3_lvo515,t3_lvo515,1
JohnQx25,"Pretty sure Unclue Bruce laid out something similar GME could do also.

WHy isnt RC doing this? Or maybe they are planning to, and getting rid of the CFO was the first step.",1614642989,gpcwvco,False,t3_lvb407,t3_lvb407,1
Swole_Monkey,$NOK was just a distraction from $GME by the hedgies 😬,1614642983,gpcwuzi,False,t3_lvbklj,t3_lvbklj,0
SignalSalamander,"Chewy share price is not a benchmark of any sort. 

If gme hits 1000 say tomorrow, why would they split? It will come back to 100-150 in no time. In case moass happens, they will issue some new shares, getting big cash for little stock dilution, and the price will drop back to reasonable levels. There is no reason to split when the price is not sustainable.",1614642977,gpcwuil,False,t3_lv7ahq,t1_gpctgqt,2
FlyWannaBeRichGuy,We’re you on the fence watching GME rise from $5?,1614642977,gpcwujh,False,t3_lvkeek,t1_gpcwa57,0
Longjumping_Ad9227,"My net worth is $3million.   Still, 5k on GME was my retard ape play money limit.",1614642968,gpcwtwq,False,t3_lvfk14,t3_lvfk14,4
CaptainTheta,I mean... They added that before the GME shit show,1614642962,gpcwtjq,False,t3_lvkeek,t1_gpcwo26,0
EatMoarTendies,"So if current valuation of GME is around $50/, would a 1:20 split not be reasonable? My shares (until it trades sub-$50), would still retain the $100,000 unrealized, correct? Now I’d have 2000 shares instead of 100? I would have simply reinvested 100% of earnings back into GME under said hypothesis.",1614642946,gpcwsdf,False,t3_lv7ahq,t1_gpcw9xz,1
UmopepisdnwaI,Do you get 420.69% cash back for every GME stock purchased with it?,1614642939,gpcwry6,False,t3_lvo7f2,t3_lvo7f2,2
Careless_History3567,"RKT $35+ tomorrow 

TLRY - Nice double bottom on the 4 hour... looks to shoot up to $35 very soon

GME - Who even knows at this point. Hope y’all see $300",1614642925,gpcwqzt,False,t3_lvkeek,t3_lvkeek,27
deontamorgan1,"GME will be the stock for tomorrow, idk why people are saying other stocks, tomorrow will be the day all eyes are on GME! You can hate on the stock all you want. It’s THE STOCK, and you can’t run or hide from it. 
THE PEOPLE LIKE THE STOCK.",1614642912,gpcwq45,False,t3_lvkeek,t3_lvkeek,-1
RusicTo,"real you think is possible?  newly come ape here that will hold. but i am basically poor and i keep reading these 100k. i am 18@ 140 cause i was quite new trading (not to ecnomics or financial culture in general) and i had my first buy at 154 when i could have waited and enter at about the 100s. so i little averaged down to the 140 i hold now. but that would still make me sort of big money in this scenario. after tax too. this ape is from italy but find difficult to believe.... i read the post that talk about eu countries investements on some platform these months and italy was not so hyped with gme, but indeed with sndl. this is probably part of my problem cause i don't find easily phisically fellow apes here that support the 2 grand i've invested. i now is not big money but was  all i could afford, people average quite broke here in italy!",1614642909,gpcwpwx,False,t3_lvjlpy,t1_gpcr2ht,1
zwolfd333,"its up 30% over 2.5 days.

thats nothing.

i rode GME from.16 to 300+

stocks that leave breakaway gaps can shoot 100+% before getting cut in half.",1614642902,gpcwpfb,False,t3_lvkeek,t1_gpcwim1,1
MikePettine,"When is GME going away.. smh 

I miss the old WSB",1614642895,gpcwoy9,False,t3_lvfk14,t3_lvfk14,0
gochuuuu,Im a gme holder but rkt seems legit,1614642889,gpcwok5,False,t3_lvoerd,t1_gpcw95c,7
Key_Ad_1683,"Also if GME reaches the price of a ton of copper I’m gonna buy one and make a big ass statue of my cat, Peckerhead",1614642881,gpcwo0k,True,t3_lvo938,t3_lvo938,7
Relondono,I just joined about a month ago thanks to the apes and what they did with GME.. twice. But I am all in on RKT bcs its a company with good fundamentals. Its not a growth co and one you hope it will start having earnings in 5he future. They are overperforming now! This is a value stock and finally taking off. At 26 right now after hours. Once we hit 27 I think we will start moving quicker unless shorts double down bcs the highs shorted in late Jan 5% stop losses would be 27. My 5 cents. I am all in 14000 shares at 21.50. I think it could reach easily 40 not the moon as that is a trailing PE of 10.,1614642879,gpcwnut,False,t3_lvmv6n,t3_lvmv6n,1
True-Deal-5799,RKT is the new GME.,1614642872,gpcwndh,False,t3_lvn53r,t3_lvn53r,-4
Crude_Future,Gme is peaked its over man... rkt is has just begun,1614642866,gpcwmzf,False,t3_lvkeek,t1_gpcwbdx,5
Kaizen2468,Quick do to SNDL what you did to GME and I’ll be a millionaire,1614642841,gpcwl7n,False,t3_lvkqmu,t3_lvkqmu,-2
youngheezy44,I have an odd feeling all that RKT noise is just a distraction from GME getting too ahead of it self. It’s dividing the apes.,1614642828,gpcwkbp,False,t3_lv7ahq,t3_lv7ahq,27
Crinklecutsocks,"Why not both? Both are shorted like hell, hedge funds get fucked either way. We can sell RKT calls to buy more GME shares",1614642826,gpcwk5q,False,t3_lvkeek,t1_gpcwbdx,5
rick_rolled_you,god please drop to 100 so I can buy 50 more and have a nice sizeable position of GME,1614642819,gpcwjo8,False,t3_lv7ahq,t1_gpctzfx,1
Key_Ad_1683,They aren’t fucking me again by keeping my GME in limbo while this shit takes off,1614642785,gpcwh9k,True,t3_lvo938,t1_gpcw9wt,1
smokingpressure,"Tons of people telling me another gme rug pull is imminent but none of them will show me their puts, what’s up with that?",1614642783,gpcwh4h,False,t3_lvkeek,t3_lvkeek,10
New-Geologist1087,If GME hits $1000 I’ll stand up to my wife’s boyfriend,1614642778,gpcwgr0,False,t3_lv7ahq,t3_lv7ahq,39
5pezIsAPedophile,YOLO!  GME 🚀,1614642773,gpcwgfr,False,t3_lvgf4t,t1_gpckkob,1
SaneLad,"No, the distinction is important.

If a share is shorted multiple times in succession, there is still a trail from the last borrower to the original owner. If the stock receives a dividend, then the borrowers need to pay the dividend to their lender, all the way back to the original owner. And then there is also (daily) borrowing interest, which can be substantial for a stock like GME.

Naked shorting sidesteps the borrowing, so the naked short saves both the borrowing fees as well as the interest. That makes it much easier to keep such a position open for a long time, it takes away all the time pressure.",1614642768,gpcwg31,False,t3_lvkqmu,t1_gpcrqt1,2
zwolfd333,"keep moving them.goal posts.

if your stock is worth 120 bucks are u selling for 30?

if you go from 1% market share to 10% over 5 years are you calling it quits?  floor is 20 bucks. upside? pick a number over 100 in 5 yrs.

if valued as tech 600+

this aint GME or AMC. 

the largest lender in the US. expanding in Canada.

'its a pump and dump' (6 months ago ya)",1614642715,gpcwcfq,False,t3_lvkeek,t1_gpcvtrf,1
farfle10,"For real. I legit accidentally bought $2,600 of GME at $380 when I meant to buy at a limit of like $200 because I wasn’t familiar with the Chase app.",1614642708,gpcwbwh,False,t3_lvacgi,t1_gpbwnmd,1
noahshivers,this gme graph looks very similar to my soft to hard graph during the day💎📈🚀,1614642703,gpcwblr,False,t3_lv7ahq,t3_lv7ahq,15
Frequent_Birthday_29,18 shares @ $76 avg but okay... regardless of how many shares someone has this is a gme thread. So yes we care about gme and not whatever trash ur trying to pump,1614642702,gpcwbjc,False,t3_lv7ahq,t1_gpcw49t,1
youngheezy44,Y’all rly bout to cop RKT at it’s peak when it’s been trading sideways for months when GME just started it’s ascension?,1614642700,gpcwbdx,False,t3_lvkeek,t3_lvkeek,3
ghostmom66,Hodling amc gme too.  All I can do 😩,1614642678,gpcw9ro,False,t3_lvoerd,t3_lvoerd,4
Bongwater29,GME? All I see is RKT bullshit today,1614642676,gpcw9lz,False,t3_lvkeek,t1_gpcubb5,1
[deleted],"I bought 0.7 gme because if it moons Ill wont have to scratch my head but at the same time I dont have to worry about it tanking because I gave away the same amount in awards the other day...

I bought 2 rockets just in case. Buying small amounts is stress free. Yoloing is risky and gets in the way of my sleep.. Being greedy is never good. (unless you have a shit ton of luck)",1614642640,gpcw75n,False,t3_lvkeek,t3_lvkeek,-5
PalekSow,If you buy a GME 800C weekly for $100+ a contract your brain is a perfectly smooth sphere.,1614642638,gpcw711,False,t3_lvkeek,t3_lvkeek,17
Bobawilla_,"GME Cashapp holder here! The app is nice! Its simple, nothing crazy but its easy to use",1614642629,gpcw6ds,False,t3_lvh4ir,t1_gpcjc47,8
Xxtheloo,No big funds holding GME don’t offload their shares in one go typically. The squeeze will last a couple of days most likely according to Good DD but do your own research good ape,1614642619,gpcw5p1,False,t3_lvjlpy,t1_gpcm7zj,5
GG_Papapants,Nothing is the next gme.,1614642617,gpcw5le,False,t3_lvoca3,t3_lvoca3,1
Afraid-Issue-5398,GME is the only choice. Tomorrow will be short and then it'll pop! Or my wife moves in with her bf,1614642607,gpcw4wc,False,t3_lvkeek,t3_lvkeek,10
gamebuster,So are you guys saying I should short GME?,1614642605,gpcw4sp,False,t3_lvh4ir,t3_lvh4ir,0
ItalianSausage696969,AMC/ GME will go high!,1614642578,gpcw2zc,False,t3_lvkeek,t3_lvkeek,6
Thegangstersalesman,Gme puts tmrw then buy the dip,1614642574,gpcw2nr,False,t3_lv7ahq,t3_lv7ahq,-33
hivolume87,I too am $GME and $RKT,1614642550,gpcw118,False,t3_lvkeek,t1_gpcuh6x,1
elvedinxx,I know its impossible to do with GME but looks so good lol,1614642542,gpcw0h2,True,t3_lvoapd,t1_gpcvq6e,4
joshua_mahabir1,"Do you guys think its possible for GME to hit $1,500? That would be amazing. BTW I love the energy in these threads you guys are amazing 😂",1614642539,gpcw08l,False,t3_lv7ahq,t3_lv7ahq,16
Typris,Still holding my 10 GME at $145,1614642507,gpcvxzf,False,t3_lvkeek,t1_gpcvw6j,-1
tonpryor,"What’s wrong with your account is that it has cash that could be converted to gme in it. Buy mother fucker.


*not investment advice...I’m currently a bag holding retard with a break even of $450",1614642502,gpcvxpf,False,t3_lvf83e,t3_lvf83e,2
MasterKyodai,Shit stock - sell all and buy GME.,1614642469,gpcvvdd,False,t3_lvhbk8,t3_lvhbk8,2
ThatyogadudeB,"kidding man, sorta...I never hold them long though.  When I see them green, I just sell.  I'm willing to bet yours will come back up though.  All the volume on GME makes calls and puts shoot up and down almost at will.  Just keep an eye on them and when they come back up pull the string.",1614642464,gpcvv0q,False,t3_lvbr0s,t1_gpcueqp,1
NachoStash,This is 1000% correct - so I wait and wait and wait because GME’s day will come,1614642453,gpcvua5,False,t3_lvleax,t1_gpcm42c,509
McGottem,Drop the other 61% into gme lower your price point and ride to the moon.....this is the way.  I follow trends and this is trending! 90%+ to GME legggooooo,1614642446,gpcvtt4,False,t3_lvjdqa,t3_lvjdqa,1
jaxpied,Well the -5 to +5 is obv applied to GME. Point is if you place a ridiculously high sell order no broker is gonna look at that. They operate on the current price. Or do you think if someone were to place a buy order for GME at 5 dollars right now it would tank the price?,1614642429,gpcvslq,False,t3_lv7ahq,t1_gpcusgp,0
ghostmom66,I saw it. BB was giving me nerves so I dumped it into RKT.  just 100 shares. Keeping the rest for another gme dip. Up up and away 🚀🚀🚀,1614642415,gpcvrkz,False,t3_lvmkeo,t1_gpctswk,3
anchelus,I'm sorry. She kept telling me to sell $GME so I drop her off behind Wendy's.,1614642414,gpcvrjm,False,t3_lvo515,t1_gpcvccp,4
wsb_moonshot,"I stopped at ""FOMO"" and bought more GME. I'm sure the rest of the sentence was good too. Thanks.",1614642398,gpcvqh6,False,t3_lvkeek,t1_gpcsvif,1
XLuccaX,"If I had money to award you, I would but I spent it all on gme",1614642392,gpcvq0k,False,t3_lv95w9,t3_lv95w9,2
vasDcrakGaming,GME in S&P 500 probably 1 year after RC is CEO,1614642378,gpcvp0l,False,t3_lvjlis,t3_lvjlis,1
MrPoopieMcCuckface,I’m throwing another 1k at gme.,1614642360,gpcvnue,False,t3_lvkeek,t3_lvkeek,9
wanderingwomensitems,[gme](https://imgur.com/a/gDd73SJ),1614642356,gpcvnkq,False,t3_lv7ahq,t1_gpcuuin,2
Luv_Sosa21,"Honestly if GME is still low buy the time RKT does its run up and I cash out, I'm going to do just that 😂",1614642352,gpcvnai,True,t3_lvmkeo,t1_gpcvjbw,4
ConceivablyAnAsshole,I’m just a stupid ape. Please explain in simpler terms. The only thing I know is 🦍💪 and 💎👋🏻👍🏻. You guys are speaking gibberish. I think you’re saying buy more GME. I think that’s what I’m going to do.,1614642349,gpcvn1m,False,t3_lvkqmu,t1_gpcotos,122
mrscrewup,"I don’t really care if they talk about their stock. The thing is they go around saying any other stocks mentioned a distraction or anyone not agreeing a bot. This is an option trading sub for all stocks, not a GME sub.",1614642348,gpcvmyf,False,t3_lvkeek,t1_gpcvd98,3
Icy_Dragonfruit2122,This is GME in mid January but a better company and ownership that WANTS TO HELP US SCREW THE SHORTS! (Oh and we will throw in $1/stock for nothing),1614642340,gpcvmf7,False,t3_lvo1rr,t3_lvo1rr,60
Apneal,... the calls are still worthless if GME hits 800 by the 19th. The stock could go up 20% every day from today till expiry and the calls will be worth less every single day.,1614642337,gpcvm8x,False,t3_luv2to,t1_gp9djeh,1
Coldkiller14,"Hey unpinned bros 😁

Just came by to check if things were better.

*GME memes are the only thing on front page*

Well back to the deep underground I go.",1614642313,gpcvkm0,False,t3_lv6dtb,t3_lv6dtb,11
Shitty_Users,"Got it. Buy GME and AMC.

Thanks!",1614642294,gpcvjbw,False,t3_lvmkeo,t1_gpcuuqb,3
ForeignExercise4414,Am just Ape. Can someone tell me what % of GME is actually avail for normal trading right now? I know in VW 2008 short squeeze it was like less than 1%.,1614642278,gpcvi9a,False,t3_lv7ahq,t3_lv7ahq,5
[deleted],buying more GME,1614642273,gpcvhx5,False,t3_lvkeek,t3_lvkeek,3
chrswnd,"oh I have been waiting for this moment since I got out of GME.... a new (literally) rocket to board! 🚀🚀🚀
LFG!",1614642270,gpcvhp5,False,t3_lvb407,t3_lvb407,5
Darkplac3,"I’m in w you, 30 shares @ 22.04 but this is the gme thread take it elsewhere brother 

Also 3 26.5 3/12 c",1614642249,gpcvgac,False,t3_lv7ahq,t1_gpcvaxy,13
thesmiter1,"Obviously there are always favorites. But it was never this bad. I used to sort by new, and now it's just tons and tons of GME shit posts and 'DD' (also shit posts), and it's so much more difficult to find any tickers or DD than in the entire last year.",1614642248,gpcvg7y,False,t3_lvh0al,t1_gpcue7q,5
CartierCoochie,"We could be having another GME squeeze, it looks like it’s brewing !!! If we can just get past 130",1614642244,gpcvfwr,False,t3_lvkeek,t3_lvkeek,2
TrashOfOil,"I think RKT is going to prevent another GME squeeze.. people are going to sell GME so they don’t miss out on RKT early on. 
Positions: 400 shares of RKT, 150 of GME & 400 of VZ",1614642237,gpcvfhf,False,t3_lvkeek,t3_lvkeek,-1
Erikthered24ny,Look at this guys comments. He’s been steady plugging RKT on the GME thread. Kinda weird right?,1614642230,gpcvezc,False,t3_lv7ahq,t1_gpcuxbo,6
ttwbb,"Old news. He quit his job, so what? I’d do the same if i made 13 mill on GME.

Edit: I’m pretty sure I read the same news story a month ago, but here it says he lost it 2/26. Still, this looks like a weak sauce smear attempt to discredit DFV.",1614642222,gpcveeb,False,t3_lv7ahq,t1_gpcu0d3,10
Maxitote,Just buy GME.💎👐,1614642219,gpcve7l,False,t3_lvnwny,t1_gpcv9s9,20
James30Conner,Lmao the gametards that think any ticker getting mentioned is a “DiStRaCtIoN” for their precious GME bags 😂 you retards are pure.,1614642142,gpcv8w1,False,t3_lvkeek,t3_lvkeek,17
kevin181137,well Gme crashed 80% then went up 100%+ so I guess overall i'm still sleeping in the shed.,1614642128,gpcv7vz,False,t3_lvo7xl,t3_lvo7xl,4
jesse2h,"Except it's still entirely **extrinsic** value, your strike is still $35 past the market price of GME (when including extended hours trading today).

I'm not FULLY certain on when the prices of options are updated - if it's at market close, or open the next day - but I'd expect a -20% slice off this entire investment come Tuesday morning, unless GME just explodes in premarket/market open lol.",1614642120,gpcv7cl,False,t3_lvbr0s,t1_gpc5s0z,4
Geoclasm,"Bought 100 of [RKT](https://www.youtube.com/watch?v=_ue714d1V6I) before it hit 24.

Rock-it.

Rock-it.

Rock-it.

Rock-it.

Yeah. GME is going to be a long and grueling slug-fest through mud and blood and sweat and tears and crying and screaming and gnashing of teeth, and I'm all for it.

RKT feels like a good short-term play, so I'll be hodling that at least until the 10th. If it hits a point where I can cover my cost, I'll be doing that and then enjoy the rest of the ride.",1614642119,gpcv789,False,t3_lvkeek,t3_lvkeek,14
hammer_smash_scrotum,All I see is round 2 for GME...,1614642118,gpcv77d,False,t3_lvjlpy,t1_gpc7jbk,0
theyeoftheiris,"I wasn't built for the anxiety of GME volatility so I think once I make a few tendies, imma hop out. #sendhelp",1614642117,gpcv751,False,t3_lvkeek,t3_lvkeek,6
StopSelling_,buying gme makes me hard,1614729599,gph5no5,False,t3_lw4qgi,t3_lw4qgi,12
mccrackinn,"if you’re a new booty, GME is the only “real” squeeze, besides that & AMC (idk, haven’t even looked into it- I’m 100% GME, do your own DD) SHORT INTEREST DOESNT MATTER, neither do fundamentals rn but you should google that (stock fundamentals) & learn what they are & how to properly invest.. everyone has different strategies but nobody invests based on short interest alone, YOU ARE THE VICTIM TO THESE BOTS IF YOU THINK INVESTING *BASED ON SHORT INTEREST ALONE* IS THE MOVE AND NEED TO UNDERSTAND GME IS THE ONLY TICKER THAT CAN HAVE A BIG GAIN FROM THE SHORT SQUEEZE BECAUSE ITS OVER 100%- AN UNHEARD OF EVENT 🚀🐒🚀🚀",1614729599,gph5npo,False,t3_lwce20,t3_lwce20,-11
carlos_tak,"Had to take profits, bought and sold 4/1 35c for +180%. I already have enough risk with GME so I couldn’t YOLO my entire portfolio",1614729597,gph5nl2,False,t3_lw6hoh,t3_lw6hoh,0
slayemin,"A lot of people create margin accounts so that they can buy and sell on the same day. It takes T+2 days for your sold shares to settle and for the funds to become available again as buying power. If you sold $10,000 worth of shares, you'd have to wait 3 days before you could use that $10,000 to buy new shares. Having a margin account means you can sell $10k in shares in company A, borrow $10k from the broker to buy $10k shares in company B, and on T+2 when the trade has settled, the broker gets their $10k back.  


If you use your margin buying power to buy even more shares, then you're playing with fire. If you have $100k cash buying power and $100k margin buying power, then you have a total of $200k in total buying power. If you buy GME at $100/share and max out your buying power, then your gains double but so do your losses. If your losses get too steep, you'll get margin called by your broker by the end of the day, which means you have to either fund your account or sell off some shares to settle the margin call. So, if GME goes up to $150, you made 50% profit on $200k instead of $100k. If GME goes down to $50, you lost $50k and the brokerage lost $50k, you get margin called, and have to pay back $100k by selling your stocks at market value, and now your portfolio is worth $0. It's ridiculous to buy shares on margin because the level to go completely broke increases, and with volatile stocks like GME, you can really expose yourself to total losses on a coin flip.",1614729590,gph5n38,False,t3_lvx9b2,t1_gperr0h,1
xAsruo,Don’t down vote the rkt thread we are coming back for you don’t worry gme is about to rise again the next few days,1614729590,gph5n3y,False,t3_lw4qgi,t3_lw4qgi,7
Megahuts,"So, you mean that Cramer will go back on what he said about RKT today?

https://youtu.be/FAEQW0qsPsg

Have you considered that those hedgies you so hate might already have large long positions in RKT? 

It isn't a trash tier stock like AMC is or GME was.",1614729585,gph5mpy,False,t3_lwfcqj,t1_gph3sqi,9
Cuddlyaxe,tfw even the daily discussion thread is filled with gme now,1614729582,gph5mik,False,t3_lwce20,t3_lwce20,4
Eds269,"People keep saying it's bullshit but honnestly it's possible, i was around 17k at 17 so 23k is definetly possible. I put 5.5k of that 17k in gme at 17.60 and now im sitting on 45k at 18 , yes I sold.",1614729576,gph5m3g,False,t3_lw6jo2,t1_gpg5igc,-1
yolotrumpbucks,"Look. I have been in RKT longer than GME. I kept holding RKT from 20 because I thought it was a safe play with a fair value of 35-40. Now, I might sell, but it seems fairly valued now with a long road to increase. GME is still undervalued with much more room. It will be more volatile but has more likelihood of doubling at this point than RKT. RKT was just my switch from reits to mortage orginating instead to still be in real estate. It is not a yolo, it is a safe play. GME is the trip to the moon.",1614729572,gph5lur,False,t3_lwce20,t1_gph4cxs,5
auspiciousham,I honestly can't see any other posts through the constant GME echo chamber you'd have to watch new all day to catch anything but gme,1614729570,gph5lpz,False,t3_lwbhej,t1_gpgvdeu,2
LilRingtone,Relax bud. This sub doesn’t revolve around you and you’re GME bag holdings. There’s a shitload else to YOLO on for those of us that didn’t put every penny into one play. Filter the sub for your GME shit if you want it. That’s what ALL of us that want more plays have been happily doing with zero bitching and whining unlike the GME bagholders now. Go throw a tantrum on the GME subreddit,1614729560,gph5l00,False,t3_lweetq,t3_lweetq,11
inb4ElonMusk,GME old news now,1614729558,gph5kwj,False,t3_lwce20,t1_gph5hfo,-11
sad85man,Holding GME with 💎👐💎,1614729554,gph5km3,False,t3_lwap9f,t3_lwap9f,1
Some-other-guy-1,gme AND amc,1614729550,gph5kb9,False,t3_l67q99,t1_gkyolw2,1
Cuddlyaxe,what did you buy GME at lmao,1614729547,gph5k3c,False,t3_lwce20,t1_gph5dwr,1
echnocandplasma,This statement is true but even if regular investors panic sell GME it wouldn’t matter because the billionaires are duking it out and are causing it to rise and fall at drastic percentages. Look at last Wednesday. It went from 44 to 187 in AH. Lots of factors are playing in this stock and its nice that we’re here to witness it but me selling my 12 shares isn’t going to bring this back down to $38,1614729544,gph5jxv,False,t3_lw7z8v,t1_gpg5tij,1
Moonboyeditz,Spread the message. $RKT is just another pump and dump. The real RKT is coming for GME!!!!,1614729531,gph5iz1,False,t3_lwce20,t3_lwce20,-16
mctunabutter,"Do you honestly think the GME squeeze is over? Like the very fact that it is moving such insane volume and it moving up and up should be a very good indication that the squeeze isn’t over. 

    Also wtf is CNBC?",1614729531,gph5izb,False,t3_lutnhr,t1_gp9hmha,1
Dull-Feedback5988,Good thinking! But what happens to this company's price after a partnership is announced? And what to GME,1614729529,gph5it3,False,t3_lwdyn7,t3_lwdyn7,2
Kvartal33,I have learned how to diversify my portfolio! Bought GME on all open brokerage accounts,1614729522,gph5iai,False,t3_lw4qgi,t3_lw4qgi,19
ExpressoDepresso1997,Gme and uwmc all the way,1614729518,gph5i0k,False,t3_lwce20,t1_gpgxxs8,1
tarantino63,There's only one stock to rule all the retards and that's gme. Eyes on the prize guys. They want you settling for pennies,1614729510,gph5hfo,False,t3_lwce20,t3_lwce20,-1
WeaponizedAutism12,Im sure people are but everything gets drowned out by GME tards,1614729510,gph5hfy,False,t3_lwce20,t1_gph5azr,3
Tarheelbrdr8,"$GME TO $1,000!  Screw the hedgefunders!",1614729505,gph5h25,False,t3_lw7z8v,t3_lw7z8v,3
SignificantChain5642,Lost 150k on GME about to loose another 150k on RKT 🤦🏽‍♂️ where’s my rope,1614729499,gph5gp1,False,t3_lw6hoh,t1_gpfjhwb,8
Plastic_Intern483,"UWMC is NOTHING compared to RKT. 

AMC is to GME as UWMC is to RKT. 

TLDR: Buy RKT",1614729497,gph5gka,False,t3_lwce20,t3_lwce20,9
MelvinABitch,I really want to know what you see in AMC that GME doesn't have. I only see ultimate retardism,1614729485,gph5fnv,False,t3_lwc8du,t1_gpgklj4,21
Tarheelbrdr8,"$GME TO $1,000!  Screw the hedgefunders!",1614729476,gph5ezm,False,t3_lwae0v,t3_lwae0v,0
quaeratioest,Take profits in RKT and put it back into GME. This is the way.,1614729473,gph5ese,False,t3_lwce20,t1_gph52l1,-1
Professa333,GME is life,1614729472,gph5eqc,False,t3_lwce20,t1_gph4tlu,1
murmandamos,Nobody bought gme because they like the company. You're making my point for me. The stock is completely removed from the business. I would bet at least 15% of the rkt gains today are literally because it's called Rocket and that made retards post about it 🚀🚀🚀,1614729470,gph5ejp,False,t3_lwce20,t1_gpgxf0d,2
Professor3429,"I was hoping to catch GME on a dip today but work got in the way. Up in after hours. 

Moves: buy on (if) a dip, hold until tendies.",1614729468,gph5egt,False,t3_lwce20,t3_lwce20,2
Moonboyeditz,"$RKT is the next $SNDL or $TLRY. If you wanna baghold the shjt outta that, go ahead! I'm riding my GME rocket to the moon baby 🚀",1614729460,gph5dwr,False,t3_lwce20,t3_lwce20,3
Beautiful-Pace,When will I get my stimmi so I can put all of it into more GME?,1614729453,gph5dew,False,t3_lwce20,t3_lwce20,7
DankBoiiiiiii,Now if only you’d held gme :),1614729443,gph5cnh,False,t3_lwcghb,t3_lwcghb,1
Vladiator16,"GME is the way, nothing wrong with making tendies elsewhere to add more fuel to the GME fire though",1614729440,gph5ch7,False,t3_lwce20,t3_lwce20,0
ryanbambi,"Wowie I struck a nerve, sorry if I was wrong, just a lot of kids pretending to be horny women online. And no as you can see I from my account I go on Reddit like once a month. 

Many many many many “children” are on this subreddit that’s a fact, 16-20 is the average last time I checked

Also pro stock tips, do not follow the lead of the hoard, be the one asshole who follows all these pages and shit and counteracts their movements, eg buy when the gme shit first started and sell when everyone is telling you to hold 

And again, I don’t think it’s that wild of an assumption to assume your fake when u see a brand new profile with a profile picture of a grown woman (also don’t sell yourself short your very pretty) who is only active in a subr make famous by highschool students (mostly not all) and having only like 4 comments 2 of which being about masterbating and 2 being about stocks

Just not somethin u see everyday

Edit: also yes my spelling is atrocious, I only go on Reddit when I’m high and on my phone so, sorry but I’m not gonna change lol, most of Reddit is a cesspool anyways

Like this meme here, “stock market doesn’t go up, masterbate” like, again, this is a place for kids and their shitty memes",1614729438,gph5cbs,False,t3_lvatk3,t1_gph3pu4,2
Bludmaker,787 shares of GME! U betcha buckaroo!!!,1614729421,gph5b1h,False,t3_lwce20,t1_gph4dwo,1
moonski,"Does that not seem strange to you? 

If something is the most talked about ticker on wsb - it’s popular. Gme mega threads get 20/30/40k upvotes. RKT gets 200? That’s no suspect to you. Really? Bruh",1614729420,gph5aza,False,t3_lwce20,t1_gph522j,1
Moonboyeditz,Fuck RKT! I sold at 40$ to buy more GME!!!,1614729418,gph5au2,False,t3_lwce20,t3_lwce20,-1
SubjectDiscipline,"GME went to over $300 and has recently settled above $100 so who knows! Short sellers have until Friday EOD to get out or they are on the hook for the $1.11 dividend + other staggering losses they’ve taken in this run up

Main rule - don’t invest any more than you can afford to lose. I want people getting fat tendies, not risking homelessness",1614729411,gph5ae2,False,t3_lw37yp,t1_gph46f7,2
Upper_Piano1809,RKT ain’t shit compared to the upcoming GME squeeze let me make that very clear. But yes there is good money to be made in this RKT squeeze. You make  sure you remember your words. Cos karmas a bitch if you get too cocky,1614729398,gph59g4,True,t3_lwf0md,t1_gph4t1f,3
Lion_Awkward,GME took multiple days to hit real ceiling. same for RKT right?,1614729385,gph58l6,False,t3_lwce20,t3_lwce20,5
StopSelling_,GME is the only way,1614729381,gph58ad,False,t3_lw4qgi,t3_lw4qgi,15
[deleted],"Might be dumb to sell on Friday, when a week from Friday GME hits $450",1614729371,gph57lb,False,t3_lwce20,t1_gph44gp,1
fugoogletwitter,Who’s buying Roblox IPO next week 3-8-21? It’s gonna be bigger gains that GME or RKT.,1614729371,gph57ld,False,t3_lwap9f,t3_lwap9f,1
buffalojay83,Buy some o dat GME,1614729354,gph56d7,False,t3_lwce20,t3_lwce20,4
stompTheLogoRavens,I guarantee you’re bagholding gme,1614729340,gph55ch,False,t3_lw6hoh,t1_gpgnlpz,0
Netamashii,"I hope you guys don't fall for the classic ""buy the rumor, sell the news"".... GME 52@124",1614729338,gph5575,False,t3_lwdyn7,t3_lwdyn7,3
Affectionate-Tree842,GME,1614729338,gph557o,False,t3_lwce20,t3_lwce20,2
JackRyan1970,"I think she is pissed she missed the $RKT posts since they got buried beneath GME stuff. 

Oh well... we have other girlfriends.",1614729313,gph53ev,False,t3_lw4wq0,t1_gpfff8k,3
2cats_1dog,"Righto. If only my time machine was operational. Haha

Well overall. I’ve been happy to snipe some profits on GME round 2 as well as finally an early entry on RKT..but gains are commensurate with a non retarded portfolio management where I “only” commit 20-40 percent. My day trader sister has a heart attack at this level, but my gains pales in comparison to the YOLO success we are seeing on these same plays. 

Good luck with the next plays. May you buy early and YOLO with gusto",1614729309,gph534w,False,t3_lwcghb,t1_gph4390,2
[deleted],Buying some of this cool new startup GME,1614729304,gph52ts,False,t3_lwce20,t3_lwce20,5
Bewbologist,"Okay my math-poor ape brethren:

Take the price per share of GME right now, add 999,880. That's the price I'm waiting for.",1614729303,gph52q1,False,t3_lw7z8v,t3_lw7z8v,1
WilliamButtlicker87,"Tell me you bought into GME when it was too high and you are scared shitless, without saying you bought into GME too high and you are scared shitless..",1614729302,gph52nc,False,t3_lwd9cx,t1_gpgox9j,4
Pickles2393,I'm ready for the squeeze so I can get my profits and buy more GME,1614729301,gph52m7,False,t3_lw4qgi,t3_lw4qgi,6
dropez,Is there a way to filter out GME posts? Need that expeditiously,1614729297,gph52ak,False,t3_lwce20,t3_lwce20,6
carolineabi,"Okay? That’s stuff I already know. Assuming I don’t then that’s the same as saying gme could be at 1000000 without trying. But no it’s not the same. Only reason this goes up rn is because people are misinforming the special dividend hype. Sure it’s a good company in the long term (that’s what the DD was talking about) but pumps and dump like this will cause those type of long term gains to be lost. Look at BB for example. So no, it couldn’t “easily” be 80. 

Especially when this is time sensitive where once the dividend gets distributed, the price of rkt will correct automatically for the insane divy price. Then when all those people who hopped on at 40, gets met with a $3-5 drop, they’ll sell. YES THEY WILL SELL. Causing the price to drop and rinse and repeat. 

I love how all you rktards are misinforming so many people from this. Atleast with amc, gme, and pltr they didn’t have these type of factors. But because there are these type of factors in RKT, you guys try to use it selfishly",1614729293,gph521l,False,t3_lw6hoh,t1_gph0o3k,1
[deleted],And if someone broke into your house you would accuse them of distracting you from GME,1614729279,gph50zp,False,t3_lwce20,t1_gph4rmk,3
Luv_Sosa21,"Sold early asf because I didn't want another GME scenario on my hands, but still broke my financial goal of 6 figures today and couldn't be happier! No regrets on securing my profit!",1614729268,gph508e,True,t3_lvmkeo,t1_gpgon2y,2
StopSelling_,SEC is a sellout. BUY GME SELL RKT,1614729268,gph5092,False,t3_lw4qgi,t3_lw4qgi,5
Arcanosaur,"they are desperately trying to pull people and attention away from GME..

..but we ain't, goin' nowhere

we can't be stopped now

💎🙌",1614729267,gph505l,False,t3_lw4qgi,t3_lw4qgi,16
Investorian,To buy more GME,1614729254,gph4z7t,False,t3_lwep8m,t1_gpgxge4,11
Educational_Limit308,"Rode the RKT up, sold, and bought 178 shares of GME. Now my whole portfolio is GME. Does that make me completely retarded now?",1614729223,gph4wyv,False,t3_lwchqg,t1_gpgrqhb,446
dema9o9ue,"Of course GME but also PRPL. Earning on 3/4 and I’m telling you this company is the future of beds, couches, car seats, pet beds. Literally anything soft will be made with their tech in 10 years. Try it if you don’t believe me. Life changing.",1614729215,gph4wff,False,t3_lwce20,t3_lwce20,0
jerrywastakenlol,$WSGF for some quick cash yall... money goes to GME ofc,1614729207,gph4vum,False,t3_lwce20,t3_lwce20,1
lumbyadventurer,"Alright, I don't know why but I believe you 1000%

Bought all I could with the money leftover after buying GME 🙏🚀",1614729203,gph4viw,False,t3_lwdyn7,t3_lwdyn7,3
eviltwink,"right, which is a huge jump from last week, and way above what ""Experts"" value the stock at ... acting like GME is a boring old dead horse when its happenings are the most interesting thing to happen to the stock market in ages is not it.  congrats on your RKT.  doesn't change the point that it's NOT in fact, replacing GME /as the only meme stock worth the attention in terms of unprecedented transfer of market power from hedgies to regulars/, and the corporate media redirection that's replacing it in the news is 1- obvious 2- a joke",1614729200,gph4vc6,False,t3_lw4qgi,t1_gpgwra0,0
brianjoseph_,No RKT is the new GME,1614729199,gph4v8x,False,t3_lwce20,t1_gph4rmk,-1
ThizzWhatitiz,AMC was a candidate for a short squeeze but when they added the amount of outstanding shares that messed everything up. It doesn’t have the gamma squeeze potential GameStop has due to the little amount of outstanding shares. I’m seriously contemplating selling all my AMC shares and going all in on GME. Definitely selling at least 100 AMC shares to buy more GME tomorrow. Staring to think it was all just a distraction from our enemies.,1614729197,gph4v39,False,t3_lwap9f,t1_gpgyvsw,4
Sector7B,$GME is going green by the close of AH!,1614729193,gph4uuc,False,t3_lw4qgi,t3_lw4qgi,20
LemonVitaTe,Yeah op is crazy or retarded or mad balls. Almost bankrupt once and now doubling down. This is good entertainment. Please close the short and long GME. Tell us if Atlantis is real or not when GME goes to the moon.,1614729190,gph4un6,False,t3_lwbeg3,t1_gpgj5mm,39
HookersForDahl2017,You guys make everything about GME,1614729175,gph4tlu,False,t3_lwce20,t1_gph4rmk,2
fatalgrowth,Have you seen them on the GME thread?? 🤣😭,1614729175,gph4tmz,False,t3_lw6hoh,t1_gph2o1f,1
JBUCKS3,"Probably, then they’ll start saying RKT is the real squeeze and GME is now the distraction cause that’s what bag holders do.",1614729167,gph4t1f,False,t3_lwf0md,t1_gph4lne,1
mctunabutter,"GME has way less shares than AMC. AMC has like a hundred million plus shares out there. GME has thirty something million. GME can pivot operations and grab a huge chunk of a massive gaming market. AMC if they can’t reopen to full capacity (likely they will run at half capacity for a while) will be in the red again by December then they will very likely do another share offer to raise funds again. I’m fucking new here, and I’m a fucking idiot so take that with a gain of salt. Full disclosure all in on GME.",1614729156,gph4s9w,False,t3_lutnhr,t1_gpavbpu,0
Professa333,"I'll say it again, RKT is just the new silver distraction campaign against GME",1614729147,gph4rmk,False,t3_lwce20,t3_lwce20,-7
TheMariannWilliamson,"FWIW - someone with $2mm in the bank is going to use a different exit strategy than you and also is in different positions

For example, DFV - the guy made most of his profit on calls, didn't exercise any of them, and kept most of them in cash. During the run-up the GME crowd meanwhile was saying no calls, shares only. Around the time he quit posting 3/4 of his holdings were in cash while the GME crowd was talking about diamond handsing and ""if he's not selling i'm not selling"" - not realizing the man got rich on an entirely different strategy, bought in way lower, and kept most of his winnings outside of shares

Basically... do what works for you. Ain't no solidarity with randos on the internet who don't care about you. I made plenty on GME during the first squeeze, loved it, was on the ape train, then [got called a shill for investing in RKT today.](https://www.reddit.com/r/wallstreetbets/comments/lvzh9h/daily_discussion_thread_for_march_02_2021/gpf5ddt/?context=3). All AM every single RKT comment was receiving downvotes calling them bots of ""hedgies"" (lol I'm sure hedge fund bros are very insulted by that). Now sentiment has swung the other way and all the GME-or-die gang is acting like they always liked this stock. Don't listen to anyone on here including me - only you know your risk tolerance.",1614729142,gph4rbh,False,t3_lwcghb,t1_gpgp0le,4
FactsRking,Took some money from my wife’s boyfriends wallet and I’m putting it in gme,1614729135,gph4qs3,False,t3_lwce20,t3_lwce20,2
Bludmaker,shares of GME! Got it.,1614729134,gph4qrb,False,t3_lwce20,t1_gph4fof,5
wine_o_clock,"I’m not sure why it even matter, but according to last filings Citadel owns more GME puts than GME calls and shares, and more RKT calls and shares than RKT puts. They like the stock. But again, why does that matter.",1614729132,gph4qk9,False,t3_lw6hoh,t1_gph37hd,3
rd201290,"this cat is just a distraction from GME, wake up sheeple!

edit: but it’s so CUTE",1614729132,gph4qkd,False,t3_lwfem7,t3_lwfem7,1
WeaponizedAutism12,My god .. watch as the elusive GME ape transforms into a rocket as he has found a new ticker rto latch onto,1614729126,gph4q6g,False,t3_lwce20,t3_lwce20,1
Cuddlyaxe,"I don't care about ""letting the hedgies win"" I care about making some fucking money lol

all these people who joined in the last month want to make this sub some sort of movement and it's annoying as fuck. If you think GME will go up then stay in it and get that cash, but don't make it some fucking moral crusade lmao",1614729124,gph4q01,False,t3_lwbhej,t1_gpgvowf,49
easymac187,Watch my stocks grow and enjoy my birthday! Hopefully we can get GME to $800+,1614729124,gph4q0x,False,t3_lwce20,t3_lwce20,4
JackRyan1970,DA F YOU GONNA DO WITH THAT WIN? DUMP IT INTO MARCH 19 GME OPTIONS?,1614729122,gph4pum,False,t3_lwd0bu,t1_gpgn0zl,166
CAT6_,"GME, AMC, and others are the result of WSB's special brand of vengeance capitalism. These should be looked at as anomalies. During the time leading up to the original explosion, the formula actually did work on GME and AMC which is why I decided to buy. This was supported by the fundamental reasoning that it was actually over shorted and WSB was actively discussing fucking the hedge funds. I could have sold, yes. However, I knew that trading restrictions and general market fuckery were in play.

I don't bow to hedge funds and exchanges. I could sell right now at an overall gain, but I'm not here for the tendies of other users. I'm here for hedge fund tendies.",1614729119,gph4pml,True,t3_lweje6,t1_gph444k,193
dragginpure,I'm a shill? I already took my profits on GME. You can invest in multiple stocks at once my dude.,1614729115,gph4pdo,True,t3_lwf0u7,t1_gph20dn,1
Ousref,Still in gme because I like the stock,1614729114,gph4pa7,False,t3_lwfppm,t1_gph3orm,3
Technical-Move8365,"A-FREAKIN MEN! Every time I hear something positive about any stock I do the opposite. They are not in the best interest of retail investors and time has proven that. They are not Morgan and Morgan they are not for the people. I am not a cat but a I’m a simple crayon eating ape holding on to my banana GME stocks just waiting for lift off. If so many people have way more invested then I have , I will ride with my fellow apes! I am not a financial advisor because I read at a 2nd grade level and my favorite snack is the green crayons.",1614729113,gph4p7y,False,t3_lwbhej,t3_lwbhej,1
herbhugo,"The only move is GME, everything else is a distraction",1614729101,gph4oe2,False,t3_lwce20,t3_lwce20,6
BorisYeltzen,"Can someone please explain WTF manipulation hedge fund shit is going on here... GME 3rd March 24 PUT - why/who in the fuck is trading it - seems like some manipulation type shit trading internally to create fake profit or something.. 22 thousand volume and open interest only increased by 32 contracts. Please explain
https://imgur.com/ehEjfL4",1614729100,gph4oaw,False,t3_lw4qgi,t3_lw4qgi,7
Merthrandir,Skynet likes uwmc humans like GME.,1614729098,gph4o69,False,t3_lwce20,t3_lwce20,6
Bcweasle,"I initiated a transfer to Fidelity over the weekend, but I didn’t realize that RH disables your trading while the transfer is in progress. 5-7 days of limbo for my GME shares..",1614729088,gph4nh6,False,t3_lwavmv,t1_gpgwobv,0
Bludmaker,4146 shares of GME! Got it.,1614729084,gph4n7h,False,t3_lwce20,t1_gph4hkt,7
tkepongo,Oh yeah definitely plan to sell to lock in my profits. Too many times I’ve missed profits due to greed. Hopefully this stock doesn’t start dwindling down like GME does,1614729076,gph4mms,False,t3_lw6hoh,t1_gph4ej4,3
Midwesternfuck,GME AMC are the only stocks,1614729075,gph4mls,False,t3_lwfi07,t3_lwfi07,1
upandfastLFGG,"Honestly felt like the situation was building up for months. Been in it since ipo and I’ve never seen a stock get as manipulated as RKT. 

Super low float and institutions were trying to pin the price at $20 forever. for a company who’s fundamentals are actually super legit, something had to give.

Also there were hints of it when RKT was one of the stocks blocked last month by RH during the GME and amc squeezes but it was barley even mentioned",1614729067,gph4lzb,False,t3_lwce20,t1_gpgnabn,6
marcotrj,Same bought a call and selling tomorrow to buy more gme,1614729066,gph4lyx,False,t3_lw8v6c,t3_lw8v6c,2
tubbybutters,Can you please roll the fuck into GME now?? And congrats 🚀,1614729064,gph4lt0,False,t3_lwcghb,t3_lwcghb,1
JustANyanCat,That Dow Jones article headline made me want to buy more GME,1614815984,gplghgd,False,t3_lx7uaz,t3_lx7uaz,1
[deleted],You'll have plenty of money spend on games on the revamped GME website (compliments of Matt Francis) soon enough,1614815960,gplgfvd,False,t3_lwtejk,t1_gplfxvp,7
xRegretNothing,"honestly, im kind of pissed he gets to liquidate all his GME shares pre-resignation at these high prices even though he was inadvertently running the whole thing into the ground.",1614815957,gplgfmc,False,t3_lx2n82,t1_gpkpwuf,20
fasulo_,You just convinced me to mortgage my parent’s house and go all in on GME FDs,1614815947,gplgexq,False,t3_lx37hi,t1_gpkv85y,40
Radio90805,Check this chart out same exact pattern of movement  $39-$43 on the 20th to 21 mirrors today’s jump from $118. - $124 [Gme price action chart old squeeze vs new squeeze ](https://imgur.com/gallery/J2E2B9d),1614815942,gplgel4,False,t3_lwtejk,t1_gplg7vu,4
theshamanist,Just buy amc and gme,1614815942,gplgem0,False,t3_lwuak0,t3_lwuak0,0
Vladiator16,"Dear GME,

Give me money. Money me. Money now. Me a money needing a lot now.",1614815936,gplge6z,False,t3_lwtejk,t3_lwtejk,48
mtrey23,Got the palm reading.  Confirmed $GME 🚀🌜🌑🌛,1614815912,gplgcj6,False,t3_lx37hi,t1_gpl8g1u,1
theshamanist,GME AND AMC,1614815870,gplg9ne,False,t3_lx47v2,t3_lx47v2,2
DrunkSpartan15,"Personal speculation here. Not in the biz just a gamer. Steam would be tough to kill, it’s rooted itself as the go to for PC gaming. The only reason why Epic was able to take a chunk of their market ( last I heard they took about 25%, but that was months ago) was giving out free games. Even with free games they are no where near close to competing with Steam. 

GameStop already has an uphill battle with becoming an online presence. Don’t get me wrong I’m holding GME and want them to succeed, I just don’t think they will be able to be a threat to Steam for a long time. What could GameStop offer to publishers and customers that Steam couldn’t? Exclusivity deals would divide the market. And unless they want to undercut and take losses it would be tough for them to be more appealing than Steam.",1614815856,gplg8oq,False,t3_lx5yjb,t3_lx5yjb,10
Vladiator16,"Dear GME, UWMC

Give me money. Money me. Money now. Me a money needing a lot now.",1614815853,gplg8i8,False,t3_lx47v2,t3_lx47v2,22
ucbmckee,"If the stock isn't going to grow, 'cost averaging down' is just sinking more good money into a bad stock. You should look at each purchase as an independent investment. The 10 shares you bought at $300/share will always be 10 shares you bought at $300. Whether that tranche has a return or not has nothing to do with whether you buy a second tranche at $40/share. If you're looking for a long investment, there are seriously better candidates than GME. I'm a diamond handed bag holder myself, but not a retarded ape. Also not a financial advisor.",1614815850,gplg8c4,False,t3_lwz5yu,t1_gpl9nw3,18
Dragon747,Amen brother ape.... GME is the only play here... Once in a lifetime setup brought about by excessive greed.... don’t lose sight brothers,1614815849,gplg890,False,t3_lx7mvv,t3_lx7mvv,1
jt051215,"Im a recluse and sore loser in real life. Im holding GME because of the brotherhood, the bonding over memes and banter makes me very happy.",1614815841,gplg7rs,False,t3_lwtejk,t3_lwtejk,44
Kabrosif,Let me guess you hold .047 of a GME at $350 on Jan 28th. We been holding for 1 day and the dividend still pays out Monday which shorts have to pay or cover by Friday. Remind me in 2 days.,1614815834,gplg77y,False,t3_lwtgh5,t1_gplfsuk,13
dawn-a-thon,"Ok, I’ve seen some posts speculating about the possibility that there will be a stock split with GME. Is there any real reason to think that might happen? What would drive something like that?",1614815824,gplg6j5,False,t3_lwtejk,t3_lwtejk,5
SpeedoCheeto,"Sold 3/5 calls for +2400%, rebought in shares of RKT and GME

Honestly couldn't tell you why there's SO MUCH anti-RKT rhetoric around here. GME bags feelin heavy enough on a bunch of paperhanded Andys that they gotta run around shitting on anyone making any other kind of play?

Guise idk if you know this but lots of us are used to trading multiple stonks at once...

IMO there's still catalysts in play and the CEO said today that he thinks the price is undervalued at $40. Allegedly they still own 95% of their own shares, too. CEO could ABSOLUTELY callback 1b shares tomorrow or Friday as lots of short positions need to get covered and HFs and institutions loading up long for the $1.11 dividend.  


I see a bunch of turds around here laughing at the dividend... guise $1.11 is quite high. If you hold 10k shares, 10 grand just gets dropped off to you from the RKT fairy.",1614815820,gplg69f,False,t3_lx4a75,t3_lx4a75,39
InvisibleLeftHand,I know a few apes who've been holding on GME for the past two months and are now millionaires coz they sold high. How good did that work out for you?,1614815820,gplg69s,False,t3_lx47v2,t1_gplg10g,2
Sufficient_Tough6253,"This subreddit was founded on being proud and tarded. Not on GME. We look for the most retarded opportunities never forget. RKT looked good at 18 and looks even better now because it has gotten attention. 

Were gonna take a trip in our favorite rocket ship",1614815815,gplg5xo,False,t3_lwtgh5,t1_gplb2hz,3
MajorKeyBro,Real money is gonna be made in gme tomorrow,1614815814,gplg5vm,False,t3_lx7tlg,t3_lx7tlg,5
jaycrft,"Ten bucks is ten bucks :)  

Pretty sure there are sites out there for buying accounts - during the GME blowoff phase there were thousands of 1k+ karma accounts that had never posted on WSB before shitposting one sentence posts about how it's time to sell the stock and Melvin did nothing wrong.  

On the other hand if this is real, now you know the sort of person that puts 75% of their retirement money into Schwab bond fund in the middle of the biggest bull market of all time?",1614815813,gplg5u5,False,t3_lu1kcl,t1_gplftd5,1
turtlelabia,"Yes that’s what WSB started out as and what it is at it’s core:  Rich trust fund dudes who “invest” crazy amounts of money on even crazier plays, mostly for the lolz.  Only when the GME shit show started it kinda changed the sub into a few demographics: the rich OGs who still make crazy plays and then GME bandwagoners who come lookin for the next squeeze or whatever. ALL are retards though, nothing ab that has changed.",1614815792,gplg4dl,False,t3_lwz5yu,t1_gpkbcqa,2
Snoo_96430,Ah simple times before GME lol,1614815776,gplg39l,False,t3_lx47v2,t1_gplfzes,4
EmptyDimensions,You sold amc for gme 🥺,1614815771,gplg2vj,False,t3_lx2aek,t3_lx2aek,5
redditish,Around the same time some HFs reduced selling pressure and manipulation. They don't want congress on their rear ends with the continuing hearings and limelight on GME.,1614815755,gplg1sj,False,t3_lx4xp1,t1_gpl0fgq,2
[deleted],"Stimmies, tax refunds, Q4 earning report, and Ryan Cohen as GME CEO all announced the same week in March. $130 -> $130k per share",1614815747,gplg1a2,False,t3_lwtejk,t1_gplfuaw,37
johnwithcheese,"Investors own 100% of the float. Institutions own a massive amount as well. It’s all up in there air about who owns what but do NOT underestimate the power of the internet. 

We have individual investors from all over the world. People like gamestock. People like being greedy and making money. This is bigger than this subreddit, wsb just lit the match but it’s much much bigger than anything anyone could we could have anticipated. 

Hedges want to make money, not all of them have short position on gme, in fact out of the 15,000 investment funds only a few are involved in the short. The rest will pool their resources to buy up shares at high prices because the math supports more than 9 digits. The dtc can afford to pay 100k, they can pay 30m a share before they’re completely fucked. 

Gme trades on international markets, everyone has access to the internet and to the stocks. They don’t give a fuck about memes, people wanna make money. And this is a cow they can milk over and over again. 

I understand your perspective. I really do but you lack the imagination and experience to understand how markets work and I don’t have the capability to explain it all to you. 

Good luck with your trades. I’ll cover my costs and then I’m holding to my fucking grave. Diamond hands aren’t a meme.",1614815741,gplg0ur,False,t3_lwwoc4,t1_gplc1g5,1
Radio90805,Anyone notice $39-$43 on the 20th to 21 mirrors today’s jump from $118. - $124 [Gme price action chart old squeeze vs new squeeze ](https://imgur.com/gallery/J2E2B9d),1614815735,gplg0fe,False,t3_lwtejk,t3_lwtejk,23
CoronaPooper,RKT nor GME are new to wsb. They both go a while back. I think a lot of new people that started this year aren't used to making or losing a lot of money day to day. They likely believe if someone buys GME they wont buy RKT and they will somehow lose money by being the last bag holder. It's silly and before it gets better it'll likely become a little worse.,1614815711,gplfyom,False,t3_lwta3q,t3_lwta3q,1
bubblebuddy26,Anyone suspect of GME earnings expectations through the roof for 3/25 then goes back down to losing per share every quarter after? Only negative I’m seeing to all ining GME here,1614815711,gplfyp4,False,t3_lwtejk,t3_lwtejk,-12
mouldyrumble,"*$20 game on steam*

Jees idunno kinda pricy

*GME dips 5 dollars to $115/share*

Don’t mind if I do!",1614815699,gplfxvp,False,t3_lwtejk,t3_lwtejk,60
[deleted],Bull shit...this is bait! Hold gme and amc. To say I'll buy into gme latter....means your paper hands and a bitch,1614815692,gplfxcx,False,t3_lwgzjs,t3_lwgzjs,-2
Giant-Space-Hamster,Continue to hold AMC and GME. That’s my move.,1614815683,gplfwqr,False,t3_lx47v2,t3_lx47v2,10
Spartacus19845,"People thinking GME is going to squeeze again haha, it already happened and if you weren't in the first one hope you got the mini run last week but there will be no other ""squeeze""...probably go down to $80 tomorrow and then $50 before it goes back above $150",1614815674,gplfw4v,False,t3_lx47v2,t3_lx47v2,-20
ThisIsBiggy,"I have a much easier time seeing GME $1,000 than I do SPY $420",1614815670,gplfvuw,False,t3_lx47v2,t3_lx47v2,1
AbsoluteHeroFace,"HOW TO TELL WHEN THEY'RE TRYING TO DISTRACT US FROM GME:

They write good, in depth DD backed up by solid evidence and open market proof of their theories. Analysis makes total sense as does the patterns in s given chart.

If all of this is present and points to positive moves of a given stock then there is only one conclusion.

THEY'RE TRYING TO DISTRACT US FROM A STICK THAT ISN'T EVEN OVER SHORTED ANY MORE

Don't get me wrong I bought into GME for $26 back in January and am still diamond handing like a champ but people need to get over the run foil hat stuff now. It WAS happening back when we were at war but now it's just a good stock that we like with less than 40% shorted, no real squeeze to force any more and therefore no reason for anyone to try and speak out attention like that had to previously.

Speaking of spreading our attention there IS a new play going on.. beyond even RKT. It's so good that we gotta say it twice (cos it makes a cool noise)..

SKT SKT",1614815660,gplfv61,False,t3_lx0ls8,t3_lx0ls8,0
mrCaptchaBot,The only cure is more ~~cowbell~~ $GME.,1614815658,gplfv0r,False,t3_lwtejk,t1_gplf2h6,8
InvisibleLeftHand,"I doubt it, but that'd be cool. The market volume GME has doesn't seem to be enough for this.",1614815655,gplfurr,False,t3_lx47v2,t1_gplfdpx,1
tellmetogetbacktowrk,"What’s it going to take for GME to break $130?

Edit (20 hours later): it broke $130!",1614815648,gplfuaw,False,t3_lwtejk,t3_lwtejk,19
sjunipero,"Those are the new dumb retards who bought GME on January 27, ATH. They’re just fucking salty seeing other people make tendies on other stock.",1614815648,gplfubk,False,t3_lwtgh5,t1_gpl4f29,9
rcarmack1,"I would love to see somebody post some strong DD in either direction of gme hitting 100k or not. Seems to be alot of ""100k is not a meme"" and ""you're dillisunional if you believe 100k.""  No strong analyis for either direction on this sub at least.",1614815636,gplftho,False,t3_lx70uq,t3_lx70uq,6
realpersonnn,FROG ICE CREAM x GME !!!!!! IF YOU KNOW YOU KNOW,1614815632,gplft5r,False,t3_lwtejk,t3_lwtejk,18
DerivativeIntegral,Hilarious that you sold your measly $26.56 of AMC and threw that into GME as well.,1614815630,gplft15,False,t3_lx2aek,t3_lx2aek,12
shravanvijay,So GME as well then?,1614815625,gplfspe,False,t3_lx63gr,t1_gpl7v6b,1
tellmetogetbacktowrk,"What’s it going to take for GME to break $130??

Edit (20 hours later): it just broke $130!",1614815617,gplfs59,False,t3_lx47v2,t3_lx47v2,6
mold_motel,Just want to thank you for the quality DD.  Can you comment on how the ETF's holding GME factor into this?,1614815584,gplfpvf,False,t3_lx6n1d,t3_lx6n1d,1579
RubberRefillPad,"This is important for young, new, not yet diamond handed apes to know. Id award you but its going in to GME",1614815565,gplfoh5,False,t3_lx2n82,t3_lx2n82,9
echowon,it should surge tomorrow and into friday.  im debating seeing green again and bailing on them for more gme..or just putting actual fucking money into my saving account again haha,1614815557,gplfnzk,False,t3_lx47v2,t1_gplfgk8,2
imamilehigh,"Exactly. If your thesis revolves around convincing others to buy and hold it doesn’t sound like it holds a ton of water. I have 2 GME shares left, on house money, after a profit... just in case. I will absolutely buy more if it goes down 50% again, but I am not sitting around waiting nor am I buying more at $100 each.",1614815530,gplfm24,False,t3_lx66c3,t1_gplf18m,8
St_Bernardus,Because I choose to believe they are selling off everything else to pay for gme losses,1614815527,gplflsv,False,t3_lwtejk,t1_gplf250,7
lvkarich,Just put it all back in GME,1614815523,gplfljr,False,t3_lx47v2,t1_gplfbvq,1
[deleted],This is bate! Hold gme & amc!,1614815509,gplfkju,False,t3_lwlxh5,t3_lwlxh5,1
redblade79,The fact GME is still holding strong gives me the warm fuzzies,1614815509,gplfkko,False,t3_lwtejk,t3_lwtejk,48
leemrlee,"Then there's me, a dumb ape struggling to pay off my student overdraft which I accumulated from heavy drinking and bad decisions several years ago, waiting for my 2 GME @ 232 to go to the moon so I can get back on my feet. 💎👐",1614815504,gplfk7t,False,t3_lwyb27,t1_gpjyo7f,4
ComfortMailbox,my 75$ gain has turned into 60$. I should have just thrown it all at GME. But you know what they say long term holds are just short term holds that did not work/,1614815487,gplfj2g,False,t3_lx47v2,t3_lx47v2,2
JuanJazz123,I literally just asked if they invest in anything else or just hold gme I was genuinely curious and I got lit up lmao.,1614815474,gplfi5q,False,t3_lx47v2,t1_gplez55,2
RandalforMe,"Remember: we shareholders have power too.
I don't know how many of us there are, or the number of our collective holdings, but I think if a large number of us requested a callback of outstanding shares, GME might actually do it.
Which would be hell for the HFs.

But I'm not a professional, so I am probably super wrong here, and smarter 🦍🦍🦍 could easily convince me of that.",1614815471,gplfhwx,False,t3_lx2n82,t3_lx2n82,10
illinihopeful,Do you think its feasible that the whole market will just dump everything and buy their gme and gme will be the only stock worth anything in a few months? And whoever has gme rules it all?,1614815469,gplfhsy,False,t3_lwtejk,t3_lwtejk,17
AirlineF0od,"So, more GME?",1614815469,gplfhtf,False,t3_lx47v2,t1_gplevtn,1
XAfricaSaltX,"125 finish tomorrow. 

Contrary to last Wednesday, GME is a slow rise.",1614815446,gplfg5b,False,t3_lwtejk,t3_lwtejk,13
disneysinger,"🚀🚀🚀🚀🚀🚀🚀🚀


For here


Am I sitting in a tin can


Far above the world


Planet Earth is blue


And there's nothing I can do but **BUY MORE GME**


🚀🚀🚀🚀🚀🚀🚀🚀",1614815426,gplfepp,False,t3_lwtejk,t3_lwtejk,19
trainwreck001,Some are still buying GME and AMC.,1614815422,gplfegn,False,t3_lx47v2,t1_gplf8x2,1
rec2202,Do you guys think GME can crash the entire market by making the brokers insolvent?,1614815411,gplfdpx,False,t3_lx47v2,t3_lx47v2,-9
blingbladeade,"Chill bro that’s my whole account


Pre-GME",1614815394,gplfcis,False,t3_lx47v2,t1_gpl6dhr,14
manitowoc2250,Don't worry my son. Those RKT gains will look like peanuts in galaxy GME,1614815371,gplfaxr,False,t3_lx7gp9,t1_gplehxj,1
kiwikish,"Lmao that's literally more than I make in a year after taxes, but I'll hang onto my one share of GME for life (or $42069).

I have no idea what u/GmeCalls-UrWifesBf does for a living to be able to put $450k down, but I'm damn proud of them for doing so. And realizing I'll likely never be there in my natural life, but meh, it's just money 🤷🏾‍♂️",1614815361,gplfa71,False,t3_lwz5yu,t1_gpl2p1k,2
Free_Tangelo,Dude what is GME doing. I can’t decide what to do lmao,1614815356,gplf9vp,False,t3_lx47v2,t3_lx47v2,0
Spartacus19845,"So far only down 1k on GME cause been going sideways, bought $95 puts when stock was at $125, so essentially just theta decay but will hit $80 before month end.  IWM I got puts yesterday and up $1200 so far and tomorrow looking like the correction actually begins and we look for a 15% - 25% market pullback or more before continuing to go up.",1614815318,gplf76d,False,t3_lx47v2,t1_gpleoi5,1
InvisibleLeftHand," 
🚀🚀🚀🚀

 
🚀🚀🚀🚀

 
🚀🚀🚀🚀

 
🚀🚀🚀🚀

 
🚀🚀🚀🚀

 
🚀🚀🚀🚀

(GME btw)",1614815307,gplf6eg,False,t3_lx47v2,t3_lx47v2,-6
Hank-TheSpank-Hill,I didn’t even have a position you tried to shill for GME you are such a hoe it’s unreal lol,1614815300,gplf5wk,False,t3_lwmumg,t1_gplc3pw,1
ThrallDoomhammer,GME 🚀 gonna blast off tomorrow,1614815298,gplf5qk,False,t3_lwtejk,t3_lwtejk,29
FreshestCremeFraiche,"To be fair, it is literally an echo chamber designed to avoid people saying negative things about GME",1614815269,gplf3pl,False,t3_lx47v2,t1_gpleujq,2
67_34_,"6am, wake up. 6:01am, masturbate. 9:29am, buy GME. 9:35am, lose money.",1614815254,gplf2mr,False,t3_lx47v2,t3_lx47v2,8
gbtwo88,Can someone explain the insane amounts of volume on GME 4/16 $2.50 & $2 puts?,1614815248,gplf28f,False,t3_lx47v2,t3_lx47v2,3
HiddenVibes,How is GME the only stock in my portfolio that’s not in the red today lol,1614815247,gplf250,False,t3_lwtejk,t3_lwtejk,20
AbsoluteHeroFace,Hilarious that people still think it's worth distracting us from GME.. just hold what you've got and let it go up. It is a stock after all,1614815246,gplf21b,False,t3_lx0ls8,t3_lx0ls8,3
EeezyMac,"Sorry bro, but WSB has become nothing but retarded GME apes going to the “moon”. They won’t let other options get posted. I’d expect this to be deleted. I’ve got 10 CCIV at $50, so I’m in there with you.",1614815245,gplf1z9,False,t3_lx7iur,t3_lx7iur,3
InternetWise8512,Should we ask papa musk to put GME on starship SN-11?,1614815237,gplf1gy,False,t3_lwtejk,t3_lwtejk,12
kingxlos,"#Nah first UWMC, then pour all profits into GME! Everyone wins 🚀🚀🚀🚀🚀",1614815222,gplf0fk,False,t3_lx47v2,t1_gplev4o,10
ayysilver,a little evening [hype music](https://www.youtube.com/watch?v=GLE5He9NLbo) to get GME to break 130,1614815210,gpleziz,False,t3_lwtejk,t3_lwtejk,7
mr_anderson59,"Damn, imagine having $GME as the long term position in your portfolio. 

Like I get your reasoning, but the fact that your suggesting a short squeeze play should be a long term hold and people should disregard day to day price action seems unreasonable and at best inherently risky.

GME has yet to set up a consistent business model, let alone put out a positive earnings statement.",1614815183,gplexpg,False,t3_lx7835,t3_lx7835,13
Hoodly_,"You know, the more I think about this, the angrier I get. The fucking ""Me Generation/Baby Boomer"" doesn't give a fuck about the company behind the GME stock. Proven by how they ran it into the dirt for some cash, which they proceed to give straight to Dictators across the world for cheap labor and goods. And that broad sentiment is how you tank a goddamn economy. You want some evidence? China couldn't operate without U.S. dollars. China's dollar-powered-authoritarianism covered up Covid, releasing it, and causing the world economy extreme stress.

I might be a fucking retard, but at least I have heart. This might have started with memes, but GME is now \*backed\* by engineers and other high-iq apes. You don't build Gamestop into a profitable, digital-age company with cynicism and social algorithms. You build it with THE FUCKING OVERSIZED HEART OF A GORILLA.

The enterprises that \*progress\* the world, not just profit from it, have goddamn heart. If you read my rant, live long and prosper, you lovely bastards.

You may now feel free to crucify me for talking too much",1614815177,gplexbz,False,t3_lx6sf2,t1_gplbei8,2
benderrodrigyeahz,Tomorrow’s move: Post rockets in GME thread and do some karma whoring.,1614815144,gplev0u,False,t3_lx47v2,t3_lx47v2,21
JuanJazz123,You say anything negative in the gme subreddit and they go fuckin ham on you Jesus😂,1614815137,gpleujq,False,t3_lx47v2,t3_lx47v2,9
InSidious425,Just paid my mortgage and car. Wish I didn’t have those obligations so I could just dump that money into GME,1614815135,gpleuf0,False,t3_lx47v2,t3_lx47v2,1
akrilexus,"Pay attention to the GME forum, we’ll let you know when there is a pump and bump brewing like RKT (or you could buy and hold GME if you’re not already and come with us to the moon...)",1614815127,gplettv,False,t3_lwtejk,t1_gpkxibs,4
AirlineF0od,Is it possible money is being put into GME at the end of the day so it's less likely for a ladder attack situation?,1614815125,gpletqq,False,t3_lx47v2,t1_gpktlp2,9
Captain_Yolo_,"That's almost all I ever say. Lol. 

But that's not some made up stat I genuinely mean they are the most shorted, even over GME you can look it up. So definitely some here, and I would say most.",1614815100,gplerx6,False,t3_lx47v2,t1_gplefpr,1
spyaintnobitch,Not at these levels. Even Instagram thots now are teaching about options. I think GME was the canary in the coal mine,1614815094,gplerhy,False,t3_lx47v2,t1_gple5zs,1
teddwin1,Every stock was down today but gme held the line! I love you apes!,1614815093,gplergm,False,t3_lx1koo,t1_gpksnx0,1
smileyfacewartime,"I'm not calling them distractions, I was merely asking if you thought they were, hence the question mark. Before you call something a pump and dump, I'd suggest doing at least a little research to understand why it went up, 277% rise in net income along with a special 5% dividend. 

""Pump and dump is a form of securities fraud that involves artificially inflating the price of an owned stock through false and misleading positive statements, in order to sell the cheaply purchased stock at a higher price."" Nothing about the income increase is false or misleading. 

And this is the part where you mention that ""it lost 32% in one day which clearly shows it's a pump and dump"" while ignoring that GME has done the same thing multiple times. 

Yes dude, I'm obviously a shill, if you couldn't tell by my flair and my account age, I made this account a year before this whole fiasco because I just knew this was coming, I guess I can see the future. 

Also I love your use of the term ""total dumbass"" while also making the utter catastrophe of a statement that is ""no hard to say"". Doing a bit of projection there bud? Maybe work on your own intelligence before trying to belittle others.",1614815081,gpleqkv,False,t3_lx0ls8,t1_gpl8z9y,3
left_turn_signal,Any DD why there was absurd amount of GME put volume at super low strikes for April 16th?,1614815055,gpleosb,False,t3_lwtejk,t3_lwtejk,1
Lopsided-Rock-394,Hahaha! Nobody is distracting from gme. Be in wsb long enough and you know we have been in and out of meme stocks for ever!,1614815044,gplenzx,False,t3_lx7edy,t1_gple5bh,3
bchone2001,"SKT...right behind GME!
[high short interest ](https://highshortinterest.com/)",1614815038,gplenm7,False,t3_lx47v2,t3_lx47v2,7
Quin1617,"You can make some decent money of this sub, every time a stock that hasn’t dipped becomes popular on here just buy a put. 

RKT, GME, and SNDL are just a few examples of easy profit. I’m definitely going to try it once the next stimulus is passed.",1614815019,gplem6f,False,t3_lwuak0,t3_lwuak0,1
Spartacus19845,That's exactly what a bot would ask.  Currently holding GME puts as the pullback is coming.  Also IWM puts in the money,1614815018,gplem5w,False,t3_lx47v2,t1_gpleddp,0
rec2202,"I'm not into gme but that thing isn't going down, it has retard strength for now",1614815008,gplelfs,False,t3_lx47v2,t1_gplefis,5
Lopsided-Rock-394,Why the fuck shill? Btw I have rkt and gme. Just fyi!,1614815003,gplel3r,False,t3_lx7edy,t1_gplehu1,3
[deleted],"Someone's salty about missing the meme stock train 😂

Jk, I think folks here are out of their minds. buying GME and AMC because it is 'good value' based on a six month old video by DFV when the market caps were a tiny fraction of the present market cap seems like an extremely sound strategy.",1614814995,gplekiz,False,t3_lwyb27,t1_gpl3548,1
tiller_ray,Sold measly rkt gains for gme dip. Poor man efforts,1614814959,gplehxj,False,t3_lx7gp9,t1_gpldzxx,1
Reisyz97,Doubling down on $ASS $CUM and $GME yes sirrrr,1614902398,gpprv8o,False,t3_lxva6s,t3_lxva6s,2
Rapsy112,"Does anyone know if he ever sold those and put them in gme like he intended or did he ""like the stock""",1614902396,gpprv1h,False,t3_lxx3kj,t1_gppifty,4
Sweet_Premium_Wine,I buy a loaf of bread with one GME and I get two Madden 12s  and three FIFA 03s back as change.,1614902378,gpprttv,False,t3_lxrngo,t1_gpoy79o,6
Cuddlyaxe,"Mods make a non GME DD flair pls

I wanna read DDs about good opportunities not the 1000th post talking about short interest conspiracies",1614902377,gpprtr9,False,t3_lxva6s,t3_lxva6s,9
CarelessCupcake,You really think an increase of GME by $600 million led to a sell off of $1 trillion today? How retarded is that?,1614902373,gpprthd,False,t3_lxva6s,t1_gpprlri,4
Majink6,They said the same thing about AMC and last week about GME. Nothing happened. What makes this time different?,1614902323,gpprq2f,False,t3_lxwhpy,t3_lxwhpy,1
bigcig,at this point GME **is** the stock market.,1614902316,gpprpjz,False,t3_lxqhmb,t1_gppg5mc,28
THERICHESTBEAR,Invest in $CUM and hold GME,1614902303,gpprolp,False,t3_lxkint,t3_lxkint,17
0wl-Exterminator,"Lmao i feel like everyone diamond handing at this point wont sell regardless of what trends. Member when  palantir/rocket/weed stonks were mentioned more than gme? Made no difference gme came back up lol enjoy the meme.

Is it not worthwhile to have every hedgie $CUNT checking the trending mentions on wsb tomorrow and seeing $CUM , $ASS , $BUST , $NUTS , $CUKS etc? Do you not enjoy trolling?",1614902288,gpprnlf,False,t3_lxkint,t1_gppr6jf,14
hibbjibbity,So is the market down bc of GME or another reason. I see compelling arguments for both,1614902261,gpprlri,False,t3_lxva6s,t3_lxva6s,2
quantstreetbets,Buying 10k in GME tomorrow.,1614902243,gpprkjo,False,t3_lxva6s,t3_lxva6s,13
RynoC21,"I tried purchasing some $CUM on the black market today because shares are so hard to cum by. Now I have weird stains all over my GME shirt. I haven't opened the envelope the man gave me with the shares in them, but he must have been eating sandwiches with a lot of mayonnaise because it's all over my fuckin shirt.",1614902236,gpprk0f,False,t3_lxkint,t3_lxkint,10
StopSelling_,idc just buy GME,1614902235,gpprjwp,False,t3_lxkint,t3_lxkint,9
ganja_and_code,Why do we want GME to be picked up by the algos? It literally does nothing to help or hurt shareholders. Might as well piss off people who are running scraper bots by polluting their data.,1614902224,gpprj77,False,t3_lxkint,t1_gppr6jf,3
boostboi,$CUM is the new $GME???,1614902217,gpprin0,False,t3_lxkint,t3_lxkint,2
Strensh,"Of course, if you want to go long for years. But fundamentals and saying it's overpriced at 130 doesn't mean anything if you ignore the ongoing gamma squeeze and potential for short squeeze.

That's why YOU aren't shorting the shit out of GME right now, because you're not stupid, even tho it's overpriced.",1614902216,gpprikb,False,t3_lxjkg6,t1_gppq1pz,0
Colluder,I'm in after GME pays out,1614902216,gpprikh,False,t3_lxoxsq,t3_lxoxsq,1
coffeeplot,"They were right about losing interest in gme...

... I've lost interest in SELLING GME!!!!",1614902201,gpprhjf,False,t3_lxkint,t1_gpo5w97,1
jcamp028,"If GME goes to 1000 I’ll join a dinner club and obnoxiously act like I don’t belong there.

“My gosh, who is he.”

“New money, from GME apparently.” 

A Dawson of Chippewa falls, I’ll be.

John Jacob Astor, I’m coming for you and want a damn good Waldorf salad.",1614902186,gpprghw,False,t3_lxkint,t3_lxkint,19
boostboi,"A lot of alternative stocks are being labelled as the ""new gme"" by bots to try and take attention away from $GME. The $CUM thing is to high jack the bots who will hype it like its a real stock when it obviously isn't.",1614902167,gpprf4w,False,t3_lxkint,t1_gppqncu,5
fioreman,Over the past month GME options got priced out of reach for most of us apes.,1614902120,gpprbtq,False,t3_lxwhpy,t1_gppor4y,0
martiny236,"GME, and SPY puts",1614902113,gpprbaj,False,t3_lxva6s,t3_lxva6s,3
tommytatertots,Can anyone explain why FINVIZ shows that GME is only now shorted 30% while it showed 122% in January?,1614902064,gppr7vf,False,t3_lxi05e,t3_lxi05e,-2
disneysinger,"**BAN ALL THE FUCKING COOM TARDS**

Obviously we want GME to be picked up by algos still you actual retards and shills. 

$GME $GME $GME",1614902045,gppr6jf,False,t3_lxkint,t3_lxkint,7
CarelessCupcake,GME spiking and then going right back down? I don't think there is any evidence to support that.,1614902010,gppr42a,False,t3_lxva6s,t1_gppqqa6,2
Obvious_Equivalent_1,Tldr; GME got huge green dildo at expense of what seemed almost whole market  including Tesla,1614902004,gppr3nr,False,t3_lxt5mx,t1_gpphtkp,35
wawawawa_wawawawa,You must own a shitload of GME.,1614902000,gppr3bg,False,t3_lxva6s,t1_gppqg6i,1
superbound,"Damn. I should post some entirely unsubstantiated bullshit on GME tomorrow just for the awards and karma, too.  

Market makers don’t wait until expiration day to buy up shares you fuckwads.  If you were paying attention instead of eating crayons for the last month you would know that by now.",1614901986,gppr2bx,False,t3_lxwhpy,t3_lxwhpy,18
Mahximoose,Instructions unclear. Life savings deposited. More GME purchased.,1614901983,gppr23r,False,t3_lxwhpy,t3_lxwhpy,2
RaspberryPoptarts,Nah it seems way more intentional than that. We're all passengers in this boat that no one has any idea the direction of. That's basically the GME market right now. But all the children end up at their destination with Wonka at the helm. He could have used any number of gifs to get his point across but it felt intentional. That boat ride mimics our ride through this market. So much disinformation and no one knows shit. We just gotta trust DFV.,1614901968,gppr0ye,False,t3_lxrgk7,t1_gpovgss,17
IHaveGiantBaseballs,"Yeah man I sold all my AMC, GME, F , PLTR, ASRT this morning. I'm all cash.

JK MOTHERFUCKERS WHO THE FUCK GOES ALL CASH? IF I WANTED GREEN I'D CALL THE LORAX AND FUCK HIS WIFE.",1614901968,gppr0yg,False,t3_lxyqj6,t3_lxyqj6,45
Freequebec86,"GME last chance for the ride. January take 2 babyyyyy!

Then maybe some $ASS and $CUM in their ETF $TIT.

Some put option on $PNIS, their deal with Viagra didn't work at all",1614901968,gppr0z6,False,t3_lxva6s,t3_lxva6s,4
tonysoleoptions,I used GME profits from Jan to make long positions across the entire fund. Had to do some kind of risk management. Was over exposed to TSLA (in 3 out of 5 of the funds). You will see -20% at this rate. I doubled down on ARKK today and im still -11% 🤡,1614901963,gppr0ln,False,t3_lxva6s,t1_gppqk3p,1
disneysinger,No we want GME to be the #1 thing algos pick up you fucking morons.,1614901957,gppr07l,False,t3_lxkint,t1_gppqx3h,2
Capernikush,It’s definitely large corporations that are also participating in buying GME. Some of these days of volume have been too ridiculous to be only retail,1614901946,gppqzh1,False,t3_lxrngo,t1_gpp18ua,6
BigDaddySteven,"Feels like the tech sector, and possibly the entire stock market is sinking slowly. Might've made the best decision by hedging into GME. Although he only made back ~$127 of his $240 loss, he still might end up more in the red and actually make out better in the long run. Certainly after we moon he'll be sitting real pretty",1614901937,gppqyvv,False,t3_lxs1ra,t1_gpoy0l2,13
Free_Band_Shan,Yes. That’s why I bought GME and AMC. Diversify.,1614901935,gppqyq4,False,t3_lxyb8i,t3_lxyb8i,4
josuejonesy,well they know that paycheck is going straight into gme.,1614901909,gppqwzb,False,t3_lxkint,t1_gppqgix,2
FleshBiter,Stay in your mega thread gme main,1614901892,gppqvs6,False,t3_lxwpk9,t1_gpphzjj,3
disneysinger,"**$GME $GME $GME $GME $GME $GME $GME $GME $GME $GME $GME $GME $GME $GME** 🚀🚀🚀🦍🦍🦍🚀🚀🚀

*fuck you coom shills* 

**OPEN $150 TOMORROW BRING BACK THAT GAMMA FUCKING BOYS!**

**$GME $GME $GME $GME $GME $GME $GME $GME $GME $GME $GME $GME $GME $GME** 🚀🚀🚀🦍🦍🦍🚀🚀🚀",1614901886,gppqvbp,False,t3_lxkint,t3_lxkint,14
matter76,"Look, not every condition in the market is caused by GME lol.",1614901883,gppqv5i,False,t3_lxtjky,t3_lxtjky,1
josuejonesy,honestly its a fluid. not necessarily that funny.  GME 2 the moom,1614901880,gppquyw,False,t3_lxkint,t3_lxkint,6
jcamp028,"Upcoming GME upside events, as I see it:

-Stimulus checks
-Tax returns 
-earnings report
-random tweets from Ryan, DFV, Elon et al.
-Recovery and more availability of next gen consoles
-New company vision driven by Ryan, including possible restructurings or acquisitions
-quad witching day

Possible downsides:

-paper handers
-possible miss on earnings 
-continued shit slinging by CNBC and analysts",1614901869,gppqu5g,False,t3_lxkint,t3_lxkint,6
xCivx,"I think that we should all $CUM on hedge funds. Forget about GME, waste of time.",1614901842,gppqsc2,False,t3_lxkint,t3_lxkint,1
istike29,"$CUM to the moon bro, that's the new GME",1614901829,gppqrdf,False,t3_lxkint,t1_gppqncu,2
Revolutionary-Fix-96,"Apparently, according to investore place, it is the 2nd most shorted stock.  Second only to GME.",1614901824,gppqr18,False,t3_lxva6s,t1_gppqfuy,2
Dry-Sympathy-3451,"Can’t wait to cash out of GME 

And put all my winnings into that undervalued $CUM 

Heard they got tasty dividends",1614901810,gppqq1n,False,t3_lxkint,t3_lxkint,5
LeverageToMyPRT,"Inversely, if you exit GME at some point, I assume IV will be >500%, sell some super deep PCSs. Saw a guy who sold like 100 April GME 20/30 PCSs during GMEs crash for $800 a piece",1614901788,gppqoge,False,t3_lxtyl1,t1_gppeqdl,4
[deleted],People were getting away with posting stock gains before GME hit. that's where this place fucked up.,1614901784,gppqo52,False,t3_lxva6s,t1_gppq9bo,2
DestinySeekers,"I think the real catalyst was the entire market dropping hard, and GME holding put with little losses, so retail traders and whales decided that putting their bucks into GME would be a safe investment for the day, and that giant volume boost caused more fomo and it spiralled upwards from there.",1614901783,gppqo4q,False,t3_lxva6s,t1_gppqajj,1
devy159,I'm all for jokes but with this momentum we gotta have a $GME thread tomorrow,1614901771,gppqn9a,False,t3_lxkint,t3_lxkint,9
Fahim_2001,The year is 2099 and GME bagholders are still waiting for their tendies.,1614901763,gppqmpq,False,t3_lxva6s,t1_gppq2ft,2
bchrzfg215,"I know I’m young and haven’t even graduated yet. The first job that I’ve ever had that paid me real money was last summer. Before that I had only ever been broke unless my parents gave me some money for food or as a gift. Losing a lot of money would suck for me, but being broke is something I’m used to. Id say actually having money is far more unusual for me than having no money.

If there’s an opportunity to make BANK like GME that requires me risking money that already seems strange to have, I’m down to do that.

I’ll still be very upset if I lose the money but I feel like a kid so idk. I’m sure I’ll feel more strongly about financial risks in the future",1614901720,gppqjok,False,t3_lxjh0d,t1_gppq1zd,2
KingBiscuit86,"Time to lick my wounds, sell everything and go all-in on GME.",1614901705,gppqim3,False,t3_lxva6s,t3_lxva6s,8
HotSauceyBoy,Whatever they want because nobody can enforce it since the government and big money is in their pocket. People have been saying the shorts are going to pay since GME peaked a month and a half ago. It’ll be months from now with people still saying how GME is going to moon and how shorts will pay. They ain’t. Not to mention the short interest isn’t even remotely as close as it was when it peaked.,1614901702,gppqiek,False,t3_lxwhpy,t1_gpppye2,-3
UbuyTRAVELINSURANCE,"If GME goes back down to $20 I will refinance my house to buy 50,000 call options.",1614901696,gppqi1q,False,t3_lxv4k6,t3_lxv4k6,1
disneysinger,Stop the cum nonsense guys I take pride in the algos scraping my **GME GO BRRRRRRR 🚀🚀🚀** comments,1614901692,gppqhpd,False,t3_lxkint,t3_lxkint,6
empqrer,I blame GME for market crash,1614901685,gppqh8k,False,t3_lxva6s,t3_lxva6s,10
LostFlup,If $GME hits 1K I’ll join the Action Alert Plus club.  Infiltrate from within. Jim Gamer 🚀,1614901684,gppqh70,False,t3_lxkint,t3_lxkint,1
bugz1234,there arent enough retail investors buying GME and holding it this time.,1614901669,gppqg63,False,t3_lxwhpy,t1_gpppu3e,2
DiligentDaughter,"CLOV puts itm already. Glad I sold, so tired of waiting, shorts killed it. 
GME is my huckleberry. 
Just let us win already, guys. Rip the bandaid off. It's easier that way.",1614901661,gppqfko,False,t3_lxva6s,t3_lxva6s,1
chocolatechipbagels,"I admit it, I paper handed GME to buy more CUM",1614901647,gppqeoe,False,t3_lxkint,t3_lxkint,7
JustAlexJames03,"At least GME makes moves and waves, fucking AMC does nothing!!! 😡😡😡",1614901640,gppqe8u,False,t3_lxt5mx,t3_lxt5mx,2
josuejonesy,100% they scared of gme,1614901618,gppqclu,False,t3_lxkint,t1_gppq672,2
Unusual_Fee_3032,"Hahaha, but I remember reading those may not go through if the price falls too rapidly, so I'm too afraid to use them. I also mostly just wanted to join for the potential history/impact in GME, not really to make money, so I probably won't be interested in buying more stock in a while since seeing the late January outcome and reaction, it seemed something like that would be pretty unlikely to come about. Thanks for the advice, though!",1614901614,gppqcds,True,t3_lwdsk8,t1_gppoo27,2
Pokora1137,I am getting a pay check tomorrow and a girl is coming over...I guess the only thing left is to buy some GME?,1614901611,gppqc4u,False,t3_lxva6s,t1_gpp5j9p,1
fettuccinealfredo2,Man I put all of my money in GME as a broke ass college student and I had to pull out in order to pay my tuition. It was all I had I’m fucking pissed. Please guys pull this shit off so people don’t think I’m crazy. I’m depressed as fuck,1614901607,gppqbtv,False,t3_lxkint,t3_lxkint,7
InternetWise8512,I sold $GME and Put it on $CUM,1614901607,gppqbva,False,t3_lxkint,t3_lxkint,2
jcamp028,Going into $CUM so hard with my GME earnings.,1614901600,gppqbcf,False,t3_lxkint,t3_lxkint,4
ibetyouliketes,So hedge funds are long on GME,1614901597,gppqb57,False,t3_lxxjmi,t3_lxxjmi,0
The_Nidge1,Things not looking good for GME. :(,1614901592,gppqau6,False,t3_lwtejk,t3_lwtejk,-8
Steve_Sanderson,"That would imply I sell my GME, sir. What if GME becomes the center of the gaming universe, as a result of this all. I mean in ways we can’t even fathom right now. GME could squeeze and then just keep expanding. with this injection of capital and world wide brand recognition. GME now has something that is impossible to buy: it’s fucking cool.",1614901585,gppqa9e,False,t3_lxx42a,t1_gppo5wl,117
thetrooper424,"Ok, so if I Yolo again into GME, and use up all of my margin, I can buy roughly 13k shares then immediately sell a $135 weekly call and net 400k. It literally can't go tits up.

Edit: LOL thanks for the award!",1614901582,gppqa42,False,t3_lxva6s,t3_lxva6s,19
manwelI,I am selling all my $GME to buy a big fat dripping load of $CUM,1614901579,gppq9vc,False,t3_lxkint,t3_lxkint,6
Jeff_Bezels,Just because it isn't actually economic terrorism doesn't mean GME is a valid lifestyle choice.,1614901573,gppq9fh,False,t3_lxva6s,t1_gpppiy9,4
AnAngryBitch,Which one of you retards bought the 3D printer with your GME gains?,1614901572,gppq9d5,False,t3_lxt5mx,t3_lxt5mx,2
Cuddlyaxe,Tbh the options illiteracy from the GME and AMC crowds is terrible. I hope after all this is over they dip their feet in a bit or leave the sub because I don't want this place to be about buying and fucking holding,1614901571,gppq9bo,False,t3_lxva6s,t3_lxva6s,9
mexicanred1,~~Thats why you just can't compare those two at all and IMO the GME squeeze will happen much faster and you should really think deep about how and when you wanna exit this.~~,1614901543,gppq7ay,False,t3_lxyf6b,t3_lxyf6b,2
FTRFNK,"The answers you've gotten are all wrong or greatly simplified. MM's buy based on delta exposure and WILL buy based on the delta of the option in question. A delta of 1 for an option means for every 1 dollar the stock moves the option moves 1 dollar. When an option is well ITM it has a delta of 1. As a option moves ITM the delta increases till it maxes at 1 and moves exactly like the underlying (ie. 1 dollar move in stock = 1 dollar move in contract x100, plus extrinsic value based on the other greeks, like theta which is time value). As far as for a stock this volatile, I'm not sure. MM's may be more careful, but they're still not out to just hold stock around and lose money.

This is why a gamma squeeze requires a fast and UNEXPECTED movement up or down with heavy open interest all the way up or down. Otherwise IV causes options price to ramp up so fast buying drops off unless it's literally rocketing past strikes. Buying high IV you can lose in either direction without serious momentum. 

MMs try to neutral delta hedge. Therefore if for example, if there are 10x MAR19 200C that have a current delta of 0.2 (no idea, just guessing for the example) MMs will NOT buy 1000 shares (100 shares per contract x 10 contracts), but maybe only 200. However, as the 200C come more and more in the money then they will buy enough to continue to stay delta neutral. This means they may hold stock before the option is in the money and liquidate as the chances of it becoming ITM drops (ie delta drops), or pick up more until they own the entire amount of stock to hedge the option at a delta of 1 (in this example 1000 shares at a delta of 1 for 10x contracts). Finally, it takes a stock to be deep ITM or decently ITM plus close to expiration to have a delta of 1. Just cause a contract is 1 cent or even a few dollars ITM doesn't mean it will be delta 1. 

This is why a gamma SQUEEZE, needs to be fast and violent with a lot of outstanding contracts stepwise up the call chain. Any big gap will stop the squeeze. Gamma squeeze are rare because like I said, it has to be fast and unexpected, and a lot of what people called ""gamma squeezes"" have not been. The initial explosion had a gamma squeeze to kick things off and maybe the rise from 40 to 180 seen earlier this month MAY have been a gamma squeeze. 

Regardless, even if tons of open interest and a rising stock price don't SQUEEZE the stock it can still buoy the price and potentially lead to a pretty good run up.

I will say, it seems like if GME rockets there is a good chance of a real gamma again to 200-400, BUT there is a gap on the way to 800 (where there is another large ladder of open interest) AND we need a spark to start the rise.

Edit: I'm not a pro so I'm not sure if all MM's must do this or if it's general good practice or any other considerations that may run counter to delta-neutral hedging.",1614901534,gppq6of,False,t3_lxwhpy,t1_gpphq8r,183
St_Bernardus,His picture literally changed to some young dude and the gme tweets got deleted after the last spike.,1614901531,gppq6hx,False,t3_lxxjmi,t1_gppnke4,15
SafeInsanity,"Not in a position I can get GME, but I buy more AMC every chance I get. Stacking more and more until we make it to the moon! 💎🤲🏻",1614901529,gppq6dw,False,t3_lxt5mx,t3_lxt5mx,1
Cuddlyaxe,"What? If they put GME?

Are you asking about if someone bought puts on GME? If so no they'd only stand to lose their premium",1614901519,gppq5o6,False,t3_lxva6s,t1_gpppxjg,2
IncestuousDisgrace,$CUM is the new GME,1614901507,gppq4tv,False,t3_lxkint,t3_lxkint,9
working925isahardway,"jokes on her.

Once GME moons, its Game Stop for her. She wont get to play with your joystick.

wont stop. cant stop. 

game stop.

mic drop.

upvote this fuckers. show some love.",1614901500,gppq4d1,False,t3_lxp58o,t3_lxp58o,0
angelito801,"Bro, that TSLA is looking super sexy at ~$600. But I'mma have to dump some more into GME. I'm 16@110. Do you think GME will dip a little more to jump in? Or should I just YOLO?",1614901470,gppq280,False,t3_lxrngo,t3_lxrngo,1
DTX9218,"\*CNBC\* ""Wallstreet Bets rallying each others loads behind $CUM for tomorrows open. Will it be the next GME?""

&#x200B;

LMAO",1614901459,gppq1fx,False,t3_lxkint,t3_lxkint,8
Alex97now,I own 27 stocks and 26 of them were red AS FUCK today. But luckily GME is half of my portfolio 🤘🏼,1614901428,gpppz4o,False,t3_lxva6s,t3_lxva6s,10
MTKHack,"I sold 116 at 866 the bought 60 at 964 FOMO. Followed by decent moves above 800. Now I am at 843 with 96. Fucked for awhile and that’s over 50% of my cash.

Dropping 4.5k tomorrow into gme and amc. 

Hodl bitches",1614901417,gpppyfc,False,t3_lxq1xz,t3_lxq1xz,2
MailNurse,"Honest question. If the price goes to 10K, and some poor schmuck put GME, will they get tied up in the bidding war to get shares and can normal retards on the other side of the trade be out like, hundreds of thousands of dollars?",1614901405,gpppxjg,False,t3_lxva6s,t3_lxva6s,-5
buuuudy,"That, but only GME.",1614901403,gpppxf9,False,t3_lxt5mx,t3_lxt5mx,2
Squamsk,Me personally I will be investing in fagerhault with my gme earnings. And Galloway metals,1614901375,gpppvf9,False,t3_lxkint,t3_lxkint,-1
legacy702-,"Quick question, hope someone can help.  I’ve seen a few posts recently showing how many more shorts can be done for GME, and how there’s almost zero left. How do you look up that information?",1614901345,gppptax,False,t3_lxkint,t3_lxkint,2
tommytatertots,">I feel like it's all going down at least as much as it has the past couple weeks again. Not full recession status, but throw us back a few months. I luckily sold Some DQ and ALK, both are tanking. I'm hoping the GME apocalypse ends soon so that we have gains from that while everything else drops and recovers. But I feel like we are going to be dragged along for at least 2 months before returning to the ATHs",1614901328,gppps20,False,t3_lxi05e,t1_gpp8wck,2
DTX9218,Sold all my gme for $CUM!!,1614901312,gpppqzl,False,t3_lxkint,t3_lxkint,11
GrabCritical2310,$GME best stock alive,1614901296,gppppvf,False,t3_lxva6s,t3_lxva6s,16
eLJak3o,"Imagine not buying GME at the low and selling at the high everyday. easy swing trade, thanks for the money 💰",1614901256,gpppmyg,False,t3_lxva6s,t1_gppp5zn,1
Obvious_Shake_5012,"Hello again. I’m sure by now you’ve read a ton of GME DD. So, what’s your outlook like on GME this month?",1614901246,gpppm7n,False,t3_lxi05e,t1_gpp2leh,2
No_Instruction5780,You're kind of dumb. Compare the amount of institutions that have bought into AMC vs GME this month.,1614901230,gpppl2k,False,t3_lxva6s,t1_gppnoti,1
RestartingMyLife0918,"Put that into GME. At $1,000 a share that dollar fifty six would be worth a sweet $12",1614901200,gpppizx,False,t3_lxm6wt,t1_gpovhnv,2
JDWhit_,"$GME Much lower short float than before. Many bag holders. This will never get back to high levels.

$AMC Huge float. Short float no where near the  $GME short float. This may not get as high as people expect",1614901184,gppphtq,False,t3_lxt5mx,t3_lxt5mx,1
Stonks_GoUp,"But again. This is 1 ETF and there’s tons that hold GME, ❌RT is just the most heavily shorted and if I’m not mistaken, has the highest % of their holdings in GME compared to every other ETFs % of their portfolio",1614988796,gptzqfg,False,t3_lynkmc,t1_gptyxn1,3
lazarous0,"Fidelity's desktop/Windows application Active Trader Pro is less awful and it's free

https://www.fidelity.com/trading/advanced-trading-tools/active-trader-pro/overview

But I think WeBull's ThinkOrSwim is better, unfortunately WeBull suspended GME buying just like RH did -- like Mark Cuban said, we shoulda been using somebody who has trillions in assets and doesn't have to turn off anything when there's a big unanticipated spike in demand.  So I picked fidelity, it's the least bad of the ""guys who have trillions to back up their shit"".  Vanguard is great for index fund investing but come on, they don't even TRY to make something decent for the retail trader",1614988769,gptzoir,False,t3_lyjwq8,t1_gptsyz5,45
admiral_asswank,"Why are you using RH?

RH LITERALLY HALTED BUYING GME A MONTH AGO.

THEY STOPPED THE FIRST SQUEEZE.",1614988765,gptzo7u,False,t3_lym9nz,t3_lym9nz,1
SlatheredButtCheeks,"Well think about it, if you had a bunch of 150 strike calls today, would you have exercised them the instant it hit $150?  Probably not in these circumstances right, because we saw what happened, it was barely skirting $150, then ended up closing below that price.  So you would have lost money exercising them.  You would have been better off trying to sell the options themselves when market hit around $150 (even though they are worth very little at this point in this case), then buying the shares at market.  Even if it hit $200 today, you would be better off selling the option and buying the shares at market.

Options generally aren't for exercising if you are a retail trader with the intent of owning the underlying stock.  Because you are better off just buying the stock than paying the premium on the option.  

They are more often exercised by institutions.  In situations like GME where they have to buy a ton of shares fast to fill shorted positions etc.  So they're the ones usually exercising options.

Options are not good, something like 70% of all options expire worthless.  They are a tool invented by the finance industry to make money selling them, that's it.  GME is a special circumstance where you feel like buying some silly 800 call for $1000 when it might be worth $50k in a month so it's worth the risk (full disclosure - i bought some :D - but 90% of my GME investment is in stock ).  But for 'normal' stocks in 'normal' circumstances they aren't a very good long term strategy and you can get burned real bad",1614988747,gptzn1j,False,t3_lyehd7,t1_gptte4p,0
Dawg4923,And this is why I hedged with GME to offset against the rest of my red portfolio.  And it isn't over yet.,1614988710,gptzklh,False,t3_lymlmf,t3_lymlmf,12
Stonks_GoUp,"Just in 1 ETF alone. The most shorted ETF today is one the can’t be mentioned because of market cap. ❌RT

As of 2/23 they were shorted 195.9% and 9% of their holdings are GME which is their biggest holding. I can try to find out how many shares they alone have and let you know",1614988708,gptzkeq,False,t3_lynkmc,t1_gptyxn1,16
misterrandom1,"When you get annual stock bonus end of March for a specific dollar amount at the current price AND you have GME shares, this kind of week is beautiful.",1614988695,gptzjkz,False,t3_lyoruj,t3_lyoruj,1
liquidsyphon,"I wonder if they will keep these p&d shill stocks coming next week. 

I’ve seen so many people just throwing it all in GME including myself.",1614988679,gptzilj,False,t3_lybuq0,t1_gptz1id,9
quaeratioest,DTCC will not let GME pass $1000,1614988641,gptzg3j,False,t3_lyk5l1,t1_gptyulr,-13
Shaggy_n_Saggy,Well I have about 12.5 IQ and my entire portfolio is $GME and $PLTR. So I did the brilliant thing and bought the holy hell out of the one that dipped hard today.,1614988635,gptzfom,False,t3_lylrpp,t1_gptixzc,1
Chrononubz,I started off in the year bagholding gme and amc.  Somehow positive for the week?,1614988635,gptzfqr,False,t3_lylrpp,t1_gptxr3a,1
hibbjibbity,No need to worry bc it is not gonna even sniff 5k let alone 10 or 100. And this is coming from a guy as bullish as anyone about GME.,1614988578,gptzbx1,False,t3_lybuq0,t1_gptxcm8,-1
Original-Baki,"Can anyone explain why GME shot up last Tuesday? Yes - I'm already aware of the gamma squeeze, but that only happens when there's enough buying pressure to drive up the price. Did retail really lead that rally last Tuesday? Ws the catalyst really Ryan Cohen, the CFO being fired and u/DeepFuckingValue doubling down?

Why have the gains been steady this week? Is it because retail is out of ammo or because short-sellers are adding downward pressure through shorting (and therefore selling stock)?",1614988557,gptzafi,False,t3_lylrpp,t3_lylrpp,8
liquidsyphon,Sold all that trash BB and rolled it into GME,1614988557,gptzagy,False,t3_lybuq0,t1_gptz6s7,12
rudxo427,Went from 70k to 350k with gme. Im at 200k rn lmao in a month. Unrealized though. Fuck,1614988524,gptz8c4,False,t3_ly9gxp,t1_gpsrbyb,1
Obvious-Dinner-1082,Thats not a bad idea at all #GME,1614988514,gptz7ly,False,t3_lybuq0,t1_gptyjyy,14
blenderforall,"How about we stick with GME and no more of this distraction nonsense. I mean really, what's next, $CRYN $GRLLA? Stop",1614988509,gptz7bl,False,t3_lymafk,t3_lymafk,-8
liquidsyphon,"Any financial social media your on, you should be asking them what’s going on with GME",1614988451,gptz3e6,False,t3_lybuq0,t1_gptyjyy,6
[deleted],"What are you on about, gme has been trending green for like two weeks straight😂",1614988439,gptz2lb,False,t3_lymdsh,t1_gptwbkf,9
DonAcetto,"Me: what’s up with GME? 
  
GameStop : Not RKT 🤫😂",1614988423,gptz1id,False,t3_lybuq0,t1_gptyqjn,12
futurewsbgod,Investing is easy. Just buy GME. It’s never red,1614988416,gptz0zm,False,t3_lybuq0,t3_lybuq0,24
Somadis,"According to the charts, GME will go back down to 140?",1614988394,gptyzjz,False,t3_lyehd7,t3_lyehd7,1
SaltyPapyrus,"Too smooth brain to read, seems like you’re telling me to buy more GME?",1614988367,gptyxqf,False,t3_lyp3at,t3_lyp3at,67
tangibletom,How many GME shares are shorted via ETFs?,1614988366,gptyxn1,False,t3_lynkmc,t1_gptyklt,3
godfather188,Still can’t believe that mofo gme was green when the entire fucking market was deep red yesterday.,1614988365,gptyxm1,False,t3_lybuq0,t3_lybuq0,35
baturu,Funds that sold to push gme deciding to pause on pushing gme for the day and the dip on other stocks?,1614988361,gptyxb6,False,t3_lybuq0,t1_gptybin,2
Crazy-Swiss,"Not 0, otherwise I couldnt have posted this video. GME, BB and AMC",1614988358,gptyx3v,True,t3_lymsjd,t1_gptwvna,1
_Exordium,"Uhh, is the market on? GME hasn't moved a fucking millimeter on the chart the last few minutes, what the hell is this",1614988344,gptyw44,False,t3_lybuq0,t3_lybuq0,9
Evicted1,Freeing up some liquidity for GME? Might as well hedge against the economy.,1614988334,gptyvgn,False,t3_lylrpp,t1_gptypn6,5
FullTard2000,"No, I’ve talked too much shit about it since I sold at 340. I would be a mega hypocrite plus it’s trash and I hate the GME cult",1614988282,gptys0t,False,t3_lylrpp,t1_gptykdv,0
BooceAlmighty,"After doing some thinking I've decided OP's boss is the true retard here. Let me make my case.

OP might be a dumb asshole and gambling with someone else's money to the point of losing over 30% of it, HOWEVER OP's boss GAVE someone who QUIT THEIR JOB to trade presumably after getting lucky with $GME.

OP is clearly not bright but their old boss is an ABSOLUTE MORON.",1614988281,gptyryq,False,t3_lyo0rv,t1_gptxnnf,19
SoyFuturesTrader,"Agreed, RH pushed the rest of the industry forward. Without it everyone here tryna buy $50 worth of GME would be paying $7 every trade",1614988269,gptyr5l,False,t3_lyjwq8,t1_gptwko9,-3
liquidsyphon,Everyone should be posting on their social media financial sites asking: What’s up with GME?,1614988260,gptyqjn,False,t3_lybuq0,t3_lybuq0,23
Foman1231,Loaded up another $5000 worth of 22C 1/2022 LEAPS when they were OTM earlier today. They went ITM almost instantly. That was fun. I've haven't seen my LEAPS gain that much value in one day since the GME short squeeze.,1614988250,gptypw5,False,t3_lylrpp,t1_gpty45j,2
SignalSalamander,"They issued new shares into market, drastically decreasing SI %, what the fuck was that if not bailout? It won't be hedge funds, it would be other counter party. You just want to believe some bullshit twitter cinderella story, while gme is in it to make money too, and they are holding the keys from rocket. It will still squeeze crazy high, just not to fucking 7 trillions market cap. Each share for 10m? Lmao.",1614988224,gptyo6f,False,t3_lybuq0,t1_gptyate,1
f0rce44,All these charts tell me is to buy more GME.,1614988211,gptynb0,False,t3_lyp3at,t3_lyp3at,313
ArchieBellTitanUp,But not GME baby.  Hilarious episode though,1614988205,gptymv6,False,t3_lymdsh,t3_lymdsh,1
turdferg1234,"I’m starting to think so, but I’m not sure. If there’s a big spike one day and then back to pre-spike prices, shorts have one really bad day and then the interest payments are back to normal. They just keep waiting for a drop. If the price continually rises over time, without a big drop mixed in, they’re bleeding more and more each day. Eventually, one of the shorts will decide its time to bite the bullet and close their position at a loss. That could set off a spike when they have to buy shares. Now, whether that snowballs depends on the other shorts. They might still try to ride out that spike. But if more decide to close out, it could result in a bigger and bigger spike as they buy shares. That’s the moonshot gme holders are hoping for. Or at least that’s what I’ve come to think of it as.",1614988204,gptymto,False,t3_lyihwq,t1_gptx793,3
peren717,I bought GME before the rise and still holding. Should I sell?,1614988183,gptyldp,False,t3_lybuq0,t3_lybuq0,-49
indonesian_activist,"Hi Matt, I'll take a look.

Sorry I missed this, the username mentions is not showing up on my inbox. To wsb newcomers, $PRPL was THE wsb stock right before $GME, and without it, $GME probably wouldn't have such a strong support culture behind it.  /u/dhsmatt2 and /u/lurkingsince2006 paved the way. I was overly critical on both of  them before, focusing too much on the company structure, which is sort of inherent in most SPACS. 

I believe a lot of people, myself included,  made money on the earnings run up,

>haha yeah man, fun times. anyway I'm long prpl now but will probably get out before the earnings dump as usual. The pearce brothers r out of prpl and tra added to balance sheet.

[https://www.reddit.com/r/wallstreetbets/comments/ldhto8/to\_the\_newcomers\_bag\_holding\_gme\_from\_300/gm5wkxy?utm\_source=share&utm\_medium=web2x&context=3](https://www.reddit.com/r/wallstreetbets/comments/ldhto8/to_the_newcomers_bag_holding_gme_from_300/gm5wkxy?utm_source=share&utm_medium=web2x&context=3)

So thx again to you and lurking, for pointing out this gem of a stock.",1614988177,gptykvf,False,t3_lyhg3o,t3_lyhg3o,1
rebelo55,GME 100k,1614988171,gptykgx,False,t3_lybuq0,t1_gptyciy,25
jizzle-040,Maybe we should build our own catalyst by making the Hashtag #GME trending on twitter on monday.. just an stupid idea from a retarded ape :),1614988163,gptyjyy,False,t3_lybuq0,t3_lybuq0,43
SuperUnic0rn,"Bring on the Billboard Porn! 
GME go BrrrrrrrsS$$$$",1614988139,gptyi8t,False,t3_lybuq0,t1_gprujsa,1
mikefilter,I bought SENS and PLTR ...and more gme lol,1614988138,gptyi8o,False,t3_lylrpp,t1_gpty2t4,2
KillerKiwiJuice,"They're called HEDGE funds for a reason and they have more money than everyone in this sub combined

It's just hilarious you'd think the same funds who lose money on the first squeeze would be the ones to get squeezed again.

FYI they made more money on the GME crash than they lost getting SQUOZE",1614988125,gptyhb2,False,t3_lybuq0,t1_gpsvqwj,1
Time-Elephant92,I am not at all on board the GME train but how is the title of this article not “GameStop Dramatically Outperforms the Market”,1614988068,gptydfc,False,t3_lyk38v,t3_lyk38v,35
lMDB_Scammed,Did you not hedge by buying some GME?,1614988054,gptychr,False,t3_lyfcb7,t3_lyfcb7,1
seanders_,"There is no documented case for a short bailout for AMC. Porsche was a different scenario as one entity bought 90% of available shares. There is big money in it for GME, sure - and the natural progression of shorts losing their positions and allowing the share price to naturally climb valuates the company higher - let alone the free advertisement theyve been getting.

What are you even trying to say? Where are the hedge funds that are bleeding cash from their shorts going to find billions to ask GME to ""pweez let me exit my positions""? Again, this makes no sense.",1614988029,gptyate,False,t3_lybuq0,t1_gptxgcy,1
carsongwalker,I would sell out of GME at $50 per share leaving me with $100k left. So the way I see it is I am only playing with $100k downside.,1614987995,gpty8ig,True,t3_lyjhmg,t1_gptwp8x,2
Cynical_vibe,Right 😂. Well Ik rtk had a 1 day window which is what I was trying to tell ppl but it wasn’t a bad investment if you knew to pull out at 40. They think every squeeze is a gme like squeeze,1614987927,gpty3wl,False,t3_lyoala,t1_gptxx8k,3
ZebZ,I'm guessing that guy that YOLOed 800c GME is having a bit of a day.,1614987901,gpty234,False,t3_lylrpp,t3_lylrpp,24
tangibletom,I’d definitely be interested on an analysis of what those short interests are and how it translates to GME short interest...,1614987880,gpty0ng,False,t3_lynkmc,t1_gptw5h4,2
FullTard2000,"I don’t care how good & bullish this weeks chart looks, GME is still trash, now it’s just stupidly expensive trash IMO",1614987866,gptxzqs,False,t3_lylrpp,t3_lylrpp,-14
blenderforall,From one broker that halted trading on GME during the squeeze to another? You truly are retarded,1614987862,gptxzgv,False,t3_lyoli4,t3_lyoli4,1
GraveyDeluxe,I think at the end of the day should you decide to go in on GME make sure you're comfortable with potentially losing that money. We are witnessing a historical event but we're also going up against hedge funds that have an unreal amount of wealth and they're going to do what they can to not lose it. I put my money in there for my own reasons and for someone else's dog that needs hip surgery I'm holding and if I lose it all it was a great fight,1614987861,gptxzel,False,t3_lybuq0,t1_gptwmcz,4
Rippedyanu1,"GME was a prophecy all this time, those 5 dollars for trading in a brand new game was training for us. Only now, WE are the Gamestop!",1614987850,gptxynl,False,t3_lygdw0,t1_gpt0qlm,4
jbrandimore,"If you still haven’t sold a kidney to get more GME, you lack commitment.",1614987791,gptxuta,False,t3_lyoweb,t3_lyoweb,41
ScroogeMcThrowaway,"All this pain of the last 3 weeks and still nothing compared to the rise (and not selling) of GME initial rocket to 400s. Even if sold all around 300, I'd would have been okay. Just grinding now, like everyone else.",1614987736,gptxr3a,False,t3_lylrpp,t3_lylrpp,6
[deleted],"I didn't think the gme bois would dislike my comment so much, I was trying to congratulate them LMAO https://www.reddit.com/r/wallstreetbets/comments/lybuq0/comment/gpturxi",1614987662,gptxmae,False,t3_lylrpp,t3_lylrpp,-2
addygoldberg,"I recently cut my AMC down to grab 1 more GME, currently sitting on 9. I think this is good advice. (Not that anything on here should be perceived as financial advice, because this isn’t financial advice.)

Once GME moons, you’ll be able to find a good re-entry point for AMC. Or at least that’s my thinking.",1614987605,gptxich,False,t3_lyo39g,t1_gptvwr2,8
SignalSalamander,"You make no sense, that's literally what AMC did, what Porsche did(well porsche just gave them own shares). There is big money in it for GME, that's why original DD was buy back after squeeze, because they have fuck ton of cash to transform into ecommerce now.",1614987575,gptxgcy,False,t3_lybuq0,t1_gptx9w7,1
vizzoor,"GME is not following any logic, maybe it's because that's the valuation of a Cohen lead GME assuming he's successful, or maybe it's because another institutional needs to keep it above that price to trap the shorts.

 Who knows, maybe some day somebody will do some investigative journalism. Or, since all the media is just advertising, that might not happen.",1614987574,gptxgbp,False,t3_lyo39g,t3_lyo39g,11
YoungTrader05,"Jersey all day! Whoop whoop 🙌🏼. GME, let’s gooooo!",1614987570,gptxg1q,False,t3_lyo05p,t3_lyo05p,14
Wooble_Gopp,You make a great argument. I will donate 200 to GME. here is a song I like at the moment for being such a fucking great person. I am drunk do not reciprocate unless you want another song. But yes GME. Grounded - Pavement (bonus song for cause I'm fucked and drunk and shit) What you want - Bombay bicycle club. Yes I'm into alt,1614987520,gptxck9,False,t3_lybuq0,t1_gptognp,2
Parzivus,"Not for GME, there isn't. This stock is pure gambling and anyone claiming otherwise is lying to you.  
I wouldn't tell anyone what to do with this stock, and good luck to all the people still holding right now, but nobody knows when the next peak and timing it is gonna be a bitch",1614987469,gptx8zt,False,t3_lyehd7,t1_gptjf5f,3
balmondjuice,"i havent been caught up lol, i got out of gme at the first peak.",1614987449,gptx7n5,False,t3_lymxc1,t1_gptucgd,1
Abject-Mixture-8926,IN GME BETS? Where if you don't talk about GME you will be downvoted? Hmm noted.,1614987445,gptx7df,False,t3_lye46g,t3_lye46g,1
YungBird,Actually crazy that this week was a fucking train wreck shit show and GME just cruised on through in the green every single day lol,1614987419,gptx5kc,False,t3_lylrpp,t1_gptww9c,5
Amar_poe,"If Elon is half as retarded as the rest of us, he liquidated his entire portfolio this morning and put it all on gme.",1614987416,gptx5dv,False,t3_lylrpp,t1_gptwu35,8
Steinasty,You don't just own GME?,1614987401,gptx4e2,False,t3_lymdsh,t3_lymdsh,2
sarmadsa_,"Before I bought $GME at $450, I had no money no girlfriend and no will to live. None of these things have changed, but $GME is really good.",1614987394,gptx3uk,False,t3_lyos86,t3_lyos86,11
TRE45ON8645,I sold them to buy gme,1614987320,gptwyyq,False,t3_lylrpp,t1_gptwvj0,0
Southern_Struggle,"Super weird how my portfolio chart always mirrors the GME chart, must be some hedge fund fuckery...oh wait my whole portfolio is GME",1614987279,gptww6l,False,t3_lybuq0,t3_lybuq0,43
MatressFire,"I sold the bottom today. I came into this blind in late December. Made a quick buck off a tesla swing before I even knew what a swing trade was. Since then I've thrown thousands of dollars into the market; memes, pennies, a few good ones like apple. I only lost 200 dollars and feel extremely fortunate. And the only reason it wasn't over a thousand lost is thanks to fd's on gme. My portfolio was a fucking mess. I had money in more companies than I can name.

Be careful out there if youre new I know these lessons aren't usually so discounted.  

I didn't sell everything. Still holding GME.

Edit. I'm starting over with a *plan* this time. But don't worry, I'm still gonna have a straight up gamblin' account on the side",1614987274,gptwvuf,False,t3_lylrpp,t3_lylrpp,10
BPD-GAD-ADHD,"How is limiting RKT at like $35 looking out for your finances, but limiting GME at $450 was them fucking you over? The losses people incurred on GME falling $450-$40 = lightyears ahead of any losses people could've incurred on RKT after it went $40-$24. 

Seems like this should be stated in reverse.",1614987271,gptwvoe,False,t3_lybrdf,t1_gpst6nj,4
insightfulcriticism,"Do you think some people didn’t have 150$ as a price target? For some people GME isn’t a moon mission, it’s a profitable stock and the right play for right now",1614987266,gptwvbn,False,t3_lycp91,t1_gptq4a7,6
Big-Possible1969,"Funny, I think Cramer finally learned to keep his yap shut.....about GME and WSB anyway.",1614987242,gptwto8,False,t3_lybuq0,t3_lybuq0,24
MrBeekers,$GME is the real stimulus check,1614987238,gptwtco,False,t3_lybuq0,t3_lybuq0,43
Flybaby2601,"RIGHT after the first $GME squeeze and everyone was in here ""what's the next one"". This is what ""the next one"" tends to look like.

God speed brother.",1614987228,gptwsqe,False,t3_lyoq18,t3_lyoq18,2
dogs_and_stuff,This week has been rough. Makes me feel a little better knowing the gme gang is crushing it tho,1614987203,gptwr0c,False,t3_lyoruj,t3_lyoruj,4
rmme32,"This is assuming that the short interest is *still* over 140%, which it isn’t per finra report. 

Also the big banks or SEC or DTCC would not let multiple major hedgefunds go bankrupt. They will either get bailed out or be allowed to halt buying/trading. ‘They’ did it during late jan/early feb run-up, what makes us think they won’t do it again if GME gets bid up to the thousands?

Disclosure: I have 300 shares of GME and several call options and hope that the stock hits at least 800-1000. However, spreading this kind of story and expectation will leave a lot of folks bag holding, especially those who just started trading - and I suspect *a lot* of GME hodlers are new traders. Have a price target and and take profits on the run-up.",1614987190,gptwq79,False,t3_lynkmc,t3_lynkmc,50
qrakko,Where's BB ? This shit will cost me a relationship. Whenever i show my girlfrirnd gains from GME i have to put my thumb over BB,1614987164,gptwodf,False,t3_lyk38v,t3_lyk38v,17
SwimsWithDolphin,"You traded in the city for 13 years and now you are here?  Man you might be king retard.  Congrats.  


Pretty sure they won't be laughing when they lose their asses on GME.  Who knows.  When you are in an extreme state of despair you can do weird things like laugh for no reason.",1614987157,gptwnxb,False,t3_lye46g,t3_lye46g,1
MrBeekers,I’m loaded to the tits on $CUM and $GME,1614987148,gptwncf,False,t3_lybuq0,t3_lybuq0,12
timeshadowrider,I think I know the answer but I have shares in $BX I'm thinking I should sell those and dump that 700 bucks into $GME... what do you APES think??,1614987134,gptwmcz,False,t3_lybuq0,t3_lybuq0,19
InvisibleLeftHand,"Yeah, well, the stock just saved itself from going further down.

The trend for the last 1 month should be way enough to convince all the non-shills away from buying that shit stock. It's been downhill. GME has only been going uphill, and will keep doing so.",1614987082,gptwiuk,False,t3_lylrpp,t1_gptv2cj,0
inaworldwithnonames,dw I went from 156 shares of gme at $30 to now 69 shares at $130.  bunch of retard moves over and over all month.,1614987071,gptwi3e,False,t3_lyo2tx,t3_lyo2tx,1
ghostofdreadmon,"I had planned on holding during the impending crash, but seeing most of my “sure-thing” stocks starting to tank as $GME powered up sent a message. I got out of most of them and put it all into the rocket. I’m still holding a few ringers (theme parks, select EV, cannabis and oil) but confident that $GME will MORE than make up for what I dumped. And damn, I feel really secure about it!",1614987066,gptwhs6,False,t3_lyjs8j,t3_lyjs8j,4
eltraplords8n,Im VERY invested in tech & pot stocks so im taking a huge hit. The only reason im making money is because of $GME and because i bought $HKIB a few days ago and it's soaring lmao,1614987034,gptwfiq,False,t3_lymdsh,t3_lymdsh,4
zer165,Price of GME is still relatively low. Do what you will with that info.,1614987018,gptweds,False,t3_lybuq0,t1_gptvp40,8
carsongwalker,"Lifes a gamble. I could put it in my savings account to collect dust and get hit by a bus tomorrow. 

What if I took all profits and started a business? Years later it could go bankrupt. 

I beleive in the GME play. Just as much as I'd trust myself to invest in real estate, start a company, etc.",1614987017,gptwech,True,t3_lyjhmg,t1_gptvvyk,18
Country_Gravy420,"I'm down 80% since I started following this sub. Half of that was GME so I think I'm doing really well. 

Thanks, guys!",1614987013,gptwe1u,False,t3_lylrpp,t3_lylrpp,28
InevitableAmbition,"This month has been hilarious. I was down 15k on ARK and the like, then am currently bagholding 950 shares of RKT, and was like.... well GME is booming again, so yolo fuck it I'll buy 170 shares I guess.

Now I'm down less than 10k. Still bagholding RKT.

Turns out there's only one true stonk.",1614987013,gptwe2u,False,t3_lylrpp,t1_gptuusj,2
CraigWesleySF,"Honestly, I just like what I see on the weekly chart for RKT. Same thing for GME. Huge starting volume and not enough stopping. A lot of times after a huge volume spike and big bull bar, you get a pullback, sometimes more than 100% of the big bull bar, but without stopping volume the trend continuation. I wrote the same thing about GME a month ago and GME went from $40-90 three weeks after January’s run and now $140ish. Im a lot luckier with RKT because I decided to sell a put when it went down to $29 area and I feel it’ll test $33 area before my expiration otherwise I’ll roll out or take a fairly small loss since I didn’t risk much. UCWM on the other hand, I’m staying away because the biggest volume is actually a huge bear bar.",1614986993,gptwcq4,False,t3_lylrpp,t1_gptuw6v,1
Lauramadouk,"I held GME since start of Jan, during the spike and the big dips. But some  theories are just unrealistic.",1614986980,gptwbwa,False,t3_lylrpp,t1_gptw1qm,4
RedDragons8,[I'm ready for GME to go FAST! (Next wk...)](https://pm1.narvii.com/6540/815f6ff9129c3efd7d7a87f0e18f557eeb754f18_hq.jpg),1614986978,gptwbqi,False,t3_lybuq0,t3_lybuq0,16
SignalSalamander,It's not the same. Gme can't bail out shorts without dilluting it's shares.,1614986968,gptwb38,False,t3_lylrpp,t1_gptw6aa,1
bigwillyman7,"I am looking to transfer out of 212 as quickly as possible, without having to liquidate my portfolio. 

Who offer the quickest turnaround time so I don’t miss the ducking boat with GME, and is there a premium / express service I can pay for to get it done faster? 

Any advice appreciated.",1614986920,gptw7r3,False,t3_lykofs,t3_lykofs,2
acoffeedude,vper looks as promising as gme,1614986920,gptw7rb,False,t3_lybo9p,t3_lybo9p,1
FreeIfUboofIT,GME = new VXX,1614986914,gptw7dy,False,t3_lygdw0,t3_lygdw0,1
Nblearchangel,Do not pass go. Do not collect 200$. Buy more gme every time.,1615075160,gq1knnf,False,t3_lz4kzb,t3_lz4kzb,1
i-like-cold-water,Lol this is the type of dude who bought GME at 400.,1615075144,gq1kl4b,False,t3_lylrpp,t1_gq1k3uu,5
Son0fTheSun333,"Really though, this squeeze is a magnitude greater than the VW squeeze which was shorted at 12% of the float. GME is minimum 70% of the float and as high as 300-400% of the float  depending on what data you look at. Institutions, retail, inside investors, etc. all own [220% of the shares that exist](https://www.reddit.com/r/wallstreetbets/comments/lz77ix/gme_total_shares_owned_is_145m_according_to_finra/). Dream bigger bro, or else you'll paper hand at $1200/share thinking you made out.",1615075129,gq1kjgl,False,t3_lypsah,t1_gq1jias,1
GiraffeStyle,See gme go up? Spy puts. Been a good move for 75% of the last couple trading weeks.,1615075110,gq1kh9r,False,t3_lyu8q4,t1_gpvdkgy,2
Vanderkaum037,"I've been thinking this too. If naked shorting is as rampant as the GME episode has led me to believe, then there could be millions of counterfeit shares for virtually any publicly-traded company, and it would be extremely difficult or impossible to obtain a proper reckoning of what is real and what is fake.",1615075089,gq1keo6,False,t3_lyysbc,t3_lyysbc,1
ImagineerRecruiter,"If GME hits $6666 per share I will tattoo GME to my grundle

🖐🍿🖐💵🖐🌚🖐🦍🖐💎🌋💵🌚🦍",1615075060,gq1kblu,False,t3_lz55hb,t3_lz55hb,1
Gramuhr,Please tell me GME hasn’t been in cash app since the craze started. I literally missed out on the first spike bc I had to wait for my funds to deposit on webull,1615075037,gq1k9ap,False,t3_lz3wty,t3_lz3wty,2
Canadianpainter59,I am holding a few shares of GME at the moment.  I was watching the borrow desk on friday and wondering why with 1 million shares to borrow the HF's never borrowed 1 when all week they have been borrowing.  Then I heard Friday that 1 of the investment firms sold a lot of their shares.  Got me thinking that of course the Hedgers let these firms sell their shares and let the price get to $150 so they would release their options and the Hedgers could buy their shares.(how did the hedgers know this?)  I found it kind of odd that every week on Friday was a battle and this past one was not so much they let the price stay at 140.  So I am very leery about this week with so many shares they can borrow and the 2 million shares that they bought from the investment firm.  The shares are expensive that they bought but much cheaper than if they got caught in a short or gamma squeeze.  Something is just not right and I would keep a close eye on the events.  I only have 3 @ 136 so I don't care I will hold until the end.  I hope I am wrong and we are off to mars but be careful apes these guys are out to suck every $ out of our ape hands.  I don't know why they don't like us?,1615074937,gq1jyj6,False,t3_lz77ix,t3_lz77ix,3
Impossible_Job_4547,"Stimmy given to apes= reinvest into GME= more tendies when squeeze happens
Smart 🦍 math",1615074875,gq1jsft,False,t3_lylrpp,t3_lylrpp,4
Verb0182,"Hmm I have a Bloomberg terminal and it’s pretty much as good as it gets. They pay thousands of people / built lots of AI to read company reports and update the data. 
But I had to tell them that their float calculation for GME was wrong. 

And all of it is lagged. Holdings lagged by 45 days. Short interest lagged by 2 weeks.

Really only gives you a little insight. People trying to read the tea leaves in holdings reports from 12/31 is silly.",1615074864,gq1jral,False,t3_lz77ix,t1_gq1bhhj,8
ItookAnumber4,"One big warning is that right now, GME -- along with other meme stocks -- is listed by most brokerages as ""hard to borrow"" which means they aren't letting you easily sell short (which includes selling calls *even if covered*).

You still might be able to call the order in, but phone wait times are horrible. Check if you can short a tiny amount before buying a big call far in the future.",1615074769,gq1jhvm,False,t3_lze93z,t3_lze93z,1
mongolianjuiceee,there is a dd on gme sub,1615074738,gq1jeq8,False,t3_lz77ix,t1_gq09eif,2
DigitalSoldier1776,https://gme.crazyawesomecompany.com/ is GME direct link,1615074732,gq1je79,False,t3_lzedwa,t3_lzedwa,1
CMDR_KingErvin,"Too simple to understand what any of this means, bought some more GME instead.",1615074649,gq1j58m,False,t3_lz9hyl,t3_lz9hyl,1
01123581321AhFuckIt,So what you’re saying is to use my stimmies to buy more shares of GME? I’m in.,1615074614,gq1j1qd,False,t3_lz77ix,t3_lz77ix,11
Son0fTheSun333,"Bro, back in January the only eyes on this were WSB, a few institutions, and  some HFs. Now the whole world is watching. Almost every country, individual or company, or fund, is invested into GME right now. They should've let the squeeze go through back in Jan/early Feb and it would've likely pissed a lot of people off but people would've gone back to life as normal because it only affected a small %age of people who had bought in at the end of Jan. People would've complained about the corruption, realised they got fucked, pulled out of the stock market - or just kept trading fully aware of the corruption in the US markets. 

We're in an entirely different scenario from the end of Jan, during the first run up. I'll say it again, the whole world is watching. And a lot of whales are in this now looking to extort the greedy HFs that over leveraged themselves. WSB and other retail is here just riding the wave but if they pull the same shady shit, which it IS possible that they try/do, but it will cause so much shit in the US stock market, the loss of confidence alone could be enough to crash the entire market as entire countries, individuals, companies, institutions, and HFs all exit the obviously corrupt market just to protect a few HFs and the DTCC. 

Again, what you're saying isn't impossible, nor is it implausible. But, again, we're in an entirely different situation than we were during the first fake squeeze.",1615074607,gq1j0ym,False,t3_lypsah,t1_gpy1ypt,1
Gramuhr,If GME reaches 100k I’ll buy the Mona Lisa and $cum all over it,1615074561,gq1iwip,False,t3_lyz99m,t3_lyz99m,1
DH64,Yep. Before the week ended I was pretty certain GME would close flat for the week myself.,1615074542,gq1iuo0,False,t3_lyu9n0,t1_gpztcqw,2
UnderstandingEvery44,GME big ass cup and handle . shit could break break squeeze or no squeeze,1615074446,gq1ilic,False,t3_lylrpp,t3_lylrpp,5
JinnPhD,"The 1m shares is a representation but does not include all available shares. Just means it’s not FULLY shorted to the maximum extent at this time. 

Borrow fee is telling - not a heavily crowded short. Borrowing shares of GME to short is not currently in high demand is what 1-2% means, although it IS above baseline.",1615074395,gq1igwq,False,t3_lzdtec,t3_lzdtec,1
InvoluntaryEraser,Hope you didnt buy GME any higher than like $60 lol,1615074389,gq1igdz,False,t3_lyzcxu,t1_gpy55gj,1
Moist_Comb,"No. If you short a stock and a dividend is given out you can pay the dividend out of your own pocket to avoid closing out your position. So if they give out a $2 dividend, and you are short 10 million stocks that's a one time charge of $20 million, on top of your daily interest to keep your losing and in all likely hood worsening position. Not a good time to be short on GME",1615074378,gq1iff4,False,t3_lz77ix,t1_gq0mlt7,571
booSTIn17,all i see is GME and BUY,1615074345,gq1ico8,False,t3_lz8xfl,t3_lz8xfl,1
jopoole84,"This does 1 thing for sure!!!!! Makes that doller in your pocket not a doller anymore...more like .96 cents..........   follow the crowd and think this is gonna boost the stock market and be the idiot bag holding donkeys the pros wait to take your money.........Stimulus fully passes signed by president = bear market watch!!!! The same fricken tools they used in 2008 ......NOBODYS BEEN WORKING STOCK MARKET MOON SHOOTS......MAKE SENCE , NO IT DOSENT BECAUSE RETAIL INVESTORS ARE ABOUT TO BE THE BIGGEST BAG HOLDING DONKEYS SINCE 2008.....if your to young to know what it was like in 2008 just wait....2020 aint shit!!+!. Now bring your bullshit opinions about how it rocketing to the moon.....!!!!! Only thing going to moon on this market is gme and thats cause it s the only controlled stock in market right now",1615074308,gq1i96v,False,t3_lzbqhd,t3_lzbqhd,-8
jonjon0406,"You chose to highlight specific times where there were inverse relationships between GME and the market. There are plenty more points along the chart where GME moves in tandem with the market, both sharply rising or falling. For a better OC/DD, pick a benchmark like ""GME xx% rise/fall over xx days"" and look at how the market responds to it during the same period or following xx many days.",1615074285,gq1i6w7,False,t3_lyu8q4,t3_lyu8q4,2
JamesTrendall,"GME will become the largest, richest company in the history of all financial companies. 500k x 54M = More money than in the entire USA which would more than likely trigger a HUGE money printer go Brrrrrrrr moment which will cause inflation within the stock market causing it to crash and then inflation for the general public to the point money is worthless and everyone will transition to some internet stuff that can't be named here and Tesla will have 100% car sales within the USA due to the only company accepting that currency.",1615074270,gq1i57x,False,t3_lzbh46,t1_gq15h5r,117
Global-Sky-3102,"They will short it again and have more cash. You have to think from their perspective, the company is not worth 5k-10k or 50k. Even GME apes know the price will fall down to earth after it moons, and the shorts will make a shit ton of money on the way down. They got hurt for writing naked calls, and for buying short term puts, but they didnt hurt because of the short ratio. I do not think they are stressing too much, melvin waited 6 years for GME to go bankrupt,they are patiant fucks. When they short they get money, you understand this right? The higher the price they short at, the more money they get.",1615074268,gq1i50r,False,t3_lz4onk,t1_gq19ntn,-14
Keith_13,"It's customary for a company to stop hemorrhaging money before issuing a dividend.

The dividend does not hurt the shorts.   So what if they have to pay it?  It reduces the value of the stock by the same amount and, if the company can't afford it, makes their solvency more precarious.  If anything it helps the shorts.

Also, why would GME care if people short their stock?  It doesn't hurt them at all.  They need to figure out how to make money; they don't give a shit if people short their stock.

What GME should actually do is issue as much stock as they can get away with at these prices.  That cash will keep them in business for a long time.",1615074228,gq1i0gq,False,t3_lzbzd1,t3_lzbzd1,0
96reltihleih,"Institutions holding a huge amount of GME already, and then selling short shares to other institutions that then buy. Not too complicated.

Also, delays in reporting as well.",1615074219,gq1hzjg,False,t3_lz4onk,t1_gpzyg6y,7
DodgyDingo1337,How many of you apes are gonna put your stimmy package in GME?? 🚀🚀,1615074185,gq1hvsf,False,t3_lylrpp,t3_lylrpp,17
koopastyles,">Batman/Bruce Wayne: People need dramatic examples to shake them out of apathy and I can't do that as Bruce Wayne, as a man I'm flesh and blood I can be ignored I can be destroyed but as a symbol, as a symbol I can be incorruptible, I can be everlasting. 

Batman referring to the stock symbol GME, of course",1615074145,gq1hr9f,False,t3_lyz99m,t3_lyz99m,1
sperrjo,"Steven Levy wrote in Facebook: The Inside Story that Palihapitiya was regarded as a ""bully"" at Facebook.[14] He made many of his subordinates cry regularly.[15]

Read his fucking S1. He has the terms all lined up for him and his sponsors..

I cannot believe Ackmans is being ignored. Read Ackman's S1. That's how it should be. 

This loser went on CNBC to talk about GME to win people over. Just like mark Cuban. When mark did the AMA I saw how you guys sucked his dick like simps.

These guys are not smarterthan you ...


early 2021, during the GameStop short squeeze, he repeatedly attacked Robinhood and its founders for being unethical by selling payment for order flow to HFT firms like Citadel Securities and pushed his fans to switch over to SoFi, which was merging with his SPAC. SoFi employs the same practice of selling payment for order flow to HFT firms (including to Citadel Securities) and owns a 16% stake in Apex Clearing Corp a clearing house involved in the controversy.[57][58][59]

2021 Palihapitiya's SPAC took public Clover Health a Medicaid insurance company.[35][60] According to Hindenberg Research, a well known activist short seller, Palihapitiya did not disclose an ongoing DOJ investigation and several other major issues with the companies finances and operations including kickbacks paid to doctors.[61][62] Palihapitiya made more than $290 million from the deal based on a $25k investment.[61][63] In addition the Clover Health co-founder/CEO's previous company, CarePoint Health, a hospital conglomerate in New Jersey, was accused of price gouging customers and according to a NJ state commission siphoning off $150 million to himself and his friends bankrupting the company and causing a hospital crisis in NJ.[64] Regulators in NJ called for an investigation of Clover Health because of the CEO's previous actions.[65] The Securities and Exchange Commission opened an investigation into the allegations set forth in the Hindenburg Research report on Feb 4th.[66][67] When asked about the allegations Clover Health CEO Vivek Garipalli went on a expletive ridden tirade with a Forbes reporter.[68]

This is only what we know publically",1615074104,gq1hmh4,False,t3_lza6fc,t3_lza6fc,25
XionFa,"I have two calls left for PLTR that I expect to just finish dying.  I have one left for XOM and I think it'll be 'ok'.

Everything else is GME now...  

PTR to the moon would definitely make those calls look a lot better lol",1615074045,gq1hfre,False,t3_lylrpp,t1_gq1h3wt,5
JackOfAllTradezs,I’m holding shares of GME but at least once a week I buy an otm call and sell it soon as it gets a good spike.,1615074004,gq1hawq,False,t3_lylrpp,t3_lylrpp,8
Samdewhidbey,Right?  The GME case against HFs in 2026 is gonna be lit!,1615074003,gq1haua,False,t3_lz47jz,t1_gpzm2nr,14
MolassesLate4676,"$10,000 and I’ll tattoo GME down my shaft with diamond hands on my nuts",1615073968,gq1h6bq,False,t3_lzbh46,t1_gq0qwi3,148
96reltihleih,"Retail isn’t influencing GME nearly as much as a lot of you think. It’s institutions attacking other institutions at this point. There is no guarantee it will go up (or down for that matter) either. SI is 30.39% as of 02/12. We’re not seeing a short squeeze of previous magnitude again.

Expect to lose all your money on GME.

Retail will be 100% blamed though for what institutions do.",1615073929,gq1h1jz,False,t3_lylrpp,t3_lylrpp,-6
[deleted],"In an alternate timeline trading was never restricted, GME went to $10,000 and everyone on this sub became millionaires only to blow it all in two weeks on FDs (except for one guy who became a trillionaire). This is the future we missed.",1615073928,gq1h1gn,False,t3_lylrpp,t3_lylrpp,8
ncshooter426,Everyone move your cash into gourd futures after GME.,1615073918,gq1h03k,False,t3_lzbqhd,t3_lzbqhd,78
RagingHippo33469,There’s too much to learn. That’s why most people perfect one portion of the market and stay in their lane to make money. Also why hf were going short retail for cash to go long tech for gains. It’s a relatively new strategy and gme was created. I’d first suggest you figure out what your goals are and find the best strategy that fits you.,1615073895,gq1gx90,False,t3_lzch8t,t3_lzch8t,2
trainwreck001,"GME stock is my go-to synthetic Bond Fund.

Praise Jesus.",1615073865,gq1gtpo,False,t3_lylrpp,t3_lylrpp,8
Donkeycow15,Also ‘ don’t gamble on GME buy [extremely overpriced Boomer ] value stock for .3% gains ‘,1615073831,gq1gpz9,False,t3_lylrpp,t1_gq1gfd1,7
ThatOneGiantofAMan,"Yeah, this seems to be information that would be used outside of the GME scenario. It’s great information to have if you still want to play with the market after all this but it doesn’t help the squeeze.... I think. Not a finacsisl etc. etc. 

I eat crayons and fling poop.",1615073812,gq1gnma,False,t3_lz4onk,t1_gq0qhvw,2
thewaybaseballgo,There’s a post here about someone’s doctor “breaking the ice” about WSB and GME by calling his patient a retard. Social skills went out the window long ago.,1615073812,gq1gnnd,False,t3_lzc4uh,t1_gq17thm,39
Mr_Teddy15,"Fuck it, putting my aapl shares into gme first thing monday",1615073791,gq1gkzo,False,t3_lzalj6,t3_lzalj6,13
Juffin,GME and AMC won't crash the stock market. Biggest possible impact is a few bankrupt hedge funds and a bunch of troubles for market makers.,1615073790,gq1gkuo,False,t3_lyysbc,t3_lyysbc,1
Relentlessdrive,"If GME stock doubled, GME can purchased reddit for about $6 billion. Wow 🔥🚀🚀🚀",1615073754,gq1ggi9,False,t3_lz9hyl,t3_lz9hyl,1
r6raff,"Half in GME stock the other half in GME calls, that's diversity right? 🤕",1615073725,gq1gd22,False,t3_lylrpp,t1_gq1ezei,2
f0rce44,Top notch analysis. I'm definitely buying more GME Monday.,1615073707,gq1gb1y,False,t3_lzdav9,t3_lzdav9,3
Torniojaws,Cupsize of the girl you can get when GME is over 9000,1615073669,gq1g6s8,False,t3_lzbh46,t1_gq1ev8h,802
RichMill32,How do i buy gme?,1615073667,gq1g6k6,False,t3_lz0926,t1_gpxm7up,2
Rippedyanu1,exactly. Either you own legit shares or IOUs but no one will know what you have until they buy it off you for the share price. Trey from Trey's trades did an excellent explanation of this in regards to AMC and it applies here with GME. Both AMC and GME are currently dealing with naked shorting as he pointed out that on the day AMC spiked it basically traded its entire float 3x over in a single day and that's absolutely impossible.,1615073647,gq1g42p,False,t3_lz4onk,t1_gq0tdyl,11
SpaceDoggs,"They could try, I doubt with all the publicity around GME that Ryan would agree to do it, would probably ruin his image with just about the entire world. I would also think he has more to gain if he successfully turns GME around as an e-commerce platform or competitor to Steam.",1615073646,gq1g3z2,False,t3_lz4onk,t1_gq195oh,27
jeesuspieces,More confirmation bias. Gonna hold mah GME shares even harder now.,1615073645,gq1g3qv,False,t3_lz4onk,t3_lz4onk,3
www123x,Imagine how many people here would be fucked if you were aloud to sell naked calls on GME without posting collateral,1615073627,gq1g1du,False,t3_lylrpp,t3_lylrpp,5
chujy,Clearly he has used all the money to buy and hold gme,1615073625,gq1g15s,False,t3_lylrpp,t1_gq1eoux,1
Canadianpainter59,PLTR just released all their stocks that were protected in February.  Og price to these holders was 25 per When stocks were released they were selling at close to $40 per.  The market would not commit to PLTR because so many shares were held since IPO and the release of these millions of shares would drop the price so who would invest at that time.  It's really too bad that it got involved in the meme stock group as now the HF's want to keep the price down so redditors cannot cash in profits and invest in GME.  I have no worries about this stock it will eventually take off.  Maybe not this week or this month but I would think once the GME thing is over (if ever) it will rise to the $40 - $50 range.  But like everything it is a gamble but with all their contracts  it's a no brainer.  Yeah I don't get the 30% vs 100% either  but 30% growth at minimum with an affordable stock seems passable.  I was saying that EOD the PLTR stock only lost 2% where SNOW lost 9.5 %  I am keeping it as one of my long holds..,1615073612,gq1fzj0,False,t3_lylrpp,t1_gpzgbkt,1
BinBender,"That’s part of the problem, I can’t seem to find the essence of it. AMC doesn’t seem as shorted anymore, and was always far from GME levels, so why would it still be squeezed? It may have been far undervalued at 2-3, but now? I don’t see a bright future for them, theaters in my country were already struggling before COVID. I mean, they are probably somewhat undervalued still, but not at to-the-moon levels? So what am I missing?",1615073565,gq1fu46,False,t3_lylrpp,t1_gq19mmi,1
xeneize93,"after I'm done with GME, I'm buying this stock",1615073513,gq1fnvy,False,t3_lz9iwc,t3_lz9iwc,4
Nomes2424,You had me sold on “GME”. I’ll buy more next week,1615073503,gq1fmp9,False,t3_lz77ix,t3_lz77ix,1
HalfCheetah11,It’s foolish to think they are sitting with their thumb in their asses while GME goes on a rollercoaster. They are buying calls and puts and enjoying gains as well.,1615073489,gq1fkxu,False,t3_lzdcm5,t1_gq1ah4l,2
FlashySecretary2241,"you do know burry came up with the gme thesis before anyone else, right?

&#x200B;

dfv probably just took burrys idea

https://www.reddit.com/r/investing/comments/cthume/dr_michael_burry_and_the_big_gamestop_short/",1615073445,gq1ffqx,False,t3_lyysbc,t1_gpz8q89,6
[deleted],$GME hits 300 EOW I’m buying a random person at switch at EB games,1615073387,gq1f98c,False,t3_lzdvpi,t3_lzdvpi,2
undernutbutthut,"So, if this financial model is correct, GME should be hitting $100,000 fairly soon.",1615073378,gq1f89y,False,t3_lzbh46,t3_lzbh46,858
schnitzel177,Talk to the ape and said GME paid for the hoodie and the trip,1615073341,gq1f3xn,True,t3_lzc4uh,t1_gq0x3si,231
Pelon6,Probably why they pushed out GME CFO.,1615073276,gq1ewqy,False,t3_lzcvz7,t1_gq16766,10
redditposter-_-,It seemed to always be a FOMO play for people who couldn't buy GME because it was never mentioned until after GME came onto the scene,1615073260,gq1ev3j,False,t3_lz0uow,t1_gpynlxg,2
someonesaymoney,"I think they ""have"" to as it's their job to provide liquidity and this is one aspect of it.

But who knows.  No one predicted original retail restriction with GME earlier.",1615073252,gq1eu78,False,t3_lyp4du,t1_gpu0yiv,1
EastBayRae,$2k stimmy - $600(for The Big Guy) = $1400 to buy 10 shares of GME,1615073222,gq1eqnf,False,t3_lylrpp,t3_lylrpp,20
tobogganneer,So 130% of GME is owned by everybody else even without the public/others included?,1615073200,gq1eo1o,False,t3_lz7e2d,t3_lz7e2d,6
Master_Procedure_634,Gme is the new gme. They don’t want massive buys like last time. That’s fine most of the people hopping on the bandwagon turned out to be paperhands anyways. HODL till life changing money 💎🙏,1615073174,gq1el8j,False,t3_lzcfwu,t3_lzcfwu,48
NemnogoDayn,Gme to 10k ? I’ll downvote u...100k is the floor,1615073079,gq1ean0,False,t3_lzdlp9,t1_gq1bnkn,1
Charming-Talk5373,"That's what I'm doing also with my GME gains. How many BB could I buy with $1,000,000,000,000,000,000",1615073031,gq1e4tm,False,t3_lza1rz,t1_gq0c37t,7
Colonel_HD_Sanders,"How can GME drop to the ocean floor, but rise to the moon in price? Someone call James Cameron to investigate.",1615073020,gq1e3mb,False,t3_lzbh46,t3_lzbh46,4
chimp-to-the-moon,You're retarded if you think stock splits don't do anything. Ever heard of AMC being referred to as poor's man GME? Because it its much lower price thus more people can afford to be in the game.,1615072997,gq1e119,False,t3_lzbzd1,t1_gq11efr,-1
BecauseSeven8Nein,"Rent it? Bro, not all of us have that GME money",1615072913,gq1drmb,False,t3_lyysbc,t1_gpy682k,1
Facts_About_Cats,"You laugh but a huge number of WSB believes these sorts of narratives, but with GME.",1615072876,gq1dnc3,False,t3_lylrpp,t1_gq1c882,2
SeaWin5464,Thanks. This GME thing has been so much longer and wilder than anyone ever thought. Can’t believe it’s back near $150,1615072760,gq1d9k1,True,t3_lyw38q,t1_gpy1w3b,1
Balding_Phoenix,"One key phrase here struck a cord. Many of the older generation, maybe through a lack of comprehension, actually believe they are smarter than the internet. This might be the biggest flaw in the thinking of the anti GME crew. 

I know I’m retarded, especially when compared to the hive mind of the internet. Yes there are many things beyond my understanding that float through Reddit, but one prevailing thought is very easy to follow. Buy dip and hold.",1615072748,gq1d7w5,False,t3_lz7r44,t3_lz7r44,10
papaelontakemetomars,I could have sworn on a bulltrap in pre... but happy for you guys. Im all GME atm. So no tastydips for me 😏,1615072748,gq1d7xi,False,t3_lylrpp,t1_gq1ciq5,3
Donkeycow15,Fuvk knows - I’ve been hoping for a dip for a week but it’s not come. I defo buying more GME,1615072742,gq1d74q,False,t3_lylrpp,t1_gq1cz58,6
Suikoden1P,So buy gme at market launch or expecting a slight dip?,1615072675,gq1cz58,False,t3_lylrpp,t3_lylrpp,6
Kilgoth721,"I habve a co worker that gets packages sent to work when she orders things online for some reason. Today fed ex dropped off a package. It was from chewey.com

Buying more $gme monday.",1615072646,gq1cvph,False,t3_lzdf30,t3_lzdf30,1
Donkeycow15,It’s insane- I fear GME will suck the whole market dry .. and yet I’m loaded on GME,1615072625,gq1ct4r,False,t3_lylrpp,t1_gq1bu81,2
MercenaryCow,"Transferring money now so I can buy more gme before the stimmy hits...

We still expecting this gme to get high?",1615072618,gq1csaa,False,t3_lylrpp,t3_lylrpp,11
FrostyTemps,With this attitude; I’d say the latter. Sir this is a casino inside of a Wendy’s. Dump the EV for some GME.,1615072551,gq1cjz1,False,t3_lz31hd,t3_lz31hd,1
dekugawa,"Put $150 into my broker. Gonna buy GME on Monday. Putting a gamble with my savings. Good luck, good folk",1615072505,gq1ceb9,False,t3_lylrpp,t3_lylrpp,10
RS_0x539,I have the capital to grab a share or two of GME but don’t want to throw it away by FOMOing. I’ve been considering options but haven’t decided between a stab at those or simply grabbing more stocks.,1615072495,gq1ccx1,False,t3_lzbqhd,t1_gq18jpv,1
chuckleoctopus,If all games purchased at GameStop start coming with a physical version AND a steam key then GME is breaking $200 no problem,1615072482,gq1cbel,False,t3_lz9hyl,t3_lz9hyl,2
2biddiez,Will GME get to $800? will the short sellers double down again? Find out on the next Diamond ball z!,1615072429,gq1c46k,False,t3_lyqziv,t1_gpuz7jr,1
Under-the-Gun,"I made comments down below ranting my opinion because that’s what you do here lol 

But they just posted about amc holding a share holders meeting and they will have to recount shares (if the meeting happens). Now based off what a poster said down below, neither option is good basically. Scroll down and read it. But with amc the meeting causes a recount of shares. Could there be a meeting for gme, recount all the shares (who has what, which would force shorts to cover) and then could just basically vote no on the split? Solely for the purpose to trigger a recount.",1615072411,gq1c1kt,False,t3_lzbzd1,t1_gq0wqec,1
idontknowanyonehere1,Predict that gme will skyrocket and that my lambo will be green.,1615072409,gq1c1ev,False,t3_lylrpp,t1_gq1bf4d,2
Odin1367,Only GME can save my entire portfolio at this point,1615072349,gq1bu81,False,t3_lylrpp,t1_gq1bq50,2
BansheeThief,"Well for now, until the squeeze is squozen and GME 🚀🚀 to $100k/share and Gamestop is the wealthiest company ever and then they buy Tesla so that after the squeeze crashes, they don't fall back down to original stock price but are now consistently valued at more tendies than Tesla and before you know it we are talking about GME Squeeze 2 electric bongaloo",1615072323,gq1bqsh,False,t3_lz9hyl,t1_gq0wqwf,1
Donkeycow15,Unlikely- I think they are all going into GME,1615072318,gq1bq50,False,t3_lylrpp,t1_gq1bkpn,3
darthlen,"1 - you won't know

2- does it really matter if you're still seeing GME tattooed pu$$y lips?",1615072306,gq1booz,False,t3_lzbh46,t1_gq18y5w,86
CoronaEraXpertTrader,"Shut the fuck up, GME to $10000 🚀 
now we downvote you to oblivion",1615072297,gq1bnkn,False,t3_lzdlp9,t3_lzdlp9,4
RagingHippo33469,".68% means every $100 they get, 68c goes into gme. So every $20k they have about 1 share of gme. Op is calculating based on shares of the etf instead of aum of the etf.",1615072216,gq1bdo5,False,t3_lz4onk,t1_gq0et3q,3
comancheepants,"#gme is making the market unstable, proceed with caution",1615072212,gq1bd7m,False,t3_lzdlp9,t3_lzdlp9,1
bosh911,"Sell all, buy GME and get back your tendies",1615072185,gq1ba0d,False,t3_lzd2lo,t3_lzd2lo,4
johnwithcheese,"Why do you care if people believe in 500k? What to you stand to gain from people not holding their shares?? I don't understand your motives here. 

Every single post I have seen on wsb there seems to be so many comments from people who care *so* much about other peoples money, literally BEGGING people not to hold past 1k.

 I just don't get why you give a fuck about other people being bag holders???

GME is worth at least 100-200 based on fundamentals/hype alone. Most people have bought below that so they won't be bagholders anyway..",1615161576,gq5me14,False,t3_lzw75u,t1_gq5auk9,6
Will_I_Mmm,Then GME goes even higher,1615161567,gq5mdfj,False,t3_lzzknh,t1_gq5mawb,1
TopGolfMike,"The thing that gets me about GME is that there is leadership there now that can help out but do nothing. If you really want to stick it to the hfs offer the ridiculous dividend to get more buying in, or I’m not sure if a reverse split would help but something to grab the nuts even tighter and teach these hfs a lesson not to fuck with them or wsb...I don’t know but just my thoughts.",1615161557,gq5mcrm,False,t3_m00gqa,t3_m00gqa,2
Cheeseheroplopcake,"I'm not digging GME-anon, tbh. Yes, there was some blatant fuckery with the restrictions on buying, but some of the shit I've seen posted is just too stupid for words. For example, when some 🦍 saw that Chewey was a holding of melvin capital, they actually said ""omg, is this Ryan Cohen guy in it with the Melvins?""
Please kill me now.",1615161512,gq5m9q3,False,t3_lzv0fu,t1_gq5cyw2,17
Sad_Attention5998,"Buy $GME 

Currently: 125 @ $180",1615161504,gq5m96i,False,t3_lzzknh,t3_lzzknh,10
daddy_OwO,If GME ever actually hit something as crazy as 10k I’d be able to help mine alot,1615161484,gq5m7vf,False,t3_m00jfe,t1_gq59k2s,1
YouLookLikeACuck,Waiting to see more $rope after gme peaks,1615161480,gq5m7lr,False,t3_lzxf02,t3_lzxf02,1
doge4lifer,My wife and I had a screaming match Saturday night because I refused to sell even $500 of GME and put it back into checking to cover our bills for the week yet she has a savings account with $10k and also refuses to move any.,1615161463,gq5m6ie,False,t3_lzut0t,t3_lzut0t,1
improvedmandem,The bull run ain't starting until GME crashes and burns.,1615161460,gq5m6ac,False,t3_lzzknh,t3_lzzknh,5
SmokesBoysLetsGo,"!remindme 3/19 ""GME @ 349 by jligalaxy""",1615161459,gq5m688,False,t3_lzsnlk,t1_gq3ui3u,2
Will_I_Mmm,Futures going red but watch GME go green.,1615161443,gq5m58b,False,t3_lzzknh,t3_lzzknh,12
[deleted],"Look here, look listen! Ban anyone that isn’t promoting GME real tawk",1615161441,gq5m53j,False,t3_lzzknh,t3_lzzknh,2
NickAtNight813,GME,1615161429,gq5m4c7,False,t3_lzzknh,t1_gq5le1u,2
Justman1020,The only race here is the race to the moon. Hedge funds need to hurry up and buy my GME shares for 5 tribillion dollars already.,1615161414,gq5m3c9,False,t3_lzqgxq,t3_lzqgxq,2
WagonBurning,"7:00am wake up, make coffee go back to bed
7:15am wake up, drink coffee, rub one out 
7:30am wake up again,  drink more coffee and search like hell for the GME Unpinned Megathread 
8:29am pour myself a double (whiskey: Jefferson)
8:30 laugh or cry
9:00 pour another double and go to work",1615161395,gq5m20d,False,t3_lzzknh,t3_lzzknh,16
Iam_nameless,"I want to know what their ""Value at Risk"" looked like in January when GME spiked before RH stopped trades.  They see the writing on the wall and are changing the rules of the game so they won't lose.",1615161356,gq5lzd4,False,t3_lzsnlk,t1_gq3vnef,1
WatchingyouNyouNyou,GME,1615161347,gq5lypv,False,t3_lzgdw7,t1_gq5lp98,1
Guilty-Marzipan,"Germans, why dont yall kick off the GME squeeze tonight so USA can wake up to 200",1615161321,gq5lwz7,False,t3_lzzknh,t3_lzzknh,370
Amar_poe,"~~RKT is pretty low and dividend comes out tuesday.  Think I'm gonna throw some in tomorrow morning, pull it out tuesday, and use the profits to buy some gme flavored dip~~

&#x200B;

Edit: Guess I'm not.  Just a bit retarded.  Thanks guys",1615161304,gq5lvuo,False,t3_lzzknh,t3_lzzknh,3
catchthisnoose,You had me at GME,1615161286,gq5luoq,False,t3_m02g1i,t3_m02g1i,2
Iam_nameless,"GME is not a bag, it's a good company.",1615161249,gq5ls79,False,t3_lzw75u,t1_gq5gw2i,0
DutchTurk_,"Fuck him. He saw how big the community was and was in for a ride to dump his GME shares on the top on the day when there was buy restriction. He created panic so more people who trust him and follow him on Twitter start to sell. I never trusted that guy. He has a rat face. When i see his face i know guys like him will do everything to use the community to make money. These type of guys make money on the back of others. Guy has gained a lot of new followers on Twitter because of GME and then dumped his shares on his followers. In my eyes he had a chance to be a hero, but ended with zero. I never wanna see that guys name here on posts anymore. For WSB gang he is nobody. At least shut your mouth if you dumped don't create panic. It had a snowball effect. Fuck his girlfriend.",1615161235,gq5lray,False,t3_lzv0fu,t3_lzv0fu,2
dub_life20,GME,1615161205,gq5lp98,False,t3_lzgdw7,t1_gq55o5c,1
dub_life20,Ok all good.  Buy GME or watch on the sidelines as the rocket dusts yoy,1615161153,gq5llto,False,t3_lzzknh,t1_gq5l7li,1
Liteboyy,Im gunna window shop PLTR May 21 options while I wait for GME to close.,1615161152,gq5llrh,False,t3_lzzknh,t3_lzzknh,4
Iam_nameless,"GME already inverted SPY during the recent ""correction"", I have already made the leap of faith",1615161144,gq5ll6f,False,t3_lzsnlk,t3_lzsnlk,4
Capernikush,See I missed the peak of GME. Caught a way down @212 but definitely could have been better. With RKT I told myself it wasn’t happening again 😂,1615161052,gq5lf5y,False,t3_lzw75u,t1_gq4uupa,2
Stalebagofweed,GME,1615161035,gq5le1u,False,t3_lzzknh,t1_gq5l1si,8
Jealous-Meeting-7815,buying more GME tomorrow to hedge,1615161006,gq5lc19,False,t3_lzzknh,t3_lzzknh,18
liquidsyphon,It requires diamonds hands which Portnoy clearly does not possess and sold his GME like a paper handed bitch.,1615160992,gq5lb6t,False,t3_lzzknh,t1_gq5jxnp,1
casewood,"GME calls and PLTR leaps at open, especially since those are the only things that made money with shares last week",1615160960,gq5l914,False,t3_lzzknh,t3_lzzknh,10
AngryBagOfDeath,I'm dumping 1/3 of my liquid cash into GME and 100% of my liquid into my wife.,1615160889,gq5l4du,False,t3_lzzknh,t3_lzzknh,23
milestonesoverxp,I know those gme peaks right there in the center. They haunt my shit.,1615160854,gq5l27e,False,t3_lzue8o,t3_lzue8o,2
jamesy9555, GME,1615160848,gq5l1si,False,t3_lzzknh,t3_lzzknh,17
tangsoochic,Stimmies means buy more GME,1615160818,gq5kzsm,False,t3_lzw4w4,t3_lzw4w4,3
JustANyanCat,"Yeah, there's a guy at work who also asks me about this because he knows I bought GME and sold off some to cover the cost of all my GME shares. I didn't tell him that I bought even more lol, since he thinks that the hype is over because the news says so",1615160798,gq5kyi6,False,t3_lzybby,t1_gq5c9so,1
kandistag,False: WOMEN LIKE TENDIES TOO! Bought GME back in November all I can say is GMEGang Gang Gang!,1615160769,gq5kwi9,False,t3_lzqgxq,t3_lzqgxq,2
Aardkloot,"GME, I just like the stock.",1615160743,gq5kusb,False,t3_lzzknh,t3_lzzknh,17
yurodd,Lol gme will win the 6G war,1615160682,gq5kqko,False,t3_lzzknh,t1_gq5kl27,1
Geoclasm,"I hope those fucks drive the price down to 40 again. I've got $1,300 sitting around doing sweet fuck all and I'd love to set it on fire for GME.",1615160652,gq5koka,False,t3_lzsave,t3_lzsave,1
BladedD,Fidelity and Vanguard seem to be the only ones that didn’t interfere with GME in the past. Having multiple brokers is a great idea tho,1615160614,gq5km0e,False,t3_lzllyx,t1_gq5kgr5,1
TheTigersAreNotReal,Yes you must have the capital. If you can sell some of the options to afford the capital needed to exercise then do that. It’s what I did for GME,1615160613,gq5klya,False,t3_lzzknh,t1_gq5kge3,2
dabo1795,Lmfao I had a dream last night that I cash out my GME and it’s paper shares that were from years ago and not even worth shit. This shit really gets in your head 🤣,1615160608,gq5klnp,False,t3_lzzknh,t3_lzzknh,-2
Thunder_drop,When I was invested. 60-65 seemed to be a good buy point. I bought at 85 and paper handed at 63 for gme.,1615160593,gq5kklj,False,t3_lzuxgh,t3_lzuxgh,2
PlausibleDeniabiliti,Late forty year olds talking to thier mom about $GME,1615160548,gq5khno,False,t3_m02oks,t3_m02oks,9
zoopboop-111,"Yea but SPCE always sucked as a company so why’d he even get into it in the first place. Honestly makes me trust him more that he got out. You all mutha fuckers want to invest in SpaceX and you can’t so you go for the “similar” company that tried to meme their ticker symbol but has actually killed people, falls way behind schedule, and still has no viable product. I don’t care how strong the meme gods shine on SPCE. I never would have touched it and it’s no GME. Thanks",1615160532,gq5kglh,False,t3_lzv0fu,t3_lzv0fu,1
dontasslethehough,Decoded: go to mcdonalds ask for the gme special?,1615160532,gq5kglo,False,t3_m02g1i,t3_m02g1i,2
mikelcold,"wtf, how did you do worse during the pandemic and then better now? I have the opposite. like 200% increase from the 3/1/20 to 2/1/21, then a sharp -30% from 2/1/21 to today.

What's in your portfolio? I assume just GME.",1615160486,gq5kdiu,False,t3_m0168n,t3_m0168n,3
kismethavok,If tech recovers and GME dips I'll be a happy ape.,1615160484,gq5kde0,False,t3_lzzknh,t1_gq5kawv,1
BagSelect,"Do it anyway- you already want to and that’s excuse enough. Gamble on GME, but invest in your health.",1615160413,gq5k8qq,False,t3_lzzknh,t1_gq5jqhj,7
KrazyCamper,"It will fail, it rebalances every month which means it misses every meme stock and buys in at the end. It would’ve missed the first GME run up and than bought near the top, would’ve missed RKT run up. Like there is no point to holding these memes after they already happen",1615160388,gq5k74r,False,t3_lzzknh,t1_gq5jxnp,1
Jealous-Meeting-7815,Nasdaq red = GME green.  Give me the tendies!!,1615160366,gq5k5o1,False,t3_lzzknh,t3_lzzknh,2
chintpint,FYI I AM  Brown woman as well. Been a part of Wsb for almost a year. Been a part of this sub before any of this crazy Gme attention we all got. I'm sorry was I supposed to place a disclaimer that I'm a woman in every comment I make?,1615160353,gq5k4rx,False,t3_lzqgxq,t3_lzqgxq,3
Thatguy3145296535,I just had 10K in GME calls expire worthless on Friday,1615160341,gq5k41f,False,t3_lzyi84,t3_lzyi84,21
optionsCone,"Hey Cramer,

In your last episode you mentioned GME was destined to, STFU, I don't watch your show.",1615160339,gq5k3v3,False,t3_lzzknh,t3_lzzknh,7
unloud,"This is a **PROPOSED** rule change. According to the document, the proposal does not go into affect until **10 DAYS **after it is voted on. This is NSCC’s way of fixing this going forward. 

This proposal would not add any pressure to the GME situation, **unless** they vote on this first-thing Monday morning (March 8th).

Another tidbit from the proposal:

>	Specifically, NSCC expects to deliver notification of Supplemental Liquidity Obligations to Supplemental Liquidity Providers by around 8:30 AM ET each Business Day, with deposits required by no later than 9:30 AM ET.

I expect this could make pre-market quite hectic. 😅",1615160317,gq5k2gw,False,t3_lzllyx,t3_lzllyx,2
tashmanan,"Nah, boring day. GME up about 9%, everything else range bound + or - less than 1%",1615160266,gq5jz3e,False,t3_lzz1mc,t3_lzz1mc,1
tangsoochic,Gonna sell my rkt after my stuff transfers n put it in gme,1615160263,gq5jywd,False,t3_lzy2b6,t3_lzy2b6,7
wishtrepreneur,"I got 6k tax returns, all going into GME.",1615160228,gq5jwmk,False,t3_lzpdvd,t1_gq4adqx,1
IllmanneredFlanders,I have a similar shitty heating credenza such as OP and need my GME tendies to earn me one that doesn’t blow my fuse each time,1615160195,gq5jufy,False,t3_lzw4w4,t1_gq5cjzv,49
kismethavok,I'm hoping for another GME dip to load up on some more shares.,1615160181,gq5jtio,False,t3_lzzknh,t3_lzzknh,2
Jpostal71,I can’t even color inside the lines. How the fuck am I supposed to read this shit? So you’re pretty much saying I’m about to have diamond hands thanks to GME?,1615160157,gq5jrxh,False,t3_m02g1i,t3_m02g1i,11
Sweet_Premium_Wine,"*Yes, I am the product, I am the narcotic, that's right the world depends on GME; Yes, I am the product, instead of hooked on phonics, I got everybody hooked on GME*",1615160156,gq5jrve,False,t3_lzut0t,t1_gq42slr,1
BurritoBurglar9000,Oh shit that us 10yr tho. So tech gunna bleed and gme 🚀🚀🚀🌕🌕🌕,1615160155,gq5jrtp,False,t3_lzzknh,t3_lzzknh,0
MercenaryCow,"If gme hits 250 *while I'm holding* I'll buy an exercise rower machine and start a diet and exercise routine and start losing weight. Diamond hands though, I'm not selling at 250. Just something I wanted to do for a long time and since I believe gme will be hitting 250, I'm using it as an excuse to force myself to pull the trigger on being better.",1615160135,gq5jqhj,False,t3_lzzknh,t3_lzzknh,23
kemar7856,gme is doo doo,1615160107,gq5jomu,False,t3_lzzknh,t3_lzzknh,-14
CraigWesleySF,"RKT isn’t in a terrible position on the weekly chart. Huge volume bar with a bull bar and no real stopping volume. I said the same thing about GME four weeks ago and “surprise, surprise” it’s risen from the dead. I mean obviously not at $480, but it’s also not $20 either.",1615159998,gq5jhex,False,t3_lylrpp,t1_gq510sk,1
redrocketinn,I can't wait to buy a gold bar with my GME gains,1615159969,gq5jffs,False,t3_lzzknh,t3_lzzknh,6
Antennangry,Now is the time to get out of TSLA. I'm thinking the market is gonna see a return to fundamentals in a big way over the next 18 months. Except for AMC and GME. Those will be driven by technicals.,1615159955,gq5jeg6,False,t3_lzw5j5,t3_lzw5j5,1
DutchTurk_,If he wants a mission with us around the moon he needs to buy GME stock.,1615159952,gq5jeae,False,t3_lzx7t3,t3_lzx7t3,1
TreeHugChamp,"Cathie needs to read this DD so she knows that God spoke to you about the growth opportunity of GameStop!     

This is not financial advice and is for entertainment purposes only. Disclaimer: I am a GME shareholder so please don’t let my opinion influence your decisions",1615159950,gq5je53,False,t3_m00gqa,t3_m00gqa,18
Mechanical_oldie,So he is also investing in GME?,1615159945,gq5jds6,False,t3_lzx7t3,t3_lzx7t3,2
REDbird-Crazy,GME FTW!!! 🚀 Blast off,1615159866,gq5j8gw,False,t3_m02g1i,t3_m02g1i,6
SignalSalamander,Gme.,1615159864,gq5j89x,False,t3_lzzknh,t1_gq5iz6f,5
dontevenstartthat,"SPY calls and GME calls, impossible to fail since they fucking inverse each other",1615159847,gq5j768,False,t3_lzzknh,t3_lzzknh,11
jbro12345,Gimme a solid reason to throw 50k into GME this week instead of next. 🤔,1615159828,gq5j5vc,False,t3_lzzknh,t3_lzzknh,9
DodgyDingo1337,GME to the moon,1615159797,gq5j3sz,False,t3_lzzknh,t3_lzzknh,14
Smart202020,"Exactly.  This entire thread is nothing but GME PLTR baggies sitting on losses mindlessly posting rockets thinking that will cause the market to go up.

If they were smart, they'd sell, take the loss and invest in something going up.",1615159727,gq5iz2q,False,t3_lzzknh,t1_gq5iqj2,-3
megalodon319,"Yeah, we're missing from the news because the news is pretending we're not here. The author is projecting their own sexist assumptions about GME investors' genders.

TBH, the main reason I bought into GME was because I found this sub so entertaining / fucking hilarious, and I wanted to feel like I was part it. I lurk here all the time now, the entertainment value is *chef's kiss*.",1615159709,gq5ixvc,False,t3_lzqgxq,t3_lzqgxq,1
improvedmandem,The best indicator for the market will be GME pre market.,1615159645,gq5itht,False,t3_lzzknh,t3_lzzknh,20
Common_Ad_4160,"* GME (DeRppp....1000 isn't a meme!)
* AMC (dERppppp....I wanna diversity from GME)
* APHA (DerPP-A-deRRRRRppp.....I like pot, weed to the moon!)
* RIOT (dErP-a-DErppppp....Fuck the government but I'm too dumb to learn how to buy the actual coins)",1615159639,gq5it48,False,t3_lzzknh,t3_lzzknh,8
Stunning-Trade8869,I’ll go long on the divorce only if he invested in GME,1615159606,gq5iqwg,False,t3_lzut0t,t1_gq4klvt,3
chapusin,Wondering if I should buy gme pre market or 30 min after the bell,1615159565,gq5ioaa,False,t3_lzzknh,t3_lzzknh,8
MercenaryCow,"Again, I feel like these people waste the opportunity of doing that with memes nobody gets.

Hold gme or buy gme stock is simple enough. But diamond hands/paper hands or dfv references... Is a waste. Nobody know those lmao. The memes are only good for the people already here in wsb and already invested lol",1615159544,gq5imu2,False,t3_m00pr5,t3_m00pr5,0
Cooliofeat,No joke. Half my GME tendies post squeeze to do 3 assignments for me. If squeeze doesn’t happen 200 per assignment. Computer science - algorithms. Spent too much time watching stonks instead of doing hw.,1615159525,gq5iljb,False,t3_lzzknh,t3_lzzknh,4
CanadianDeathStar,"If GME really does go to the moon, i'm out at $80k no matter what. $80K allows me and my partner to afford surrogacy so we can have children. That's my price, it's basically an episode of deal or no deal, if the bankers offer matches your life's needs then you accept. All power to those who gamble and get the million dollars, but $80k is all i need.",1615159523,gq5ildw,False,t3_lzw75u,t3_lzw75u,85
iAbc21,they should take it all in cash and put in gme shares. becomes 2 bil. damn life hack,1615159523,gq5ilfk,False,t3_lzzknh,t1_gq5ihw1,2
ZaneMasterX,I have $3k sitting in cash...might say eff it and toss it into GME and let'er ride. My account is down bigly so this could make or break it at this point.,1615159505,gq5ik8e,False,t3_lzzknh,t1_gq5i11t,4
UsernameTaken_123,GME mooning in North Korea,1615159489,gq5ij5r,False,t3_lzzknh,t3_lzzknh,9
CinaNeko,"my moves? the same thing ive done for 2 weeks straight holding gme till it goes up. (btw i have an exam tomorrow at 11:30 am est, last time i had an exam it rose 20 bucks don't know if its related but yall welcome to try) \*eats green crayon\*",1615159485,gq5iiv5,False,t3_lzzknh,t3_lzzknh,5
xAsruo,If gme continues to have a steady growth they might have to start considering it a real stock again xD,1615159442,gq5ig10,False,t3_lzzknh,t3_lzzknh,4
Sipnheighterade,"I’m going to buy GME tomorrow, and HODL GME tomorrow, my moves you ask? The MC Hammer dance “Cant touch this”",1615159346,gq5i9rs,False,t3_lzzknh,t3_lzzknh,11
Tromboneofsteel,"This is why I have never (and probably won't ever) buy GME. Too overhyped, too high profile, too unpredictable. A large part of me *wants* to buy, but the sensible part says that it'll go back down to 60 the day after I do.",1615159343,gq5i9k2,False,t3_lzqqd0,t1_gq4u2vm,-1
dorciareservation,"I am currently PDT flagged till May after the whole GME situation went tits up, otherwise I would be.

However I am averaging into SPY ETFs at this point in my retirement account, no brainer",1615159331,gq5i8pu,False,t3_lzwksm,t1_gq5c72j,2
CinaNeko,LMAO dont worry dude soon GME will rise and your account will go tits down,1615159331,gq5i8q7,False,t3_lzqgxq,t1_gq4i10s,1
JDValentine,Just sold a bunch of stocks I lost money on to buy more GME. This is the way.,1615159331,gq5i8rs,False,t3_lzw4w4,t3_lzw4w4,3
ghostmom66,Keeping an eye on amc gains fir more gme,1615159296,gq5i6hv,False,t3_lzzknh,t3_lzzknh,2
smallfeetpet5,Oh no does that  means GME is toast?!?,1615159249,gq5i3c3,False,t3_m024ah,t3_m024ah,2
uhbitchplz,I just put another $4500 in my account to put on GME tomorrow duhhh,1615159215,gq5i11t,False,t3_lzzknh,t3_lzzknh,17
xmsxms,I'd just ask for the money instead. Then put it all on GME.,1615159204,gq5i0c0,False,t3_lzx7t3,t3_lzx7t3,1
Kaizen_Kintsgui,"My fellow ape. I sincerely apologize, I mis interpreted.

Yea market is going to be a blood bath. I'm looking forward on picking up a lot of shit on the cheap after the GME gamma war.",1615247998,gq9svg9,False,t3_m0dd8m,t1_gq9avtq,2
Born_Slice,"Possibly? I watched his first DD video on GME and even there he mentions shorting, but I did like everything he had to say about the company's future.",1615247991,gq9suz1,False,t3_m0q5bm,t1_gq9rugw,1
leroydudley,"amc spiked after being near bankruptcy on coincidental plays with gme, ceo immediately took like a 9 mil bonus",1615247985,gq9sujf,False,t3_m0fpgd,t1_gq9p2td,1
Professional-Bed-568,Look at today’s Gme performance. Act accordingly.,1615247981,gq9su9w,False,t3_m0tmyz,t3_m0tmyz,2
JaketheBooth,Wholesome. Gme to $1000. I like the stock,1615247956,gq9ssjx,False,t3_m0pyf9,t1_gq9so68,3
Sooo9,Gme amc pltr🚀🚀🚀🚀,1615247956,gq9ssme,False,t3_m0pyf9,t3_m0pyf9,8
Notabotreallyiswear,That’s what I’m saying!!! GME is way more important than a well deserved vacay hahah,1615247934,gq9sr4k,False,t3_m0fpgd,t1_gq9sfmw,2
Pdb39,"Numbers of shares borrowed (on loan) is a daily updated number that gives a decent idea of short interest - in the US you have 3 days to use borrowed shares or else you have to return them.  

This info plus the average borrow rate gives you an idea of what the hedgies are paying to borrow the shorted shares.   

In today's case, the price of GME went up by $60 which means it cost more to keep borrowing the shares in interest accrual fees.",1615247912,gq9spk8,False,t3_m0q5ly,t1_gq98tdf,39
kdlaz,"I'm the opposite of smart, but I called the >150 almost to the minute.  Sooooo, here you go, apes:   GME, 250, by noon EST tomorrow.  You heard it here first (again).\*

\*Not financial advice, I frequently argue with myself and lose.  Don't gamble what you can't afford to piss away.  GME to the freaking Elon Mars Resort.",1615247897,gq9soix,False,t3_m0fpgd,t3_m0fpgd,20
zoekwon,congratz to GME holder. i am not holding GME but happy to see u retards getting rich little by little.,1615247891,gq9so44,False,t3_m0pyf9,t3_m0pyf9,33
Fineous4,My Roth is 100% GME.,1615247887,gq9snto,False,t3_m0fpgd,t1_gq9skb8,15
yurodd,I don't need no reward to buy gme.,1615247884,gq9snmv,False,t3_m0fpgd,t3_m0fpgd,16
SH1SH3NDU,"Guys, I'm so pissed. I went to sell everything else and buy more GME... I accidentally sold my gme in my rush and now my average cost is 182. FML",1615247882,gq9sniw,False,t3_m0fpgd,t3_m0fpgd,15
bighomiej69,gme $130 tomorrow,1615247862,gq9sm5j,False,t3_m0pyf9,t1_gq9c75q,-28
Wyvernrider,"I quit my job as a doctor and put basically all my savings into deep fucking value stocks for the future including primarily GME.

I've already accepted going homeless or finally fixing this shithole of a country.

EDIT: And we all know at this point that this shit is only going up! Any dips are just more stops on the train. ALL ABOARD!",1615247861,gq9sm2i,False,t3_m0qjln,t3_m0qjln,1
existential_crisis42,"Wow, are you back again? 

“Oh, shill, shill, paid shill, heaven, boss, blah blah blah”

How fucking boring can you get.

I’ve bought some rkt. It’s my money. If you want to spend all your cash on gme, then do so. Just because the world isn’t buying gme doesn’t mean they are all “shills”.

How about, leave me alone. You’re the piece of shit.",1615247853,gq9sljm,False,t3_m0g9d4,t1_gq9r8r2,0
Delta9_TetraHydro,"I dipped my toe in the water and bought my very first stock when GME was at 320, got 25 now at 116$ average.

I bought them with the gains from my first call option, i bought one 60$ contract for 0,7 per stock, and sold it for 70 per stock when GME was at 180 last time 🚀🚀🚀

10.000% gain on my first cashout, it feels unreal.",1615247847,gq9sl3b,False,t3_m0idqd,t1_gq8t47y,3
SuperNoise5209,"Yeah... I rolled most of my earnings from the first round of GME into index funds. I got back in at $40, but didn't buy nearly as much as I should have, apparently.",1615247841,gq9skr1,False,t3_m0q5bm,t1_gq9hlvr,9
RubertVonRubens,"Fun Facts:

CN rail built the CN Tower.


The CN Tower is located steps away from the 3rd oldest stock exchange in North America.


The CN Tower is the tallest freestanding structure in the western hemisphere.


Ergo: the observation deck of the CN tower is closest a trader can get to the moon without a GME ticket.",1615247838,gq9skh9,False,t3_m0raja,t1_gq9gv5d,4
bighomiej69,gme will be worth 8 dollars in 4 years while apple will be 180,1615247836,gq9skcn,False,t3_m0pyf9,t1_gq983o7,1
ASL-pls,"500k or bust! 

That being said, if GME hits $1000 before close on Friday, I will quit my job that I despise and post proof somehow as well haha",1615247836,gq9skdp,False,t3_m0pyf9,t3_m0pyf9,31
bvttfvcker,"If GME hits 100k, I will call Mad Money every day for a year to tell Jim Cramer he's a cunt. I will have the money to buy a new pre-paid every day lol I'll donate them to women's shelters with loadups",1615247828,gq9sju5,False,t3_m0pyf9,t3_m0pyf9,13
CalcifersMyHero,Sold all my UWMC this morning for GME. Really glad I did.,1615247777,gq9sgbf,False,t3_m0pyf9,t1_gq9s58g,2
[deleted],"GME is to the stock market what Lil' Dicky is to the rap game...

People lookin' at him and laughing, but you know you can't name a dude who goes harder",1615247741,gq9sdw2,False,t3_m0fpgd,t3_m0fpgd,-8
bsthedog,Red by open. GME is basically the new VXX and it hasn't fallen.,1615247728,gq9scz4,False,t3_m0pyf9,t3_m0pyf9,17
118naynay,Bout to take losses and and go deeper in GME,1615247708,gq9sbmr,False,t3_m0pyf9,t3_m0pyf9,9
Legatron4,Both! Got em when gme was at like 40. Still up bigly on the 3/19s I got for 40 bucks,1615247698,gq9saxg,False,t3_m0q5ly,t1_gq9s5te,73
JamesBongonamission,ill poop in a tube sock and squeeze it on video if GME hits 300 tomorrow.,1615247690,gq9saev,False,t3_m0pyf9,t3_m0pyf9,21
Drawman101,Going all in on GME tomorrow,1615247689,gq9saap,False,t3_m0pyf9,t3_m0pyf9,11
Tuffer52,"LMFAO!!! Sell it now,  buy gme",1615247686,gq9sa3o,False,t3_m0pyf9,t1_gq9qr3m,1
Notabotreallyiswear,I got some money put aside for a trip planned going to chi on the 19th... how mad you think my baby mom would be if I used some for more GME??? Lol,1615247671,gq9s93r,False,t3_m0fpgd,t3_m0fpgd,14
crabsnz,"I sold all my arkk holding apart from arkf, but once it hit $150 I sold that too. Now I'm all gme and aso which I'm also bullish about",1615247659,gq9s88n,False,t3_m0q5bm,t1_gq9rvr6,6
jethrosnintendo,"Anyone else remember the dark days of a bleeding, sub-100 GME? And then DFV doubled down.",1615247649,gq9s7jj,False,t3_m0pyf9,t3_m0pyf9,12
syrupystocks,i now go to stores and ask to pay in gme shares cash is for fools,1615247626,gq9s5zv,False,t3_m0fpgd,t3_m0fpgd,11
Keepitlitt,"Turns out you may not need to wait a month, bud. Maybe consider grabbing some GME at open tomorrow 😂",1615247619,gq9s5kw,False,t3_lx37hi,t1_gpl7o8q,1
FrodoBaggins7144,Should I take losses on AMC and UWMC and just go all in on GME tomorrow?!,1615247614,gq9s58g,False,t3_m0pyf9,t3_m0pyf9,19
8444MyJail,GME you win some you learn some but you never lose,1615247614,gq9s58o,False,t3_m0pyf9,t3_m0pyf9,11
EverythingPSPro,"I’d say GME.

**EDIT:** Wait can people see my comment?",1615247605,gq9s4no,False,t3_m0pyf9,t3_m0pyf9,20
Lucchesse29,"I can’t fucking read this shit. I’ll sell my house and put it all on GME, IDGAF! FUCK EM!",1615247575,gq9s2ml,False,t3_m0tk9b,t3_m0tk9b,3
WalkerTejasRanger,You have to weigh your opportunity cost as well. Sitting on rocket and not “taking the loss”  could cost you way more that you could’ve made in GME.,1615247561,gq9s1nh,False,t3_m0tmyz,t3_m0tmyz,9
canadianformalwear,"Wait, I’m not in the GME thread. What are you doing here? Also where’s my cocktail shaker I left here weeks ago. What happened to that?",1615247557,gq9s1c8,False,t3_m0pyf9,t1_gq9rhyt,1
EchoAlpha95,"Sorry, your mom can’t talk right now. Gave her a GME stonk...",1615247547,gq9s0o4,False,t3_m0fpgd,t1_gq9rkg4,1
HopeDisastrous3668,"I was watching GME steadily trend upward all day at work and the chorus to “Higher We Go” by Migos kept replaying in my head while my heart was racing.. good feeling. Anyway, DIAMOND HANDS!!! 🚀🚀🚀🚀",1615247527,gq9rzbo,False,t3_m0fpgd,t3_m0fpgd,9
[deleted],"We got this god out here dropping probably $100-$1,000 worth of Party Train awards on us after GME hit $200. During the pre-squeeze, when it hit $500, we had dudes donating Switches to Children's Hospitals...

...Imagine all the good we are collectively going to do when this thing hits 1k",1615247518,gq9rynk,False,t3_m0fpgd,t3_m0fpgd,23
yurodd,1 gme,1615247513,gq9ryc4,False,t3_m0fpgd,t1_gq9rta8,16
Ok-Library-3347,When this corona shit is over we should all make a party in front of the GME central,1615247509,gq9ry2v,False,t3_m0fpgd,t3_m0fpgd,27
makiuno,"If u roll u would close ur pos on ur 3/19 50c and sell the 4/16 50c, strike price should be the same so ur getting that extra premium for those 27 days, and just keep rolling it out as long as gme is above 50",1615247506,gq9rxvt,False,t3_m0nnj9,t1_gq9r2ys,1
Tuffer52,Tesla is way over valued. Sell now buy more gme,1615247497,gq9rx9o,False,t3_m0pyf9,t1_gq9qtir,1
LegitimatePangolin69,"""Opening your own business with GME gains""

This guys the barber shop owner..people with a boss don't have that kind of swagger.",1615247494,gq9rx1j,False,t3_m0qars,t3_m0qars,-1
kytran40,You bought GME puts? You’re a special kind of retard,1615247488,gq9rwma,False,t3_m0thu9,t3_m0thu9,15
FreeHKTaiwanNumber1,Bought my first call last Friday GME 3/12 500c  but couldnt afford it all the way to 3/19. So then I realized why don't I participate on 3/19 buying AMC instead so I got a slightly closer to the money call for the Big Day. Excited to see what plays out! Only sad I couldnt afford a couple more orders of magnitude of fresh powder,1615247444,gq9rtjo,False,t3_m0q5ly,t1_gq9814t,9
SamuelLoco,Commenting to be in one of the films beeing made about DFV aber GME,1615247431,gq9rsnv,False,t3_m0q5bm,t3_m0q5bm,1
oxyoxyboi,The Streisand Effect GME style,1615247416,gq9rrmp,False,t3_m0rxz5,t3_m0rxz5,9
dumbledoreRothIRA,you didn't buy GME?,1615247397,gq9rqc0,False,t3_m0t627,t3_m0t627,19
sad85man,"DFV is a legend 💎👐💎
Let's get GME above 1000$ tomorrow",1615247396,gq9rq9h,False,t3_m0q5bm,t3_m0q5bm,4
samspenc,"Oooooh, this one? I have no words my man, just congrats 🙂🙂🙂   [50k life savings loss. 2020 was a bad year. Discovered options and f@\*#ed up one of the greatest rebounds of all time but I guess I managed. Thanks DFV and GME GaNg!!🚀🚀🚀 : wallstreetbets (reddit.com)](https://www.reddit.com/r/wallstreetbets/comments/lzh4t7/50k_life_savings_loss_2020_was_a_bad_year/)",1615247369,gq9roa5,False,t3_m0rjc8,t1_gq9ozqa,15
CountltUp,"lol bruh you're crying about losing money gambling and the first person who to tries to be nice to you, you just say that? aight bro good luck hope u don't go broke, just buy gme and it'll be all good in two weeks",1615247360,gq9rnp0,False,t3_m0pyf9,t1_gq9ra47,1
horrawr,"*Looks at GME*

So what your saying is my GME 800c 3/12's have a chance?",1615247357,gq9rnir,False,t3_m0pyf9,t3_m0pyf9,25
OwnaGeJuiCe,Just hoping for more news on russel index date lol. Thinking about selling stock to buy more GME even at 200 (already have some but might as well make 100% of portfolio,1615247346,gq9rmql,False,t3_m0pyf9,t1_gq9r6oc,3
donkey199,"Just remember GME insiders unloaded a shit load of shares at $22 and $30 days before squeeze #1, even insiders dont know how to value their company",1615247338,gq9rm53,False,t3_m0pyf9,t3_m0pyf9,11
Iama_russianbear,Sell like 80 calls on GME 3/12 $250 strike. Can’t go tits up,1615247334,gq9rlta,False,t3_m0pyf9,t1_gq9qagm,1
ChefStamos,"In the year 2022 gme stonks will be the dominant currency, so you're good",1615247323,gq9rl0r,False,t3_m0fpgd,t1_gq9r8sa,3
luew2,"$ASO calls and $TSLA puts, along w my weekly gme $800 call",1615247306,gq9rjvh,False,t3_m0pyf9,t3_m0pyf9,17
hell-mitc,"We should stop worshipping billionaires and work towards our own ideas to better society. 

""The middle class doesn't want to do away with the 1%, he wants to join them"". Fuck that bro im wearing sweat pants and a v neck to my first charity ball and showing up higher than GME stock price.",1615247300,gq9rjh9,False,t3_m0sl1v,t1_gq9r72a,38
caucasian_asian03,"Lmao why does everyone blame one stock, last week it was bond yields, now it’s GME, next week it will because a butterfly flapped it’s wings in Guam.",1615247289,gq9rir2,False,t3_m0pyf9,t1_gq9mpxs,1
Naliox,"Yeah thats why im being conservative and not saying amc 100 yknow. Id say just via the event of gme squeezing, amc i think would jump to 30$ from news attn",1615247282,gq9ri4y,False,t3_m0pyf9,t1_gq9rdoh,3
MarketDisturbance,"but but but but but but,  GME will never run again. 

 Except that time.  And that time to.  Oops. And that time as well.",1615247276,gq9rhq8,False,t3_m0fpgd,t1_gq9qxv3,3
DrHarrisonLawrence,"I think we can all see what’s happening now. He’s gonna exercise 500 calls in April, secure 50,000 shares in a single purchase, get his share count to 150,000 and the price may actually moon to $500-1000 by that point, then **DFV will have $100 million dollars.**

Edit: 150,000 shares x $666.66 = $100,000,000

If he holds this for 6-12 months due to his staggered purchases, he’ll negate the short term cap gains. He’ll probably sell half to be able to sit on $20m in cash and then keep the rest in GME or let it ride on SPY/QQQ. His grandchildren will be millionaires at birth.",1615247274,gq9rhm5,False,t3_m0q5bm,t3_m0q5bm,6
MoonRei_Razing,"yah, FOMO'ing at 195 really did me in. I just looked at how much % of my account was GME and looking at the possibility of it going the other way, and and just had to cut shit loose.",1615247268,gq9rh80,True,t3_m0r9oa,t1_gq9f55y,1
compuzr,"I just want to say...wheew. I'm currently 35K into GME. I have not played it very well. Spent too much at 250 during the first spike. Was down over 20k at one point. That hurt. It really hurt. As of today, I'm almost back to even.   


It doesn't feel as good as making a fortune off GME like I could have if I'd played it better. But it sure feels fuckin' good.",1615247249,gq9rfv5,False,t3_m0pyf9,t3_m0pyf9,24
hazychestnutz,isn't the next GME hearing in just a few days,1615247247,gq9rfpt,False,t3_m0pyf9,t3_m0pyf9,5
[deleted],"Watch your straddle get fucked by $GME closing at exactly $190 lol. 

And a straddle is not a good play when the IV is this high you donkey! Profitville is very hard to reach.",1615247237,gq9rezr,False,t3_m0thu9,t3_m0thu9,21
combinedistraction,I have my GME in an IRA too. You planning to pay the fees to get your tendies before retirement?,1615247236,gq9rexv,False,t3_m0rxib,t3_m0rxib,2
Blckjck,Anything besides buying more $GME is ludacris,1615247232,gq9renx,False,t3_m0pyf9,t3_m0pyf9,15
reyx121,How much did you liquidate though? I was thinking of doing the same thing but...not sure I want to deal with the tax implications :/ or the heart attack when GME dips.,1615247222,gq9rdwd,False,t3_m0p9qe,t1_gq99ob6,1
NH4CN,"I don’t think they’ll stay closely correlated on the way up. as in, if GME starts breaking 1k, 5k, 10k, I don’t think AMC i going with it. But that’s just intuition and not DD

I do agree that AMC could be tasty potentially",1615247218,gq9rdoh,False,t3_m0pyf9,t1_gq9r6bh,7
Coochie-Consumer,"A few weeks ago GME was the only thing keeping me red, now it’s the only thing green in my portfolio. Clearly I need to make changes
By selling everything else and buying more!!",1615247213,gq9rdag,False,t3_m0pyf9,t3_m0pyf9,15
cjbrigol,"I'm selling tomorrow.

All my other stonks ands buying gme",1615247211,gq9rd6q,False,t3_m0qg9x,t3_m0qg9x,172
gr8pig,"Refreshingly few $GME's, that said... It's on sale right now",1615247199,gq9rcaq,False,t3_m0oydj,t3_m0oydj,2
the_lemon_king,"The big squeeze hasn't happened, so if you believe in the possibility of the squeeze, it's not too late. Ultimately it's up to you to decide your personal valuation of $GME stock.",1615247188,gq9rbi1,False,t3_m0fpgd,t1_gq9qoid,9
Sweatingtoomuch,"Damn I didn’t even see Door Dash till now. 

That baby would’ve printed but I put it all into GME like a smart investor with a diverse portfolio.",1615247157,gq9r9ej,False,t3_m039gr,t1_gq9ndmn,2
GravityMyGuy,I wanted to average down but I had 5 at 199 and I gave myself 1000 to play with on GME and that’s it. I could’ve made a lot of money but boundaries are important imo,1615247156,gq9r9d8,False,t3_m0j4un,t1_gq84lle,10
EchoAlpha95,Still selling my ass for GME shares hmu,1615247148,gq9r8tb,False,t3_m0fpgd,t3_m0fpgd,19
Ok-Library-3347,What is money? You guys own money?? I only habe GME stonks,1615247147,gq9r8sa,False,t3_m0fpgd,t1_gq9r3xr,12
Return_Icy,"I don't see any color difference

And it's not cuz I'm colorblind

GME only go one way to ape 🦍🚀🌙",1615247143,gq9r8hp,False,t3_m0kf6k,t3_m0kf6k,3
ChErRyPOPPINSaf,"Exxon is still a good play imo though. Will it make you as much as GME? No, but with big money moving into more stocks like Exxon should still be solid.",1615247137,gq9r82q,False,t3_m0r4gd,t1_gq9fya6,19
djvaller,No I am just on the AMC train but I keep reading how AMC is the copycat version of GME,1615247117,gq9r6nj,False,t3_m0fpgd,t1_gq9qzxq,1
Naliox,"Does anyone else think unironically amc looks tasty af. if gme got to 400, amc was around 17.5 ath, and as we all agree is most correlated w gme. If gme hits 1k(when) then perhaps amc hits 30 or more to mostly stay tethered to it. And right now 15$ amc calls are still hyper cheap. Seems like a money printer in the making",1615247112,gq9r6bh,False,t3_m0pyf9,t3_m0pyf9,7
AnotherRobotDinosaur,"Hindsight is 20/20. GME could have just been a half-baked scheme, and you wouldn't have made anything. Or if things happened on a different time scale, the options might not have fired on time and you'd have nothing. Just try to be happy with what you end up with - a reasonable amount of free money and an amusing couple of weeks with a bunch of internet jagoffs.",1615247070,gq9r3ce,False,t3_m0l9ui,t1_gq9gwzi,73
FeelsAmazingManGun,Shoulda bought GME all 13k,1615247065,gq9r31y,False,t3_m0oydj,t3_m0oydj,3
its_dizzle,"If GME hits $10k+, I'll buy every new piece of gaming hardware I get from GameStop... for life – even if it's a little pricier than Amazon.",1615247059,gq9r2md,False,t3_m0oxdf,t3_m0oxdf,12
wickedRideS,GME needs a special board member named DFV.,1615247049,gq9r1zf,False,t3_m0q5bm,t3_m0q5bm,2
[deleted],"I did the same with a $42 call on GME right before it blew up the 2nd time, so don't feel too badly.  All about testing your limits and learning when to sell and when to hold.",1615247033,gq9r0w6,False,t3_m0pyf9,t1_gq9p848,1
RetinalHD,You can recover your losses and some. Sell and buy GME. We are looking at 300+ by end of this week/ next week.,1615247027,gq9r0ff,False,t3_m0s0ju,t3_m0s0ju,-1
-rigga,I see DFV swung his massive cock around here. GME might hit $800 EOW,1615246991,gq9qxyr,False,t3_m0pyf9,t3_m0pyf9,15
DrDendrite747,"Jokes on them, I sold every share of AMC and my other positions today to go all in on GME. Absolutely no fucking regrets! lmao they think we’re just dumb sheep. Who’s laughing now 🦍🚀",1615246981,gq9qxbp,False,t3_m0fpgd,t1_gq9o80q,2
CountltUp,"lol ok dick, I was about to be homeless and put my last 2k in gme contracts in December and I have over 200k now. maybe you deserve your losses lmao good luck being poor and feeling like shit, some people don't deserve empathy smh",1615246975,gq9qwx5,False,t3_m0pyf9,t1_gq9qm67,1
cjbrigol,100% of mine already went into GME. I literally spent the money today on options and shares 😂,1615246969,gq9qwi6,False,t3_m0e1d7,t3_m0e1d7,2
Wattskimchi,have my Roth in fidelity (which is also invested entirely in GME) but was afraid gme would moon in the time it would’ve taken to transfer my paltry assets over,1615246957,gq9qvlw,True,t3_m0r3ur,t1_gq9q1hy,1
TearsOfChildren,"He has 100,000 shares so if my math is correct he could sell 1,000 $800 strike weeklies for over $200 each putting $200,000+ premium a week in his pocket.  
  
Downside is if GME hits $800 one of those weeks and he'd get his shares called away (or he could just roll out) but that's still 100,000 shares x $800 = $80 million fucking dollars. Dude's in the best possible position you could be in.",1615246951,gq9qv7p,False,t3_m0q5bm,t1_gq9hyvi,1
Obvious_Equivalent_1,"Nobody on WSB will stop you from making a yolo into this (as long as you share gain/loss porn as always), for timing there's ton of GME posts under the weekly DD link in top post. Personally I consider that GME momentum is not out of steam yet and trend looks promising with +20-50% past days",1615334393,gqe23kf,False,t3_m1g6cf,t1_gqe1kw0,1
linderlouwho,"Let me sum it up. GME going to moon. Ape strong together. If Apes all sell shares, HF'ers win. Let's kick ass. HOLD!",1615334378,gqe22jx,False,t3_m1jby9,t1_gqe0rew,2
GroundbreakingPie895,Donating to the GME campaign 🗳🦍,1615334360,gqe21ba,False,t3_m1g6cf,t3_m1g6cf,6
A_Freaking_Ninja,"Etoro.
I tried to sign up to various apps during the hype train of GME and this was the first that was possible as Plus500 for example were saying they were ""taking time to process new accounts""",1615334352,gqe20s8,True,t3_m1jsyg,t1_gqe1pu4,2
PuzzledDub,I'm Ben Shapiros wifes bf. Shes a doctor. Buy Gme.,1615334325,gqe1yxa,False,t3_m1g6cf,t3_m1g6cf,9
tommygunz007,Boomers too angry to buy GME,1615334321,gqe1yo6,False,t3_m19v2q,t3_m19v2q,1
RocketMan420-69,"It’s mathematically impossible for 2 things with GME 1 : mathematically impossible for Melvin and/or Citadel to have covered their shorts. 2 ; mathematically impossible for us to receive payout if we sold at 100,000. Literally not enough capital. Better luck asking Africans for a loan on their American assets",1615334320,gqe1ykl,False,t3_m1dlfh,t3_m1dlfh,1
GroundbreakingPie895,Buying dips to pay for more GME,1615334316,gqe1ych,False,t3_m1g6cf,t3_m1g6cf,1
billybob883,Rblx next Gme?🤔,1615334304,gqe1xhi,False,t3_m1g6cf,t3_m1g6cf,-12
GroundbreakingPie895,Bought the TSLA dip so I can afford more GME,1615334303,gqe1xfd,False,t3_m1g6cf,t3_m1g6cf,14
squats_n_oatz,"How is that better performance than GME in the same year? Are you able to do math? TSLA performance only beats GME if you go way, way back on TSLA, but restrict GME to just this year.

Objectively, GME out-performed TSLA so far this year.",1615334299,gqe1x6m,False,t3_m144uv,t1_gqdvdhv,0
RagingHippo33469,Gme is like 250 now. Old data,1615334299,gqe1x5o,False,t3_m1jovq,t3_m1jovq,1
steelesurfer,"Once Melvin fucked Vlads wife, Melvin bought tons of calls that were most likely sold naked, which means the seller of the call didn’t have 100 shares to sell, but sold the call anyway expecting it to expire out of the money and the seller kept the premium.

Essentially shifted the squeeze from the hedgies to the naked calls. This Friday and next Friday especially is where we may see some insane buying action when call sellers have their other positions liquidated to buy GME at market price to deliver the shares to the in the money calls.

The higher the price goes, the more calls are in the money. Of course...the price needs to hold for both this Friday and next.",1615334278,gqe1vna,False,t3_m1jj2o,t1_gqe0ajw,2
TechnicianPlenty,"Long time lurker; recent poster.

Is there a sub that is WSB content, like big gambles, but isn't overwhelmed by GME. I see people seriously thinking this is going to 10,000+ thousand dollars: and they're cashing out there. I was a firm believer in GME, held through the drop to 45(should have sold at 400, but hindsights 20/20), and I could do without ""GME is going to be worth more than the entire US economy"".",1615334275,gqe1vgf,False,t3_m1g6cf,t1_gqe0m3j,2
Natenator77,"I got 'The Big Short' vibes of the end scene where he's literally calling out the guy, asking him whether he'd still buy the stock as it's crashing as they speak. 

He might have been hoping for a lasting impact on that question in the alternate reality where GME instead went even lower.",1615334251,gqe1tva,False,t3_m1ei0b,t1_gqdb26t,1
GoldGlad2495,Cashapp is not letting me buy more GME 🤬,1615334243,gqe1tc4,False,t3_m16emz,t3_m16emz,6
iamzyb,"# If I were a shill, I'd totally take my Melvy-money and buy GME",1615334232,gqe1smv,False,t3_m16emz,t3_m16emz,19
detroitbaby12,Just buy GME,1615334225,gqe1s4o,False,t3_m1g6cf,t1_gqe1pwj,14
liquidsyphon,Selling BB and AMC at a loss for more GME was one of the best moves I’ve made.,1615334217,gqe1rkl,False,t3_m16emz,t1_gqe1d14,12
pedlima,"I can't cry, have dry eyes of such excitment constantly looking at $GME and $AMC going to MOON!",1615334182,gqe1p6j,False,t3_m1966d,t1_gqd8kow,2
njm204,Sell and buy GME shares,1615334181,gqe1p42,False,t3_m1joe3,t3_m1joe3,7
NompNasty,I have 3 NOK I bought with the scraps after dumping into GME. I’m sorry.,1615334178,gqe1ovw,False,t3_m16emz,t1_gqe0wyn,1
TonyMontanaIsNice,"So the finra report came out today:

It shows that between March 3rd and March 9th, Gme has an astronomical si of 128.72%-108.92%. 
What idiots!

The short % float is astronomically at 60.35%

The Si for yesterday3/8 was 55.76%

The Si for today3/9 was 52%!!!!!!!!!!!!!!!!!!!!!!!!!!!!!


Theres still plenty of squeezing to do lads


To check this data and make sure sure its accurate,
Go to settings, safari, clear history and website data
Then click on this link im providing 

http://finra-markets.morningstar.com/MarketData/EquityOptions/detail.jsp?query=14:0P000002CH",1615334169,gqe1o7l,False,t3_m16emz,t3_m16emz,24
infinityetc,"I’ll tell you what I’m gonna do with my GME tendies: two chicks at the same time. Chicks dig dudes with money, man, especially the kind that’ll double up on a guy like me.",1615334161,gqe1npm,False,t3_m1f30t,t1_gqdu73e,53
extramenace,Sold out of SQQQ and wheeled into $AMC. Ride or die memes. $GME 51 @ $105 $AMC 250 @ $9.40,1615334155,gqe1nbg,False,t3_m1g6cf,t3_m1g6cf,13
Wacwca,"There’s a lot more of the story to unfold, but I cannot wait for the GME movie. My grandchildren shall know the legend someday.",1615334135,gqe1lyp,False,t3_m1cl56,t3_m1cl56,2
sdjd2019,"Fyi, when GME closes the gap at $325, it will acelerate pass 500 to a new high, the chart pattern shows gathering of momentum on solid volume",1615334124,gqe1l80,False,t3_m1g6cf,t3_m1g6cf,14
jamessundae,"Bloop bloop bloop bar chart here average line there 

GME to MARs baby",1615334122,gqe1l3d,False,t3_m17zsb,t3_m17zsb,1
chatterthang,GME got a old nasty swiggle.,1615334122,gqe1l3r,False,t3_m16emz,t3_m16emz,6
TofuPython,"I know you're supposed to diversify, but should I sell other stocks to buy GME? Hypothetically speaking of course.",1615334119,gqe1kw0,False,t3_m1g6cf,t3_m1g6cf,14
HolderofFour,GME kiddos. I make fun of you and will continue to make fun of you but congrats this week. One advice I can give is to take your initial investment and let the rest roll. You wouldn’t lose any money.,1615334101,gqe1jnd,False,t3_m1g6cf,t3_m1g6cf,16
Nero_Wolff,"If youre talking about predictability or lack thereof, gme was hell of a lot more predictable trading sideways at 120 thru an otherwise bloody week for markets, than it is now",1615334099,gqe1jgn,False,t3_m19p0a,t1_gqe0zru,2
Fatmonkpo,Sold my AMC. Increased GME position. Holding until the moon. I love this stonk 💎🚀🦍🤘,1615334098,gqe1jfz,False,t3_m1g6cf,t3_m1g6cf,1
[deleted],If GME hits $100k I will buy everyone a WinRAR license.,1615334088,gqe1iqr,False,t3_m1cqod,t1_gqd2yb1,1
stockboi81,there was a guy who bought 10k of gmed instead of gme on here,1615334079,gqe1i3f,False,t3_lyfcjj,t1_gq2i3uj,2
iamzyb,# CNBC: GME iS eVIL,1615334069,gqe1hg3,False,t3_m16emz,t3_m16emz,15
Original-Baki,Haha no worries. I’m a bit of a geek when it comes to gaming industry. Record dollar sales for the console industry last quarter. GME will have a very good quarter.,1615334068,gqe1hch,False,t3_m1iy7g,t1_gqe0fov,1
Xray_Mind,"I dream that I wake up and GME has disappeared from all human knowledge and this sub can finally go back to normal. 40 days of all day, everyday GME posts is just getting so old",1615334049,gqe1g0d,False,t3_m1g6cf,t3_m1g6cf,-15
djones0305,"If you think the federal government is just gonna let GME hit 10k or more per share and not interfere with anything at all, you are dearly mistaken. It's not going to be as simple as the price skyrocketing and everyone selling to suddenly rake in millions. There's going to be interference and complications at every level, from every party you can think of. And it's probably going to end with a lot of retail investors not getting those millions they thought they were going to get. As nice as it would be, this is not going to be a smooth ride to bankroll wall street.",1615334048,gqe1fyt,False,t3_m1dlfh,t3_m1dlfh,1
pm_nude_neighbor_pic,I bought GME at 320 and I'll fuckin do it again.,1615334045,gqe1frr,False,t3_m1g6cf,t3_m1g6cf,33
miketotaldestroy,"Tricky question. Probably not the place to suggest this but you can probably start to consider leaving it in some boomer stock with normie returns and give yourself a 1/2 year timer for planning what you'll do as a millionaire. Or, alternatively, you could buy 200k of GME and roll the dice and maybe die a hero. Tbh there are a lot of yolo plays you could do with that which could end up with the all time greats. More sensible plays might be doing some proper analysis for where the tech bottom is and investing there, or investing into the digital coinage of which we do not speak here. Congrats and fuck you. <3",1615334044,gqe1fpd,False,t3_m1g6cf,t1_gqe0ytm,1
pedrollpalma,"I bought the TSLA dip, now I can afford even more GME",1615334043,gqe1fmf,False,t3_m1g6cf,t3_m1g6cf,9
JurJur,Sold all my bags except for gme lol. One thing I did right,1615334005,gqe1d14,False,t3_m16emz,t3_m16emz,24
apotheosys,"Yeah I agree it's hard to find a good replacement for the simple interface, I mostly moved out of spite for RH. Now I'm diversified with GME in 4 brokers. 🚀🚀",1615333995,gqe1cc7,False,t3_m1h58s,t1_gqe0ij9,3
throwawaylurker012,"Confirmed: GME earnings release on March 23rd at 5 PM

https://www.globenewswire.com/news-release/2021/03/09/2189924/0/en/GameStop-Announces-Fourth-Quarter-and-Fiscal-Year-2020-Earnings-Release-Date.html",1615333989,gqe1bxy,False,t3_m16emz,t3_m16emz,32
iamsorri,Buy GME lol,1615333977,gqe1b2b,False,t3_m1g6cf,t1_gqe191v,10
Dr_Lexus_Tobaggan,"If you're in, Im in, 

to GME zazazaza",1615333974,gqe1awx,False,t3_m1c5id,t1_gqd1nsw,33
WoOoOoOoShHhHh,Interesting [article](https://www.besthealthmag.ca/list/carry-your-bag-properly/) about how to *safely* invest in GME & AMC 🧐,1615333956,gqe19nk,False,t3_m1g6cf,t3_m1g6cf,13
Drawman101,Today I upped my GME count to 151 because I like Pokémon,1615333934,gqe185s,False,t3_m1g6cf,t3_m1g6cf,20
artem_m,I’ve heard of this great stock called GameStop. Ticker GME. If you haven’t seen it yet jump onboard before it’s too late.,1615333931,gqe17xp,False,t3_m1g6cf,t3_m1g6cf,27
Mconzudig,"GME and AMC, hodl. That’s all.",1615333928,gqe17qs,False,t3_m1cqod,t3_m1cqod,2
GroundbreakingPie895,"100 GME averaged @ 100,000 
See you boys in Apeartica 2022! - The Future",1615333911,gqe16if,False,t3_m1g6cf,t3_m1g6cf,3
himagain540,It build bud it builds give it a year dont take any out ull get there my ape friend u keep investing this is gme is a rare thing but after all is said an done make it grow. I use 60k an make a extra 3k a month in selling covered calls I make mine. An I keep reinventing it over an over again. If I had known about reddit before  I dont think I'd only have 13 shares I'd have a few hundred easy.,1615333889,gqe151e,False,t3_m15m4d,t3_m15m4d,2
CappedCrib,"Don’t get me wrong, I’m happy for the GMEtards but this new system where posts with low interaction are pulled literally just means that any meme that doesn’t appeal to the GME groupthink isn’t gonna make the front page 💀",1615333865,gqe13dl,False,t3_m1g6cf,t3_m1g6cf,19
BinBeanie,"Contrary to many... I actually didn’t see that as a trap lol.. when I saw that live, oh damn he’s giving him the platform to hype GME",1615333860,gqe1329,False,t3_m1ei0b,t3_m1ei0b,5
killhill06,I got 83 amc average 8.02 and 35 gme at 121,1615333850,gqe12cr,False,t3_m1g6cf,t3_m1g6cf,21
garnold0611,"Sell everything, buy bottle caps, enjoy the new world when GME crashes the world",1615333840,gqe11oa,False,t3_m1jj2o,t1_gqe0ajw,13
Alfonzoport,GME $300+ by Friday. Then next week the big boom happens. 👁👄👁,1615333834,gqe119m,False,t3_m1g6cf,t3_m1g6cf,24
GoldGlad2495,GME💎🚀,1615333830,gqe10zv,False,t3_m1g6cf,t1_gqe0l0t,5
TJG2513,gme 280 at open,1615333823,gqe10ke,False,t3_m1g6cf,t3_m1g6cf,19
lcr68,Right there with you. My wife and I started with $3k to invest. We’ve got a good amount in savings now but I am unwilling to place more than that at a time right now. I wish I could have had $50k to invest into GME because that would have been amazing.,1615333805,gqe0zb5,False,t3_m1ei0b,t1_gqdz7oh,21
spyaintnobitch,"Seeking advice. This isn't bragging. Still running a 200k short term gain for 2021. What do you guys suggest I do? 

Buy stonk and sell covered calls? 

Buy all the GME and either go to Valhalla or get a tax break?

Split between various short term retarded options?",1615333798,gqe0ytm,False,t3_m1g6cf,t3_m1g6cf,3
JRskatr,"I still have 100 shares of GME, holding that for a long time lol.",1615333785,gqe0xya,True,t3_m1jci8,t1_gqdzy17,7
dirtyshits,Ehh I buy Costco and hold a ton in my 401k from when I used to work there but not right now. 100% GME.,1615333776,gqe0xbh,False,t3_m1fglm,t1_gqdewdl,9
Jinthesouth,"It's just a number game. We're all stuck at home and bored and these apps make it so easy and fun. Sometimes the numbers are red and I feel a little sadder, sometimes they are green and I feel a little happier. And sometimes gme moons and my dick gets so damn hard.",1615333762,gqe0wb4,False,t3_m1g6cf,t1_gqe0npb,4
Ghetto_Phenom,How can anyone say amc and gme are identical when looking at this. 21.5k shares of amc and only 12k gain meanwhile 750 shares of gme get your 100k lol,1615333737,gqe0um5,False,t3_m1czl7,t3_m1czl7,1
boobityskoobity,This is where I sold GME the first time,1615333731,gqe0u6i,False,t3_m1g6cf,t3_m1g6cf,4
GalleryNinja,"Last Friday I put a limit sell on GME which (at the time) was basically my lolwtfyolo sell price. Monday, I saw the chart and thought, hmm, maybe it will fill. Went for a walk. Came back, saw the 🚀 overshoot my ridiculously small goal, and was like, oh well, at least I took profits. EXCEPT my limit sell was for Day Only, which meant I STILL HAVE SKIN IN THE GAME and - AND - I learned my fucking lesson. No more limit sell. There is no limit. There is no sell.",1615333729,gqe0u3c,False,t3_m1g6cf,t1_gqdvxaa,2
JinnPhD,The concept of this happening vs. what GME is **actually able to do** in the near term future are why these two are different.,1615333716,gqe0t6o,False,t3_m1h82o,t3_m1h82o,2
Stonks4sport,agreed. he already made $12MM from GME.  Now its just fun and games.,1615333709,gqe0soh,False,t3_m1g6cf,t1_gqe09ni,1
bsthedog,"Y'all should just put the fuckin crayons down when it comes to GME. I fell victim to this for sure in January. Realistically, this is just one big giant love float that fund managers have been riding along with us to save some semblance of gains in their account this year if they were heavily invested in tech. We don't need some nerd shit, it's like if someone pulled out a fuckin calculator at a molly party. It scares people. Just ride the wave brah.

Edit: if you think you're gonna get rug pulled on quick tho, think again. Just look at TSLA. Untouchable because of its meme status. Theres a reason why Dawkins first coined the term; its human nature.",1615333701,gqe0s32,False,t3_m1g6cf,t3_m1g6cf,4
Hollow_Logic,My dad shot me down paper handed when I was gonna buy it at close yesterday I bought APHA thought and made a good few dollars (good for me) tomorrow at open I guess I’ll buy GME because it seems like everyone is holding.,1615333695,gqe0rom,False,t3_m1igxk,t1_gqe0ia5,15
tanki123,Averaging up my GME stocks @250 to add more fuel to my 🚀. I like this stock and it’s still a penny stock compared to what lies ahead🦍🦍🦍💎💎💎,1615333645,gqe0o57,False,t3_m16emz,t3_m16emz,18
Sad_Principle_2531,"Right..DFV actually had high conviction in GME and did extensive research on it. This dude just went full retard and YOLO'd into a stock I guarantee did no research on.

And you know the best part? This is the same guy that pulled out of GME right before the short squeeze.",1615333630,gqe0n2x,False,t3_lx4a75,t1_gqdyh11,1
smokingpressure,How much is gme ‘worth’?,1615333623,gqe0mmo,False,t3_m1i14k,t1_gqdt690,4
10589991,"I think dumb Ape is trying to tell us $GME is going up in value.

I don't get it.  All these pretty drawings for what?

Just tell us it's going UP!  Green Crayon. then go to sleep.

If I need analysis I'll ask your wife.",1615333612,gqe0lwk,False,t3_m17zsb,t3_m17zsb,2
WoOoOoOoShHhHh,"#Sold the remaining GME I had today. 

#So relieved that I sold at the very tippity top 🥰",1615333605,gqe0lew,False,t3_m1g6cf,t3_m1g6cf,-24
DankestMemeSourPls,TSLA or GME,1615333599,gqe0l0t,False,t3_m1g6cf,t1_gqe0hkb,6
Novouto,"11 GME averaged @ 134

140 AMC averaged @ 9

Both  🚀🚀  picked me up and I'm flying them to the end.",1615333598,gqe0kwu,False,t3_m1g6cf,t3_m1g6cf,24
Orithegreat,Gme probably,1615333592,gqe0kjf,False,t3_m1g6cf,t1_gqe0hkb,4
caffa4,GME just passed 250?? lol,1615333588,gqe0k6w,False,t3_m1g6cf,t3_m1g6cf,17
kn1f3party,Might open some UWMC calls. Will definitely keep holding GME—even my deep ITM 3/12 call.,1615333584,gqe0jxp,False,t3_m1g6cf,t3_m1g6cf,7
Contextual-Investor,"I have a webull account too. 1 share of GME in there and some other random stuff. I get that it’s better for deep dives into the data, but I keep things pretty simple so I like the minimalistic look of RH",1615333564,gqe0ij9,True,t3_m1h58s,t1_gqe07ve,2
sketch_toy,"Gme was literally my first career buy at 32$ and my bro shot me down, paper handed at 34 and got back at 60, 85, 137, 189. Eyes on Andromeda and beyond 🚀 🚀",1615333560,gqe0ia5,False,t3_m1igxk,t1_gqdw3qx,17
cayoloco,"If it goes to 5k, then I'll know that's not the top. 5k would be proof that this real. 10k I'll flinch, but same concept. 

At 50k I'll consider a stop limit order. At 100k same. But if it touches that level shits gonna be so fucking wack, it'll likely break the stock market. Limit sell order at $99,990 for me, because I view this as a lottery ticket. Go big or go fucking home. Gme to 100k or gtfo.",1615333559,gqe0i85,False,t3_m19sa7,t1_gqczn5v,5
retrogamer6000x,Straight up. I followed the classic WSB strat of buy at an all time high. Been slowly averaging down to $62 the last few weeks. $RIOT at 65 would make me almost as happy as gme when it started to spool again.,1615333520,gqe0ffu,False,t3_m1g6cf,t1_gqdzqka,1
Duke_Shambles,"Why are you censoring the ticker with stupid.

More mentions = more *reddit interest*

BIG ASS hedge funds are incorporating that into their trade metrics. 

Not all hedge funds are short GME. Some are long. Institutional traders are looking at mentions and inferring value off high mention count and rate. They know you don't post as much when GME is down trending. No publicity is bad publicity at this point.

Mentioned because trending down? Fire sale.

Mentioned because trending up? HOLD! more tendies on the way.

Just don't be sideways.",1615333456,gqe0b1n,False,t3_m19sa7,t3_m19sa7,1
1BannedAgain,"Wave of bankruptcies, similar to the Lehman Bros domino pile

I like $GME- I like this stonk",1615333451,gqe0apg,False,t3_m1dlfh,t1_gqdun5i,22
matcha_balls,"Just saw the title of a financial article ""GE Stock is hot. That's why the company's annual outlook call is a big deal"".   


And I thought to my self. Well duhhh fucking uhhh everyone knows GME is a hot stock today its the hottest fucking stock in existence. And then I clicked on the article and started reading and realized I am retarted and it was about this other trash stock called General Electric and I actually made up the M in the middle when reading it because now everything is about GME. I actually was typing in slack to someone in my org and managed to tell them I was going to buy more stock when in fact I meant to say yes you can authorize that purchase for your site.",1615333449,gqe0ak9,False,t3_m16emz,t3_m16emz,10
longandthickx,If GME opens at sayyyy 275 tomorrow will 800C 3/19 be up?,1615333444,gqe0a6v,False,t3_m1g6cf,t3_m1g6cf,1
SWEET_BUS_MAN,This feels like Thursday. It’s nice being able to walk away from the ticker with confidence this week. I come back and GME is higher.,1615333420,gqe08iq,False,t3_m16emz,t1_gqdzn1o,6
xilynxix,i’m pretty sure if your 350c is in the money you will buy shares for 350 when you’re exercising regardless of what gme is trading at,1615333418,gqe08fj,False,t3_m18bkz,t1_gqdq3up,4
ToastyBoyxd,GME green or red tomorrow? taking bets,1615333412,gqe080k,False,t3_m1g6cf,t3_m1g6cf,10
galaxy_van,I’ll just ride this wave with the couple of new white hairs gme has blessed me with,1615333406,gqe07l7,False,t3_m1ckwg,t1_gqe03xi,7
felibrown2,"my life has already been altered. i started with $5000 in october, rode the first gme wave. walked away from $175k. then out of a whim i bought calls 2 hours before the second spike to 100. i have been blessed by the wsb gods.",1615333389,gqe06f0,True,t3_m1jh0d,t1_gqdzs2r,262
SpaceLover1969,I'm trying to get work done but gme wants to moon,1615333385,gqe065r,False,t3_m16emz,t3_m16emz,7
youzz33,Cisco is good long term buy. But buy GME now ape.,1615333374,gqe05da,False,t3_m1jjk8,t1_gqdzpjz,3
Matthiey,I mean he isn't wrong... but why the fuck would I buy that to make 25% in 3 months when I can make that in a day with GME or 2 days with AMC? WTF cramer?,1615333366,gqe04r2,False,t3_m1fglm,t3_m1fglm,0
Tower-Union,"Sure but if I make $15,000, pay $5000 in tax, put the remaining $10,000 into a TFSA (or ROTH IRA) and GME takes that $500,000 I’ve still only paid $5000 tax.  I’m alright with that 😆

Edit: Realized I said pay “no taxes.”   Point taken, there is still SOME tax!",1615333346,gqe03h3,False,t3_m1dlfh,t1_gqdzer7,2
Master-Commander93,Straight up we don’t even work. We throw the GME chart up on the large screen in our office.,1615333321,gqe01qk,False,t3_m1f30t,t3_m1f30t,1
