author,body,created_utc,id,is_submitter,link_id,parent_id,score
invader2,"1. In his letter, he attributes the run in stock price to his 13D filing. All I'm saying is: why increase the price before buying it. That seems to be to his disadvantage. 

2. Are you saying GameStop will make their own video games? 
I disagree that MSFT/Nintendo/Sony don't have a lot of b2c sales:
Here is the PS4 full game software digital download ratio (which can be found in the Sony Supplemental for their earnings releases):  
2015: 19%  
2016: 27%  
2017: 32%  
2018: 43%  
2019: 55%  
2020: 66%  

3. That's fair, but it just seems to be counterintuitive to me that they can compete with b2c from Sony/Nintendo/MSFT. A GME game studio would be interesting, except MSFT is buying them all and GME can't afford them.",1609545441,ghrw92y,False,t3_kof133,t1_ghrveam,1
DangersWen,"I will stick with $GME. Both PS5 and new Xbox are less than $600. Coincidences? No coincidences in the stonk market.

GME to the moon. Here are some 🚀🚀🚀🚀",1609545404,ghrw6nm,False,t3_kolwb6,t3_kolwb6,1
demigodinsane92,"I sure hope so, here take this silver from a poor man (from gift box). I personally don't have a position in GME (no monies), but it will be good to see the gain porn.",1609545143,ghrvpqe,False,t3_kojagn,t3_kojagn,6
[deleted],"1) who says he hasn’t? And who says that it won’t be announced shortly?
2) yeah that’s not right at all. Amazon has Amazon basics and other private label products that compete with their sellers. Same with wayfair. It’s about brand equity and whether you’re seen as a destination. Microsoft and Nintendo and Sony don’t do a lot of b2c sales, why do you think Walmart and Best Buy exist?
3) go where the puck is going, not where the puck is. If $gme can get to netflix status by taking a fee on every transaction, we’ll be on the right path. A game studio as $gme 2.0 isn’t crazy either.",1609544969,ghrveam,False,t3_kof133,t1_ghruz5w,1
[deleted],"1) He wasn’t liquid until chewy IPOed on June 14, 2019 and actually not really till June 2020 BC of lock up.

2) so many middlemen exist today. Wayfair, Amazon, Etsy, Jumia.

3) being a digital middleman is what Ryan wants. Netflix is a digital middleman. If he Netflix’s $gme, we all win",1609544426,ghruf6h,False,t3_kof133,t1_ghrslko,2
stocktawk,I think the only thing holding up GME stock price... is all of us morons here,1609544378,ghruc1x,False,t3_kodv6i,t1_ghq6xu8,1
coldiron03,10 GME 30P 4/15/21,1609544332,ghru92a,False,t3_koiz6w,t1_ghrtx4t,27
luncheonmeat79,"Yes it refers to buyers who already bought the stock, but RC was quoting what a CNBC shill said that day - he wasn't saying it himself. RC seems to use these retarded emojis whenever CNBC says something negative about GME - to make the point that sentiment is so bad surrounding this stock, so he's gotta step in to save the day.",1609544318,ghru846,True,t3_kok7my,t1_ghrsdwj,13
Tr0311,"Lol, I have a short position on GME, what goes up must come down. Fucking GameStop the shitty company that gives you $1.69 for a $60 game two months later. Fuck GME to hell",1609544308,ghru7fx,False,t3_kof133,t1_ghrn6or,-3
Poodogmillionaire,"Everyone was wondering when they would be able to buy in after it went above $20, worried they wouldn’t get the chance. Well the answer is NOW. I sold to lock in some modest gains at around $20.50 like a paper handed fool. Didn’t want to FOMO chase it but held on hoping for a small dip below what I sold for after that resistance at $21. Though I got lucky at $18.87, I realized there is no sense trying to time a drop of a couple dollars and miss out on the upside of what should be at least $30 minimum in the short term -  possibly double or triple that over the next few months. Went all in yesterday and bought $5k worth of shares, have another $2k deposited into my account waiting to clear that I am going to put in as well. Any news of additional purchases by RC will likely get it past the last resistance level either way, and may trigger the short squeeze we’ve all been anticipating. After that brief lapse in reason I remembered that I am not here for modest gains. Going to try to get my principle investment up to $10k over the next week or two and then buckle in for the ride to the top. Got in to PLTR at $24 so when it goes above that I will be using those proceeds towards GME as well to maybe exceed $10K if that happens before news of additional buy in’s by RC. Not nearly as much $ in it as a lot of you guys on here but, trying to do my part to reduce the amount of shares available to short sellers. 

If you get asked by your brokerage if they can lend out your shares for whatever percentage they are offering, don’t let them! If a short squeeze happens after RC makes any filings it should really start to ride, especially if in doing so it causes another 25-30% jump in the price. Now that it’s Jan 1 we also don’t have to worry about it happening to take losses for tax purposes, things are looking good.",1609544282,ghru5sd,False,t3_kok7my,t3_kok7my,12
SnooCauliflowers4003,Ok let's start with all the NIO and GME posts,1609544173,ghrtyne,False,t3_koiz6w,t1_ghrtsb2,9
ZaddyPowell69,"Well boys, that had to be the top for GME. Retards out here throwing 2.5mill on it.",1609544046,ghrtqey,False,t3_kof133,t3_kof133,1
NOmakesmehard,Love that you spent $2.5 mil on GME stock but refuse to pay $1.50 per month for live market data (yellow shaded price and %change on IB means delayed market data),1609544028,ghrtpa5,False,t3_kof133,t3_kof133,3
beccaraybbc,So you guys are all underwater on GME?,1609544013,ghrtobn,False,t3_kof133,t1_ghrtg9q,-6
BearsHateOnMe,Ignore that pussy bruh...let him go down with his 5 dollar sHoRt he just jelly of the bread homes. GME FTW,1609543967,ghrtle1,False,t3_kof133,t1_ghrsh6y,4
ChiefOfAllChiefs,Will deposit the delivery money that hot milfs and rich fucks tip me when I deliver their greasy pizza to them. Putting it all in on GME shares. I want to ride this out with my brothers of WSB.,1609543640,ghrt01o,False,t3_koezbj,t3_koezbj,1
coldiron03,"Rule 8, let see 10,000 in GME or ban",1609543622,ghrsyvq,False,t3_kojagn,t1_ghrsrpf,-6
coldiron03,"So you wanna talk about GME shares, let's see 10k in GME. Postions or ban",1609543580,ghrsw8r,False,t3_kojagn,t1_ghrsu94,1
invader2,"That's an interesting assertion.

1. If he wanted control of the company, why not acquire it by talking about M&A with management prior to taking a large position which caused a massive stock price increase. He would now have to pay probably double what he could have paid 6 months ago. (There was an attempt for LBO of GME in the summer of 2018, and the going price was ~15/share). 

2. Gamestop has to compete with native digital platforms that come with every console. Additionally compete with steam for PC gamers. As for computer parts, they'd be competing with Newegg. 
I doubt they would be able to compete with that. They're a middle man that nobody needs. 

3. In addition to (2), there's the added risk that the next generation of consoles in ~7 years is fully digital, which would crush GME. (I personally find this likely, considering the current consoles already have a digital option). From a DCF standpoint, it is very unlikely that GME which currently doesn't make money is able to return an adequate amount of capital to share holders which accounts for zero profits post 2027.  

If you're trading this for the current bullish momentum, I think that would probably (?) work out. But the fundamentals for this company scream blockbuster 2.0

Edit: had the year wrong, attempted LBO was 2018",1609543415,ghrslko,False,t3_kof133,t1_ghrryqk,0
fireinnyc,I’d drop GME then it looks about right,1609543325,ghrsfkk,False,t3_koiz6w,t1_ghrsc99,1
J_R_D_N,I'm thinking 2021 is GME BABA TSLA AAPL DIS.,1609543274,ghrsc99,False,t3_koiz6w,t3_koiz6w,9
DJMixwell,"Sometimes the simplest DD is as good as anything else. 

Star wars/Marvel are super hot right now, dis anounces more starwars shit : $DIS moon.

Computer gaming is growing rapidly, and corsair is becoming a household name for gamers. EZ muney. 

GME dumpster? New console launch. GME moon, because it moons every time. 

You don't always need the exact thread count of the handkerchief the CEO jerks into, or the specific brand of furry porn he's into. Markets are driven by public sentiment as much as fundamentals. Fite me",1609543273,ghrsc6k,False,t3_kmh6p6,t1_ghgi9eg,3
egoldbarzzz,I edited my last comment before I read your reply. Again... GME ain’t TSLA.,1609543041,ghrrx4j,False,t3_kof133,t1_ghrrqxa,-2
typewriter_AMA,"I hope you're joking but in case you're not: Google covered calls

Go to your broker, go to options, select 8 januari 2021, select 22, 23, 24, 25 whatever, sell a couple hundred of each. If GME doesn't end up being above that price (strike price) before january 8th, you get to keep your shares and the extra money. If it ends up being above the strike price, your shares are called away (for that price (so you make strike price + whatever they paid extra (premium)).

Rinse and repeat. 

Only thing is! If it goes up to 80, you don't get that extra cash. But as long as it doesn't squeeze you are just making about 20K-30K a week (if this works for a month and you've made 100K, you can buy my most expensive typewriter for 12K as a thank you)",1609542862,ghrrli1,False,t3_kof133,t1_ghr3djv,24
JpowYellen3some,What if TSLA buys GME and converts them to Tesla dealerships? And then TSLA buys PLTR and refurbs it into a satellite data harvesting company and merges it with SpaceX? And then he buys MT to make rockets and folds all these companies under SpaceX and then does a SPAC based direct IPO?,1609542809,ghrri10,False,t3_koiz6w,t3_koiz6w,4
egoldbarzzz,"GME is a dog. Just because Cohen is pumping money into it doesn’t make the company any more attractive.  You’re also fighting the Tutes whom are betting even bigger money that this dog takes a huge, runny, green shit. 

You’re fighting gravity and GME ain’t TSLA. I believe wholeheartedly the shorts will win out. 

Good luck.",1609542773,ghrrfsa,False,t3_kof133,t1_ghrqoda,-1
FilterThePolitics,You know how expensive babies are? That money could have been invested in GME🚀🚀🚀🚀🚀🚀🚀🚀,1609542678,ghrr9qg,False,t3_koh6km,t1_ghraztq,49
coldiron03,"This dude is just doing the classic double down on losses strategy, gme to 10 eom",1609542604,ghrr4z4,False,t3_kojagn,t3_kojagn,-16
[deleted],GME GANG OR YOU CANT HANG. CANT STOP WONT STOP GAMESTOP,1609542472,ghrqwh3,False,t3_koifet,t1_ghrdkvs,9
CriManSquaFC,I honestly learned about options just to understand this retarded subreddit. Totally worth it... I'll become a fellow retard with my $GME 21C 02/05/21,1609542400,ghrqrst,False,t3_koifet,t3_koifet,6
kshish1,GME 1/8 20C A few baskets of extra large Tendies on the way boyz,1609542368,ghrqprg,False,t3_koiz6w,t3_koiz6w,7
itsmezander,Best GME DD of all time. Thank you for your hard work.,1609542169,ghrqcpc,False,t3_koct6h,t1_ghq18l0,1
Knorkiflup,Have you invested in GME yet? 🚀,1609542047,ghrq4sj,False,t3_koj731,t3_koj731,1
Crittopolis,"So..... Couple things..

1) Get job, bang gf, spend money on GME, keep learning stonks.
2) Cheating is often a symptom of poor COMMUNICATION which you don't do gud, u autistic bear fucker. Instead, maintain regular communication, both formalized and spontaneous, using that to better weigh other metrics, such as physical and emotional intimacy. Bang gf, gfs bf, gfs bff, and bnsf. You. Dawg.
3) ???
4) Get rich, graph her responsiveness to your unexpected financial salience, recognizing an artificial bull market. Take initiative of the pump and dump setup, bang gf, dump gf, and finally go poly because when your needs aren't restricted by unspoken and television-based social etiquettes, open communication becomes an activity and not a chore :)

Profit from everything. Don't want a job? Get it to fund your tendie factory. Being cheated on emotionally? Grow the fuck up and talk about your feelings, and lose that little girl if she can't nut up and talk to you like a grown-ass woman! And don't forget: BRRRRRRRRRRRRRRRRRRRR",1609541803,ghrpowh,False,t3_ko5xbg,t3_ko5xbg,1
oobydoobydoobydoo,This is what is killing me right now. Also got my stimmy check so want to drop another $1200 into GME. Just need Monday to get here.,1609541695,ghrphul,False,t3_koc2pd,t1_ghpywtl,5
E_Spitzer,Just got my stimmy check this morning. Going straight into GME or PLTR🚀🚀🚀🚀🚀🚀,1609541638,ghrpe7g,False,t3_kol20h,t3_kol20h,1
Gashslingingslasher,I heard GME? BRRRRR 🚀🚀🚀🚀🚀,1609541605,ghrpc25,False,t3_koer6n,t1_ghrhs2y,4
nonagondwanaland,"Here's an alternative take – if we assume the two board members that Hestia and Permit got out of their settlement with GME support Cohen, RC only needs 3 seats to have an absolute majority on the board.",1609541566,ghrp9gq,False,t3_kojagn,t1_ghrp0vs,6
Abject_Resolution,"If we put together all the money and each buy 30 shares of GME instead of awards. 
We will get to tendytown. 🚀",1609541496,ghrp514,True,t3_kokxhq,t1_ghrox6w,1
redcedar53,"But the Chairman of the Board though...

Based on his reasoning of not wanting a single seat, I think Chairman is a good placement to make sure everyone’s accountable and GME is making the right decisions.",1609541432,ghrp0vs,True,t3_kojagn,t1_ghrnjpn,9
barouf95,"That was the day I bought my first GME stocks. I was still unsure until I read the news about Cohen purchasing more stocks. I couldn't believe the price didn't soar. We litterally had an entire day to buy GME with an unpriced catalyst. It's by far the most well timed trade I ever made, yet so easy !",1609541328,ghrou1b,False,t3_kok7my,t1_ghrnky7,9
Colonel_Lingus710,"It's a motley fool article, they're probably shorting gme and are sweating",1609541197,ghrolhy,False,t3_kohoi8,t1_ghr7jzn,4
SourceCodeSeller,"GME squeeze is coming bro!! You have no authority to comment on my intelligence when you preach things like that

Didnt buffet tell you not to get emotionally attached to tickers? Jesus bro just move on",1609541191,ghrol2u,False,t3_ko9i5u,t1_ghrocj9,1
redcedar53,"I think a bit of both. I mean. I think the play is, play the squeeze and “sell at the top”, but eventually when it comes down and settles, I would probably then put it all back into GME for the long hold. I think even after it all settles, it’ll trade at much higher than it is now and only grow more, especially if all goes well in terms of their vision and the execution of their roadmap. Also, with the squeeze publicity, it won’t be such a piranha anymore and more investors will flow in. But that’s just my guess, obviously.",1609541122,ghroggt,True,t3_kojagn,t1_ghrnal4,21
MrStonker,GME gang🤝PLTR gang,1609541092,ghroegv,False,t3_koifet,t1_ghrncgi,29
SourceCodeSeller,"And once again you are moronic. You are arguing that America can't afford universal Healthcare because of their military budget. But thats the ignorant take and its clear you have no understanding of their economic policies. 

Nothing you are arguing has any relevance to what I've been saying

Maybe you should read the actual source you showed me instead of copy pasting links because it supports everything im saying

Keep pumping GME btw. The infinity squeeze is coming bro.... once and a lifetime opportunity am I right? Your 400$ in GME will be millions bro!!!! Stupid clown go back to /r/babystreetbets 🤡",1609540718,ghrnpib,False,t3_ko9i5u,t1_ghrn24y,0
g4858364957,"I was so angry that day, I got so hyped in PM when the news got released, then the whole day was just a fucking fade. I was so happy the day after though, that’s why you gotta always 💎 🤚 with GME.",1609540649,ghrnky7,False,t3_kok7my,t1_ghrncqk,10
FudgieThaWhale,My GME position causes me physical pain at the moment,1609540602,ghrnhtp,False,t3_kok7my,t3_kok7my,7
Experienced_AP,"I'm retarded, so any help appreciated...

Is the sentiment that GME is good for holding long? Or get out during the squeeze? A little of both?",1609540495,ghrnal4,False,t3_kojagn,t3_kojagn,10
badgerbacon6,# (っ◔◡◔)っ ♥ GME + QQQJ + ICLN ♥,1609540079,ghrmihy,False,t3_koiz6w,t3_koiz6w,7
MoneyInAMoment,GME is garbage.,1609539827,ghrm1mx,False,t3_koiz6w,t3_koiz6w,7
EmptyLevel,gme and pltr are trash,1609539777,ghrlyax,False,t3_koiz6w,t3_koiz6w,6
Whoa-there-jimmy,Got about 1k from Xmas and I'm taking 1k from my families stimulus. What shares do I dump it on. Nio? Gme? Pltr? Something else. I'm indecisive as fuck,1609539671,ghrlr0g,False,t3_koiz6w,t3_koiz6w,-1
MetalVyse,"I like this theory from u/redcedar53 -

I think that 3% (buy on to 9.8% ownership) was just to test the waters to see how the market would react. It jumping to 25% upon news and holding it there for 2 weeks, that’s good enough data points. It also suggests there is a lot of cash waiting on the sidelines ready to jump in GME. My guess would be the next buy in could be double last week’s (7%) upping his totally ownership to 20%.

This is just such a perfect timing technically (cup and handle forming since Dec. 1), sales numbers coming up (I suspect it’ll come next week), and then the conference. 

They also probably don’t want each news to overshadow each other - they would want to jump off each other to build the momentum. I suspect 13D filing early next week to jump start the momentum, sales numbers mid-late next week to sustain the momentum, and the the conference the week after that for a complete explosion.",1609539647,ghrlpdm,False,t3_kok7my,t3_kok7my,56
badgerbacon6,"Wow, just watched Stu skit. It mentions **GME!!** *Bullish*   [https://www.youtube.com/watch?v=1OJ7aW3Df5U](https://www.youtube.com/watch?v=1OJ7aW3Df5U)",1609539631,ghrloao,False,t3_koiz6w,t1_ghrj9zp,1
xxblanksxx,what should i spend my $600 on? Margin for 100 shares of GME or some long dated calls on GME and PLTR,1609539617,ghrlnee,False,t3_koiz6w,t3_koiz6w,2
sniperhare,"Next week, GME to 22!",1609539579,ghrlkon,False,t3_koiz6w,t3_koiz6w,-1
ThePizzaDeliveryM3n,"I've just realized how under the radar Gamestop actually is. The bear thesis is so popular among normal investors and regular people that they won't touch GME with a 10 foot pole. That just makes me more confident that a squeeze is imminent. I would be a bit concerned if everyone and their grandma got in. Will we get MOASS, hopefully but life is full of surprises.",1609539566,ghrlju6,False,t3_kojagn,t3_kojagn,33
xsteppach,Agreed. Now while there’s less GME this weekend will look into MrChewy when Cohen took over and see how he approached the business then. I’m still trying to understand why the recent 13d filing was done by Chris Nebel instead of Chris Davis. Looks like Nebel has been successful with his clients taking on winning board representation in the last 3 months himself.,1609539467,ghrlcvf,False,t3_kojagn,t1_ghrksks,5
MaxPlague,"Great DD, info and insight, thank you for the posts. The more we know, the more we can help contribute to the growth of GME.",1609539387,ghrl7gx,False,t3_ko2i9h,t3_ko2i9h,1
redcedar53,"Yeah, another guy mentioned Chairman and that makes way more sense. You also don’t want to display divided GME (with shorts roaming about), you want to project unity and strength. Best case scenario is Sherman keeps his job and Cohen gets elected as the Chairman.",1609539167,ghrksks,True,t3_kojagn,t1_ghrkihv,14
Stonksflyingup,lmao i have also spent most of my money on GME,1609539138,ghrkqjf,False,t3_koiz6w,t1_ghrkmax,1
Glockachuuuu,She’s worth a couple $30 GME calls,1609539118,ghrkp63,True,t3_koiowp,t1_ghriebw,1
Rootenheimer,Someone help convert that to GME shares for me I can't maths,1609539089,ghrkn2t,False,t3_koiz6w,t1_ghrj4kc,2
Tk_Da_Prez,Out of the loop here: Why is GME Getting all this hype right now? GME is gamestop ya?,1609539063,ghrkl9v,False,t3_kob3az,t3_kob3az,1
fieryskyes,"Read the DDs, just search GME INFINITY WAR on reddit search as a starting point",1609539034,ghrkj7n,False,t3_kof133,t1_ghrjwge,5
buyingthediptoday,Use your allowance to buy GME!!,1609538890,ghrk973,False,t3_koiftb,t1_ghri1rh,2
poopa_scoopa,Wtf is ICR Conference and why is it good for GME,1609538825,ghrk4ua,False,t3_kob3az,t3_kob3az,1
w1nn1ng1,"So I know GME has been a meme stock for a few weeks, but can someone enlighten me on what is so enticing about it? Did they change leadership because as of last year, GME was one of the most poorly run organizations in the country...",1609538704,ghrjwge,False,t3_kof133,t3_kof133,-1
Hi-Interest,"Youtube options for beginners, there are thousands of helpful videos and resources available.  Be sure to form at least a basic understanding before jumping in with real money, and when you do jump in, start with small option plays.  When they say GME to the moon, they are speculating that the share value of GME will be moving up quickly in a short amount of time.  If you want to join in, you would either: buy calls, sell puts, or buy shares (less risk).   Be warned, calls, puts and all other option plays can and do expire worthless.  Shares may decrease in value, but other than the company getting delisted it's improbable that you would lose all of your initial investment.  Of course the downside is, you won't have as much upside.  Even the best traders lose, but they are smart enough to not have bet everything on it.  Size your positions so that you can lose, and live to trade again.  Hope that helps.  Happy New Year!",1609538460,ghrjfsb,False,t3_ko9i5u,t1_ghrhvry,6
Experienced_AP,Didn't you see that hand drawn graph about GME?,1609538423,ghrjd7t,False,t3_koi6kp,t1_ghrinq1,3
YoLO-Mage-007,"January 6/7 Sherman reveals' he upped his stake to 5%, takes a seat on the board and hands the reigns over to Ryan to lead the way.

GME 🚀🚀🚀 \[̲̅$̲̅(̲̅ ͡° ͜ʖ ͡°̲̅)̲̅$̲̅\] 🚀🚀🚀

Edit: Sherman then goes on to win CEO of Year 2020 award for taking a company everyone left dead, turning it around, buying back shares on the cheap, 4x the share price  AND then hands the ball over to another PROVEN WINNER in Ryan Cohen to take GME 🚀🚀🚀

All while setting the biggest bear trap of the decade.

Well played Sherman, well played \[̲̅$̲̅(̲̅ ͡° ͜ʖ ͡°̲̅)̲̅$̲̅\]",1609538298,ghrj4hb,False,t3_kojagn,t3_kojagn,27
redcedar53,"I think this is a better option. 

Just like politics, you don’t want to show and display divided GME with shorts roaming about. They gotta project unity and strength.",1609538263,ghrj230,True,t3_kojagn,t1_ghriokl,49
[deleted],And also what do you mean keeps on dipping? YTD $gme looked great,1609537979,ghrij1w,False,t3_kof133,t1_ghri829,3
YoLO-Mage-007,"Wrong. What fund wants GME short position to grow into there biggest holding.

Melvin and Chipmunks covering before summer or they may be insolvent by winter.",1609537888,ghricwi,False,t3_koezbj,t1_ghqjsjy,5
BigDerbsBiggerStonks,Unpopular opinion : recent craze in Pokémon cards again big win for GME.  Only place you can cop untampered with shit.,1609537883,ghricla,False,t3_koiz6w,t3_koiz6w,9
beccaraybbc,Why GME of all investments?,1609537846,ghria38,False,t3_kof133,t1_ghqqm3w,0
summerloco,Now put it all on GME,1609537845,ghria0o,False,t3_ko9it9,t3_ko9it9,5
Ouiju,Jan call? GME. Dec call? pLtr,1609537767,ghri4q1,False,t3_koiz6w,t1_ghrgomr,2
Eatmystringbean,Haha. Just like that gme squeeze. The date for that keeps getting pushed back to indefinitely,1609537728,ghri20y,False,t3_kojkmt,t3_kojkmt,15
Sirgeezer,"All in on market opening, GME GANG here I come!
🚀🚀🚀",1609537664,ghrhxhz,False,t3_kof133,t1_ghrhlfu,2
gonfreeces1993,"I'm trying to learn about options, I'm pretty new to the market. Any resources you guys would recommend? For example, when you guys say PLTR to the moon or GME 🚀🚀🚀🚀, what does that mean I should do?",1609537640,ghrhvry,False,t3_ko9i5u,t3_ko9i5u,-3
ttcmzx,Stop “feeling” shit and just YOLO GME,1609537634,ghrhvd4,False,t3_koacos,t1_ghq8uxb,1
Crittopolis,"Okay, so I thought I had at least a basic understanding of tradable securities, but stocks are new to me. Are these, like, stocks that never stop flying to the moon, or did they just put GME into its own separate asset category?",1609537588,ghrhs2y,False,t3_koer6n,t3_koer6n,1
MoneyInAMoment,GME,1609537516,ghrhmvr,False,t3_koiz6w,t1_ghrgomr,1
BearsHateOnMe,Why not just buy calls on GME instead bro?,1609537485,ghrhkmn,False,t3_kocj8m,t3_kocj8m,0
OverpricedBagel,Lose on what? I’m all in GME since $11,1609537304,ghrh838,False,t3_koie2z,t1_ghrh5ft,-11
fookinlegend3,"Sounds good, though I'm not sure about the squeeze. A bunch of my capital is tied in GME (similar reason) and ICLN, so I just bought 1 call. Best of luck.",1609537190,ghrh0ez,False,t3_kojkmt,t3_kojkmt,20
MattDamonIsGod,GME might be the first meme stock in this sub's history where the users actually know the company to an okay degree. I feel like everyone knows long term they're fucked but ride the wave while you can.,1609537178,ghrgzkz,False,t3_koiz6w,t3_koiz6w,23
CCPshillin,"Made only $20k during the pandemic he is a certified 🏳️‍🌈🐻. Probably made money on puts in March and hasnt turned any profit since which is why his wife thinks he's a fuckin loser.

She probably made killer money on tsla, pltr, and gme calls and decided to leave his broke ass

Edit: wife is definitely a Chad since he's crying on Reddit",1609536984,ghrgmlu,False,t3_koj731,t1_ghre0k4,22
janik_kl,Sorry for asking but why GME? I‘m not into it,1609536746,ghrg6mg,False,t3_koiz6w,t1_ghrebsi,2
Sirgeezer,Any of you retards think GME will drop below $18? I'm wanting to jump on the rocket but want a good entry point?,1609536721,ghrg4vj,False,t3_kof133,t3_kof133,2
mcoclegendary,Buy GME. Not fool’s gold!!,1609536687,ghrg2kr,False,t3_koiftb,t3_koiftb,1
TeraDudee,"KEEP BUYING GME SHARESSSSS

Fuck Melvin",1609536406,ghrfjh2,False,t3_koiz6w,t3_koiz6w,4
T3nEighty,"Holy fuck dude, I lost a bit over a thousand a month ago when people were first pushing GME pre last earnings and it fell hard. I was in for almost 19 then, I havn't had the balls to buy back in again at 19 ish it's at now, fool me once lol; been coming close to it though.

I mean I don't know if I have the balls to put maybe $25k in GME at like $19 and you walking in with $2.5M titanium fucking balls at $20.5; damn dude",1609536357,ghrfg33,False,t3_kof133,t3_kof133,9
jsmerrill95,And GME,1609536222,ghrf6j1,False,t3_koj731,t1_ghrdxwp,13
StuffMyCrust69,So you were topped by GME for the holidays. FD.,1609536177,ghrf3hq,False,t3_koeun3,t1_ghqy2vt,6
TheLastLegion,"Thats much safer, are you going all in in the hopes of a takeover by Ryan Cohen, i haven't heard GME mgmt says they're agreeing with him, why so much yolo into it? Is this like buying the rumor baghold for couple of months? Seems like a swing trade",1609535977,ghrepln,False,t3_kof133,t1_ghread8,2
Aesir81,Keep dreaming.  GME isn’t going past $25 until earnings hit.,1609535796,ghredko,False,t3_koezbj,t3_koezbj,-8
MoneyInAMoment,GME calls.,1609535769,ghrebsi,False,t3_koiz6w,t1_ghrdv3o,2
OptionsAndTren,"WSB starter pack: ICLN, ARKK, GME, PLTR.",1609631990,ghvmitj,False,t3_koiz6w,t3_koiz6w,18
Wyrdmake,"I posted this elsewhere but I don't buy that brick and mortar is dead. I walked into my local hobby shop that sells minis and cards and they can't keep stuff on the shelf. If GME transforms their existing B&M they'll get traffic. Especially when young people need to escape or live in apartments in city centers.

Also - Discs are around for a bit yet giving them time to reorganize. USA is retarded and still has atrocious data caps. I'm Canadian and EB Games is the GME subsidiary here check their reviews.",1609631926,ghvmehp,False,t3_kp7t9u,t3_kp7t9u,11
KYJELLYTIME69,A new and better version of GME,1609631608,ghvlsvl,True,t3_kp7t9u,t1_ghvl2h7,31
Jwallthemonster,You dont gamble with loan money... that being said GME GANG TO THE MOON 🌙 🚀 👩‍🚀,1609631564,ghvlpvt,False,t3_kp3y24,t3_kp3y24,2
ICreatedNapster,$GME 7x 1/13 13c & ~1000 shares.. I'm a big fuckin bear.. /s,1609631363,ghvlcb4,False,t3_kp0tcw,t1_ghuzsai,1
sarmadsa_,GME?,1609631358,ghvlbza,False,t3_kp8q7x,t3_kp8q7x,3
PunDeSall,$GME gettin fucked by Games,1609631307,ghvl8h0,False,t3_kovjxc,t3_kovjxc,1
PayPerTrade,"They could still be good if you are patient, idk. I’ve just seen several rounds of “GME is a P&D” on here and then it doubles again",1609631275,ghvl69t,False,t3_koiz6w,t1_ghvkbuo,1
TheApricotCavalier,"\>  You see the problem with bears is that they are always backwards looking, no vision for the future, no hopes for anything, always depressing. 

Agree completely. If you wanna be a bear, look for a company being replaced, like Netflix did to Blockbuster. So I ask you, whose replacing GME?",1609631219,ghvl2h7,False,t3_kp7t9u,t3_kp7t9u,28
John_Bot,"I didn't short gme? Lol

Cathie won't ever invest in this crap",1609631189,ghvl0eo,False,t3_kp4h04,t1_ghvkhuy,0
redcedar53,"If you read what I wrote, I said IF GME presents something disruptive or pivots heavily into e-commerce. If you are following GME, they are moving away from B&M (or at least leaning that part of the business). And if GME does that, of course it’ll be on her radar.",1609631075,ghvkss4,True,t3_kp4h04,t1_ghvkhac,7
theGr8Alexander,Why don’t you guys trade futures or do options on futures? Probably would make a lot more money than buying GME and PLTR,1609630964,ghvklbg,False,t3_koiz6w,t3_koiz6w,2
mattebeginning,"Until GME is rebranded as a genuine tech sector company her majesty won't invest. On ARK's bad ideas 2020 whitepaper, B&M retail was listed as a major sector to avoid see [https://ark-invest.com/badideas/](https://ark-invest.com/badideas/) for the full report.",1609630905,ghvkhac,False,t3_kp4h04,t3_kp4h04,6
bigb0i123,Why do you think GME will dip next week?,1609630693,ghvk2rh,False,t3_kp7t9u,t3_kp7t9u,5
CannadaFarmGuy,All in GME @ 18.23$ here gotta get the price lower so I can sell!,1609630498,ghvjpqd,False,t3_komlf9,t1_ghun8ji,1
heuiseila,"Surprised PLTR and GME are not there, but maybe those are Reddit only shills",1609630291,ghvjbv7,False,t3_koiz6w,t1_ghvixkh,2
Zerole00,Every time I think of dipping my toes into the GME pool I see something delusional like this post and I back the fuck away,1609630200,ghvj5pp,False,t3_kow6gs,t1_ghuduei,2
PayPerTrade,"On the flip side, anyone who has held GME long positions for more than a few months has made absolute bank",1609630164,ghvj370,False,t3_koiz6w,t1_ghvixfp,8
twiiztid,"Didnt the mods just recently make a post about needing to be aware of pump-posts on this sub? You guys are really sucking GME's dick, and some of the guys posting are brand new accounts. 

Be smart, you autists, and make your own decisions. Don't fall for the wsb hype train.",1609630080,ghvixfp,False,t3_koiz6w,t3_koiz6w,4
Cake-Trap,"I wish I could post pics on here from mobile... instead you’ll have to settle for some used Tendies via Imgur:

[GME Used Tendies](https://imgur.com/gallery/2YORUPH)",1609629962,ghviplb,False,t3_kp7t9u,t3_kp7t9u,5
throwawayaccountdown,">Deze Kassa Is Gesloten.

Maar, de kassa van GME is geopend!",1609629936,ghvinw9,False,t3_koie2z,t1_ghuah22,3
snappySIG,I read the first 4 sentences of your post... don’t have time to read more. I trust in the 🚀🚀🚀 say no more... all in GME Monday. I was at a conservative 20% but man those first 4 sentences... say no more. 💎💎💎💎🙌🙌🙌🙌,1609629857,ghviilh,False,t3_kow6gs,t3_kow6gs,2
PmMeYourRig,You had me at GME gang has two daddies.,1609629834,ghvih1n,False,t3_kp7t9u,t3_kp7t9u,9
OlyBomaye,"Up your ass.

Then jump your ass on the GME train 🚂🚂🚂🚂🚀🚀🚀🚀",1609629723,ghvi9hs,False,t3_koiz6w,t1_ghvhwri,5
alotovanal,"Just cuz some corporate big wig is on board, like daddy Cohen, doesn't mean GME will be successful in rebooting itself. Look at what happened to that new streaming service that just went tits up. It was run by that Pixar big shot and meg Whitman, ho from ebay. People r flaming it big time and totally shit the bed.

Rylan Cohen wants gme to 'adopt same world class infrastructure as 'chewy.' Seriously. Wtf does an online pet products.platform have to do with gaming. Gaming is cutting edge digital...and the companies at the edge are valve, epic, msoft and Sony. Along with content producers like Activision. Ryan Cohen is like a guy with a 2 inch flaccid pee pee at an orgy with hot busty babes getting drilled by 9.inch swole cocks.  And he is such a delusional douche he wonders why isn't getting any. 'You ain't getting any cuz you ain't got any.'",1609629704,ghvi877,False,t3_komlf9,t3_komlf9,2
IshouldGetBack2Work,"And physical disks require an install and day 1 patch. Plus, all digital sales are half off with family share. I literally do not understand how GME is worth anything.",1609629643,ghvi43k,False,t3_komlf9,t1_ghszgys,1
Mrgumboshrimp,There’s no 55c for gme. This dude is either a lying fuck or special requested extra retarded options from his brokerage. I’d buy calls on him being a lying fuck,1609629367,ghvhlja,False,t3_kovxwk,t3_kovxwk,9
John_Bot,"Everyone is bullish on gaming.

But GME will be bankrupt in a few years. She won't invest in this trash.",1609629300,ghvhgyq,False,t3_kp4h04,t3_kp4h04,-5
d-redze,So many other things in the market are KILING it right now. Why are this a GME the only thing this sub know.,1609629276,ghvhfbx,False,t3_kp3lna,t3_kp3lna,-2
budispro,Lol GME bears...,1609629143,ghvh6eu,False,t3_konr0f,t1_ghtnuss,2
Eatmystringbean,"Glad I seen this. The other 67,452 GME DD didn’t do it for me.",1609629078,ghvh215,False,t3_kp7t9u,t3_kp7t9u,16
onionboys,who else is buying GME and NIO at market close monday :),1609629015,ghvgxqb,False,t3_koiz6w,t3_koiz6w,1
TheToxicStonkAvenger,"You are thinking too much, just buy GME.",1609628857,ghvgn2i,False,t3_koiz6w,t1_ghvg2t6,4
xeno55,Someone needs to pay Sherman to step down. If I were him I'd buy a few million of GME shares and resign.,1609628578,ghvg4c4,False,t3_kp7t9u,t3_kp7t9u,9
[deleted],Stonk with good short term potential other then GME?,1609628556,ghvg2t6,False,t3_koiz6w,t3_koiz6w,1
TheWeatherMan1600,GME pump to 30,1609628515,ghvg01r,False,t3_koiz6w,t1_ghvfyei,3
redcedar53,#Rule 420: GME 🚀🚀,1609628491,ghvfyei,False,t3_koiz6w,t3_koiz6w,8
onionboys,Y’all think it’s too late to get into GME at open Monday? For FDs,1609628178,ghvfcyh,False,t3_koiz6w,t3_koiz6w,2
Gremlin232,Don’t worry with the collective retard strength that is being pumped into GME you will be fine,1609628038,ghvf3dh,False,t3_kp3y24,t3_kp3y24,3
CPTHubbard,"Greater minds than mine would probably answer that question better. But I think that GME = Blockbuster is a more prevailing sentiment than you’d think if you’re just on the WSB boards here. That and many short institutions are in too deep and can’t exit easily. If the sentiment expressed here on WSB becomes more mainstream, though (and I think it’s just a matter of time before events will force that reckoning) then things could get wild.",1609627960,ghvey3k,False,t3_koxyj1,t1_ghv9q8m,6
xeno55,DDS currently has 110% of its float shorted and it's experiencing a squeeze that started when one of Buffets buddies bought a large stake. Not the same as GME since the outstanding shares is 17 million float is 5 million.,1609627902,ghveu2a,False,t3_kp4bfy,t3_kp4bfy,11
badgerbacon6,(っ◔◡◔)っ ♥♥ **GME** \+ **QQQJ** ♥♥,1609627865,ghvermc,False,t3_koiz6w,t3_koiz6w,9
GreenFuturesMatter,"There’s so many reasons to be bullish. Wtf? Lol Ryan Cohen who built Chewy as the one stop shop for Pets as someone who is backing and pushing for a revamp of the company is huge. Right now GME has a metric fuck ton of power up subscribers. Changing the app and working on direct distribution to customers is huge. 

They made a deal where they get a percentage of online sales from consoles that they sold directly. Where do you think people buy consoles? GME.  Look at their all time chart and review console release dates and their stock price. Think about all the pent up demand for consoles. Apple ripped most of the tech that came through this year from the already strangled supply chains. We haven’t even seen numbers but the consoles are likely to remain sold out for awhile with increasing demand. 

Short squeeze?

There’s so much more to it. Just search GME in the sub",1609627675,ghveerb,False,t3_koiz6w,t1_ghvdo2d,1
SmokyTyrz,Trimming that GME mistake off of your books in a few years = Bullish,1609627498,ghve2ps,False,t3_komlf9,t1_ghslj0a,1
MoneyInAMoment,GME GME GME GME GME GME GME GME GME GME GME GME GME GME GME GME GME GME GME GME GME GME GME GME GME GME GME GME GME GME GME,1609627487,ghve201,False,t3_koiz6w,t3_koiz6w,11
poopnip,"Yes transfer the tendies from their portfolio to ours. 

GME🚀🚀🚀",1609627466,ghve0kn,False,t3_konr0f,t1_ghtbfco,1
frogdog9000,Buy GME and the memes will hit different.,1609627299,ghvdp4d,False,t3_koiz6w,t1_ghvd6id,3
onionboys,Why is GME so bullish on WSB now lol,1609627284,ghvdo2d,False,t3_koiz6w,t1_ghvdjyd,2
manofculture003,"Imagine millions of years ago, some soft human going goo goo gaa gaa which would translate as ""no, I am scared I can't go fight those lions to get food for tonight. I am scared to die, I'm sorry"", to which some chad human responds gaa gaa goo goo which translates as ""fuck you, you p u s s a y. Hold it together and stop saying sorry. Now get that spear and join me in fighting those lions to get food. We are starving and if we don't do what I said, millions of years later our grandkids wouldn't live to Yolo their life savings on GME""",1609627255,ghvdm2w,False,t3_koiz6w,t3_koiz6w,10
GmeCalls-UrWifesBf,Gme,1609627227,ghvdk5z,False,t3_koiz6w,t1_ghvd6id,2
GreenFuturesMatter,If my sack wasn’t dipped in IWM for the last few months I would be in GME honestly.,1609627224,ghvdjyd,False,t3_koiz6w,t1_ghvd6id,1
GmeCalls-UrWifesBf,Gme calls go hard!!!! Can’t wait for my position to moon so I can Fomo into crapto,1609627217,ghvdjfx,False,t3_koiz6w,t3_koiz6w,4
RocPileUpInThisMa,GME woooooot 🚀🚀🚀🚀,1609627078,ghvda01,False,t3_koiz6w,t1_ghvd6id,3
Crittopolis,"Alternatively, tell them you have autism and cps will give you a new dad with another 23k to stay safely in your GME portfolios.",1609627031,ghvd6tn,False,t3_kp3y24,t1_ghuzusp,12
[deleted],"The Melvin bear thesis inherently contains piracy because the ability to digitally own games and the sales that companies are making in order to expand (and to some extent combat) the reality that all the information is free is what caused the original downfall of the physical media industry. 

The thesis itself is going to be an accumulation, not a singular stance, of the reality in play. It's like the console cycle thesis where ultimately we know that the sales of large bundles at really high prices raises revenues but also that there will be a large set of games sold and traded and that activity during this time will rise. 

Unfortunately the bear thesis in this case naturally outlives (timeline) the bull thesis, right? The spike in revenues will end but the actual problem of the competitiveness of game creation, from indie gaming becoming large with large publishers losing market share and effectively market power, to the fact that you can circumvent buying which means that the only way to consolidate revenues is to literally own the game to the point of owning the servers and being unable to play outside those servers (think Riot Games and League of Legends or Epic Games and Fortnite) leads to an end to the brick and mortar swap shop concept. 

I assume at some point we will figure out a way to achieve digital key swapping with legal ownership intact so people can trade digital games. If that happens it's pretty much over for B&M and unless GME is the pioneer of this technology it'll have an even tougher time staying relevant. I get the whole nostalgia argument but I don't think that's enough to keep the business afloat as it stands.",1609627028,ghvd6jl,False,t3_kp4h04,t1_ghvc64x,0
onionboys,fuck do I all in GME or PLTR calls,1609627027,ghvd6id,False,t3_koiz6w,t3_koiz6w,10
RedditingAtWork5,"If I didn't have my money tied up in GME, PSTH and some Nvidia calls, this would probably be the first stock I dump a ton of money into.",1609626928,ghvczpr,False,t3_kp2a2o,t3_kp2a2o,6
badgerbacon6,The next decentralized global currency will be GME credits  🚀🚀🚀,1609626778,ghvcpf2,False,t3_koiz6w,t3_koiz6w,7
BoringAssumption8751,You don’t have to read the GME posts......,1609626761,ghvcoaf,False,t3_kp64bq,t3_kp64bq,1
RocPileUpInThisMa,I look for .3 ish delta on otm calls and aim for 30-60 dte and roll them accordingly if needed that said my balls are squeezed in GME rn sooo pick and choose there’s a big list 🚀🚀🚀🚀,1609626688,ghvcjb5,False,t3_koiz6w,t1_ghvc7m0,3
Barthas85,I'm AFM (away from market) until the 11th when GME hits $30,1609626565,ghvcawy,False,t3_kowb1h,t3_kowb1h,1
RocPileUpInThisMa,Yesssirrreeeeee means GME is going to 150 EOM,1609626542,ghvc9du,False,t3_koiz6w,t1_ghvc2gu,3
onionboys,Wtf is with these retards and GME y’all bullish on this now?,1609626360,ghvbx25,False,t3_koiz6w,t1_ghvb6wv,1
TrumpsOldGardener,"ITT people who would have said you bought the top when it traded at $85

Should have bought pltr right? Gme one day away from the squeeze right? Lol",1609626266,ghvbqly,False,t3_kp2f4k,t3_kp2f4k,6
[deleted],GME 🚀🚀🚀🚀🚀🚀🚀🚀,1609626218,ghvbnbm,False,t3_kp64bq,t3_kp64bq,1
OhNoWasabiAhead,"it's better this way. Retards would've just used it to buy shares of GME in their robinhood account, further pushing off the squeeze.",1609626183,ghvbkui,False,t3_kp3gpl,t1_ghvb8rc,8
seduns,GME,1609625982,ghvb6wv,False,t3_koiz6w,t1_ghvam1x,2
Peelboy,Next post is about gme,1609625833,ghvawi2,False,t3_kp64bq,t3_kp64bq,1
draconic86,"\> Tired of reading about GME on WSB  
\> Creates a post on WSB talking about GME",1609625780,ghvass2,False,t3_kp64bq,t3_kp64bq,1
MoneyInAMoment,GME 30c,1609625740,ghvapxi,False,t3_koiz6w,t1_ghvam1x,2
OverpricedBagel,^(GME),1609625630,ghvaicg,False,t3_kp64bq,t1_ghv7sn9,2
RetardTrader420,"The only reason I want PLTR to rebound is so I can buy more GME.

Also I bought PLTR at 28 and it has never been above it.

Cant lose money if you never sell",1609625569,ghvae38,False,t3_kovwcr,t3_kovwcr,3
alabradorsdream,"No worries then bro. Just hold for a couple of months. You'll see what happens after lockup ends. I'm in for 658 shares (europoor here, rest is nicely diversified in SPACs and GME, as is tradition). Nice position you got, what's your cost basis?",1609625501,ghva9hz,False,t3_koiz6w,t1_ghv9p7y,2
kevon218,"I don’t know about their pro membership so I won’t speak on that and give you the benefit of the doubt. And same day delivery is a competitive advantage. I will agree with that as well. But also I believe they would lose this competitive advantage closing all their B&M stores, as that’s most likely how they’re achieving it. What I will argue is that game informer is not a competitive advantage. And it is something that can be obtained by never even going into a B&M store.

And to your point on Walmart, sure you may not go there. And that’s completely fine. But you have to understand how the average consumer acts and I’m sorry, you’re not the average consumer/Target audience. 

I will give you that GameStop seems they’re moving forward and making correct decisions, and the market is huge and they can control a larger portion of the market than they already do. But again, you can’t say they’re going to get rid of all of their B&M stores as that would be getting rid of their competitive advantage of having same day delivery. 

All in all I’m not doubting that GameStop can and have improved, it’s just I think a lot of what you have said has an extreme bias. Like I said, I have no stake, I’m not going to short GME as what they’re doing does seem great. But I’m also not willing to buy into it either.",1609625500,ghva9ge,False,t3_komlf9,t1_ghugh78,1
atreides4242,What does this have to do with GME?,1609625340,ghv9ykt,False,t3_kp6tt7,t3_kp6tt7,7
TendyTard,So you’re saying gme 🚀🚀🚀? I’m all in,1609625333,ghv9y1e,False,t3_kp64bq,t3_kp64bq,3
GeorgeHarris420,"Lmao and you let 100's of posts about GME, a clear P&D, stand? Kind of a joke bro",1609625309,ghv9wgd,False,t3_koiz6w,t1_ghut3mp,8
[deleted],"It's classic cultist behavior. 5 months ago none of you even mentioned this company and now you're defending it like it were Helen of Troy. 

Let's do this (again) slowly.

>Show us some naked call sales then if you’re so confident. 

That makes no sense. Everyone here knows it is going to rise based on the console cycle. Why would I sell naked calls against an obvious event? Again, the fact that GME is not the future of gaming technology and suffers from piracy and lost relevance in the age of digital rights and easy mitigation has nothing to do with a bullish or bearish current outlook.

Brick dumb.

>One of the most successful millennial tech entrepreneurs, a billionaire that built in the pet vertical an almost identical eCommerce model for how GME is being envisioned, has bet hundreds of millions he can do it again.

Ryan Cohen built and sold a large business, true, he has done this once, not many times, and is not a serial entrepreneur. RC Ventures has a portfolio with about four other foreign companies in it and you have never heard of any of them. Truth be told neither have I. Times were different, this is a very different business, and there is a massive difference between running the business and being a major stakeholder so I won't pretend to know what will happen as it's been a whole 5 months and frankly not much has occurred materially.

>Collectively WSB has also put up easily ~$10mm+, much of which is already bigly green.

The stock has quintupled, yes. That makes sense with the console thesis. It has zero to do with this sub. The console releases would have likely elevated the price to this level with or without the interest of this sub and small retail investors because we know it drives revenues very well. It would have even without Cohen or whatever.

>Some of the largest asset managers (JPMAM, WFAM) and pods at major MM hedge funds (Millennium, P72) have anywhere from 2x-13x their long positions from Q2-Q3 2020 according to filings.

Which again makes sense with the console thesis and the large revenue spike. It's not even an ""expected"" spike, it's a known spike, so yeah. 

>Either all of these people are retarded (minus the WSBers because we know they are) or you’re just too bought into the bear thesis that’s been parroted for years to recognize when you’re wrong.

No. You see, you have lost track of something important: Time. Yeah, there will be a revenue spike. No one is arguing otherwise. GME will go up and has gone up 5 fold. No one is surprised. The question is *will it hold* and I have yet to see anyone say that they think GME will be here in 10 years. Not a single person, and I put the challenge out multiple times, has given a 10 year case.

Yes, there will be a spike in price. Yeah. We all got that. It's not esoteric and you're not brilliant for making a known play. DeepFuckingValue is brilliant because he saw it when it was $4. You at $16 are just riding an obvious conclusion.

>Stop being a 🌈🐻. Just buy shares and take the free money you autist.

Straddle. You buy the long calls and make the spike and then long puts and make the drop. I don't think it'll hold and honestly I have yet to have anyone tell me why GME will hold past the spike.

Stop being an idiot. Make money both ways.",1609625287,ghv9uxw,False,t3_kp4h04,t1_ghv89tt,0
RocPileUpInThisMa,If that retard invest in GME fds then yea more like 2000%,1609625158,ghv9lzd,False,t3_kp6c0a,t3_kp6c0a,1
F1remind,You know what's funny? IBKR has a ticker for any news regarding any given stock and classifies these news as positive or negative. This article was rated as positive news for GME I shit you not.,1609625137,ghv9kip,False,t3_kohoi8,t1_ghra3hj,3
Lazybopazy,"You can't ban talk about a specific instrument because thats manipulating the investing habits of denizens. You could argue all posts are manipulative to some degree and it's an easy argument to make but then you'd have to ban all posts about everything if you were worried about that side of things.

It's interesting because this sub was so obsessed with Tesla for a good while and then people just stopped caring...and Tesla kept going up. With the meme stocks it's really hard to tell what's going on and when people will lose interest. I think GME is even more difficult to time because people (generally) hold shares and not options so there's a lot more diamond handing going on. Honestly it'll be hyped every time the price moves 5% (either way) until it either collapses or rockets. If that's annoying to you maybe stop frequenting this sub.",1609625083,ghv9gu6,False,t3_kp64bq,t3_kp64bq,2
Staien,"GME to the moon, whether you like it or not🚀🚀🚀",1609624984,ghv99yy,False,t3_kp64bq,t3_kp64bq,5
its_Tow,"The sad part is, a lot of us would welcome dissenting INFORMATIVE posts, but there's no middle ground on this one, unfortunately.   I've yet to see a decent counter argument.  There's been a few really good, true DD posts, weeks/months ago on GME, and not a single, articulate counter... that I've been able to find.",1609624952,ghv97si,False,t3_kow6gs,t1_ghui67f,11
Storiaron,"But we could make the rules of posting about gme more strict. Like, unless it's serious DD or news, then stfu. 

I've seen was too many idiots predicting the short squeez with specific dates by now, and all of them were wrong so far. Your usual toiletpaper hand fammot can only bear so many false dates before selling",1609624934,ghv96jn,False,t3_kp64bq,t1_ghv598a,2
CEO_OF_SPY,"It really comes down to what they say in this damn conference. I think if they have an ambitious view of the future even if it might be far fetched it would put GME on her radar (assuming it already isn't). My hope is they attempt to create a competitor for Twitch, that would immediately scare the FUCK out of any short holders",1609624931,ghv96cs,False,t3_kp4h04,t3_kp4h04,7
Neat_Spread_6969,"Thats not good for GME, those two people squeezing VW knew to hold and had actual diamond hands, which is what caused the stock to go so high. People here sell at the slightest loss/gain.",1609624924,ghv95sf,False,t3_kp4bfy,t1_ghuuo1w,41
[deleted],I double my portfolio in 2 months with GME... Gonna hold cuz it looks like were gonna double up again in 21',1609624913,ghv950h,False,t3_koiz6w,t1_ghv6x28,2
billwaters,But that extra money can go into GME and PLTR fractional shares each month,1609624905,ghv94gs,False,t3_koiz6w,t1_ghv84g9,1
billwaters,12 dollars more that can go into GME and PLTR fractional shares each month,1609624884,ghv9304,False,t3_koiz6w,t1_ghv7rvo,1
CPTHubbard,"Yeah, Cohen is our backstop here. And him buying at 16 should give us all a lot of comfort. But do not underestimate the folks on the other side of this trade. They are going to do everything they can to get out of this alive. Know you have a very large position, so you already have balls, but just remember that there ain’t no such thing as easy money. Patience and balls of steel here should be rewarded because GME is not going bankrupt and Cohen is coming for this thing.",1609624865,ghv91q2,True,t3_knvgd1,t1_ghv4fy9,2
SexySPACsMan,Yolo it on GME and retire in 3 months,1609624843,ghv904z,False,t3_koiz6w,t1_ghv8ww9,0
ddroukas,^(GME 🚀),1609624773,ghv8v45,False,t3_kp64bq,t1_ghv7sn9,5
JahAkaYungDaggerDick,"Hey fuck you , gme to the moon🌖🚀😈💦",1609624695,ghv8plf,False,t3_kp64bq,t3_kp64bq,4
BrainsNotBrawndo,"Some Cliff Notes for those just joining the GME story, not familiar with the films, or have been living in a cave for the last few months:

* 0:06 Ryan Cohen activist shareholder volunteers from the crowd of investors.
* 0:20 #WeWantCohen is the hashtag on Twitter for people who want Ryan on the board.
* 0:24 Cohen takes 9% stake.
* 0:37 Cohen unfurls a 13% stake, keeping all the shareholders under his wing. Partly good business, partially seen as a way to mock CEO Sherman for trying to dilute his stake by threatening a shelf offering to just go buy more.
* 0:48 Redditor DeepF\*\*\*ingValue has a few million stake as a long time holder. He lately announced his alter ego as RoaringKitty on Twitter, hence the cat.
* 0:55 Dr. Supercuts, who doesn't wear shoes is a callback to 'The Big Short'. Dr. Burry is a stakeholder in GME. This video features his shoeless feet and a bad haircut.
* 1:00 Dark pool liquidity: There is suspicion of some dark pool capital changing hands for large short positions off-market to try to exit their wrong bet.
* 1:08 Ryan Cohen takes his critics to task on Twitter, with this weeks mocking 'Buyer beware' tweet next to a video of their criticism. Hence a 'Beware of this' as he slays an eyeless ghoul.
* 1:22 Melvin Capital is one of the large short positions against GME.
* 1:38 CEO Sherman announced a possible small share dilution which had whiffs of a poison pill to try to fend off activism. In the films, the villain Snow drinks a bit of poison from the same bottle to show its safety, so that people he gives a glass of poison drink their whole glass. This gives Snow bleeding from mouth sores caused by the poison.
* 1:41 Takeover plan: Ryan Cohen has spelled out a path to profitability, taken on the services of a takeover lawyer, said a board seat isn't good enough for him, and he will do whatever it takes to protect shareholder value.
* 1:50 By shooting a rocketship arrow through the artificial share price ceiling, the moon is revealed and price heads there.

Edit typo.",1609624539,ghv8esq,True,t3_kozbd7,t3_kozbd7,13
__TheBookofEli__,"Show us some naked call sales then if you’re so confident. Put up or shut up otherwise YoU’rE jUsT a BiG 🌈🐻 

One of the most successful millennial tech entrepreneurs, a billionaire that built in the pet vertical an almost identical eCommerce model for how GME is being envisioned, has bet hundreds of millions he can do it again. Collectively WSB has also put up easily ~$10mm+, much of which is already bigly green. Some of the largest asset managers (JPMAM, WFAM) and pods at major MM hedge funds (Millennium, P72) have anywhere from 2x-13x their long positions from Q2-Q3 2020 according to filings. Either all of these people are retarded (minus the WSBers because we know they are) or you’re just too bought into the bear thesis that’s been parroted for years to recognize when you’re wrong. Stop being a 🌈🐻. Just buy shares and take the free money you stubborn autist.",1609624469,ghv89tt,False,t3_kp4h04,t1_ghv53r7,2
AndyThe4th,Are we honestly faithful in GME or is it just a propped up meme..?,1609624353,ghv81o3,False,t3_koiz6w,t3_koiz6w,-8
thelundyy,I think 50% in GME and 50% in PLTR are gonna be my moves for the next many weeks or even months,1609624319,ghv7zaa,False,t3_koiz6w,t3_koiz6w,2
YasuoAndGenji,"But neither are realistic options for them, epic tried that and bled money for a while and they didnt overtake steam, and yes dev's might flock to it but that would mean they would need to have a pretty hefty chunk of money they are willing to throw away to devs hoping that in the meantime they can overtake steam which would take months if not years and I just dont think gme has that kind of money to waste, yes they closed stores but it was incredibly late those stores were bleeding money for years beforehand, and that is just touching one of its competitors not the lengthy list of others it has against it.",1609624230,ghv7t5h,False,t3_komlf9,t1_ght2brc,2
Laughingboy14,"Agreed. It doesn't make sense to ban GME cos it does kinda damage those already with shares.

However, we could all tone down our GME obsession (me included).

GME 🚀🚀🚀",1609624223,ghv7sn9,False,t3_kp64bq,t1_ghv598a,7
brokenblind,"This post will be on a historical level like the Edward Macaroni Fork post. Redditors will make their annual pilgrimage to this post to pay homage and give their award. “Grandpa, what were your positions on that day?” “Balls deep in GME and PLTR” I say as the sun rises on the Mars colony WSB retirement home.",1609624160,ghv7o7q,False,t3_knh99p,t3_knh99p,3
51n_gaming,Could and buy more GME 🚀🚀,1609718117,gi0ew4l,False,t3_kprd1c,t1_gi093hp,2
GucciManeSprayTan,"Late to the party, even though it’s been on my radar since $9, but I would like to announce I will be joining team GME tomorrow and begin accumulating shares and options for the year long party, that I’m hoping will begin in the Spring. I am humbled to join and look forward to the sharing of tendies and happiness with you all.",1609717914,gi0egfq,False,t3_kpsy0b,t3_kpsy0b,8
laplaciandaemon,"I would imagine that if you didn't have a bot scraping everything coming in on new (or taking screenshots of posts) and seeing what got removed that it would be tough to tell. I'm more skeptical all the time of what goes on in here.

My counter-argument would be that just about everyone has had ample time to put a position on for GME. Either you're just FOMO'ing more money in or it's payday and you're adding to your existing position.",1609717567,gi0dpmi,False,t3_kpkd97,t1_ghzf3ty,1
iTradeStalks,I can’t wait for GME to tank,1609717453,gi0dgsy,False,t3_kpsy0b,t1_gi0ctqe,-4
hellodwightschrute,"Monday: Bulk buy TENX, slow buy BBBY, GME
Tuesday: Sell TENX, bulk buy BBBY, GME
Wednesday: Slow buy IPOC, PLTR",1609717379,gi0db4l,False,t3_kpsy0b,t3_kpsy0b,2
redcedar53,I predict GME $25 by Jan 20.,1609717258,gi0d1u3,False,t3_kpsy0b,t3_kpsy0b,5
skwizbags,Ok I’m sold. All in on GME tomorrow!,1609716903,gi0care,False,t3_kpuh2u,t3_kpuh2u,27
Sumisto,"This is it right here. 

The reason why everything has changed.

The visual representation as to why the collective boomer market is progressively sweating more and more gallons of bullets each day, knowing things will never be the same.

And I couldn’t be more proud.

💎GME

💎WSB",1609716887,gi0c9k3,False,t3_kpuh2u,t3_kpuh2u,47
iTradeStalks,">WSB is bearish on BABA

BABA gonna moon tomorrow

>WSB bullish on GME

GME red tomorrow",1609716732,gi0bxgu,False,t3_kpsy0b,t3_kpsy0b,10
dameMillardLaniac,"What a stupid gme rumor 🤭

Bulls r fuk",1609716667,gi0bsgp,False,t3_kpsy0b,t3_kpsy0b,-3
CallinCthulhu,"What the fuck you doing then.

Buy 50k worth of GME first thing tomorrow",1609716578,gi0blsh,False,t3_kprwen,t1_gi0be7q,1
HusarzKrolowiec,"Hey guys, which stocks is WSB obsessed with right now? GME, PLTR.. anything else? TSLA as usual? PTON? NIO?",1609716561,gi0bkj6,False,t3_kpsy0b,t3_kpsy0b,1
pmocxxxxios,"If you think the future of e-commerce is GME, u r retarded or in a time machine. Make money on it. That’s great. I have too. But the company is trash. U do get that, right? Or do u also think hertz has a bright future too?",1609716442,gi0bbj2,False,t3_kpsy0b,t1_gi04sa6,1
idragmazda, Buying more GME while price is low,1609716441,gi0bbf5,False,t3_kpsy0b,t3_kpsy0b,4
ThePoorProdigy,Bagholding GME again,1609716430,gi0bakp,False,t3_kpsy0b,t3_kpsy0b,-2
NervousTumbleweed,The reality is that people had ridiculous claims of potential $1000 price targets for GME dangled in front of their faces and they bit on a theory they don't understand because of FOMO.,1609716416,gi0b9gn,False,t3_kptxst,t1_gi0b0pz,2
[deleted],Just sell ATM gme put FDs,1609716129,gi0an59,False,t3_kpsy0b,t1_gi09sbe,0
fieryskyes,"Holy shit. This is basically a GME DD. 🚀🚀🙏😱

Fuckin lost it at ""r/dividends $1/mo dafuqq did I just see?""

Let's go. GME 🚀🚀🙏😱😳 #WeWantCohen #MelvinIsFucked",1609715811,gi09yzy,False,t3_kpuh2u,t3_kpuh2u,101
Sushi__Slinger,I just barely mistimed this. Cashed out some B T C in early November to join the GME play and missed this recent run up. Big sad. That being said... GME TO THE MOON 🚀🚀🚀🚀🚀🚀🚀🌕🌕🌕🌕,1609715762,gi09v7c,False,t3_kps5bb,t1_gi00a2r,30
GuacinmyPaintbox,"I'd say grab a sleeping bag, get cozy in the tunnel, and just wait for the GME train to plow you down. My plan, at least...",1609715666,gi09nzj,False,t3_kpsy0b,t1_gi02pri,1
LN-beanzo,"Good trades, but not 10 baggers. ten baggers = 1000% movement

Max movement scenario for those tickers in 2018:

GE: 62% move to the downside.

GME: 25% move to the downside.

I don't play options, but 62% is much less than 1000%. Would 1000% prefer to discontinue this discussion.",1609715642,gi09m7t,True,t3_kpsyz8,t1_gi08nut,2
JonBoy82,"RIOT, PLTR, GME shares with AAL Leaps",1609715592,gi09idk,False,t3_kpsy0b,t3_kpsy0b,8
idragmazda,"Thanks for good DD. Will be moving a few more k into my GME long position tomorrow. 

Lots of catalysts coming up for the company, and anyone can speculate on the upside potential (2-10x) but it seems like downside is limited in this thing. 

GME 🚀🚀🚀",1609715583,gi09hpa,False,t3_kps5bb,t3_kps5bb,4
rockandrollricky,IMO you can't outsource tech design and engineering. I think the current mgmt is doing a commednable job on the turnaround but GME will never reach its potential until complete overhaul happens.,1609715521,gi09d0m,False,t3_kpu8ge,t1_gi06y7z,5
Ticktocklocke,The second panel just says GME🚀 to me...,1609715464,gi098mr,False,t3_kprwen,t3_kprwen,1
OverpricedBagel,not wasting money on my family that’s less money for GME shares and if my parents truly loved me they’d do the right thing and give me my inheritance early for more GME shares,1609715424,gi095hm,False,t3_kpvedg,t3_kpvedg,4
[deleted],GME is like the ultimate practice app for DD.,1609715329,gi08y9i,False,t3_kps5bb,t3_kps5bb,15
a_few_benjamins,">they just need a semi competent dev to come in and force their current favorite frameworks on the company.

This tends to not work. What they need is a strong team of dev leads that can identify the correct software guardrails to invest in + project management/prioritization skills. This is the only way to take subpar dev talent and ship a successful product. It's less about the actual ""tech"" being used.

The product side of GME is less interesting. You're right, it's just ecommerce.",1609715273,gi08u3m,False,t3_kpu8ge,t1_gi038yb,8
[deleted],"GE.

And for that matter: GME.",1609715192,gi08nut,False,t3_kpsyz8,t1_gi04wmd,1
SPYGambler,"tldr

GME 🚀 🚀 🚀 🚀 🚀 🚀 🚀 🚀 🚀 🚀 🚀 🚀 🚀 🚀 🚀 🚀 🚀 🚀",1609715123,gi08isb,False,t3_kps5bb,t3_kps5bb,12
wienerthezon,"Just remember, the only future that matters is the future of GME. GME $100 1/15/21",1609715122,gi08ipp,False,t3_kpsy0b,t3_kpsy0b,1
eddardbeer,"Oh hm, yeah, let me see what software engineers \*at gamestop\* make on [levels.fyi](https://levels.fyi)

\>  But also, why would GME need a 350k dev to build a shitty ecommerce site?

I don't want them to build a shitty ecommerce site. Would much prefer an amazing one. And maybe an amazing steam competitor.

edit: someone else mentioned a trading platform for gamers.",1609715058,gi08e2l,True,t3_kpu8ge,t1_gi06fbu,2
bonejohnson8,"She said all I talked about was the GME short squeeze and that she was fucking guys on the side, which I APPROVED OF. What I didn't approve of was how she fell in love with Tyrone. She kicked me out and now Tyrone is moving in and I'm not even allowed to watch anymore.",1609715002,gi08a1i,False,t3_kpsy0b,t1_gi07vsn,0
Fordperfect90,Bought ostk instead of gme eod Friday because I'm an idiot.,1609714798,gi07urs,False,t3_kpsy0b,t3_kpsy0b,2
Hogman85,Absolutely incredible GME 🚀🚀🚀for sure,1609714696,gi07nfn,False,t3_kpuh2u,t3_kpuh2u,19
donkey199,"Right now 75% GME shares and leaps and 25% MT June calls

New year new goals feel like I’m gonna 3x this month. May all the memes bring us riches!",1609714365,gi06ylk,False,t3_kpsy0b,t3_kpsy0b,2
[deleted],"Jesus Christ I wish I could read. 

GME 🚀🚀🚀🚀 PSTH 🚀🚀🚀🚀",1609714360,gi06y67,False,t3_kpu9z2,t3_kpu9z2,37
powahTEN,this is why i’m here.  this is why i’m on WSB. this is why i own 15K shares of GME.  this video opened my eyes.  #GMEgang 💎👊🏻,1609714255,gi06q8k,False,t3_kpuh2u,t3_kpuh2u,178
throwawayaccountdown,"> what kinda game you got.

GME 40c 01/15 good enough you think?",1609714253,gi06q27,False,t3_koiz6w,t1_gi030cl,3
MetalVyse,"Excellent work bro! Can't wait to post the pdf next time ppl in other subs are all - SO WhAtS thE biG DEAl w GME? Isnt it the next blockbuster hurrdurr?

Real nice to have a comprehensive guide to link. I hope you keep adding to it and updating!!",1609714188,gi06l43,False,t3_kps5bb,t3_kps5bb,18
CivBEWasPrettyBad,"You claim to be a software engineer but you use glassdoor for TC? Link to a blind thread at the very least.

But also, why would GME need a 350k dev to build a shitty ecommerce site?",1609714111,gi06fbu,False,t3_kpu8ge,t3_kpu8ge,0
TheComradeVlad,"Crackhead dancing + Madison Ave = buy GME

The real DD is always in the comments.",1609713933,gi061tj,False,t3_kpsy0b,t1_ghzv27v,3
Ziberian,"GME is a longer term play, buy shares of that and wait for the squeeze. If you buy monthly calls u'll most likely end up bag holding.

NIO on the other hand... 🚀  🚀  🚀  🚀  🚀  🚀  🚀  🚀  🚀  🚀",1609713785,gi05qmb,False,t3_kpsy0b,t1_gi05dhv,0
gardeeon,"Looking back at us, we were nothing more than just a bunch of rebels who made it big. Uberkikz went off to live his dream out as Vice President of GME, owning 40% of shares, just under the 50% that RC owns. CptHubbard went back to his mansion on his private island to live his days in lavish luxury, DFV now owns a multitrillion dollar hedge fund, and me? Well... I died of a cocaine overdose shortly after the squeeze happened. We made it gang. Valhalla Awaits.",1609713660,gi05h8u,False,t3_kps5bb,t1_gi03fwd,151
onionboys,DO I ALL IN GME OR NIO FOR HOLDING LESS THAN A MONTH,1609713611,gi05dhv,False,t3_kpsy0b,t3_kpsy0b,-1
redcedar53,Is it just me or does GME (technically speaking) look like it’s about to break out?,1609713593,gi05c14,False,t3_kpsy0b,t3_kpsy0b,1
YoLO-Mage-007,"Good example of #wewantcohen and why the shares are taking off AFTER his interest in GME.

GME 🚀🚀🚀",1609713530,gi0577j,False,t3_kpu8ge,t3_kpu8ge,37
Puts_on_you,Use all your birthday money on gMe shares and you could become the next millionaire,1609713518,gi05677,False,t3_kps5bb,t1_ghzwwoz,24
MoneyDate3,Fast forward to 9:00 where they talk about how gaming industry is evolving. Doubt if it has anything remotely to do with GME.,1609713232,gi04ju7,False,t3_kp4h04,t3_kp4h04,1
BallsofSt33I,Just tell me whether I should buy more GME or PLTR or both?,1609713178,gi04fnl,False,t3_kpupaw,t3_kpupaw,3
Naked-In-Cornfield,Well if you're that good at handies I'll hit you up after GME prints.,1609713107,gi04a0z,False,t3_kprwen,t1_gi027ij,8
showipbgp,GME going to $10 by April,1609712981,gi040cl,False,t3_kps5bb,t3_kps5bb,-21
theodros1,"Everything you said is right. The bet is that Cohen knows this and with his stewardship, they will shift to e-commerce. Once Wallstreet sees that Cohen is driving the ship, they'll start giving GME that type of multiple regardless if engineers are in place or not.",1609712821,gi03nlq,False,t3_kpu8ge,t3_kpu8ge,99
Halizones,GME,1609712811,gi03mv7,False,t3_kpsy0b,t1_gi03eor,6
Yongmoolah,I’m so convinced this is happening I’m melancholic thinking of what happens to this beautiful GME Gang once this odyssey is over 😅,1609712720,gi03fwd,False,t3_kps5bb,t3_kps5bb,92
imposter22,"Papa Cohen gonna drop another 13D
Sherman out as CEO

Jack Ma making the new iPhone from his re-education camp. Tossing platinums at retards


🚀🚀GME🚀🚀

🚀🚀AAPL🚀🚀",1609712704,gi03epr,False,t3_kpsy0b,t3_kpsy0b,5
Mysterious_Emotion,"It's human nature. No matter how much you might have, you'll always want more. The trick is to learn to be happy with what we've accomplished and already have in hand, instead of looking for shortcuts and not compare ourselves to others. We're all in a totally different situation, we all have our own races to run and individual barriers to get past.

&#x200B;

With that said, YOLO ALL IN GME 30C 03/24  🚀  🚀  🚀  🚀  🚀  (/s)",1609712687,gi03dg8,False,t3_kprwen,t1_ghztgpc,30
showipbgp,GME Puts. April $10P,1609712585,gi0356d,False,t3_kpsy0b,t1_gi01qjl,2
rockandrollricky,"I agree with OP and came to this same conclusion. They are hiring like a boomer retail company and will never get any real talent until they have a complete mgmt makeover. Cohen needs to fire half the MBA's and bring in UX designers and SW engineers from real tech companies.  I'm all in on GME leaps though as I believe in RC think he will turn it into the AMZ of gaming once he's in charge.

(I'm an engineer w an MBA from top school)",1609712411,gi02s65,False,t3_kpu8ge,t3_kpu8ge,28
[deleted],GME duh,1609712214,gi02cmc,False,t3_kpsy0b,t1_gi01qjl,5
pedrollpalma,GME,1609712185,gi02ab2,False,t3_kpsy0b,t1_gi01qjl,6
GayPornEnthusiast,Hope gme goes up,1609711963,gi01tej,False,t3_kpsy0b,t3_kpsy0b,4
gurupaste,Been waiting for this 🚀🚀GME GANG🚀🚀,1609711901,gi01oo8,False,t3_kps5bb,t3_kps5bb,7
[deleted],"This is all bullshit.

1. Predictions work. This entire sub is dedicated to predicting. That's what ""due diligence"" is. The art of prediction is usually poorly understood; retail (and average people) handle prediction in two distinct ways:

Method 1: ""Obviously."" This is when something that *was not a given* occurs. For instance the fall of retail; someone obviously predicted and bet correct that retail would lose steam about 30 years ago and 30 years ago the general populace rolled their eyes. On the same turn even the posterchild of this sub at the moment, GME, was predicted some years ago to be worth far less and it turns out that the prediction *did hold* but we are geared up mentally to dismiss correct predictions and discard them as ""obvious outcomes"" that ""anyone could have come up with"".

Method 2: ""I told you so!"" The second mental hang-up occurs here where history proves people wrong. This is where the myth that prediction is a stupid thing comes from; the predictions that are overwhelmingly correct get ignored by and large and the ones that are wrong get pointed out! Again, GME, the prediction that it would head way down was not inaccurate; GME lost well over 90% of it's value at one point, but in this moment, from that approximate low, it is up 500%. Since we discard the ""old thesis"" no matter how correct for the current bet we of course are saying that the shorts are stupid (even though a short over the past 3 years would have paid handsomely and honestly if it is a 3 year old short they're still well within the green) and that we are right.

These two facts are pernicious. They lead people to make an error in judgment where current circumstances eclipse accurate outlooks and vice versa, dismissal of data that disagrees with personal outlook becomes the norm. In essence anyone who says predictions are shit doesn't know what a prediction is or the anatomy of such.

&#x200B;

1. ""Don't lose money"" said in way too many words.
2. The 80/20 rule does not apply well to market profits; it is closer to 99/1. In fact if it did this makes no sense because this writer states to ""do nothing and be ready"" but also states ""you don't know when"" and it turns out that no one knows when even when it happening. This only makes sense if you're indexing honestly.
3. This shit is stupid. Charts are what cause people to take tremendous risks and lose everything in a day. Discipline equates having a plan before the trade. When do you exit the trade? You decided that before you entered it. Those who don't are sitting staring at worthless day-to-day data which is usually equivalent to throwing away your money in a pit.
4. There are way too many academic papers that disagree.
5. This is a horrible idea unless you have a lot (II-type money) of cash. Most of the profits of any trade are in the initial stages of the trade; that means that your multiple is best at the start rather than towards the end. You are better off defining your risk size before, taking the trade, and letting it run than trying to ""time and size"" the trade. That's guaranteed to cause FOMO and erratic behavior esp if you're drooling over charts for ""discipline"".
6. The only true thing.

TLDR: It's all bullshit written for clicks.",1609711869,gi01m7o,False,t3_kptq63,t3_kptq63,1
[deleted],Go read gme DD n fomo,1609711800,gi01guw,False,t3_kpsy0b,t3_kpsy0b,5
joevsw0rld, ***GME GANG 💎🙌 🚀*** ***🚀*** ***🚀*** ***🚀*** ***🚀*** ***🚀*** ***🚀*** ***🚀*** ***🚀*** ***🚀*** ***🚀*** ***🚀*** ***🚀*** ***🚀*** ***🚀*** ***🚀***,1609711772,gi01ehr,False,t3_kps5bb,t3_kps5bb,18
stonkpicks,"I wouldn't mind if people spent the money on GME shares instead of platinum or golden fuckboys. But if I got an award, I'll buy the equivalent amount of GME in your honor",1609711537,gi00vxy,False,t3_kpsy0b,t3_kpsy0b,-3
alpha12242,Gme ???,1609711463,gi00qa2,False,t3_kppwiv,t3_kppwiv,-2
canadian-brasilian,"Put $10k in GME and $5K in PLTR 
Get a ring from the vending machine",1609711407,gi00lzj,False,t3_kpsy6q,t3_kpsy6q,1
JawnxWick,"Rule 4 to 50K EoW 

GME to $35 EOM 

Only move for tomorrow is to grab a few shares of GME and grab a 135c SBUX 1/21/22 Leap and stack this bread. 

This is our year Boys. Lets make every trading day count.",1609711328,gi00fvs,False,t3_kpsy0b,t3_kpsy0b,5
muggbeert,Good cuz my retarded ass fomo-bought shares at both their fucking peaks and i really want to invest that money into GME 🚀🚀🚀,1609711262,gi00aq0,False,t3_kpsy0b,t1_ghzzryg,1
TeenageTrader,Never forget he got up after that. Retard strength never fails. GME 🚀 🌙,1609711149,gi001yp,False,t3_kptxst,t3_kptxst,15
TheRisingBuffalo,"Love all the confirmation bias I’m surrounded by on this sub, GME 🚀🚀🚀

Only 150 @ 20.01 💎🙌🏻",1609711124,ghzzzz3,False,t3_kps5bb,t3_kps5bb,392
YoLO-Mage-007,"Great DD.

Here are a couple of ""what if"" scenarios that would go good in your DD

* Sherman ups his stake in the company
* The 2 hedge funds that currently have board seats up their stake
* Another player throws their hat in ring (with the tiny market cap, many buyout shops could easily make a run at GME)

GME 🚀🚀🚀 🛸🛸🛸",1609711116,ghzzzdw,False,t3_kps5bb,t3_kps5bb,121
Pandemonium123,"Less awards, more GME shares",1609711077,ghzzwbw,False,t3_kpsy0b,t3_kpsy0b,10
catdogfroglog,GME doesn't even give $12/year dividend. Ew,1609710942,ghzzlxh,False,t3_kpsy0b,t3_kpsy0b,3
bisnexu,Hold.my.pltr and gme,1609710928,ghzzkvw,False,t3_kpsy0b,t3_kpsy0b,2
UneSoggyCroissant,"Fake diamond, tell her it’s real and then yolo the other 15k into GME.",1609710720,ghzz4lw,False,t3_kpsy6q,t3_kpsy6q,1
zeitgeisterstunde,I know GME will take a few months to unfold it’s full potential but man that I hope RC bought on Friday and is going to 🚀🌕 us this week,1609710568,ghzysso,False,t3_kpsy0b,t3_kpsy0b,6
selfmadebro,What’s GME gang thinking pre market?,1609710290,ghzy73u,False,t3_kpsy0b,t3_kpsy0b,15
pdieff,I like it but the IV in all GME options (calls & puts) is too high.  At this point none of the options will reward you on the price direction it’s all based on the IV.   If the volatility in the options goes down (regardless puts or calls) you are gonna bleed out.  The only way to make money on that trade is for the IV to maintain or increase plus the stock also needs to fall a good amount.  Too much can go wrong and think you can find opportunities with better odds.,1609710082,ghzxqfk,False,t3_kpsy0b,t1_ghzw1hd,1
khdo1992,"25k ring, Is she a model? Only spend 10% of ur salary on engagement ring. But I would recommend u to spend that 25k on a GME and buy her a 25 dollar fugazi engagement ring and it looks the same",1609709936,ghzxf2p,False,t3_kpsy6q,t3_kpsy6q,1
whale_random,Not if it is GME,1609709611,ghzwpjg,False,t3_kpsy0b,t1_ghzv7yf,1
SyanWilmont,Spam GME until they either block you or buy GME. Win win!,1609709583,ghzwnf4,False,t3_kpsy0b,t1_ghztblw,1
gammaradiation2,"What some retards will pay for some optically clear carbon... (yes I am aware it is a relatively rare allotrope but not so rare, in demand, or even interesting as to command current pricing or call it an investment). 

If she is a diamond girl, go lab. Tell no one. No one will know or care except you and the shady dealer you bought it from. 

If she actually loves you and is highly unlikely to get a boyfriend no matter how many OTM GME calls you buy get her a different stone. If you are just itching to spend money on a ring buy a Palladium or Osmium band.",1609709450,ghzwd6i,False,t3_kpsy6q,t3_kpsy6q,3
CanadianPinup,GME hitting 15 or 25 this week?,1609709330,ghzw3ok,False,t3_kpsy0b,t3_kpsy0b,45
Brieftasche,"Every GME DD on this sub: buy shares

This retard:",1609709313,ghzw2aj,False,t3_kpt1gx,t3_kpt1gx,4
nested_dreams,Bullish on GME puts!,1609709223,ghzvv9k,False,t3_kpsy0b,t3_kpsy0b,-6
calmsquash515,"You're right, so GME then?",1609709182,ghzvs3e,True,t3_kpsy6q,t1_ghzvjr2,1
JezusBakersfield,Ima join you tomorrow on some calls in GME. Sorry for adding to your loss.,1609709152,ghzvptt,False,t3_kpsy0b,t1_ghzss2h,1
RocPileUpInThisMa,GME to the Moooooon new thread new year new squeeeeeze 🚀🚀🚀🚀🚀🚀🚀🚀 Papa Cohen show me the tendiesssss,1609709096,ghzvljp,False,t3_kpsy0b,t3_kpsy0b,8
smkcrckHLSTN,"Yesterday I was driving down Madison Ave in Manhattan and there was a homeless man in front of 535 Madison (Melvin Capital) and he was dancing around. Pretty sure he just smoked crack. 

Super bullish
$GME 🚀🚀🚀🚀📈📈📈📈",1609708850,ghzv27v,False,t3_kpsy0b,t3_kpsy0b,163
JezusBakersfield,"Actually just saw GME last week, buying dem calls + PLTR.",1609708704,ghzuqcf,False,t3_kpsy0b,t3_kpsy0b,8
benttwig33,Tossing my stimmy into the GME blender,1609708601,ghzui2d,False,t3_kpsy0b,t3_kpsy0b,3
Tr0311,"GME is going to shit this week regardless of WSB. It’s been pumped, this week it will be dumped",1609708493,ghzu97v,False,t3_kpgcjp,t3_kpgcjp,-5
basatosaw,"Just gonna 💎🖐️ my AAPL, GME and CRSR calls. Any good Yolo weekly tips?",1609708466,ghzu6wz,False,t3_kpsy0b,t3_kpsy0b,2
phmzr,"G H I V   
GME  
PSTH",1609708439,ghzu4px,False,t3_kpsy0b,t3_kpsy0b,11
wheresmyshwarma,"🚀 🚀 🚀 🚀🚀 🚀🚀 🚀 🚀 🚀🚀 🚀🚀 
🌎 🌏 🌐🌍 🌎 🌏 🌍 🌎 🌏  🌍 🌎 🌏 
🌙 🌔 🌖 🌛 🌜 🌕 🌙 🌔 🌖 🌛 🌜 🌕
🪐🪐🪐🪐🪐🪐🪐🪐🪐🪐🪐🪐🪐🪐
🛰🛰🛰🛰🛰🛰🛰🛰🛰🛰🛰🛰🛰🛰
🌌🌌🌌🌌🌌🌌🌌🌌🌌🌌🌌🌌🌌🌌🚀 👩‍🚀 👨‍🚀 🚀 👩‍🚀 

*$PLTR  $GME   $TSLA    $NIO*",1609708421,ghzu34l,False,t3_kpsy0b,t3_kpsy0b,163
AJnewbie,this guy is retard lol. He said no one buys lmfao. Is holiday POS. There are no volumes. You idiot. Fucking 3 month old little bear. Grow up. Then I can come fuck with GME gang. Now just go to you daddy’s,1609708284,ghzts08,False,t3_kpcqqd,t1_ghzfgrw,3
Pduhl,How about you be a man and buy her what she really wants......  GME shares.,1609707864,ghzstuz,False,t3_kpsy6q,t3_kpsy6q,43
smkcrckHLSTN,Does this possibly implicate GME in fraud or the market makers? Im kinda confused on how the illegality of naked shorts work,1609804677,gi4h5os,False,t3_kqf2g8,t3_kqf2g8,12
NastyNade,Tesla had a market to grow into. GME is coming out of a dying market and looking for forge a new one. The reality of which is VERY unclear. What purpose will GME serve in the future? If you think it’s going to “be the steam for consoles” you’re wrong. That’s rhetoric by people out of touch with gaming IMO.,1609804668,gi4h53m,False,t3_kqiek3,t1_gi4g5va,29
VisualMod,"I'm a bot. Recent empty self posts, noob questions, and spam which people were temp-banned for. Bans are 1-2 days to discourage posts that ought to be comments.

User|Post Title
:--|:--
/u/neutral_red|[Weedmaps SSPK](https://redd.it/kqknzf)
/u/TrailerParkBoysss|[$BNGO](https://redd.it/kqko3t)
/u/krab_rave|[I went all in GME can an autist reassure me the shorters won't take my life savings](https://redd.it/kqkpmb)
/u/Duckfine|[To go from a thousand to a mail is equally easy as getting 1 to 1000](https://redd.it/kqkrlc)
/u/lonergan-oj|[New Blog Post Coming Today!!!](https://redd.it/kqky44)
/u/Archon-immortal|[ARK bought 123,550 more shares of $OPEN today.](https://redd.it/kql2oo)
/u/btcfsl|[Cramer GOEV Pump! 🚀](https://redd.it/kql60x)
/u/wolfg420|[Ghiv](https://redd.it/kql8tz)
/u/sanw4995|[I’d rather have not bought these then have the fomo of not having bought more...](https://redd.it/kqla8u)
/u/Pretend_Kangaroo_694|[GEVO anyone? 🚀🚀🚀](https://redd.it/kqlheg)",1609804589,gi4gzju,False,t3_kqhtg5,t3_kqhtg5,2
RocPileUpInThisMa,Jack Ma smuggled a few billion to the US and is planning to join Ryan Cohen in a GME takeover he will rise from the dead and turn GME into the BABA of gaming everyone comes out rich case closed 🚀🚀🚀🚀🚀🚀🚀,1609804289,gi4gejl,False,t3_kqhtg5,t3_kqhtg5,6
RocPileUpInThisMa,We need one of these for GME but something tells me we won’t have a basis for anything when we all have lambos from the squeezening or takeover,1609804196,gi4g822,False,t3_kqhtg5,t1_gi4g0m7,2
ShitFeeder,"Tsla was also a meme almost bankrupt. People used to think no market for ev’s.
Gme also a meme but not even close to bankruptcy. People think gme = brick and mortar (omnichannel now) = blockbuster.",1609804164,gi4g5va,False,t3_kqiek3,t1_gi47stz,-3
im_priced_in,Tomorrow jack ma spotted in a Nio car on his way to GME,1609804009,gi4fuxj,False,t3_kqhtg5,t3_kqhtg5,8
bodypillow123,"huh, i thought RC's big push was to digitize delivery... make GME more like CHWY??? how much can GME make on used games? a lot of money but not like tech company valuation levels of money. they've been doing used games for ages, that's their schtick, i think everyone knows and understands it. GME won't go bankrupt but it probably won't be the next CHWY",1609803965,gi4frvg,False,t3_kqe1dw,t1_gi4f2dw,1
quantkim,GME BTFD,1609803923,gi4fovs,False,t3_kqhtg5,t3_kqhtg5,3
yolo_howla,"Melvin initial thesis was very sound. Long e-commerce and short brick and mortar stores 

They were greedy as hell and in the end this will cost them. This pandemic has shown there is a place for brick and mortar especially when e-commerce is burden. This also made brick and mortar stores to expand there e-commerce also which helps bbby and gme hopefully if cohen takes over. 

They could have come out on top with gme and bby at $3 per share.",1609803694,gi4f8sn,False,t3_kqgxzm,t1_gi4epb5,2
TheLeMonkey,"You think I'm stupid enough to fall for ""GME legendary short squeeze?"" 🤡


I was speaking on the behalf of GME gang who aren't replying as they are busy getting 👌👈",1609803693,gi4f8qo,False,t3_kq6j3j,t1_gi4bxd9,2
Jrie0,“But muh squeeze uhhh buy GME pls my calls are dying” 😂,1609803518,gi4ewa6,False,t3_kqhtg5,t1_gi4erel,3
trxshgxmr,I just hopped on this sub and realized my GME grab from pure nostalgia might’ve landed me a beautiful opportunity,1609803486,gi4etz2,False,t3_kq8fyg,t3_kq8fyg,1
RocPileUpInThisMa,Lol Melvin really is a rare breed of retard I’m curious how significant their GME and BBBY losses are,1609803420,gi4epb5,False,t3_kqgxzm,t3_kqgxzm,5
Fenrir324,"It's the beginning of the 1st quarter man, historically it's the lowest part of the year on average. I think GME will get some momentum personally. As long as it's above $16.20 (RC's buy-in) you should be pretty good, I'd just say hold and pray, I don't know if there is a way to minimize your loss without maximizing your risk at this point. That's the risk of options trading",1609803144,gi4e5ke,False,t3_kq8fyg,t3_kq8fyg,1
showipbgp,"GME is fucking trash, shut up",1609802854,gi4dkrj,False,t3_kqh2wy,t1_gi3r3rq,2
Offduty_shill,"Sold my GME after going to one to buy a controller, none in stock, only a shitty used one that ended up not actually working. Checkout people take 10 million years to do anything in an empty store, presumably because their inventory system is garbage. Only people there are Mexican parents. Probably one of shittiest retail experiences in any store I've had in a while.

Went to Best buy after and got one, in and out within minutes compared to the 40 minutes in line I spent at GME.",1609802847,gi4dk7x,False,t3_kqakc5,t1_gi2nulz,-2
Jrie0,If you sold GME after one red day expecting it to moon when in reality a short squeeze isn’t guaranteed i don’t know what to tell you lol,1609802841,gi4djtv,False,t3_kqhtg5,t3_kqhtg5,7
[deleted],not enough GME DDs imo,1609802509,gi4cw9q,False,t3_kqhtg5,t1_gi4cpxn,1
epicoliver3,BUY THE GME DIP,1609802367,gi4clyi,False,t3_kqhtg5,t3_kqhtg5,5
FistEnergy,"we just need another 48 hours of Red GME, and we'll get some of the most hilarious content in WSB history

Today it's already getting desperate and funny

🍿🍿🍿",1609802358,gi4clae,False,t3_kqhtg5,t3_kqhtg5,3
confusedp,What happened to $GME bro's?,1609802354,gi4ckzc,False,t3_kqhtg5,t3_kqhtg5,3
Boryuha,So the guys you all sucked off with upvotes and awards that had 6figure gains from CRSR and GME shares ? They in the wrong sub too?,1609802224,gi4cbpb,False,t3_kq6j3j,t1_gi49ak4,1
Jrie0,Thanks for buying my calls today GME gang. It’ll moon eventually but until then keep buying my calls lmao,1609802028,gi4bxkd,False,t3_kqhtg5,t3_kqhtg5,0
Nelz16,When is GME taking off? I was promised a rocket ship ride.,1609801947,gi4bror,False,t3_kqhtg5,t3_kqhtg5,0
Lunatic_Jiggles,Already had sold stupid overpriced apr 21 35c before reading this.  i felt smart... then i remembered im still down overall on GME.,1609801907,gi4bow7,False,t3_kqi8e8,t3_kqi8e8,2
Wisesize,that's on them. everyone knew Q3 @ GME was going to be dog shit. Fingers crossed BBBY blows out the Q like last time. I need this so I can reinvest in everything else getting pumped on here.,1609801878,gi4bmtl,False,t3_kqgxzm,t1_gi3rofv,4
gratitudeisbs,I feel like this is a much safer and better risk/reward play than GME but that’s just my opinion of course,1609801843,gi4bk9g,True,t3_kqi4z4,t1_gi49rvs,3
jhonchaos,Who ever bought 500k shares of gme today just killed an entire town of 🌈 🐻. 1/8 20c baby!!!!!!!🚀🚀🚀🚀🚀🚀,1609801826,gi4biyt,False,t3_kqj6uk,t3_kqj6uk,18
lenin_is_young,"Lol all these similar reviews created 1-2 weeks ago. Suspicious af. Also, I don’t think anybody outside of gme gang will ever read it",1609801783,gi4bfvq,False,t3_kqj6uk,t1_gi49k3n,24
coldiron03,"GME puts printing, thanks for buying my GME calls as well. All that meming and simping, just to give your money over to theta gang. You even thanked us as you bought our calls.",1609801711,gi4bamb,False,t3_kqhtg5,t3_kqhtg5,0
Jack-Skinne,"Got my father into WSB and also convinced him to buy 5,000 shares of $GME",1609801685,gi4b8qc,False,t3_kqhtg5,t3_kqhtg5,6
TheEntertain,"Genuine question: why don't I see ""Statens pensjonsfond Utland"" on [Morningstar](https://www.morningstar.com/stocks/xnys/gme/ownership) or [Yahoo Finance](https://finance.yahoo.com/quote/GME/holders?p=GME)? I see them listed on GME's IR website, but not on other websites.",1609801683,gi4b8m1,False,t3_kqcwdo,t3_kqcwdo,2
VisualMod,"I'm a bot. Recent empty self posts, noob questions, and spam which people were temp-banned for. Bans are 1-2 days to discourage posts that ought to be comments.

User|Post Title
:--|:--
/u/quickhandstan|[BNGO](https://redd.it/kqjouz)
/u/drhalxx|[GIVE $600 TO US AND IT'S LOST IN $GME WEEKLIES](https://redd.it/kqjyj7)
/u/porky754|[Where can I invest rn for easy money?](https://redd.it/kqk1fd)
/u/BestusEstus|[Autism level low, help me](https://redd.it/kqk2v3)
/u/Bscrob|[BBBY - 700k in calls purchased AT A PREMIUM before earnings 🚀](https://redd.it/kqk40q)
/u/aewallinorallout|[Palantir outstanding shares Problem](https://redd.it/kqk4ra)
/u/psom92|[Robinhood - not available in PT](https://redd.it/kqka53)
/u/Rich_at_25|[Will PLTR see a fucking green day ever again? Its literally been red days on red days for a week. Fuck this trash stock. Coming over from NIO of all stocks is really just putting salt in the wound.](https://redd.it/kqke56)
/u/pumpkinparty000|[Option Purchases Over 100K 12/23 - 12-31](https://redd.it/kqkepd)
/u/Lurkadurkydoo|[Thoughts on long calls on airlines?](https://redd.it/kqkgr7)",1609801564,gi4b020,False,t3_kqhtg5,t3_kqhtg5,3
I_lost_the_GME,Diversify those GME shares 💎🙌🏼,1609801556,gi4azhz,True,t3_kqcwdo,t1_gi4av6g,2
spagalun,fair value of gme is 22 to 37 dollars. buy the dip.,1609801527,gi4axd5,False,t3_kq76g7,t3_kq76g7,3
Powerful_Finger3896,"you mean GME market cap will be 1tril by 2023, Ryan Cohen will be the most important bilionaire at the World Economic Forum meeting in Davos",1609801216,gi4aase,False,t3_kqc0c7,t1_gi3wlp2,47
Sandvicheater,Can Ryan cohen wine and dine me  because I like that before I get GME fucked,1609801023,gi49x0v,False,t3_kqhtg5,t3_kqhtg5,11
[deleted],Bro... just get into GME... today was your chance...,1609800952,gi49rvs,False,t3_kqi4z4,t1_gi46r5e,3
stevenconrad,"I'm expecting to see GME go sideways between $16-$20 for another month or until Cohen's new role becomes more than speculations. Once he solidifies GMEs new direction, bears r f'kd.",1609800925,gi49pyj,False,t3_kqhtg5,t1_gi48vad,3
LorenzOhhhh,this sub is literally just the same GME post every day. we get it. smart man has stake in GME. GME might go up. Short squeeze. nice!,1609800903,gi49obc,False,t3_kqe1dw,t3_kqe1dw,7
AkaSoul1,should I go GME or Square?,1609800899,gi49o03,False,t3_kqhtg5,t1_gi49l2k,2
AllProWomenRespecter,"Republicans are not motivated to vote and there are even boycott efforts (more retarded than GME calls), on the contrary Dems are extremely motivated.

There's a reason the betting lines have been moving far in the Dems favor over the last week.",1609800857,gi49l17,False,t3_kqhtg5,t1_gi492n9,1
AkaSoul1,I want to get in into GME but I don't get it. What s driving the price up?,1609800857,gi49l2k,False,t3_kqhtg5,t3_kqhtg5,6
gainsusmaximus,"I want two more red days, then i can get more GME",1609800834,gi49jd9,False,t3_kqhtg5,t3_kqhtg5,5
_sillycibin_,Someone please GameStop the bleeding...  from your anuses.  GME is just the cocksucker video of our time.,1609800726,gi49bop,False,t3_kqf2g8,t3_kqf2g8,-19
Double_Anybody,Just make sure your wife doesn’t run off with the kids when GME opens at -20% tomorrow,1609800684,gi498m0,False,t3_kqhtg5,t1_gi48vad,1
ChasingBurger,Can’t wait for all the paper hands to cry when GME continues on the moon mission,1609800546,gi48yp1,False,t3_kqhtg5,t3_kqhtg5,5
Double_Anybody,Glad I don’t hear from those GME tards anymore,1609800369,gi48lyi,False,t3_kqhtg5,t3_kqhtg5,-6
[deleted],">**GME King Ryan Cohen now follows PC Gamer and Geek Wire on Twitter**

Please tell me why this is relevant at all?

Just someone... please...

&#x200B;

>**GME King Ryan Cohen uninstalled Steam**

Oh, I see, that's why.",1609800258,gi48e1x,False,t3_kqakc5,t3_kqakc5,2
tossserouttt3483726,"Gaming has popped, look at Microsoft,acti, ttwo, zynga, if you were a gaming that investing in gaming like me and microsoft in 2016 you’d ne just fine. Problem is boomers played gamecube at gme and think it will pop again, most milllenials don’t know what game stop is.",1609800110,gi483em,False,t3_kqe1dw,t1_gi3a25d,-11
BigTendie08,"Don’t be a hater smh

Also you’re a GME bag holder retard",1609800061,gi47zvr,False,t3_kqhtg5,t1_gi47si8,1
favoritecolorpurple,"Personally I think GME is too much of a meme at this point, wishing y’all luck though",1609799963,gi47stz,True,t3_kqiek3,t1_gi3zvlg,59
Sandvicheater,Got into an argument with a friend when I told him fucking his cousin especially when she's 15 years younger (she's legal btw) is wrong as fuck. He responded back by calling me a GME bag holding retard. Can somebody give me a good comeback? (If u respond with cum back I'll gut you!!!),1609799959,gi47si8,False,t3_kqhtg5,t3_kqhtg5,-8
aegiroth,"agreed with these pussy contracts but, gme is a real meme stock not pltr. I think most analysts and traders don't know what pltr does at this point, given most of them are either tards or econ majors. the guidance for the company can expand pretty fast quarter to quarter. In tech, pussy contracts lead to bigger ones long term as well, whether you believe that or not...goverments also tend to stay with the devil they know versus new tech making it sticky.",1609799944,gi47rem,False,t3_kqhtg5,t1_gi45zwc,2
Ho_Pack_Ho,"If you didn’t buy GME today, you ain’t black.",1609799893,gi47np0,False,t3_kqhtg5,t3_kqhtg5,13
Strategy99,GME and OPEN looking like good entry points right now,1609799631,gi474n2,False,t3_kqhtg5,t3_kqhtg5,7
HSL,Nothing satisfies me more than watching GME fucks get fucked,1609799327,gi46i7d,False,t3_kqhtg5,t3_kqhtg5,0
mrl2r,Lmao I’ve been swinging GME since 9 and it’s been wildly profitable.,1609799302,gi46gc3,False,t3_kqakc5,t1_gi46car,4
unclesteve2016,Odds of GME bleeding more tomorrow?,1609799282,gi46esc,False,t3_kqhtg5,t3_kqhtg5,2
AngloWaxson,"Bought 370 1/11 spy calls at 366 today, hopefully it helps the gme 30 2/02s bleeding",1609799241,gi46bm8,False,t3_kqhtg5,t3_kqhtg5,2
yungTripo,"Spy puts


Spy calls


Nvm I’ll just buy gme shares",1609799195,gi4687n,False,t3_kqhtg5,t3_kqhtg5,5
Tha_Sly_Fox,I kept reading to see where and how GME itself actually starts making a profit. Jokes on me.,1609799038,gi45wiv,False,t3_kqcwdo,t1_gi37iw0,15
Nasty_Nate2324,Averaged down on GME 💎✋,1609798964,gi45r2q,False,t3_kqhtg5,t3_kqhtg5,10
tplee,Part of me wants to go all in on GME now. The other part thinks it’s a dead horse.,1609798772,gi45cvo,False,t3_kqhtg5,t3_kqhtg5,10
Spirited_Method_5998,GME Investor Sentiment,1609798754,gi45bi6,False,t3_kqj4sl,t1_gi43b2s,1
d-redze,Yea I disagree with that rule but not my call. I’m here for the memes and to get a good idea of what not to do anyway. I was in BNGO since late last week and that worked out great for me. Got a trailing stop loss on it now and just going to ride it till I cash out. Before that I was in riot and did wonderful there as well. WSB burned me at the stake tho when I tryed to make a post saying “serious there is better plays then GME and PLTR rn but w/e. I feel so bad for people who jump into investing and just find this sub right away. Every once in a while someone post a good bet but it’s getting progressively worse and none even post bets anymore. It’s just a echo chamber retards donating to who every is raking it in from GME rn (it’s not the 💎👋s here. And even if this short squeeze Dident already happens from 3$ to 20$........  think about that.... but even if it didn’t what are they holding out for? Nothing but a chance to miss out on better plays.,1609798746,gi45axi,False,t3_kqh2wy,t1_gi4169r,2
skwolf522,Hey I doubled my money on Pltr and rolled it in to GME.,1609798703,gi457tg,False,t3_kqj4sl,t1_gi4414k,2
[deleted],I sent the SEC a letter that read “GME 🚀🚀” I’ve done my part,1609798553,gi44wq0,False,t3_kqj6uk,t3_kqj6uk,99
slappedindaface,"conversely once you see a ""gang"" pop up it's time to sell all your shit and buy puts

see: QS, PLTR, GME, CRSR",1609798543,gi44vyg,False,t3_kqhtg5,t1_gi44cxb,4
Captain_Comic,"Hey Cooz, can you hold a couple thousand shares of $GME for me?",1609798508,gi44tgx,False,t3_kqa89q,t1_gi2om65,3
Yongmoolah,"Increasing short position does nothing to hurt GME as a business nor LONGTERM SHAREHOLDERS. If GME as a business completes the turnaround, excessive shorting only makes the squeeze that much more likely.",1609798478,gi44r8t,False,t3_kqj6uk,t3_kqj6uk,29
Kevinmbg,Bought GME and updated above.,1609798428,gi44njc,True,t3_kos9pe,t1_ghsyshs,1
Infinite-coffee,">if 5% of GME is owned by members of this sub then that means 95% is not.

The funny part is this is wrong, the stock is so shorted that the ownership is closer to 200% than to 100%

So wsb owns 5%, institutions 110%, and who da fuk knows who owns the rest.

Just the best meme stock of them all =)",1609798367,gi44izz,False,t3_kqj4sl,t1_gi43dhl,7
Hitler_wuz_socialist,"So the entire basis for investing in gme was to get in before earnings and hold till the short squeeze happened. Well the squeeze happened, so get the hell out. Gamestop is probably not doomed to bankruptcy but it's not something people should want to hold for long term gains. It's not paper hands if the conditions of exiting your investment have already been met.

Positions: doubled my investment off gme call spreads during the squeeze. 

I'm now all in pltr and hating myself",1609798128,gi4414k,False,t3_kqj4sl,t3_kqj4sl,-12
J_Taiyo,$1.49 at a whopping 170 shares.....if I had put all the money I had in GME into BNGO when I did I could of bought a brand new Tesla🙌💎😔🙌💎😔🙌💎😔,1609797962,gi43ono,False,t3_kqhila,t1_gi3yvme,8
Gnome_Sayin,GME is gonna be 1 TRILLION!?!?,1609797962,gi43onr,False,t3_kqcwdo,t1_gi3zvyu,2
gardner162,"I bought  GME  shares at $20, a lot of them. Am I going to break even anytime soon?",1609797857,gi43gpj,False,t3_kqhtg5,t3_kqhtg5,3
justheretobrowse4,"If you or a loved one suffered from the gme pump and dump, you may be eligible for being called a dumbass, call 1-800-GUH-DUMB today!",1609797851,gi43g97,False,t3_kqhtg5,t3_kqhtg5,9
leaderjoe89,GME selling AMD cpus and graphic cards would be interesting,1609797825,gi43e8f,False,t3_kqe1dw,t1_gi3oowm,14
[deleted],"Let's pretend that we are a rational bunch of people.

if 5% of GME is owned by members of this sub then that means 95% is not.

It turns out that even if we add 16 + 5 we still find that over 79% is not owned by anyone we ""trust"". 

So that other 79% needs to knock that shit off! Buggers.",1609797814,gi43dhl,False,t3_kqj4sl,t3_kqj4sl,14
nmetroo,GME Investor Sentiment,1609797782,gi43b2s,False,t3_kqj4sl,t3_kqj4sl,6
justheretobrowse4,I wasn’t on the discussion page at all today but man I wish I was to see the GmE dump reactions...reading all these posts about “gme 🚀” and it’s truly hilarious,1609797576,gi42v4t,False,t3_kqhtg5,t3_kqhtg5,5
[deleted],GME gang = Tanker Gang 2.0,1609797538,gi42s7o,False,t3_kqhtg5,t3_kqhtg5,15
Nuts4ducks,"Talk to mods, pennys got us into at like .50. Looking like Mods are being paid in GME gift cards",1609797529,gi42rkg,False,t3_kqhila,t1_gi3va9i,9
slappedindaface,"MARKET OUTLOOK 2021: Infinite pain for GME and PLTR bagholders.

That is all.",1609797478,gi42nm2,False,t3_kqhtg5,t3_kqhtg5,6
Gnome_Sayin,So... all in on GME calls?,1609797460,gi42m85,False,t3_kqcwdo,t1_gi3mjmw,1
danielbauwens,GME *only* dipped 8% I had to average up. SMH. Next time give me a 20% drop or something. I want more shares.,1609797458,gi42m3s,False,t3_kqi8e8,t3_kqi8e8,83
bmetzler1,"i’m not sure if you guys consider this DD, but i’ve got a feeling in my balls that GME is gonna moon soon enough",1609797450,gi42lez,False,t3_kqhtg5,t3_kqhtg5,10
mrcrazy_monkey,Hmm looks at where I bought GME calls last week.,1609797433,gi42k38,False,t3_kqdxot,t1_gi38xr4,1
MoreAfterBreak,"It’s a GME tribute movie
https://youtu.be/CGMGwWWUkII",1609797401,gi42hkn,False,t3_kqhtg5,t1_gi41zzd,2
Gbear831,Cut losses and go balls deep in NIO calls GME shares or BABA calls,1609797332,gi42c3j,False,t3_kqefga,t3_kqefga,1
escrocs,Did GME short squeeze today? What did I miss?,1609797263,gi426oo,False,t3_kqhtg5,t3_kqhtg5,1
jfrios,Trolling twitter for the news that Cohen bought more GME,1609797230,gi42463,False,t3_kqhtg5,t3_kqhtg5,2
ninkorn,Imagine losing money on GME and blaming this sub,1609797210,gi422ol,False,t3_kqhtg5,t1_gi41w3r,6
PilloXD,its a dumb analogy: GME's q4 earnings are the last puff of a cigar,1609797148,gi41y1y,False,t3_kqf2g8,t1_gi3tlnk,7
VisualMod,"I'm a bot. Recent empty self posts, noob questions, and spam which people were temp-banned for. Bans are 1-2 days to discourage posts that ought to be comments.

User|Post Title
:--|:--
/u/amerett0|[Thank you /wsb riding $JAGX to the moon into a prosperous 2021!](https://redd.it/kqiqp2)
/u/amerett0|[Thank you /wsb riding $JAGX to the moon into a prosperous 2021!](https://redd.it/kqiqp2)
/u/Ned_Flanderz|[Checking my calls today](https://redd.it/kqiqvu)
/u/pocwocmillyrock|[Do any of you actually have investing strategies or do we all legitimately yolo?](https://redd.it/kqirpe)
/u/AutisticPoots|[Pleas tell me im not the smooth brain who noticed the $820+ Million in TSLA calls today on two purchases](https://redd.it/kqispw)
/u/AutisticPoots|[Pleas tell me im not the smooth brain who noticed the $820+ Million in TSLA calls today on two purchases](https://redd.it/kqispw)
/u/Lucky-Designer3469|[Did i hear NIO 100c!!!!!!!!!!!](https://redd.it/kqisid)
/u/Nick_k1|[100% gains OCGN](https://redd.it/kqiwj2)
/u/Nick_k1|[100% gains OCGN](https://redd.it/kqiwj2)
/u/Bison-Silly|[Lost 3k on GME shares today. Good call WSB](https://redd.it/kqix4p)",1609797122,gi41w3r,False,t3_kqhtg5,t3_kqhtg5,3
need4gains,fuck GME...piece of crap.,1609797046,gi41qcy,False,t3_kqhtg5,t1_gi41i4t,-3
[deleted],I mean yeah be wary of new accounts but if there was some conspiracy I think they would use a less obvious username than fucking I_Lost_the_GME ffs,1609797000,gi41mxw,False,t3_kqcwdo,t1_gi3hj37,1
ShitFeeder,Jan 11th GME conference. Following that day Melvin's silence will be known to the world.,1609796996,gi41mo4,False,t3_kqiek3,t1_gi3zvlg,32
Kenney420,"Not a bad entry actually IMO. GME has been moving 2 steps forward and one step back for nearly 6 months now and you just got in on one of the big back steps.

Were drawing closer to some possible bullish catalysts very soon now too. Plus there's always the sword of Damocles hanging above the shorts that is Ryan Cohen's big swinging dick.",1609891178,gi8speu,False,t3_kr3dlh,t1_gi84j2k,12
roccnet,"Nobody actually knows, but all in on $gme anyway",1609891122,gi8skjb,False,t3_kr3dlh,t1_gi859xt,13
PM_ME_YOUR_LITCOIN,Seems like GME gang is being led to slaughter and is now in denial,1609890758,gi8rogt,False,t3_kr98ym,t3_kr98ym,-10
GraybushActual916,Agreed. It’s off to a good start. I sold deep OTM covered calls and bought hedges on my portfolio today. I think the mods killed my post about hedging because it wasn’t a retarded meme about GME.,1609890709,gi8rk95,True,t3_knrvsy,t1_gi8o2rk,1
DaddyPhatstacks,still 5-10% higher than GME should have been,1609890293,gi8qjt8,False,t3_kqhtg5,t1_gi7p2p0,1
auscontract,"I love you retarded GME gang, you have been bred for a purpose now go out there and make it happen!",1609890060,gi8pzh8,False,t3_kr98ym,t3_kr98ym,12
hrifandi,GME go brrrrrr 🚀🚀🚀🚀🚀🚀🚀🚀🚀,1609890020,gi8pvxv,False,t3_kqzzdi,t3_kqzzdi,1
lordscoby,Every chart will look like GME or worse soon,1609889519,gi8oodg,False,t3_kr7ofm,t3_kr7ofm,2
lordscoby,Every chart is going to look like GME soon.,1609889497,gi8omja,False,t3_kqzpqu,t3_kqzpqu,1
Stockengineer,Zoom out. Look at gme chart... stop buying when it spikes... jfc,1609889480,gi8ol02,False,t3_kr98ym,t3_kr98ym,-1
PS_Alchemist,"Theres so many good opportunities the past month, yet everyone and their mother on here are GME bagholders.",1609889386,gi8ocwd,False,t3_kr7ofm,t3_kr7ofm,8
implicitumbrella,"AMD has gone from dead, to passing intel and will give nvidia a serious run for the money for fastest video card out there probably not next gen but the gen after.   chiplet changed everything and AMD is all in on it.    GME is a not far away from being the next radioshack",1609889209,gi8nx13,False,t3_kqzpqu,t1_gi8fq5j,8
hrifandi,RK this mf just added 40k more shares. All hail the GME saint,1609889175,gi8nu06,False,t3_kr7s30,t3_kr7s30,5
citroen6222,I might purchase some GME because of this,1609889066,gi8nk6c,False,t3_kr98ym,t3_kr98ym,77
[deleted],"Yep, gme 🚀🚀🚀😎",1609889022,gi8ngdn,False,t3_kr70r3,t1_gi8isno,7
RocksAndComputers,"If you don’t understand options well enough to do this math yourself, should you really be trading them?

Trick question: YES, go all in GME 40c 1/15

Definitely, probably, can’t go tits up",1609888843,gi8n0se,False,t3_kr7ofm,t1_gi8fu75,1
0Bubs0,"Making the news might be a better play. You would have to try and get media outlets to pick it up. ""Mass outcry for SEC investigation from reddit user group""

Need a couple average joes and janes with their whole IRA in GME to do some interviews. Get some traction. CNBC has run worse stories on reddit posts before.",1609888801,gi8mwtw,False,t3_kr98ym,t1_gi8fw8x,231
nunhun,My moves for tomorrow? Cash in a 10 bagger on this GME $23c 1/8 I picked up at the end of today 😎,1609888669,gi8mku6,False,t3_kr7ofm,t3_kr7ofm,3
YourWifeyBoyfriend,"That is how they take out retail. It's their secret to keeping control of the their game. The question is now that gme has forced this to be the issue, wtf is the game plan? How do you fight this without the whole damn thing unwinding...",1609888436,gi8m09l,False,t3_kr7s30,t1_gi89xkk,11
Infamous-Lifeguard-7,"Andrew “Chad” Smith, if you’re reading this as part of your GME DD, I want to thank you. You have my respect and I will recommend your fund to my boomer parents so they can finally join GME gang indirectly",1609888361,gi8lthc,False,t3_kr70r3,t3_kr70r3,12
Dinkleberg162,Went from -$800 to +2000 back to -500. GME & PLTR gang rise up.,1609888168,gi8lby8,False,t3_kqylsr,t1_gi6i3cc,1
ldc2626,"No daily GME update?

Edit:

I meant the Update on The guy with the calls lol",1609888078,gi8l494,False,t3_kr7ofm,t3_kr7ofm,2
Stonksflyingup,"Lol my comment was never about tsla specifically. It was about how you as a gamer means nothing to GME share price, like me as a driver means nothing to tsla or Ford's. 

https://www.sec.gov/Archives/edgar/data/1326380/000119312520148780/d918174ddefa14a.htm

Gamestop Reboot. Its their turnaround plan created in 2019 which highlights what you're saying they need to do.",1609888052,gi8l205,False,t3_kqzpqu,t1_gi8jxue,1
[deleted],"nice! ya love to see it

once corsair goes up i’m gonna come back to the gme gang haha",1609887998,gi8kx9g,False,t3_kmn5ey,t1_gi8kgvc,1
zmbjebus,"Best buy is shit for most of the individual components. Prebuilts are all low quality hacks. 

I don't know much about dell's store

Rest are good, but Microcenter's have few physical locations, and the others are online only.

If I lived in the PNW, 3/4 of northern California, or the Gulf Coast I would be SOL. But if GME picks up its game then it has a huge presence and is able to capitalize on that.",1609887967,gi8kung,False,t3_kqylsr,t1_gi7em8q,1
Ouiju,BBBY short squeeze is the best. Everyone focused on GME instead,1609887879,gi8kmok,False,t3_kr7ofm,t1_gi8j910,2
jhonkas,"isn't  that  from selling off assets? they need ot use that money for whatevercohen's ideais to make GME compete against amzn

That's like cutting off you hand to pay for a vaporware robot hand (and you really just want your hand)

&#x200B;

i'm just trying ot be realistic here, i don't think i've seen a company  that's try to turnaround their business, take the money they have and pay out shareholders. if you are in GME you wnat them to leverage this money for some acquistion or strategtic deal. that's how you get to GME 40, not a silly trick for investors",1609887814,gi8kgu3,False,t3_kr02y8,t1_gi8jz2n,8
Bruder3,"as a Canadian who bought a few GME shares on USA exchanges, am I able to write a complaint?",1609887691,gi8k5t7,False,t3_kr98ym,t3_kr98ym,35
TheTigersAreNotReal,"I do, but I usually talk about stocks that other people don’t know/care about. Except GME",1609887684,gi8k59n,False,t3_kr7ofm,t1_gi8jhyo,1
ahminus,"Already own a shit ton of AMD LEAPs.

And GME isn't going to be ""blockbuster 2.0"".  That's why it was at $3 early last year.  Because of all the retards who couldn't read a cash flow statement.",1609887454,gi8jkik,False,t3_kqzpqu,t1_gi8fq5j,0
Stonksflyingup,Will GME still be shit at $30?,1609887152,gi8it82,False,t3_kr7ofm,t1_gi8hd77,1
RealRonJeremy69,GME 1/15 25c,1609886950,gi8iau5,False,t3_kr9lnv,t3_kr9lnv,3
Kyakuseki,"people like you are born to lead the pack (even if that pack is full of retards)

the only thing I regret as one of the GME soldiers is that I have no more money to buy in at any of those dips

may glorious month await us",1609886920,gi8i87a,False,t3_kr7s30,t3_kr7s30,8
roaf66,Imagine if the whole sub started flooding him with emails telling him to get out of his GME short position,1609886888,gi8i5c3,False,t3_kr02y8,t1_gi81p20,3
gammaradiation2,"Jesus christ monkey balls. I am buying shares tomorrow just to support this cause.  


GME team, what's my limit order to sell?   
\-Team PLTR",1609886773,gi8hv4o,False,t3_kr7s30,t3_kr7s30,7
IS_JOKE_COMRADE,"I swear this entire sub belongs in that movie for actually going long on GME and Pltr. trash companies 

Tesla to Valhalla",1609886589,gi8heic,False,t3_kr94lz,t1_gi8chw5,-10
iTradeStalks,"1) I never bought it, still haven’t

2) Wish I remembered to buy it today

3) You can’t predict a 40% drop, if you could then you woulda bought puts

4) GME is shit",1609886575,gi8hd77,False,t3_kr7ofm,t1_gi8gwbp,1
Gabriele25,Imagine not buying GME,1609886459,gi8h2ox,False,t3_kr841x,t1_gi855os,6
Chi3fSlapaho3,"The big thing is that the overall market hasn't made a huge consensus decision either way on what GME's future is here yet. 

Now might be a decent time to go possibly 1/22 or a little more out if skeptical, as the price has seemed to normalize more from the end of year, and vested interest with short firms keeping the price below $19. I got in because I see logical reasons I could profit from them in the short term, and maybe look at them again when they have more solid footing. 

Overall the large financial firm mindset is that they are a dying brick-and-mortar company, hence the huge short ratio. 

But the price has been higher the past year due to the CEO and Microsoft investment, along with cleaning out the deficit stores (hence why closing stores and layoffs are actually usually a positive stock mover when it seems negative on the surface).",1609886346,gi8gsd2,False,t3_kr7ofm,t1_gi8frjo,1
Neither_Meat8226,Until GME and PLTR surpass it.... /s every autist in here. 🤪🤪🤪🤪🤪🤪🤪😂😂😂😂😂😂😂,1609886290,gi8gnkd,False,t3_kr7ofm,t1_gi8ga0n,4
MINOANKING,What do Greek people have to do with me throwing my Starbucks paychecks into GME,1609886221,gi8ghdj,False,t3_kr8tdo,t3_kr8tdo,21
commentingrobot,GME shares.,1609886131,gi8g980,False,t3_kr9lnv,t3_kr9lnv,0
Environmental-Ad4423,What is GME,1609886119,gi8g80r,False,t3_kqzpqu,t3_kqzpqu,1
SushiPants85,"Hey kids, look at this guy that buys high to sell low. GME lol!!!",1609886007,gi8fxtn,False,t3_kqzpqu,t3_kqzpqu,0
Revolant742,"*Michael Burry has left the TSLA chat*

*Michael Burry has entered the GME chat*",1609885881,gi8fmc3,False,t3_kr7ofm,t1_gi8fh1i,2
Emergency-Eye-2165,My amateur GME TA: I recon it hits the 4h Ichimoku cloud and that marks the bottom. Limit buy around 16.50 I’m thinking (then sell at 15 when I remember I’m shit at TA and have paperhands!),1609885860,gi8fkie,False,t3_kr7ofm,t3_kr7ofm,0
eurostylin,"you can have my GME,  you can have ny PLTR, and you can shove your MT up your ass,  but don't touch my NIO.   This shit is going to be triple digits sooner then later.",1609885819,gi8fgt0,False,t3_kr3eok,t3_kr3eok,10
Datsgood94,fuck ryan cohen. we should vote to have op takeover gme,1609885799,gi8ff1d,False,t3_kr7s30,t3_kr7s30,4
gardeeon,I sent a similar script earlier this morning when that calendar post came about. Imagine the flood gates opening when all the artists just copy and paste your words.  gme to THE FUCKING MOON 🚀🚀🚀🚀,1609885776,gi8fctv,False,t3_kr98ym,t3_kr98ym,16
Stonksflyingup,Gonna be funny when GME breaks $30 in the future and bears will still use the same points as they do today to try and justify why the share price will go down.,1609885768,gi8fc61,False,t3_kr7ofm,t3_kr7ofm,5
Warm_War_3600,GME was such a disappointment.,1609885679,gi8f3wl,False,t3_kr7ofm,t3_kr7ofm,0
majordominus,"FUBO Reversal , lets make this GME, PLTR 2.0 FUBO 🚀🚀🚀🚀",1609885574,gi8eu37,False,t3_kr7ofm,t3_kr7ofm,2
Chabubu,"Not true. Declare a special one time dividend of $10 per share for 70M shares outstanding. 

Shorts will be ultra fucked and scramble to cover otherwise they’ll be out $1.5 Billion to pay dividends on the 150M shares they’ve sold.

Now when the share price launches to the moons, GameStop comes in and issues 50M new shares to allow shorts to cover at $40/share. Since they’ve sold the same shares 3x over they’ll be paying $30 in dividends out on every share. So buying from issuer at $40 is preferred. 

GME will collect $2Billion in capital and pay their $700M dividend and keep another $1.3Billion.",1609885543,gi8erc7,False,t3_kr02y8,t1_gi8beqp,32
Stonksflyingup,GME now has daddy #3,1609885542,gi8er8f,False,t3_kr70r3,t3_kr70r3,6
[deleted],"Whether GME gets that squeeze or not, lol at the notion that the “advice” on WSB should be considered illegal",1609885433,gi8ehdm,False,t3_kr98ym,t1_gi8dmie,11
WhyBee92,"I wish the sub hyped up a stock that’s actually worth it, but GME? I have been a gamer for a decade and a half now and I’ve been to GameStop maybe once? They offer nothing that Amazon doesn’t offer",1609885256,gi8e197,False,t3_kqzpqu,t3_kqzpqu,0
iTradeStalks,#Sell your GME and PLTR and other meme stocks and just buy some TSLA and don’t touch it for 20 years then be rich AF,1609885235,gi8dza8,False,t3_kr7ofm,t3_kr7ofm,8
Sandvicheater,Everybody was ballz deep in GME PLTR and NIO now suddenly everybody in the TSLA bandwagon,1609885218,gi8dxo1,False,t3_kr7ofm,t3_kr7ofm,1
YoLO-Mage-007,GME 🚀🚀🚀,1609885104,gi8dn1m,False,t3_kr6y03,t3_kr6y03,6
dudeitsadell,"LOL. You want the SEC to help a group of people that have been posting non stop about buying a stock? What exactly do you think this is?

The GME pumping on here is as illegal as anything else. It's only the retards on here have no capital",1609885099,gi8dmie,False,t3_kr98ym,t3_kr98ym,-27
rubens33,The GME short squeeze is WSB's version of getting a reservation at Dorsia. Are we ever going to see it happen? So elusive...,1609885045,gi8dhiz,False,t3_kr0op6,t3_kr0op6,9
[deleted],If you GME when you should TSLA you're gonna have a bad time,1609884913,gi8d5eu,False,t3_kr7ofm,t3_kr7ofm,7
TheModeratorWrangler,"I’m calm. See, the Blockbuster analogy doesn’t hold water. Blockbuster didn’t sell physical items, they rented digital content. As an unwise meme once said, “would you download a car?”

I would in a HEARTBEAT if possible but we aren’t renting PS5 / Xbox here. Yes, games can be downloaded. But here’s the catch: physical copies cost just as much as digital downloads for the most part, but digital downloads don’t come with collectibles and rare goodies. To you? May not seem important, but many gamers prefer owning not just a disk, but the art that comes with it.

Then you have the merch specifically gamer focused. Any fool with Wix can slap graphics on a shirt and sell it. But to see it, feel it, and know you didn’t expect Tom Nook or Keanu Reeves to be on your merch? That’s why I went to get a Pikachu plushie for my baby girl and the whole damn store was EMPTY. 

I felt like a terrible father not getting it sooner but I put all my money into $SPY / $AAPL / $GME leaps. My daughter deserves a better future than daddy working for shit wages and never being home.

Point is, $GME is not like Kohl’s, Macy’s or Sears where you sell everything to try to get something. It’s hyper focused on what gamers want and not enough is said about how gamers don’t just buy games. Most of you here who own Cyberpunk would go nuts seeing a Judy or Panam collectible doll. Or maybe Johnny Silverhand. 

I love shopping at GameStop because a staff that’s passionate and knowledgeable can tip me off when a rare game comes in and I’m into nostalgia. Cheap used copies? Preowned consoles to experiment with modding? Releases the same price as downloads that as a Power Member, come with extra goodies?

You don’t get to the moon without some accidents along the way.

🚀🚀🚀🚀🚀🚀🚀🚀🚀🚀🚀🚀🚀🚀🚀🚀🚀 🚀🚀🚀🚀🚀🚀🚀🚀🚀🚀🚀🚀🚀🚀🚀🚀🚀 🚀🚀🚀🚀🚀🚀🚀🚀🚀🚀🚀🚀🚀🚀🚀🚀🚀",1609884519,gi8c58x,False,t3_kr6og1,t3_kr6og1,30
rynodawg,"Glad he mentioned GME but he cites more people downloading games as a reason to buy?  

Anyway, joined as a Pro member last week and downloaded the GameStop app for first time.  If Cohen could just have them revamp app, it could help sales a lot.  Few things I noticed:

-App is slow compared to Amazon app.  Speed it up.  Searches, pulling up the shopping cart,, selecting the delivery type, all really slow.

- Local store inventory doesn’t appear fully tied in.  The GameStop location nearest me has nothing available for same day pickup.  Not one game.  Other locations show inventory available.  You should be able to select a specific store and browse all available new & pre-owned inventory online, like the Redbox app.

- the pro member coupons aren’t useable through app apparently?   I have to visit store and scan the phone screen?  Available coupons earned should be tied into the online shopping cart.",1609884305,gi8blf8,False,t3_kr70r3,t3_kr70r3,44
YoLO-Mage-007,"I am averaging up

GME 🚀🚀🚀",1609884294,gi8bkbs,False,t3_kr70r3,t1_gi87nsx,21
TitanFolk,"Which movie is this from? Seems familiar, but I don't think I've watched the whole thing before.

Edit: Forgive me, oh WSB autists, for not seeing this movie yet. It has been on my list for far too long. Time to watch it & hope for $GME & $PTLR to the moon! 🚀🚀🚀🚀👨‍🚀

Edit 2: Getting downvoted. Currently @ -3 rn. Mystery of the universe, really.

Edit 3: I'm at -8 now. Yeah baby. Can you guys help me get to -69, I'd like to become a meme please.",1609884292,gi8bk5i,False,t3_kr3dlh,t1_gi791v1,-18
whatshisuserface,pltr and gme,1609884183,gi8ba39,False,t3_kr7ofm,t1_gi8azjt,2
brycedriesenga,Wait -- you bought $3.2 million worth of GME shares?,1609884137,gi8b5ox,False,t3_kr7s30,t1_gi86ejj,419
YoLO-Mage-007,GME gang is getting stronger by the day 🚀🚀🚀,1609884026,gi8avkd,False,t3_kr70r3,t3_kr70r3,31
monmonmons,Why do people still invest in GME? It’s a dying business model 💀,1609883842,gi8aegt,False,t3_kqylsr,t3_kqylsr,0
OhNoWasabiAhead,"I have an apple that I bought and put in a basket that holds all the apples from everybody everywhere. Short #1 wants to sell an apple but doesn't have any, so they make an agreement with the apple basket to ""borrow"" my apple and sell it, promising to put it back before I need it.

But then the apple basket makes an agreement with Short#2 to loan out my apple (that I don't currently have) and let them sell it.

Now three people have sold my one apple. That's how we get 300% short ratio (GME is at 250%).

Eventually they're going to have to buy back an apple each to give to the lending basket so the basket can cover all the apples it's lent out. But just because they're buying doesn't mean people are selling. If people think the value of apples will go up, they'll hold. Which means Melvin and Co will have to drive to every supermarket, progressively buying more and more expensive apples until they can pay back their debts. **But 300% short rate, means they'll have to buy an apple, give it back to you, then turn around buy that same apple from you again at a higher price, just to give it back to you once more.**

Failure to deliver is when shorts come by and sell an apple without making an agreement with the apple basket. Then when the person they sold the apple to comes to collect they just kind of look at them awkwardly and shrug. This is highly illegal, but is probably market makers and hedge funds collaborating.",1609883663,gi89xkk,False,t3_kr7s30,t1_gi86z4k,101
Chi3fSlapaho3,"Investment is the wrong word right now, speculative momentum play is more what it is until they flush out their financials plus guidance for Microsoft/online e-commerce and gaming partnerships. 

The idea is more that they are leaning down right now while setting up money-making moves, and this will push the valuation up slightly which will then force a short squeeze given the ratio and float which will continue that snowball. 

It'll be interesting to see what 1/11 does for the stock price. Even mainstream financial news has started hints of talking about GME which could be a good sign.",1609883660,gi89x95,False,t3_kr7ofm,t1_gi89awx,1
TheTigersAreNotReal,"1) GME

2) PERI

3) 🅾️EG",1609883651,gi89whz,False,t3_kr7ofm,t1_gi89a4l,1
d3m3trius,Fucking hell GME trades flat or slightly down for a few days and the tards in here lose their minds,1609883627,gi89uad,False,t3_kr7ofm,t1_gi88vn4,5
ncf13b,I really can’t tell if people actually think gme is a good ‘investment’ or if it’s all a joke. Might throw some money at it just bcuz,1609883418,gi89awx,False,t3_kr7ofm,t3_kr7ofm,3
g4858364957,"Quick question. Why did GME double in a week in April last year? I’m trying to find the reason, and from what I’ve read it was because of the proxy fight being announced to take place at the June shareholders meeting, or was it for something else?",1609883411,gi89a5g,False,t3_kr3g8o,t1_gi7mzgq,1
Val0r4nt,"If you had to YOLO some March/April expiry calls on 3 stocks rn, what would they be? For me:  
1) GME  
2) MT  
3) FUBO",1609883410,gi89a4l,False,t3_kr7ofm,t3_kr7ofm,2
Revolant742,*moans in GME*,1609883313,gi890sp,False,t3_kr7ofm,t1_gi88vn4,3
Minimum_Airline_4902,"Nice, could give an award but naahhh, gona buy me some more GME",1609883305,gi89010,False,t3_kr3lpy,t3_kr3lpy,3
hgfggt,Dude bought GME a 4 bucks.  He's fine.,1609883274,gi88x78,False,t3_kr7ofm,t1_gi88kmh,1
badgerbacon6,Cant wait for **GME $69** 💎💎🚀🚀🚀🚀🚀,1609883258,gi88vn4,False,t3_kr7ofm,t3_kr7ofm,12
TrumpisTopKek,Rode that train when it was single digits. Honestly if it can crawl it’s way back from the dead it’s a stock to be reckon with. BBBY could be the next GME,1609883183,gi88oyy,False,t3_kr7ofm,t1_gi88b7e,2
Revolant742,"If it weren't for Michael Burry's GME move when it was near $5, his attempt to short TSLA would probably hurt a lot more.",1609883176,gi88od8,False,t3_kr7ofm,t3_kr7ofm,6
nicky94,The shorts have been attacking GME for the past month mate,1609883055,gi88dfp,False,t3_kr7ofm,t1_gi885aq,3
buy_the_peaks,"Why didn't shorts attack GME today?  No volume.  Would have been an easy target.

Maybe they see something coming that brings a better opportunity?",1609882966,gi885aq,False,t3_kr7ofm,t3_kr7ofm,1
YoLO-Mage-007,"Nice move.

GME 🚀🚀🚀 \[̲̅$̲̅(̲̅ ͡° ͜ʖ ͡°̲̅)̲̅$̲̅\] 🚀🚀🚀",1609882954,gi88472,False,t3_kr7s30,t3_kr7s30,5
Cooperjpugh,"If this ain’t some solid DD I don’t know what is. 
I’m hyped 
TLDR: GME🚀🚀🚀",1609882897,gi87ynm,False,t3_kr7fot,t3_kr7fot,17
Red_Master,"Finally someone is telling the truth. Like Hertz, waiting for the puts. Just saying, from 3usd to 17usd, that’s horseshit  fertilizing GME stock.",1609882815,gi87r28,False,t3_kr3dlh,t3_kr3dlh,-1
RandomYouTuber69,"100%. I said I'm poor, I didn't lie...  


But, GME has already made me less poor last year, took some chunky profits, so I'm gonna continue riding this retard bull market as long as it lasts.",1609882803,gi87pxl,False,t3_kqzpqu,t1_gi82xsx,1
polloponzi,"Translated: I'm retarded and I can't read or do my own DD. I simply buy anything with a rocket attached on WSB and don't sell until I stop seeing rockets on WSB.

So:

**GME 🚀🚀🚀🚀🚀🚀🚀🚀🚀🚀🚀🚀🚀** to the moon!

Keep buying the dip!",1609882793,gi87p0v,False,t3_kr7fot,t1_gi80s9r,32
I_lost_the_GME,The best part is Michael Burry is invested in GME for the squeeze. I hope they cast Christian Bale again in the sequel movie,1609882664,gi87di5,False,t3_kr7fot,t3_kr7fot,81
Isthiswittyenough92,"I gave it a shot, am too autistic to know if I've even got the concept right:

 

To whom it may concern,

This letter serves to bring the SEC’s attention to suspected illegal activity in GameStop Corporation’s (ticker GME) trading. As a shareholder in GME, I have concerns about illegal naked short selling and increasing failure-to-deliver rates in the month of December 2020 through present day. GME has consistently appeared on the NYSE Threshold Security list for the last 18 trading days. In order to appear on the threshold list, a stock has to have 0.05% of outstanding shares fail-to-deliver, for GameStop this amounts to roughly 350,000 shares. **GME’s failure to-delivery rates have exceed this amount on most trading days in December 2020**. **Furthermore, on at least three trading days in December,** **the total number of shares failed-to-deliver exceeded 1 million**. Below is a summary of trading days in December which had exceptionally high failures-to-deliver:

12/1: 91,971 @ $16.56

12/2: 1,061,397 @ $15.80

12/3: 1,787,191 @ $16.58

12/4: 999,475 @ $16.12

12/7: 1,002,379 @ $16.90

12/8: 872,292 @ $16.35

12/9: 721,361 @ $16.94

12/10: 605,975 @ $13.66

12/11: 880,063 @ $14.12

12/14: 284,296 @ $13.31

Given the data presented above, I request the SEC to further investigate suspected illegal naked short-selling in GME, particularly as it concerns Melvin Capital, who holds a substantial short position in the Company.",1609882622,gi879lw,False,t3_kqf2g8,t1_gi4fjax,8
badgerbacon6,(っ◔◡◔)っ ♥ **GME +** **MU +** **QQQJ + JMIA + ACŁS** ♥,1609882621,gi879ia,False,t3_kr7ofm,t3_kr7ofm,3
ChicknNugBuds,Its cute how yall just assume its all Melvin Capital like a boogeyman when I've seen countless comments about people panic selling their shares. Yall assume the entire short volume is one company but its really not. Not everyone is retarded enough to buy GME at the top and then be retarded enough to hold. Lot of people here like to swing trade GME for a quick buck,1609882589,gi876kd,False,t3_kr7s30,t1_gi86p2c,-11
ridethelightning469,"Bought 200 more GME shares on a whim today. My hunch was on the mark after seeing DFV loading up on more shares

All hail DFV & his unbelievable position. You dropped this 👑",1609882548,gi872ry,False,t3_kr7s30,t3_kr7s30,17
skwolf522,GME needs strong big dick energy.,1609882535,gi871i2,False,t3_kr59vq,t1_gi7nwpk,9
YoLO-Mage-007,"700+ million in cash on the books 

GME 🚀🚀",1609882413,gi86q41,False,t3_kr3dlh,t1_gi81e0m,39
Infamous-Lifeguard-7,"THE DIAMOND DICK GME KING ROARINGKITTY IS STILL IN 

🙇",1609882304,gi86g8u,False,t3_kr7s30,t3_kr7s30,13
hgfggt,Probably loving life.  Dudes right way more than wrong.  He made his GME bet at like 4 dollars.,1609882286,gi86ema,False,t3_kr7ofm,t1_gi85tdm,1
ADoIDo,"For the people buying GME during the dips it'll be called ""Money Burn"".",1609882282,gi86eaz,False,t3_kr7fot,t1_gi83o49,12
