author,body,created_utc,id,is_submitter,link_id,parent_id,score
Bob__Kazamakis,BB got deaded,1607471987,gf40sph,False,t3_k9cx1r,t3_k9cx1r,2
AngelaQQ,"Someone should just make an ETF of Western companies with Asian CEOs. 

Performance would be phenomenal.  

AMD
NVDA
BB
ZM
GOOG
MSFT

Any I’m missing?",1607471857,gf40hju,False,t3_k9d0gq,t3_k9d0gq,11
Houghs,Shit I was born broke bb,1607471481,gf3zklc,False,t3_k9cx1r,t1_gf3zav7,1
dragonandphoenix,I mean yeah tell us your bill thesis on BB,1607471357,gf3z9j7,False,t3_k9boap,t1_gf3u56h,3
DontDabTakeSlabs,"IV is so fucking high right now, I’m not touching that. I’m balls deep in BB anyway",1607471193,gf3yusv,False,t3_k9c95d,t1_gf3uijj,1
spyaintnobitch,You good bb. Don't even need to come market tomorrow. Take high roller vacation. Cruise recommended,1607470376,gf3wtbp,False,t3_k9cx1r,t1_gf3woby,3
[deleted],BB,1607470292,gf3wm5k,False,t3_k9cx1r,t1_gf3wkji,0
Afraid-Historian-937,"Never thought I’d say this but it’s 2020, $BB calls to the moon 🚀🚀🚀🚀",1607469615,gf3v1ea,False,t3_k9f08l,t3_k9f08l,1
VOIPConsultant,"John Chen has a special talent for making **sales teams work better.** This was his principal accomplishment at Sybase. He knew that if he could become a big enough thorn in enough sides that Sybase would get picked up by a larger player for their IP and engineering talent - most of which was relegated to older mainframe based databases. 

BB's only real tech of value is QNX. Most of the value there is from the certifications that it has - which was politically helped along by the Canadian government. It competes against Android and especially [Automotive Grade Linux](https://www.automotivelinux.org). QNX cant compete against AGL in any meaningful way - I've worked with both. 

The only real strategy Chen has to pursue here is to make it an attractive acquisition target to a old-world auto manufacturer looking to take a shortcut into producing electric vehicles. Thing is that every company that uses QNX in a car will be forever behind the competition on the feature side and cost side. 

Short BB.",1607469321,gf3ucbq,False,t3_k9d0gq,t1_gf3shfy,2
thehelper900,16.34 average with 1k shares bb,1607469310,gf3ubgy,False,t3_k9c95d,t1_gf3u0rp,4
MightyMageXerath,BB 1/12 calls,1607468532,gf3srim,False,t3_k9cx1r,t1_gf3lde7,1
Xerox748,I just now realized BB is BlackBerry and not BestBuy.,1607468106,gf3rx9y,False,t3_k9d0gq,t3_k9d0gq,9
MightyMageXerath,"I think GME, cause BB is a buy buy",1607467653,gf3r19c,False,t3_k9cx1r,t1_gf3lk02,1
aWatch_reddit,BB has the cheapest fucking leaps. How are you losing? You’re supposed to buy low,1607467493,gf3qpzy,False,t3_k96ir2,t1_gf2lujd,1
travelbugsxvii,"BB calls will be different next week on 12/17/2020, 80% upside you can bet on it. 

https://www.nasdaq.com/articles/blackberrys-bb-q2-earnings-revenues-beat-estimates-2020-09-24",1607467270,gf3qae1,False,t3_k9cx1r,t3_k9cx1r,1
PurellKillsGerms,Exactly. The guy asking you why it would ever go up again has no idea what their business is. I'm bullish on BB.,1607467143,gf3q1ex,False,t3_k9boap,t1_gf3ppry,8
penishands47,BB,1607466938,gf3pmox,False,t3_k9cx1r,t1_gf3pk34,2
MILFnCookies11,"Am I the only one that read this as 'HOW JOHN CENA REINVENTED BB' the first time around...

I thought the champ was getting in the game",1607466824,gf3peja,False,t3_k9d0gq,t3_k9d0gq,94
ImLennyBruce,The more I look into BB the more it looks like a long term winner. Made my first small buy today. Gonna average in over the next months hoping for a pull back.,1607466230,gf3o7je,False,t3_k9cx1r,t3_k9cx1r,3
MatthewJermstad,BB $15 EOY,1607466228,gf3o7cx,False,t3_k9cx1r,t3_k9cx1r,4
Laxer,$BB for the nostalgic auties,1607465816,gf3ndcp,False,t3_k9cx1r,t3_k9cx1r,7
flaneurJacques,Use the GME app to order games on your BB phone to get games delivered to your ABNB by DASH.,1607465692,gf3n4i9,False,t3_k9c95d,t1_gf3mv1k,3
the_fellow_autist,Time to meme BB into the history books.,1607465581,gf3mwtj,False,t3_k9d0gq,t3_k9d0gq,20
VOIPConsultant,"Not if you don't have the tech, and they don't. Sybase was also vaporware and SAP's purchase was regarded by the engineering teams as a ""colossal mistake"". 

Short BB.",1607465579,gf3mwoh,False,t3_k9d0gq,t1_gf3fm0i,-5
VOIPConsultant,I work in this space. Short BB.,1607465483,gf3mpjh,False,t3_k9d0gq,t3_k9d0gq,-6
privTA,"Nah, time to pump $BB, but $INTC LEAPs look nice too",1607465452,gf3mn9e,False,t3_k9cx1r,t1_gf3k6l3,1
privTA,Hop on with $BB,1607465309,gf3mcjh,False,t3_k9cx1r,t1_gf3kgik,2
shepherd_eyes,BB and GME - this sub travelled back in time to 2009,1607465262,gf3m8sn,False,t3_k9cx1r,t3_k9cx1r,9
Turtlesaur,"BB is thick. The DD of ""if this IPO'd today or would be worth $40bn if its ticker was QNX"" but instead it's legacy BB",1607465238,gf3m72m,False,t3_k9cx1r,t1_gf3lrj8,2
marsinfurs,"But BB is 100 in Mozambique markets, so that’s good",1607465042,gf3lscf,False,t3_k9d0gq,t1_gf3fi1k,3
SloviXxX,BB fuck DD,1607465034,gf3lrr2,False,t3_k9cx1r,t1_gf3lord,1
chop_talk,"Y’all are retards for pumping GME.

BB is where it’s at. 1 billion in rev. They are a software company. 3 billion in patents. Shits book value is good compared to the market value",1607465031,gf3lrj8,False,t3_k9cx1r,t3_k9cx1r,6
chop_talk,When we are pumping BB?,1607464917,gf3lizs,False,t3_k9cx1r,t3_k9cx1r,6
privTA,$BB,1607464874,gf3lfm7,False,t3_k9cx1r,t1_gf3kwz7,3
privTA,"$GME, $PLTR, $NIO bagholders, come hop on the $BB train",1607464850,gf3ldo8,False,t3_k9cx1r,t3_k9cx1r,3
papa_nurgel,Well up several hundred percent from last month to most likely down a shit ton tomorrow.    Gme play was stupid.   Playing any company that everyone already considered dead is stupid.  Bb gme let's name a few others,1607464776,gf3l7tr,False,t3_k9cx1r,t3_k9cx1r,3
bustd0wn,1/15 9c 🤌🏿 beer money time bb girl,1607464654,gf3ky1q,False,t3_k9d0gq,t3_k9d0gq,4
lizardwizard77,BB,1607464187,gf3jy0e,False,t3_k9cx1r,t1_gf3jtwd,2
Silent_nutsack,14.90 AH LOOOOL. puts all the way bb,1607464152,gf3jvcb,False,t3_k9c95d,t3_k9c95d,4
NnewyorkY,Is BB going anywhere by EOY?,1607463870,gf3ja2c,False,t3_k9cx1r,t3_k9cx1r,1
bad_redditer,Were's BB?,1607462988,gf3hcod,False,t3_k9cx1r,t1_gf3gxew,2
WestSideShooter,Load up on $BB calls before it’s too late 🍑,1607462463,gf3g8vs,False,t3_k9cx1r,t3_k9cx1r,5
guster1212,"People forget about how John Chen turned Sybase around when he was CEO.  Based on his track record he could really do some good things with BB.

 ""When John Chen signed on as CEO of [Sybase](https://www.computerworld.com/sybase) in 1998, the database software vendor was, in Chen's own words, ""a very, very dead company.” Once a strong competitor to Oracle, Sybase had lost its way, in part because it missed the opportunity to enter the enterprise application market [Oracle](http://www.oracle.com/index.html) now leads.

Over the next decade, through the efforts of Chen and his team, Sybase turned around and reinvented itself as an enabler of the ""unwired enterprise."" Then, in mid-May, enterprise software giant [SAP signed a merger agreement with Sybase](https://www.computerworld.com/software/107750/sap-buys-sybase), citing Sybase's leadership in both mobile and in real-time analytics."" (SAP bought Sybase for $5.8 billion!!!)

If he can do it for Sybase he can do it for Blackberry. 

[https://www.computerworld.com/article/2758499/sybase-ceo-john-chen--tale-of-a-turnaround.html](https://www.computerworld.com/article/2758499/sybase-ceo-john-chen--tale-of-a-turnaround.html)",1607462163,gf3fm0i,False,t3_k9d0gq,t3_k9d0gq,33
iCalesawr,"GME no bb, wut is undoinnn",1607461991,gf3f8r9,False,t3_k92ab0,t3_k92ab0,3
Redmine23,My bb call needs major help,1607461882,gf3f0ah,False,t3_k9d0gq,t3_k9d0gq,40
Senfgestalt,I feel that BB breeze man. That shit's coming.,1607461847,gf3exkd,False,t3_k92ab0,t3_k92ab0,2
10people,come on bb,1607461846,gf3exhu,False,t3_k9boap,t3_k9boap,4
DeathToTheDay,BB seems weak. I have some calls that are boring af.,1607461561,gf3ebnz,False,t3_k9cx1r,t1_gf3dvtg,1
V3yhron,"Try to figure out my next play. Sitting on $550 that im tryna make $1500-2000. Cant decide on ARKK calls, BB calls, GME calls after IV comes down, or to continue swing trading PLTR like I have been and slowly accumulate shares",1607461356,gf3dvtg,False,t3_k9cx1r,t3_k9cx1r,2
V3yhron,Whats the wave into close? Pltr monthlies? Arkk monthlies? Bb 3/19?,1607460727,gf3cj1r,False,t3_k92ab0,t3_k92ab0,3
armored-dinnerjacket,"400 @16.3

eyy bb wan sum fuk?",1607460290,gf3bldd,False,t3_k9c95d,t3_k9c95d,6
MechaFuckboy,"Recent shitposts noobs were temp-banned for:

User|Post Title
:--|:--
/u/chuckfinley1212|[To the Moon](https://redd.it/k9bs0n)
/u/brickhouseone6|[YOLO PLAYS](https://redd.it/k9bt0y)
/u/sandergansen|[100x coming soon](https://redd.it/k9bt65)
/u/FirefighterScott|[VGAC](https://redd.it/k9busg)
/u/thelastriot|[Was gonna apply for food stamps today...](https://redd.it/k9bvc9)
/u/vandalxvisuals|[Hit me with some ultra high risk stock recs, ya boy is trying to pay off his credit card bill and buy some Christmas gifts](https://redd.it/k9bwfz)
/u/nerdge|[Glad I never pulled out of FCEL. Added BB calls at 10,15,20 for Jan, and April. Thoughts?!](https://redd.it/k9bxbl)
/u/Alexei55555|[futures vs stocks](https://redd.it/k9by2u)
/u/I_Shah|[It’s GME DAY. The (Un)Official GME earnings thread](https://redd.it/k9c0na)
/u/IS_JOKE_COMRADE|[Elon diluted $5 billion to buy 12/18 FDs #fundingsecured](https://redd.it/k9cc7z)",1607459568,gf3a1q9,False,t3_k92ab0,t3_k92ab0,5
faisall1,I’m all in too🚀🚀🚀🚀🚀 Now we need solid memes for $BB to make it mainstream 😂😂,1607458722,gf3883l,False,t3_k9boap,t3_k9boap,34
WestSideShooter,"12.5C 1/22 checking in 🤡

Hoping that $BB becomes the next meme stock on here",1607458599,gf37ydh,False,t3_k9boap,t3_k9boap,45
Space_Lord_MF,Remember it's never too late to get on the BB train. Taking the lo ng trip to tendytown,1607458367,gf37fzw,False,t3_k92ab0,t3_k92ab0,5
gotfukdbyprinter,No it was actually u/senseisntsocommon bb drop those undies for me. I got a present for you daddy,1607458270,gf378oy,False,t3_k92ab0,t1_gf373h5,1
PharmacistTank,BB end of day run up get on board 🚀,1607458009,gf36pen,False,t3_k92ab0,t3_k92ab0,2
Space_Lord_MF,BB up 3%,1607457933,gf36jmz,False,t3_k92ab0,t3_k92ab0,3
Mynamejeff66666,Whose holding 12/9 371 cmon bb pump,1607457638,gf35xxx,False,t3_k92ab0,t3_k92ab0,2
privTA,"Literally doubling down, took my options profit from the initial $BB spike and played around in $PSTH for a bit made a tad selling covered calls. Now I took all the margin I could get and will be selling covered calls on $BB",1607457589,gf35uak,True,t3_k9boap,t3_k9boap,35
V3yhron,Keep swing trading PLTR or go March BB calls or wait until after earnings and go April GME calls?,1607457533,gf35q0o,False,t3_k92ab0,t3_k92ab0,2
the_fellow_autist,BB and APHA competing for the first to $9.,1607457484,gf35m7s,False,t3_k92ab0,t3_k92ab0,1
PharmacistTank,BB 🚀 🚀 🚀,1607457410,gf35gqp,False,t3_k92ab0,t3_k92ab0,-1
seabashchunn,"Curious as if anyone’s playing BB. Haven’t seen much. 
I’m on 100 12/24 10c. List yours if so.",1607457150,gf34x3q,False,t3_k92ab0,t3_k92ab0,3
RH_Fucked_My_Account,Last chance to hop on BB. ✈️,1607457051,gf34pkh,False,t3_k92ab0,t3_k92ab0,1
icanloveyouAMA,"I saw BB was the new meme stock and wanted to learn options. I bought one BB 9.5 12/11. Obviously knew it was high risk, but this sub has instigated some crazy pumps before.",1607456129,gf32qmc,False,t3_k92ab0,t1_gf32jny,1
PharmacistTank,Fuck it 100 shares of BB at end of day to sell next week. It’ll double by then,1607456064,gf32ldy,False,t3_k92ab0,t3_k92ab0,2
V3yhron,"Hopefully the prick that said useless shit about spending money on books before doesn’t respond again. I need to make about $1500 more to have trading be my largest share of income for the year. Do I do 1/15 ARKK $130c and 3/19 BB 10c and shares of PLTR with the rest of my buying power, or do I wait for IV crush on GME calls tomorrow and do 4/16 GME calls instead of BB?",1607455709,gf31t3l,False,t3_k92ab0,t3_k92ab0,0
jenkems,"BB technicals are primed for a large green day tomorrow or Thursday 

Source: my wife’s boyfriend",1607455567,gf31hqf,False,t3_k92ab0,t3_k92ab0,4
PharmacistTank,Buy BB for good luck 🚀,1607455491,gf31bph,False,t3_k92ab0,t3_k92ab0,2
ilara31,Got 10 more days to hopefully gain something back on GME.. pls bb,1607455423,gf3167p,False,t3_k92ab0,t3_k92ab0,1
sud0er,"I’ve just been selling vertical call spreads while IV is high on BB. 

Hoping to close these positions for a good profit after earnings.",1607454895,gf300jn,False,t3_k57u6e,t3_k57u6e,1
Yendol,Common BB,1607454799,gf2zsvm,False,t3_k8ygto,t3_k8ygto,2
MechaFuckboy,"Recent shitposts noobs were temp-banned for:

User|Post Title
:--|:--
/u/DeadSol|[Wtf is this BB shit and why is it gonna moon?](https://redd.it/k9aan1)
/u/True_Memory_756|[Not a sexy pic by any means but TTCF April calls will fucking print. The marketing right now is kinda trash but the numbers are phenomenal and float is pretty small. It’s been beat to shit too but today confirms a reversal. I’m taking this vegan lesbian stock to the fucking bank. You should too.](https://redd.it/k9abmq)
/u/sheepsgonewild|[Genius sports SPAC DMYD](https://redd.it/k9acfq)
/u/urbfbrbr|[Gme earnings hype anyone?](https://redd.it/k9acxt)
/u/kaleeeed|[How come none of you degenerates mentioned PLUG](https://redd.it/k9aeok)
/u/mvscjgs|[I've joined the PLTR train - was this wise? (PLTR $35 Jan 2022)](https://redd.it/k9aep5)
/u/Rohankapoor786|[Need advise with a strategy !!](https://redd.it/k9ahva)
/u/missme1995|[CRIS up over 300% after upbeat leukemia treatment trial results](https://redd.it/k9alem)
/u/Paliator|[$4,500 to spend, any advice before the new year in stocks or options?](https://redd.it/k9anrh)
/u/S-Lava|[ARYO 🚀🚀🚀](https://redd.it/k9ap0q)",1607454730,gf2znaq,False,t3_k92ab0,t3_k92ab0,2
westislandjames,Bb will pop dec 18,1607454316,gf2yqew,False,t3_k99uy4,t3_k99uy4,5
DUNKMASTERRR,Yeah TANK UP TO 25 BB,1607454133,gf2ybzm,False,t3_k92ab0,t1_gf2xz4e,2
LazyJBo,"BB 10$ Eow
You heard it here first",1607453926,gf2xvak,False,t3_k92ab0,t3_k92ab0,2
westeleven,"Met a vendor using BB today.. no tendies, maybe pickled gizzards",1607453566,gf2x2b6,False,t3_k99uy4,t3_k99uy4,2
PharmacistTank,Getting in BB before it breaks 10 🚀,1607453122,gf2w2n2,False,t3_k92ab0,t3_k92ab0,2
V3yhron,"I got $575 sitting in buying power. Do I do 1/15 ARKK $130c and 3/19 BB 10c and two shares of PLTR, or do I wait for IV crush on GME calls tomorrow and do 4/16 GME calls instead of BB?",1607453023,gf2vuqb,False,t3_k92ab0,t3_k92ab0,1
chop_talk,BB gang rise up!!!!!,1607452448,gf2ukmf,False,t3_k92ab0,t3_k92ab0,7
EatAnimals_Yum,Seems like BB is the cool guy again like it’s 2002...,1607451917,gf2tedy,False,t3_k92ab0,t1_gf2t08e,1
gspach,BB gang 😎,1607451846,gf2t8p7,False,t3_k92ab0,t1_gf2t2lb,3
Senor_Stonks,Elon already utilizes BB tech in SpaceX 🚀,1607451775,gf2t355,False,t3_k99j6j,t3_k99j6j,2
veroxysm,Took calls out on NIO & BB because WSB told me to,1607451769,gf2t2lb,False,t3_k92ab0,t3_k92ab0,2
MechaFuckboy,"Recent shitposts noobs were temp-banned for:

User|Post Title
:--|:--
/u/checkthisout44|[What do we expect DoorDash and Airbnb to do these next two days? Huge gains at IPO?](https://redd.it/k98ukv)
/u/Iamuglyandstupid|[When is the best time to buy IPO AI stock tomorrow?](https://redd.it/k98zsf)
/u/collegedriper|[Plug](https://redd.it/k99158)
/u/Sarumankabap|[John Doerr exits BE](https://redd.it/k992su)
/u/balajikrishh|[Curis finds cure for Cancer!!](https://redd.it/k99ac2)
/u/pootato_salad|[If you were gifted a 500k inheritance, how would you invest it?](https://redd.it/k99acx)
/u/Poderis|[Best trading platform in the EU?](https://redd.it/k99byf)
/u/LedZappelin|[Any fellow autists riding the $BB wave?](https://redd.it/k99cca)
/u/softapplecider|[Coming to the Dark Side](https://redd.it/k99ju7)
/u/hypessv|[let's fuck this up](https://redd.it/k99k7l)",1607451442,gf2scm7,False,t3_k92ab0,t3_k92ab0,5
darksoulsrolls,BB is pissing me right the fuck off,1607451333,gf2s40u,False,t3_k92ab0,t3_k92ab0,1
SonOfASeahorse,Get some OTM FDs bb,1607450134,gf2phfc,False,t3_k92ab0,t1_gf2pbb5,1
aRecycleAwayAccount,"This is an option pricing bot. The latest option price is:

Position|Bid|Ask|Last Price|IV|% Change
:--:|:--:|:--:|:--:|:--:|:--:
BB   9.0|0.17|0.18|0.18|117.344%|-18.6%


BB 9.0C 2020-12-11 was mentioned 1 times

[Click to see where](https://www.reddit.com/message/compose/?to=aRecycleAwayAccount&subject=gf2oqzz&message=Show me)

^(These quotes are based on real time prices. This bot comments Mon-Fri between the hours of 6am-7pmET. Any feedback or suggestions are welcome!)",1607449874,gf2owvx,False,t3_k92ab0,t1_gf2oqzz,1
Openupamemoryhole,I mildly regret buying BB calls- 9c 12/11 fml,1607449799,gf2oqzz,False,t3_k92ab0,t3_k92ab0,1
CrowdGoesWildWoooo,Please say the same to BB. Literally getting cucked every time it broke out.,1607449605,gf2obym,False,t3_k97hdn,t3_k97hdn,3
Senfgestalt,BB pretty stable. I like what I'm seeing.,1607448980,gf2mz16,False,t3_k92ab0,t3_k92ab0,5
tryhardfit,I dont do TA much but it seems bb has been bouncing off 8.70US/11CAD.  If it breaks through 11CAD i think it will run hard. Attempt number 3 right now.,1607448744,gf2mgoj,False,t3_k92ab0,t3_k92ab0,1
BigDerbsBiggerStonks,Yes but hopefully it will be reveled that $BB is under the hood of these self driving cars,1607448663,gf2mafo,False,t3_k8ygto,t1_gf2ivgk,2
pickbot,"**I am a bot and identified and tracked the following options picks within this post:**

|**Ticker**|**Strike**|**Type**|**Exp**|**Recorded Premium**|**Recorded Stock Price**|**OI**|**Volume**|
|:-|:-|:-|:-|:-|:-|:-|:-|
|**BB**|**$10**|**BUY CALL**|**2021-03-19**|**$1.24**|**$8.375**|**14697**|**1315**

[Realtime ROI](https://www.pickmojo.com/pick/ckig9e86s0u560790qrcsmgm5) | [Track Record](https://www.pickmojo.com/user/Mr_Meeseexs/) | [Bot Info](https://www.reddit.com/r/pickmojo/comments/he9ghu/options_picks_tracking_bot_information/) | Leaderboard: [Week](https://www.pickmojo.com/stocks/best-this-week-reddit), [Month](https://www.pickmojo.com/stocks/best-this-month-reddit), [All](https://www.pickmojo.com/stocks/top-reddit) | [Exit this position](https://www.pickmojo.com/reddit_redirect)

**^(*My owner is monitoring these posts, reply with feedback! You can now track comments by mentioning me!)**",1607448603,gf2m5oj,False,t3_k98im3,t3_k98im3,1
EitherAd2666,Uh LAZR seems to be actually.. VLDR is taking their sweet time tho.. I’m eating shit on BB calls rn so I need to break even. PFE is helping me out a lot rn ahah.,1607448464,gf2lujd,False,t3_k96ir2,t1_gf2inqg,5
NocturnesOp9,"The past month I've been balls deep and only selling positions to free up cash for more promising plays. Exciting stuff.

Today just feels choppy and directionless. PLTR is boring. Chinese EVs have semi run up. My tech-ish plays have worked put (FSLY, CRISPR etc). Small plays on BB and GME but not sold on either.

Guess I'll take a breather and see how we go.",1607448410,gf2lq8j,False,t3_k92ab0,t1_gf2l8j1,1
bad_redditer,BB,1607448196,gf2l9c2,False,t3_k92ab0,t1_gf2l6b5,1
bkosh13,Rescue a mother fucker. My homie is cheering on my BB PLTR,1607448170,gf2l7el,False,t3_k92ab0,t1_gf2l3hp,6
masterinsidious,Me bb,1607447543,gf2jurj,False,t3_k92ab0,t1_gf2jt8v,1
_ziros_,You don’t have the blue balls like me BB,1607447125,gf2iyn1,False,t3_k92ab0,t1_gf2i8t1,1
Fognua,Isn’t this blackberry? ;$BB?,1607447084,gf2ivgk,False,t3_k8ygto,t1_gf15o4v,2
siandresi,Ok you convinced me. 30 bb $9c 1/15/21 but I don’t quite get what’s happening cause I’m a retard also,1607446920,gf2iitx,False,t3_k7jffh,t1_ges6ahv,2
FallujahVet,"We must unite and make FINRA abolish this arbitrary barrier to market entry, this arbitrary barrier that keeps the poor from competing against the rich in a free and open marketplace. POOR GANG RISE UP. Positions: SPY 373c 376c 9 Dec, BB puts, PLTR puts. Day trades remaining: 2.",1607446657,gf2hyio,False,t3_k92ab0,t1_gf2ho93,2
FuckJpowsFed,BABA and BB gonna theta kill everyone,1607446563,gf2hrch,False,t3_k92ab0,t3_k92ab0,3
NordyNed,Is BB ever gonna break 9😥,1607446429,gf2hgzr,False,t3_k92ab0,t3_k92ab0,1
_ziros_,I’m ok if BB retests 6 ill fucking cum and double down my leaps,1607446178,gf2gxpt,False,t3_k92ab0,t3_k92ab0,5
thevalsaur,Take your time bb :),1607445921,gf2gdmv,False,t3_k97hdn,t3_k97hdn,3
[deleted],BB you useless slut,1607445898,gf2gbu7,False,t3_k92ab0,t3_k92ab0,5
nickelforapickle,"BB, what you doing bb?",1607445862,gf2g930,False,t3_k92ab0,t3_k92ab0,2
PharmacistTank,BB 10 EOD...15 EOW 25 EOM,1607445773,gf2g28m,False,t3_k92ab0,t3_k92ab0,8
hapysack,"Fuck it, I'm buyin the BB dip",1607445664,gf2ftzc,False,t3_k92ab0,t3_k92ab0,6
PharmacistTank,"BB giving me PLTR vibes before it went 🚀 
GET IN NOW FOR XMAS TENDIES",1607445579,gf2fn9r,False,t3_k92ab0,t3_k92ab0,1
coffeelickerr,BB holders <3... We got thisss yayy yayy,1607445539,gf2fk6p,False,t3_k92ab0,t3_k92ab0,1
jenkems,BB 🚀 🚀 🚀 all I want for Christmas is you,1607445361,gf2f6ki,False,t3_k92ab0,t3_k92ab0,6
[deleted],Bb go to 9 already goddamnit it’s been 84 years,1607445109,gf2enlc,False,t3_k92ab0,t1_gf2ekw0,3
YeahBouy18,"Fuck me harder BB

HARDER!",1607445074,gf2ekw0,False,t3_k92ab0,t3_k92ab0,4
esoccer141414,Just bought some thanks bb,1607444966,gf2ecly,False,t3_k92ab0,t1_gf2a7rm,1
stitchbob,My BB chart is the exact inverse of my PLTR chart today.,1607444859,gf2e4gl,False,t3_k92ab0,t3_k92ab0,2
bagel_maker974,"A properly diversified memefolio

TSLA, BB, SQ, BA & AAPL

That actually covers a lot of areas, companies with lots of potential still, and abilities to play up and downside with decently liquid options lol

even 2 Dividend plays there",1607443265,gf2as4j,False,t3_k92ab0,t3_k92ab0,3
mark2talyho,BB,1607442843,gf29wkc,False,t3_k92ab0,t3_k92ab0,3
jenkems,BB READY FOR TAKEOFF 🚀,1607442799,gf29tbf,False,t3_k92ab0,t3_k92ab0,4
[deleted],"Didn’t even drop in the morning, BB is bae",1607442619,gf29fy8,False,t3_k8pdg8,t1_gezpi23,1
Mtommy,Why is BB doing fine rn?,1607442260,gf28pfz,False,t3_k92ab0,t3_k92ab0,3
leanpunzz,BB the meme of the day,1607442172,gf28izs,False,t3_k92ab0,t3_k92ab0,3
MechaFuckboy,"Recent shitposts noobs were temp-banned for:

User|Post Title
:--|:--
/u/RichRetard|[Just upload +1m $ losses.](https://redd.it/k95te6)
/u/ChiefLegalOfficer|[Puts on Realionaire Reality](https://redd.it/k95tr4)
/u/joe_pescis_goodfella|[FSLY to the moon](https://redd.it/k95y50)
/u/knecht439|[Hey, i wanted to ask if u guys know a good share which is not that expensive to buy this month?](https://redd.it/k961od)
/u/berxl|[This is where the fun begins.](https://redd.it/k96372)
/u/BobbyHillsPurse|[Anybody else in NOK](https://redd.it/k963qm)
/u/Proper_Breadfruit_15|[Fastly - get in now? Soaring back to $140 on tic tok realization?](https://redd.it/k9684w)
/u/IceEngine21|[NVAX dropping despite promising covid-19 vaccines](https://redd.it/k969pc)
/u/dashuhn552|[LAZR](https://redd.it/k96ciz)
/u/KayRocky|[20x. BB 9/11 $9 c. 🚀🚀🚀](https://redd.it/k96dec)",1607441908,gf27zp3,False,t3_k92ab0,t3_k92ab0,5
ExoticZucchini9,Thoughts on BB?,1607441882,gf27xs7,False,t3_k92ab0,t1_gf26up7,1
jenkems,BB 🚀 🚀 🚀,1607441733,gf27n3w,False,t3_k92ab0,t3_k92ab0,2
Space4Time,"This dude called LAZR BB KODK AND VLDR is what he called this morning.

I'm gonna send him a Christmas gift, he's already paid for it.

https://youtu.be/5-Hamd0-5DE",1607441635,gf27fyt,False,t3_k92ab0,t3_k92ab0,2
phazeiserotic,"Dont FOMO on BB 

FB has to pay the money",1607441556,gf27a5k,False,t3_k92ab0,t3_k92ab0,2
jenkems,TAKE YOUR PLTR GAINS AND BUY BB BEFORE IT BREAKS 10,1607441330,gf26tqp,False,t3_k92ab0,t3_k92ab0,2
country_mac08,All in on pltr and bb. If I crash and burn its no ones fault but mine,1607441123,gf26erz,False,t3_k92ab0,t3_k92ab0,7
Wucky622,BB finally 🚀,1607440496,gf256b7,False,t3_k92ab0,t3_k92ab0,3
[deleted],Keep going BB I’m sold close to getting rid of you,1607440454,gf253fm,False,t3_k92ab0,t3_k92ab0,2
chiggaroni,is BB the play today?,1607440379,gf24y5m,False,t3_k92ab0,t3_k92ab0,3
chiggaroni,BABA or BB looking alright,1607440318,gf24twt,False,t3_k92ab0,t1_gf24ori,1
LongMaybe1010,BB HOLY SHIT,1607440292,gf24s6j,False,t3_k92ab0,t3_k92ab0,3
dick_tickler,$BB  10c  1/15/21,1607440204,gf24m5c,False,t3_k92ab0,t1_gf23hl1,2
SudsAde6985,"BB has been, too. People nostalgic for ‘simpler times’?",1607440179,gf24kfz,False,t3_k92ab0,t1_gf23qnu,1
RetardRacerStrength,"Sorry guys... finally invested in PLTR, BB, SFIX and GME today. Expect all of which to tank like PLTR already is...",1607440054,gf24bto,False,t3_k92ab0,t3_k92ab0,6
WestSideShooter,"What do y’all think about $BB ? 

I’m looking forward to their earnings report later on this month",1607439611,gf23hl1,False,t3_k92ab0,t3_k92ab0,2
Senfgestalt,BB GANG CHECK. WE LIT!,1607439416,gf234em,False,t3_k8pdg8,t1_gf1tgq7,1
ModelloVirus,MGNI & BB calls.,1607439269,gf22uee,False,t3_k92ab0,t1_gf22p68,1
Fantastic-Doubt4445,It’s def the year 2000. BB and NOKIA are about to 🚀🚀🚀🚀🚀,1607439236,gf22s5b,False,t3_k92ab0,t3_k92ab0,4
SantoIsBack,$BB is my ticket to more coke and whores,1607438770,gf21xkn,False,t3_k92ab0,t3_k92ab0,6
[deleted],BB go to I already I want to sell your bitch ass,1607438548,gf21j1c,False,t3_k92ab0,t3_k92ab0,2
GetErDunn171,You mean BB?,1607438506,gf21gc9,False,t3_k957fd,t1_gf21bje,2
_ziros_,Portfolio diversified into GME and BB every big fund manager gonna be knocking on my door soon,1607438405,gf219wt,False,t3_k92ab0,t3_k92ab0,2
Schmiddo,BB 🚀🌙,1607438386,gf218pm,False,t3_k92ab0,t3_k92ab0,1
dang3r_79er,"Adda boi, TSLA! Get back up there bb!",1607438298,gf2131w,False,t3_k92ab0,t3_k92ab0,2
LongMaybe1010,BB wtf you doing,1607438223,gf20y6p,False,t3_k92ab0,t3_k92ab0,3
alexmtz101,Where do you guys get off on BB? I've got 2 9/17/21 $7c,1607438069,gf20oh0,False,t3_k92ab0,t3_k92ab0,3
theinnerlight,Come on BB you can do this!,1607437679,gf20067,False,t3_k92ab0,t3_k92ab0,6
templeoftiger,Should I offload my bb 11 calls for mar 19? Losing 20% so far.,1607437594,gf1zuyk,False,t3_k92ab0,t3_k92ab0,6
ryanfave,Pltr 🚀🚀🚀🚀🚀 BB,1607437393,gf1zipb,False,t3_k92ab0,t3_k92ab0,11
Milf-Whisperer,Bb is sad right now:(,1607437309,gf1zdha,False,t3_k92ab0,t1_gf1z8pv,1
TheFuckNameYouWant,Shhh bb it's okay,1607437304,gf1zd61,False,t3_k92ab0,t1_gf1z8pv,2
SalmonTheSalesman,what's the BB news?,1607437298,gf1zcte,False,t3_k92ab0,t3_k92ab0,5
Zephyr727,BB,1607437269,gf1zay9,False,t3_k92ab0,t1_gf1z8pv,1
Turtlesaur,"I haven't seen anyone say ""BB"" today, and that makes me sad.",1607437232,gf1z8pv,False,t3_k92ab0,t3_k92ab0,4
ModelloVirus,$BB when you waking up?,1607437214,gf1z7me,False,t3_k92ab0,t3_k92ab0,3
The_69th_wife,Where’d all the hype for BB go?,1607436784,gf1yhdq,False,t3_k92ab0,t3_k92ab0,7
WatchingyouNyouNyou,Santa BB,1607436503,gf1y0ta,False,t3_k92ab0,t3_k92ab0,3
Zephyr727,What happened to all the BB hype that I was seeing on this sub? Kinda melted away.,1607436302,gf1xpa1,False,t3_k92ab0,t3_k92ab0,5
theleftrocket,"BB to have a Red day then rocket wed, consolidate, rocket again Monday 🌝",1607435320,gf1w5jc,False,t3_k8pdg8,t3_k8pdg8,2
analog_android,is real bb,1607434946,gf1vl25,False,t3_k92ab0,t1_gf1vhzm,1
Huey_Long_Schong,"Lol calls because of low RSI and BB. Reversals like PLTR, which you wouldn't want to long puts at the bottom last week",1607434874,gf1vh3o,False,t3_k92ab0,t1_gf1v963,1
RifRafGiraffeAttack,"If analysts start updating PTs it should help a some. Also given BB does $1B of revenue, adding hundreds of millions is huge.",1607434809,gf1vdld,False,t3_k8xa09,t1_gf1seou,3
ltsconnor,LXRX or KODK or BB calls???,1607434503,gf1uwyb,False,t3_k92ab0,t3_k92ab0,1
t2689,AI bb,1607434435,gf1utaw,False,t3_k92ab0,t1_gf1t4qu,1
k12nmonky,"f\*\*\* you BB, thank god for PLTR",1607433835,gf1tyao,False,t3_k92ab0,t3_k92ab0,11
Neither_Meat8226,SPY no bb wat u doing... I thought stinks only go up...,1607433826,gf1txtw,False,t3_k92ab0,t3_k92ab0,2
chisauce,Which means the time is now to load up on BB,1607433565,gf1tkqf,False,t3_k92n3y,t3_k92n3y,5
_ziros_,Gonna have to change my underwear the second BB breaks 9,1607433247,gf1t52o,False,t3_k92ab0,t3_k92ab0,3
robot3201,I don't see any other news that would indicate any rockets for bb. Are you all just holding long term?,1607432695,gf1seou,False,t3_k8xa09,t3_k8xa09,2
Bigpopperss,BB to the moon,1607432521,gf1s6kg,False,t3_k92ab0,t3_k92ab0,2
smallstreetgains,"The Most Popular Tickers on Reddit for Today, 2020-12-08.

#Trending Tickers

Ticker|Mentions|Bulls|Neutral|Bears|Price|Change|P/E
:--|:--|:--|:--|:--|:--|:--|:--
PLTR|4397|35.91%|57.17%|6.92%|$28.94|21.34%|-
TSLA|2462|30.64%|57.60%|11.76%|$641.76|7.13%|-
GME|999|30.31%|57.34%|12.35%|$16.35|-3.25%|-
SPY|913|20.96%|62.62%|16.42%|$369.09|-0.21%|-
LAZR|528|24.50%|59.36%|16.14%|$40.88|30.19%|-
NIO|527|24.32%|70.36%|5.32%|$45.11|4.81%|-
SPCE|517|33.47%|61.35%|5.18%|$33.80|17.61%|-
CRM|301|42.24%|53.07%|4.69%|$227.70|0.81%|1683.34
BB|297|15.37%|83.84%|0.79%|$8.25|-3.17%|-
ARKG|250|31.56%|64.34%|4.10%|$94.66|5.56%|-
FUND|244|7.89%|88.54%|3.56%|$7.05|-0.56%|-
NET|241|9.07%|88.25%|2.68%|$81.96|5.96%|-
AAPL|236|38.53%|54.59%|6.88%|$123.75|1.23%|10.03
ETF|229|18.16%|77.93%|3.91%|$-|-|-
ARKK|225|37.62%|59.41%|2.97%|$120.68|2.98%|-


#Trending Contracts

Ticker|Strike|Type|Date|Mentions
:--|:--|:--|:--|:--
PLTR|$30|CALL|12/11|12
PLTR|$40|CALL|12/11|10
PLTR|$35|CALL|12/31|7
PLTR|$40|CALL|1/15|5
ARKG|$105|CALL|1/15|5
PLTR|$35|CALL|12/11|5
CRM|$235|CALL|12/24|5
CRM|$230|CALL|1/22|5
CRM|$270|CALL|3/19|5
BA|$250|CALL|12/18|4
X|$105|CALL|1/15|4
TSLA|$570|CALL|12/11|4
PLTR|$30|CALL|31/12|3
PLTR|$31|CALL|12/11|3
PLTR|$32|CALL|12/11|3
DKNG|$50|CALL|1/15|3
AAL|$20|CALL|12/11|3
PLTR|$31|CALL|12/31|3
PLTR|$33|CALL|12/11|3
GME|$30|CALL|1/15|3


#Other Information

Subreddits Searched: wallstreetbets, investing, stocks, stockmarket, options, robinhood

Comments Searched: 68005

Unique Tickers: 615

Total Tickers: 25842

Unique Contracts: 333

Total Contracts: 463

Time Period: 20h

Financial data provided by [Vhinny](https://www.vhinny.com/).

View daily trending tickers on r/RedditTickers.",1607432482,gf1s4r3,False,t3_k92ab0,t3_k92ab0,48
RandyCrane17,Big fax. I don’t think anyone’s dumb enough to get door dash but there will be lots of air bb bag holders.,1607432302,gf1rw9v,False,t3_k92ab0,t1_gf1rt67,3
charcoallition,"Wait for iv to go down on GME, I have a 10c 3/19 for BB",1607431732,gf1r67s,False,t3_k92ab0,t1_gf1r049,3
CuckyBoy78,"GME, LI, and BB. What strikes and exp pls ?",1607431593,gf1r049,False,t3_k92ab0,t3_k92ab0,1
Nelz16,Yessss BB faithful,1607430757,gf1pzs5,False,t3_k92ab0,t1_gf1ow1v,1
Vacaville22,BB 10c 12/30/2020,1607429793,gf1ow1v,False,t3_k92ab0,t1_gf1ospq,3
SnooAvocados8366,I'm all in on BB actually,1607429560,gf1omt9,False,t3_k9342i,t1_gf1ol4o,4
kestong,I'd guess BB or APHA🤷‍♂️ but idk might lose all my money. Currently up 126% on my APHA shares tho and its up 83% the last 3 months,1607429264,gf1oben,False,t3_k8xv6k,t3_k8xv6k,2
DylanDevin06,TSLA $5 bil offering so that he can buy fucking BB calls,1607427388,gf1mcfw,False,t3_k92ab0,t3_k92ab0,2
DylanDevin06,Come on BB,1607427158,gf1m3zz,False,t3_k92ab0,t3_k92ab0,4
DylanDevin06,"8.75 is current BB resistance level, if it opens above that we mooning",1607425697,gf1kn94,False,t3_k92ab0,t3_k92ab0,3
Schmiddo,BB moon mission today!,1607425170,gf1k544,False,t3_k8pdg8,t3_k8pdg8,2
WatchingyouNyouNyou,"Hey you the unlucky guy, exit BB so we can fucking moon. You are holding us back my man",1607425149,gf1k4er,False,t3_k8pdg8,t3_k8pdg8,4
kimaris99,Waiting for GME and BB to make profit currently on red so I can start investing more...,1607424693,gf1jozb,False,t3_k8pdg8,t3_k8pdg8,4
DylanDevin06,"BB 20k share buy order at 8.50, we moving up
    Edit: not my order, just watching lvl 2",1607423497,gf1il57,False,t3_k8pdg8,t3_k8pdg8,3
DylanDevin06,If BB finds a way to open over $9 today I will fuk,1607423354,gf1igc1,False,t3_k8pdg8,t1_gf1i4oo,1
justinbeans,oh niceeee just here all week bb hype and my calls are in the red lol,1607423300,gf1ieje,False,t3_k8pdg8,t1_gf1ibfj,2
Heim23,BB vaccine trials going well,1607423231,gf1ic8w,False,t3_k8pdg8,t1_gf1i7c4,4
j3rrylee,Why is bb mooning?????? Last time I checked it’s 2020 not 2008,1607423084,gf1i7c4,False,t3_k8pdg8,t1_gf1i4oo,4
Layrasm,"BB is going to pull a Kodak, but actually have long term viability",1607423004,gf1i4oo,False,t3_k8pdg8,t3_k8pdg8,8
Kentuckychickennow,Why the fuck is BB up,1607422619,gf1hs10,False,t3_k8pdg8,t1_gf1h4wn,2
[deleted],BB woke tf up tho,1607422440,gf1hm88,False,t3_k8pdg8,t3_k8pdg8,6
DylanDevin06,BB up 5%,1607422119,gf1hbsq,False,t3_k8pdg8,t3_k8pdg8,3
DylanDevin06,Today BB will be my bb,1607421907,gf1h4wn,False,t3_k8pdg8,t3_k8pdg8,2
DC9Fancap,"Bb, 03/2021 12c is 100 bucks. 🚀🚀🚀",1607421200,gf1ghq4,False,t3_k91gai,t3_k91gai,9
SalmonTheSalesman,"I got AMD,BB, and SUMO all on their dips. Ya boy is about to make some money",1607421021,gf1gbqb,False,t3_k8pdg8,t3_k8pdg8,2
MechaFuckboy,"Recent shitposts noobs were temp-banned for:

User|Post Title
:--|:--
/u/neos933|[What is the best app for beginners?](https://redd.it/k90kxd)
/u/blues_for_allah|[Sorta new here. Positions?](https://redd.it/k90l8m)
/u/tille_tv1|[Invest in me](https://redd.it/k90opr)
/u/International_Army43|[If you have 500$ to flip it to 1M, what would your best play be?](https://redd.it/k90t2h)
/u/Revolutionary-Ad6009|[3c.ai IPO](https://redd.it/k911md)
/u/Justadam0117|[Where do i start](https://redd.it/k917n1)
/u/Justadam0117|[Where do i start](https://redd.it/k917n1)
/u/birlehmovic55|[Only one option to do today! (Tesla/BB)](https://redd.it/k918tw)
/u/Infinite-Ad-5065|[Will KODK continue to rise??? Also what’s the hype with BB? I’m a retard need some info](https://redd.it/k91co2)
/u/CgW2go|[A little help understanding](https://redd.it/k91ehs)",1607420646,gf1fzee,False,t3_k8pdg8,t3_k8pdg8,4
Layrasm,"BB may moon today

[https://newsfilter.io/articles/bmw-creates-data-hub-with-amazon-to-boost-efficiency-0a3f5cbff5a5ea8420766bfc8b9d615e](https://newsfilter.io/articles/bmw-creates-data-hub-with-amazon-to-boost-efficiency-0a3f5cbff5a5ea8420766bfc8b9d615e)",1607420461,gf1ft4d,False,t3_k8pdg8,t3_k8pdg8,2
Val0r4nt,"TSLA, PLTR, SPCE, VLDR. TAKE ME TO THE PROMISED LAND BB AAAAAAAAAAAAAAHHHHHHHHHHHH!",1607420002,gf1fdrx,False,t3_k8pdg8,t3_k8pdg8,3
krikke_d,"> I don't blame him for issuing more shares at a higher price 

this is the brilliant part, Tesla bonds are rate BB- (several notches into junk) but at this valuation he can just issue a small amount of new shares to finance whatever and it is substantially more interesting for their balance sheet.

the most amazing thing is the stock price goes up as he does this because TSLA becomes a less leveraged/more likely to survive company... it's really what capital markets should be used for.

it\\s overvalued as hell but you won't see me buying puts against it.",1607418980,gf1efio,False,t3_k8pdg8,t1_gf1dywd,1
me_gusta_gatos,BB green what does that mean,1607418865,gf1ebne,False,t3_k8pdg8,t3_k8pdg8,3
shivan84,BB,1607417391,gf1cxq8,False,t3_k8vxe7,t3_k8vxe7,2
DylanDevin06,"Late night $BB chat on a Webull bullish, they helping me go to bed🥺",1607414655,gf1a97m,False,t3_k8pdg8,t3_k8pdg8,3
Nasty_Nate2324,BB GANG  🚀 🚀 🚀 🚀 🚀 🚀 🚀 🚀 🚀,1607414511,gf1a3ug,False,t3_k8xa09,t3_k8xa09,3
N3RD_01,"Sooo 12/18 $20 FD BB calls? Ok I'm in for $5,000 the moment market opens.",1607414190,gf19s6b,False,t3_k8ygto,t3_k8ygto,5
Senfgestalt,Come on BB. I need money moves!,1607413495,gf1920k,False,t3_k8pdg8,t3_k8pdg8,6
cerveti,To all the retard $BB bulls....i'm in. What's the move Jan 2021 or 2022?,1607413267,gf18szf,False,t3_k8pdg8,t3_k8pdg8,2
coffeelickerr,BB it is and guys what do you mean by short squeeze for GME do i need to sell of my shares during squeeze?? Is GME considered as a long term share ??,1607412886,gf18e07,False,t3_k8pdg8,t3_k8pdg8,0
Kochi3,"BB, GSM",1607412546,gf180kj,False,t3_k8pdg8,t1_gf17hv4,1
swshrXX,$BB,1607411403,gf16rzm,False,t3_k8pdg8,t1_gf16ne4,3
BigDerbsBiggerStonks,"Promo video for $AMZN Zoox, big reveal will be that $BB is under the hood 🚀

https://www.reddit.com/user/ZooxOfficial/comments/k61n6c/the_future_is_for_riders/?utm_source=share&utm_medium=ios_app&utm_name=iossmf

My $BB 12C 3/19/21 support this message.",1607410924,gf168kg,False,t3_k8pdg8,t3_k8pdg8,2
dweeegs,🌽 is all u need bb,1607410637,gf15wv4,False,t3_k8pdg8,t1_gf15sjh,2
nfa1234,Msft bb pershing square,1607410581,gf15ujq,False,t3_k8pdg8,t1_gf15nsp,0
BigDerbsBiggerStonks,"Promo video 

https://www.reddit.com/user/ZooxOfficial/comments/k61n6c/the_future_is_for_riders/?utm_source=share&utm_medium=ios_app&utm_name=iossmf

My $BB 12C 3/19/21 support this message.",1607410428,gf15o4v,False,t3_k8ygto,t3_k8ygto,12
bad_redditer,I will kiss Cramer on the mouth if he pumps BB for me,1607410309,gf15jb1,False,t3_k8pdg8,t3_k8pdg8,1
bad_redditer,BB,1607410155,gf15cwz,False,t3_k8pdg8,t1_gf13ypd,2
gumby9,Bored and was scrolling through pornhub. Ended up watching BBW porn. Now imma buy $BB at open 😘🚀😛,1607409836,gf14zlx,False,t3_k8pdg8,t3_k8pdg8,9
Space_Lord_MF,How long until Cramer pumps BB,1607409779,gf14x8l,False,t3_k8pdg8,t3_k8pdg8,3
BigDerbsBiggerStonks,$BB not a big enough meme imo,1607409312,gf14dt7,False,t3_k8pdg8,t3_k8pdg8,7
BigDerbsBiggerStonks,"I’m for it.  Need to incorporate brick breaker, og $BB game",1607409170,gf147l4,False,t3_k8pdg8,t1_gf142rx,3
country_mac08,BB,1607409082,gf143sp,False,t3_k8pdg8,t1_gf13ypd,7
country_mac08,Can you guys make BB do that thing where it goes up and up and up? Maybe make some cool memes and piss off kramer?,1607409058,gf142rx,False,t3_k8pdg8,t3_k8pdg8,7
country_mac08,BB,1607408997,gf1406v,False,t3_k8pdg8,t1_gf13g0h,5
ToshkaPlayz,Thoughts on $BB today? And eow? Went in at 8.92 with a x5 leverage down 38%. Really hope it make another 20-30% jump up.,1607408833,gf13t67,False,t3_k8pdg8,t3_k8pdg8,3
swshrXX,$BB,1607408553,gf13h2m,False,t3_k8pdg8,t1_gf13g0h,10
swshrXX,"I will shave my own eyebrows off in his honor if BB hits $20 by January 15th, 2021",1607408443,gf13c8z,False,t3_k8pdg8,t1_gf138f6,2
LisleSwanson,BB at $15 EOY,1607408358,gf138lp,False,t3_k8pdg8,t1_gf12y7x,3
swshrXX,"[interview with John Chen, BB CEO about AWS partnership ](https://youtu.be/xUZCPUHJznE)

Skip to about the 3 minute mark. He is asked about the possibility of other partnerships in the future (she mentions TSLA)

Watch this motherfuckers face light up like a Christmas tree as he tries to hold his tongue back

We about to find out what that smile means real soon",1607408122,gf12y7x,False,t3_k8pdg8,t3_k8pdg8,7
-Nordico-,BB going moon. AMZN is secretely acquiring position in BB.,1607408014,gf12thj,False,t3_k8pdg8,t3_k8pdg8,3
crumbycanadianpoutin,Hmm might have to pick up some more BB. I think its only a matter of time before it makes a serious bull run.,1607407896,gf12o8v,False,t3_k8ygto,t1_gf127y9,7
swshrXX,Buy as much BB as you can. Don’t check again until your Amazon package gets delivered by a drone powered by BB within 2 hours of ordering. Then you will know it’s time,1607407549,gf128r2,False,t3_k8pdg8,t3_k8pdg8,5
adeadlyfire,BB is what? positioning itself with amazon to be some big brother watching all future car digital infoscapes? Securing*,1607407433,gf123c4,False,t3_k8pdg8,t3_k8pdg8,5
cocococopuffs,I meant that literally every self drive car already uses BB... I don’t see how that’s an announcement,1607407423,gf122vm,False,t3_k8ygto,t1_gf10vdx,4
LisleSwanson,"BB, PLAY, MRO",1607407283,gf11wdn,False,t3_k8pdg8,t1_gf11t0n,5
BiggunsMcGillicuddy,$BB 12.5c 1/22,1607406965,gf11hnq,False,t3_k8xv6k,t3_k8xv6k,7
spyaintnobitch,BB,1607406436,gf10sob,False,t3_k8pdg8,t1_gf10948,2
Phlebotanist,10K BB weeklies up to $10,1607406348,gf10ofe,False,t3_k8pdg8,t1_gf0zw3k,1
cocococopuffs, You’re looking too much into it. BB is already used by a lot of cars.,1607406336,gf10nu7,False,t3_k8ygto,t3_k8ygto,2
gatorboy2424,Thank god I got PLTR and BB,1607406055,gf10aad,False,t3_k81q2t,t1_gf0210j,1
Saskuel,Is BB really poised to go up?,1607405981,gf106o6,False,t3_k8pdg8,t3_k8pdg8,3
Chiaope,All in BB cus when the underdog rise they cause a tsunami and u will be swimming in tendies,1607404301,gf0xs91,False,t3_k8vxe7,t3_k8vxe7,1
Drwhalefart,BB,1607404135,gf0xjlt,False,t3_k8xv6k,t3_k8xv6k,29
Chiaope,No idea what this means but BB to the moon?? 🚀🚀🚀🚀🚀🚀🚀🚀🚀🚀🚀🚀,1607403735,gf0wy7p,False,t3_k8xa09,t3_k8xa09,20
24fps365,Some homie was talking about BB before it mooned,1607402839,gf0vkf4,False,t3_k8pdg8,t1_gf0vam7,1
richtofin115,Thnx bb,1607402829,gf0vjrr,False,t3_k8pdg8,t1_gf0vheu,3
bad_redditer,What's the next meme stock and why is it BB?,1607402153,gf0uh26,False,t3_k8pdg8,t3_k8pdg8,12
grecobene,This is pointing at the BB tree while there is a fuckin' forest of PLTR pumping right behind,1607401926,gf0u42d,False,t3_k8xa09,t1_gf0tfck,13
shad0wtig3r,"They aren't trying that hard, most are focusing on PLTR and GME, BB is a desperate Kodak type dead cat bounce.",1607401764,gf0tup9,False,t3_k8xa09,t1_gf0tfck,-18
_night_fall_,lol @ this sub trying so hard to pump BB,1607401503,gf0tfck,False,t3_k8xa09,t3_k8xa09,-25
country_mac08,I’ll trade you my 15 bb 12c 12/31,1607401493,gf0teqn,False,t3_k8pdg8,t1_gf0t72c,2
Strict-Sandwich1429,BB 9 call I bought today is red,1607401113,gf0srl3,False,t3_k8pdg8,t1_gf0spdv,1
MysteryMeat9,What kind of deal?  I keep seeing BB mentioned around here.... is that why? Or are there other reasons it has been going up,1607400513,gf0rqvb,False,t3_k8vxe7,t1_gf0mbpp,2
PbergXBL,BB 12/18 $9C am I fucked or did I buy a good dip today?,1607400465,gf0rntu,False,t3_k8pdg8,t3_k8pdg8,3
Stomponyourgoldfish,Europoors pump us up bb,1607400213,gf0r89r,False,t3_k8pdg8,t3_k8pdg8,4
mauimikes,BB,1607399052,gf0p70l,False,t3_k8pdg8,t1_gf0ozt5,4
The__Texan,"yes, but also maybe no. how many leap calls for bb do you have?",1607397826,gf0n0fy,False,t3_k8pdg8,t1_gf0mr5r,1
OhAnthem,You think BB leaps are gonna print?,1607397684,gf0mr5r,False,t3_k8pdg8,t3_k8pdg8,0
The__Texan,BB leap calls hmmm. Yay or nay?,1607397485,gf0me5f,False,t3_k8pdg8,t3_k8pdg8,1
myNameIsPDT,"* BB just finished a cup n handle, so that is ready to break out tomorrow.
* GME tested new support above $16, which means its ready to keep rolling tomorrow. Also kinda looks like a lop sided cup n handle.
* PLTR, SPCE, TSLA all broke out today, so they will need to trade sideways before moving higher, likely continuing their rise on Wednesday/Thursday.
* AMD has solidified new support above $92, and is ready to keep going.
* AAPL, again support above $122, and is ready to keep going. Might consolidate around 123 tomorrow.
* NVDA just established support at $540, and is ready to roll past $550.
* CRM has established a recovery trend the last three days after the earnings sell off.

Take your pick....",1607396524,gf0koxn,False,t3_k8vxe7,t3_k8vxe7,59
BenBastik,2023 BB calls.,1607396343,gf0kd3m,False,t3_k8vxe7,t3_k8vxe7,6
Rambo__Lambo,BB makes a run every year. Maybe this year is different. Consider it tuition,1607395909,gf0jkng,False,t3_k8pdg8,t1_gf0hq5n,1
Estropelic,Buying more BB for the long haul. Stock jumped up so all the age old bag holders could drop. Now it’s time for tendies,1607394734,gf0hg07,False,t3_k8pdg8,t3_k8pdg8,3
westeleven,Went in on BB 15c 9/17 at open and not thrilled .. but IPOC calls carried me,1607394707,gf0he82,False,t3_k8el96,t1_gezkbom,1
Kickinitez,BB? That's some old tech. Are we all turning into spies or somethin?,1607394695,gf0hdgg,False,t3_k8pdg8,t1_gf05r5p,1
jtbfisher,"Well, I’m fucking clueless and just just started, so far I’ve bought 3 calls

BB 9c 12/18
Kinda took the wsb advice on this one, seems like some solid dd and with how it’s been recently, 9 doesn’t seem unreasonable. Bought today when they were down 3%

FCEL 8c 12/18
Idk just seems like this is a solid industry, with Biden’s election and everything renewables seem good. And it’s pretty much at 8, was at 10 last week and slipped but it’s back on the trend line now I think.

And a XOM 50c 2/19
Contrary to my previous “renewables seem good”, I feel like exxon and oil and gas in general will still go be used more, considering what they were at pre-crash and with new vaccines",1607394602,gf0h75g,False,t3_k8pdg8,t1_gf0g5s8,1
ATXBikeRider,"Potential here but I've caught a falling knife today and yesterday.  But BBY.  At 4 month low.  Next earnings is mid February so hoping for a ramp up back to at least 120.  Even then 110s will print.  Currently around 102.  If it dips to 90 I'd go all in!  I'm tapped at the moment on this play so just gonna wait.

CRM.  Took a massive hit after earnings and WORK aquisition.  But seem to be a small business software powerhouse that almost exliposed 280 on their earnings before the last.  Again next esenit date is in February so have bought some 230s for then.

NKE earnings next Friday.  Have been on a steady run.  Had 12/18 140c, a lot of them but have been taking profit and am only down to 4.  Earnings are 12/18 after hours.  

Got 1000 shares of BB at 7... So watching this one.

Loads of RKT shares at 20 that I'm selling callas against.



What you got fam?",1607394038,gf0g5s8,False,t3_k8pdg8,t1_gf0ffow,3
SantoIsBack,🚀🚀🚀 $BB made me fucking rich in one day Friday!! Still in time to hop on a train retards it is going to the moon 16$ EOY bitchesss to the moon 🚀🚀🚀🚀🚀🚀🚀,1607393376,gf0eybr,False,t3_k8pdg8,t3_k8pdg8,4
westeleven,Bet they faired as well as my BB $15 9/17 calls 😑,1607393246,gf0eppc,False,t3_k8el96,t1_gey0b0j,1
epicgohan,"bought some $bb calls for 9c 1/15/2020,, feeling kindaaaa,,, slow.",1607392919,gf0e3ve,False,t3_k8pdg8,t3_k8pdg8,4
AnimalCrossingGuard,More gme and bb!,1607392232,gf0ctks,False,t3_k8pdg8,t3_k8pdg8,1
justinbeans,Just watch my pltr shares 🚀🚀🚀 and my BB calls lose me money,1607391811,gf0c04a,False,t3_k8pdg8,t3_k8pdg8,5
xtheory,Having a local BB cache certainly helps.,1607391754,gf0bw8r,False,t3_k8n3io,t1_gezzxeq,4
DylanDevin06,Anyone else got FDs on BB?,1607390322,gf094o9,False,t3_k8pdg8,t3_k8pdg8,3
dameLillardManiac,Love you too bb,1607390318,gf094ee,False,t3_k8pdg8,t1_gf092pe,1
The__Texan,So buy bb shares? Got it!,1607389324,gf07a85,False,t3_k8pdg8,t1_gf06rpt,2
chop_talk,"I used to work for a fund admin and one of my clients had tons of BB shares. I left at the end of 2019 and the fund was deep in shares. My two cents.

Buddy who works there still says they have them.",1607389052,gf06rpt,False,t3_k8pdg8,t3_k8pdg8,2
6r1n3i19,"RIP


BB memestonk status


12/1/2020 - 12/7/2020",1607388848,gf06e4s,False,t3_k8pdg8,t3_k8pdg8,10
ChonzeMcGlonze,is BB a dangerous investment or a guaranteed print?,1607388793,gf06afd,False,t3_k8pdg8,t3_k8pdg8,4
Beau2196,"BB: 9c 1/15/21 — 12c 3/19/21

GME: 25c 4/16/21

🚀🚀🚀🚀🚀",1607388738,gf066nl,False,t3_k8pdg8,t3_k8pdg8,5
Estropelic,BB still a good buy?,1607388605,gf05xl0,False,t3_k7jffh,t3_k7jffh,11
The__Texan,"I do like BB. I find it funny how people still think they are a cellphone company lol.

You have any positions in BB",1607388572,gf05vd5,False,t3_k8pdg8,t1_gf05pc9,1
SmalltownPT,BB crew rise up!,1607388509,gf05r5p,False,t3_k8pdg8,t1_gf04yrp,2
ATXBikeRider,"I WAS bullish on BB, but damn it was a sector rotation into PLTR and shitty LAZR today.",1607388472,gf05oqj,False,t3_k8pdg8,t1_gf05f48,1
[deleted],Fk man why did I buy bb instead of nndm today,1607388328,gf05fa1,False,t3_k8pdg8,t3_k8pdg8,2
chop_talk,Buy BB,1607388325,gf05f48,False,t3_k8pdg8,t3_k8pdg8,4
chop_talk,BB,1607388083,gf04yrp,False,t3_k8pdg8,t1_gf04rsg,1
chisauce,Buy more BB,1607387804,gf04geq,False,t3_k8pdg8,t3_k8pdg8,2
FuckJpowsFed,"Baba, WBA, BB you’re welcome",1607387340,gf03m60,False,t3_k8pdg8,t1_gf03joc,1
leomeng,$20k in calls purchased today bb,1607386779,gf02l1z,False,t3_k8pdg8,t1_gf02645,1
M_y_M_u_s_e,"They're working with Amazon. Everything Amazon touched turns into gold. $BB is no longer a phone company, it's an analytics and information systems company which are the future of the world. Get in now. Long long long!",1607386463,gf01zyw,False,t3_k8pdg8,t1_gf01tbe,1
ChonzeMcGlonze,is there news on BB? i keep hearing about it,1607386362,gf01tbe,False,t3_k8pdg8,t1_gf01l5r,1
M_y_M_u_s_e,"$BB, $UBER and $AVTR. You're welcome, anon.",1607386240,gf01l5r,False,t3_k8pdg8,t1_gf0162t,2
NnewyorkY,BB BETTER TURN AROUND 😩🚀,1607385876,gf00xij,False,t3_k8pdg8,t3_k8pdg8,2
ddddrrrreeeewwww,Hell yeah bb,1607383787,gezwz1i,False,t3_k6onfb,t3_k6onfb,1
getsomemoney44,When is it BB turn to 🚀🚀🚀,1607383343,gezw3wb,False,t3_k8pdg8,t3_k8pdg8,3
Wucky622,I was told to buy BB,1607383085,gezvlpu,False,t3_k8pdg8,t3_k8pdg8,5
mywilliswell95,"PLTR 🤤 $30+ in AH. Theta kinda wrecked some gains but lucidly I bought 50c and 40c leaps. Take me to the (unrealized) peak bb!!!!
Hi Cramer 🙋🏼‍♂️",1607383075,gezvl08,False,t3_k8pdg8,t3_k8pdg8,6
mk3madness,Bb 🚀🚀🚀🚀🚀🚀🚀🚀🚀🚀🚀🚀🚀🚀🚀🚀🚀🚀🚀U ALREADY KNOW WE GOING TO THE MOON YOU WANT IN PUNCH YOUR FUCKING TICKET,1607382995,gezvf8l,False,t3_k8pdg8,t3_k8pdg8,6
Space_Lord_MF,Cramer thinks BB is a phone company,1607382870,gezv66p,False,t3_k8pdg8,t3_k8pdg8,8
Darkanglesmyname,"fuck it, buying back into PLTR please dont dip again you treated me so nicely before. 

also tfw everything's green besides my BB and APHA calls",1607382549,gezujec,False,t3_k8pdg8,t3_k8pdg8,7
Space_Lord_MF,"Look at the chart on BB, a healthy pullback is all. Thing went straight up all of Dec so far. This is a long term play anyeay, dont do FDs on it.",1607382525,gezuhli,False,t3_k8pdg8,t3_k8pdg8,2
me_gusta_gatos,What's the word on BB retatds think I'm gonna paper hand it,1607382160,geztrqp,False,t3_k8pdg8,t3_k8pdg8,2
happierdayz4me2,He seems to be a week late so next week he'll cover BB?,1607382053,geztkb0,False,t3_k8pdg8,t1_geztc43,2
_ziros_,Half my account in BB and the other half in GME,1607381472,gezsfim,False,t3_k8pdg8,t1_gezrelm,2
NnewyorkY,BB $10 by EOY?,1607381142,gezrsaj,False,t3_k8pdg8,t3_k8pdg8,3
_ziros_,Where is BB gang at ?,1607380923,gezrcql,False,t3_k8pdg8,t3_k8pdg8,7
Unusual-Item3,That’s the sound of money bb!,1607380867,gezr8sz,False,t3_k8ojot,t1_gezbhft,44
[deleted],"No problem retard. If it makes you feel any better I bought BB at 9, PLTR more in 32, and more CRSR at 41 lol",1607380201,gezpy34,False,t3_k8pdg8,t1_gezptls,1
_ziros_,Im all in BB right now leaps if that mothe fucker dips 50% im gonna reload my trading account big and buy more leaps,1607380119,gezps8i,False,t3_k8pdg8,t3_k8pdg8,2
RH_Fucked_My_Account,"So BB anyone? 

😓",1607379716,gezp0b8,False,t3_k8pdg8,t3_k8pdg8,4
DontDabTakeSlabs,Great volume today BB thanks for taking a dip and letting me jump in. I know you’ll moon soon. Preferably before 1/15 and above $10,1607379541,gezoo8p,False,t3_k8pdg8,t3_k8pdg8,1
[deleted],"When they were smallish my current as PLTR, CRSR, BB (fuck this one I want it to go to 9 so I can pull out), and LAZR. LAZR has sky rocketed in like 2-3 days. I wish I put more but I was losing a lot last week so I put a few hundreds instead. Still pretty happy I made over half of what I lost last week lol",1607379458,gezoiip,False,t3_k8pdg8,t1_gezj4ds,1
MannyGuapo,All ill be doing tomorrow is watching my BB $10c 1/15/21 slowly lose me money. I know other people are having a similar fate. At least I hope so it'll make me feel better,1607379373,gezocrv,False,t3_k8pdg8,t3_k8pdg8,2
6r1n3i19,Similar. I pulled out my initial investment. Letting my 3 bb shares left pull me to tendie town,1607379262,gezo58u,False,t3_k8pdg8,t1_geznvel,2
_ziros_,Anybody else yolo into BB calls today?,1607378914,geznipw,False,t3_k8el96,t3_k8el96,1
_ziros_,Yolod BB leaps today,1607378895,geznhh0,False,t3_k8el96,t1_gezl7gn,1
_ziros_,I yolod into BB today,1607378882,gezngnh,False,t3_k8el96,t1_gezkbom,2
EyeGotThat,Apple will take off this week idk about BB tho 🤔,1607377883,gezln1k,False,t3_k8el96,t1_gezkbom,3
Trenchcoat_Economics,AAPL disagrees with that and BB thinks it makes being a zombie stock look pretty cool 😎,1607377744,gezldiv,False,t3_k8el96,t1_gezklqd,1
coffeelickerr,BB aint Zombie :( .. I made some $ last week.. Checking out with fellow BB buds :/,1607377656,gezl7gn,False,t3_k8el96,t1_gezklqd,2
Vacaville22,Bought BB today! This is getting fuelled up for take-off!,1607377303,gezkj38,False,t3_k8el96,t1_gezkbom,1
coffeelickerr,"Any BB and AAPL folks in here?  
BB should touch $9 for sure : ) by EOW.. What do you guys think?",1607377197,gezkbom,False,t3_k8el96,t3_k8el96,3
SHLLYIION,"Definitely a lack of Rockets. Let me explain

BB To Moon 🚀🚀🚀🚀🚀🚀🚀🚀🚀🚀🚀🚀🚀🚀🌙🌙🌙🌙🌙🌙🚀🌙🚀🌙🚀🌙🚀💱",1607376981,gezjwyw,False,t3_k8j3e6,t3_k8j3e6,5
KarroMetall,"what small stock tickets would you suggest? Other that GME, PLTR and BB of course",1607376563,gezj4ds,False,t3_k8pdg8,t1_gezg9vc,1
Igilmartin45,"last week was BB calls, this week we're running BB puts  🚀🚀🚀🚀🚀",1607376253,geziiy3,False,t3_k8pdg8,t3_k8pdg8,1
newautist,How long till BB moons 😑,1607376243,geziiab,False,t3_k8pdg8,t3_k8pdg8,1
33Million,BB the next money printing machine ?,1607375752,gezhka4,False,t3_k8pdg8,t3_k8pdg8,1
RADIO02118,"Sold 200x BB calls today for a loss and closed my position. They were making my TSLA gains look bad.

I was bullish but it underperformed its peers today so not so bullish anymore.",1607375665,gezhe6p,False,t3_k8pdg8,t3_k8pdg8,1
Dark_Roasted_Dreams,"Picked up some SUMO,AMD and BB Calls at the bottom today. Now I wait like a patient Tibetan monk.",1607375010,gezg3q3,False,t3_k8pdg8,t3_k8pdg8,1
faisall1,"Honestly, I didn't invest in it just for the AWS partnership. I believe it's very undervalued with a market cap of only 4.5 B, especially, because it's well established in the Cybersecurity market with contracts with 18 of G20 countries. BB needed more exposure and the true test will be on December 18. It will either sky rocket or will remain undervalued.",1607374722,gezfkds,True,t3_k8o9l8,t1_gezdvks,7
MechaFuckboy,"Recent shitposts noobs were temp-banned for:

User|Post Title
:--|:--
/u/stockmaster6969|[PSTH- yolo deletes Twitter](https://redd.it/k8p4q5)
/u/bigblackshaq|[What TSLA calls are you guys holding?](https://redd.it/k8p6wt)
/u/thecyborg06|[I have a grand, VOO or SPY?](https://redd.it/k8p6z9)
/u/sean-sense|[$TSLA](https://redd.it/k8p7me)
/u/NaturalFlux|[Gambler's crack](https://redd.it/k8p7z0)
/u/Apprehensive-Arm-747|[Heyo imma new guy (joined two weeks ago) but how come nobody talking about LAZR???PLTR cool and all but Luminar looks like they wanna go to the moon too🚀](https://redd.it/k8p81s)
/u/TGH567890|[CPR YOLO](https://redd.it/k8p9fd)
/u/somethingesque|[$BB next PLTR for EV?](https://redd.it/k8p9jr)
/u/MARTIANAZ|[Too late to buy more shares of pltr? Looking long run](https://redd.it/k8pa20)
/u/killa-kiwi|[PLTR 40 EOW and I will give anyone who inboxes me a free PLTR t-shirt!](https://redd.it/k8pams)",1607374657,gezfftr,False,t3_k8el96,t3_k8el96,1
Grim218,BB's turn tomorrow? 👉👈🙃,1607374359,gezeu90,False,t3_k8el96,t1_geze2jv,2
[deleted],BB BB BB BB,1607374168,gezeget,False,t3_k8el96,t1_gezedpv,3
DylanDevin06,BB moving,1607374131,gezedpv,False,t3_k8el96,t3_k8el96,6
max95555,I could not have picked a worse time to buy BB Instead of PLTR. Fml,1607372738,gezbi8g,False,t3_k8el96,t3_k8el96,2
hashdabs1,1/2023 BB 5c is under $5 right now. Gonna snag some I think,1607372628,gezba1h,False,t3_k8o9l8,t3_k8o9l8,4
RobSwanDive,anyone buying long term bb calls or too late?,1607372218,gezaf7b,False,t3_k8el96,t3_k8el96,3
tryhardfit,Just deposited 3k into my account. Waiting for it to clear into my rrsp and im buying more BB. If self driving cars are the future then the safety of those systems is paramount. BB going to be selling to TSLA and NIO and all the names.,1607372041,geza1sz,False,t3_k8el96,t3_k8el96,2
PharmacistTank,I sold off my PLTR today and plan on using it on BB at close. This is easy money,1607371997,gez9yig,False,t3_k8o9l8,t3_k8o9l8,16
Space_Lord_MF,"BB 5c 2023 for under $5...

Free money basically",1607371931,gez9tje,False,t3_k8el96,t3_k8el96,6
DylanDevin06,BB was so fucking disappointing today,1607371771,gez9hb5,False,t3_k8el96,t3_k8el96,9
jenkems,"Same boat, all in with BB 🚀 🚀 🚀",1607371753,gez9fyx,False,t3_k8o9l8,t3_k8o9l8,18
jenkems,"BB, GME baby",1607371676,gez9acc,False,t3_k8el96,t1_gez00ml,1
Help_PurpleVented,BB went down should we stick with it?,1607371453,gez8ryh,False,t3_k7jffh,t1_ges6ahv,1
SubbyTex,"Hey now don’t be shitting on BB, 🚀🚀🚀🌙",1607371027,gez7p72,False,t3_k8gz5g,t1_geyfjsr,15
willyefartboxmcgee,"This sub and the same thoughts. I went for JMIA for the African amazon, BB for the EV’s integration and SPCE because I wanted to be a part of that to be honest, see how it goes",1607370990,gez7lrk,False,t3_k8nxs8,t1_gez7cuo,1
willyefartboxmcgee,"Me too. Sold this morning. Sick. I had a crystal ball when I started investing 6 weeks ago. Was up 70% in 3 weeks (shares) so I sold the ones that didn’t perform. I sold JMIA (3x in days), BB blew up last week and now this",1607370842,gez787s,False,t3_k8nxs8,t1_gez6x5r,2
lostarrow1,Someone redpill me on BB. Why isnt the amazon deal priced in,1607370813,gez75kb,False,t3_k8el96,t3_k8el96,1
jtbfisher,"I have purchased my first ever calls and shares, this is a fucking rush. Get more adrenaline doing this shit than anything else

Edit: I am now in the red cause I’m holding a FCEL 12/18 8c and a BB 12/18 9c
First day already in the red let’s gooo",1607370801,gez74fd,False,t3_k8el96,t3_k8el96,4
Resource_Purple,let's bring BB back lol,1607370181,gez5krc,False,t3_k8j3e6,t3_k8j3e6,4
nickelforapickle,"BB looks to be respecting the wedge. If it stays in the wedge AH and PM, we're looking at the $8.60 range for tomorrow's open. That would be 5% up from where we are now.",1607370074,gez5b32,False,t3_k8el96,t3_k8el96,4
KingSkegnesss,"Fucking retard, stop saying BB. The algos will scan the hype of BB on this subreddit and now fucking go against us, RIP my tendies",1607369250,gez37vs,False,t3_k8nb09,t1_gez1x71,1
checkers6676,"Rushed to sell LAZR shares at the open to get into BB Leaps. LAZR continues to run another $4 and may continue in coming days; BB leaps down 10%

The work of a true autist",1607369131,gez2wxj,False,t3_k8el96,t3_k8el96,6
thejoker4059,LAZR you beast. I definitely didn't treat you right selling at 32 Friday and buying puts. Come down to 30 bb.,1607368818,gez24ax,False,t3_k8el96,t3_k8el96,1
PushaSonnedDrake,anyone get into BB at the dip,1607368704,gez1tpm,False,t3_k823sl,t3_k823sl,1
nickelforapickle,BB $8.5C weeklies are .24 each. $9 is .14,1607368290,gez0rcs,False,t3_k8el96,t1_gez0mqh,2
LongMaybe1010,BB dead?,1607368181,gez0hb3,False,t3_k8el96,t3_k8el96,1
stitchbob,"BB, don't turn into a goddamn bag on me.",1607368057,gez05wv,False,t3_k8el96,t3_k8el96,3
DeadSol,BB forming handle now as well.,1607367999,gez00lv,False,t3_k8mrh6,t3_k8mrh6,1
nickelforapickle,So is BB what happens when the algos pick up on a half assed meme stock? Not enough meme pressure upwards but just enough hype for the algos to short?,1607367979,geyzyt3,False,t3_k8el96,t3_k8el96,1
dick_tickler,"BB to the moon!1
Don't worry I'll be a loser with you.",1607367786,geyzh7l,False,t3_k8el96,t1_geyyiey,1
phazeiserotic,itll be ok bb,1607367547,geyyux2,False,t3_k8el96,t1_geyyapn,2
datdur73,BB 12/31 calls with $9.03 break even sound kinda nice,1607367457,geyymu5,False,t3_k8el96,t3_k8el96,3
Cranial-Nerve,At least my BB calls only cost $52 each,1607367409,geyyiey,False,t3_k8el96,t3_k8el96,3
DylanDevin06,BB hurt,1607367327,geyyapn,False,t3_k8el96,t3_k8el96,3
ghost576,8 am tomorrow bb 🙏,1607367098,geyxp7o,False,t3_k8el96,t1_geywgdz,1
Benny_Bangaroo,Been in with 3/19 $8C and $10C for a few weeks. Before I bought in I also thought they just made phones. BB is going to moon.,1607366292,geyvnrp,False,t3_k7huec,t3_k7huec,1
Grim218,buy more bb and cry,1607366238,geyvivi,False,t3_k8el96,t1_geyv70c,1
bustd0wn,come on bb,1607366212,geyvgha,False,t3_k8j3e6,t3_k8j3e6,7
FuckJpowsFed,Bought more BB,1607366122,geyv85w,False,t3_k8el96,t3_k8el96,6
Grim218,BB :c,1607365997,geyuwi3,False,t3_k8el96,t1_geyu7t8,1
LisleSwanson,Buying the BB dip,1607365944,geyurnu,False,t3_k8el96,t3_k8el96,2
jenkems,"AirBnB ipo, GME shares after earnings. Then pick and choose out of PLTR, WORK, BB.",1607365884,geyum70,False,t3_k8el96,t1_geyu2wc,2
Business-Project97,"BB, what are doin? 🥺",1607365825,geyugrp,False,t3_k8el96,t3_k8el96,5
justinbeans,come on bb,1607365682,geyu3eb,False,t3_k8j3e6,t3_k8j3e6,6
jenkems,"Buy the dip, wet your tip, sell the rip for BB
Loading up on shares and calls",1607365551,geytr98,False,t3_k8el96,t3_k8el96,5
Pgozur,I see you SPCE. Now let’s just get BB back on its feet.,1607365309,geyt4tp,False,t3_k8el96,t3_k8el96,3
MechaFuckboy,"Recent shitposts noobs were temp-banned for:

User|Post Title
:--|:--
/u/CouperKlaw|[Betting on BAC](https://redd.it/k8lr98)
/u/_Youngxboy_|[For those who are holding PLTR calls ..](https://redd.it/k8lue7)
/u/wowmanthatscool|[Please place your baggage in the overhead compartment- CVM will be departing soon, rocketeers.](https://redd.it/k8lvey)
/u/ticklemypicklesir|[Good Job on VLDR retards! I’m so proud of you🥲](https://redd.it/k8lvqr)
/u/guiltyremnantcig|[Explaination of the Greeks for newbies](https://redd.it/k8lwgv)
/u/beeksie8|[All in on GME Tendie Forecast?](https://redd.it/k8lwuo)
/u/The_OG_Fat-Boi|[Who’s buying the BB dip?](https://redd.it/k8lx4u)
/u/Olivier483|[What happened to the guy that had his lifesavings on GME calls that expired worthless? He said he was gonna kill himself?](https://redd.it/k8m18y)
/u/ookalong|[PLTR shareholders, whats next?](https://redd.it/k8m1er)
/u/i_like_kale_salad|[RYCEY got out of sync from the source LON:RR](https://redd.it/k8m4jy)",1607365277,geyt1ri,False,t3_k8el96,t3_k8el96,14
superwonton,Bb my bb,1607365213,geysvxp,False,t3_k8el96,t1_geysty1,3
YeahBouy18,Anyone else buying the BB dip?,1607365022,geysecb,False,t3_k8el96,t3_k8el96,10
me_gusta_gatos,retards said buy BB too,1607364583,geyra7u,False,t3_k8el96,t1_geyr3kx,3
Alhasson,BB 8.5c 12/11 come on baby,1607364513,geyr3rw,False,t3_k8el96,t3_k8el96,4
iamjacksragingupvote,250 shares of bb or 100 pltr?,1607364463,geyqz7x,False,t3_k8el96,t3_k8el96,0
Senfgestalt,Should I paper hands my bb stonks ?. went in too late apparently wdys,1607364366,geyqqaj,False,t3_k8el96,t3_k8el96,2
Skittish_Jack,"Why do you believe BB, if you don't mind me asking?",1607364271,geyqhuz,False,t3_k8el96,t1_geyq8sb,1
Bgt098,BB,1607364173,geyq8sb,False,t3_k8el96,t1_geyq4sk,6
1000100220012003,"Don't put too much trust into APHA, that stock has good outlook and financials but gets beatdown regardless, been that way for the past 18 months now, been following it closely. Even if there's hype it always lacks strength compared to its peers, it like always has a downward pressure. As for BB, why do you think it has room to run?",1607364107,geyq2xm,False,t3_k8el96,t1_geyokt9,1
HSL,"Just liquidated my entire PCRA (401k) from SPCE and put it all on BB

LFG",1607364027,geypvpp,False,t3_k8el96,t3_k8el96,1
PM_ME_UR_CONSPIRACYS,"What do you recommend for BB? I bought a 6/18/21 12c last week that im planning on holding. You recommend going long on shares, or LEAPs?",1607363798,geypal2,False,t3_k8el96,t1_geyokt9,1
Space_Lord_MF,"Hey guys remember when I gave you DD on CCJ? Go look at them now. Remember when I hyped up Under Armour b4 earnings and said it was way beaten down but tons of people are working out and buying new gear? Yeah, its up like 30% since.  Im always hyping up SE and AMD, both hit all time highs last week. PFE, that was my vaccine play since Spring. I bought Palantir at IPO the first second markets opened.

Im telling you guys, 🍄, APHA, and BB will be the ones youll be kicking yourself for not getting into.

Go look at APHAs financials. Their revenue blows similar market cap weed stocks away. They purchased Sweetwater Brewing which opens them up to a huge US market (sweetwater does 66 mil revenue per quarter and has large musuc festivals) and more and more states and countries are legaluzing weed regardless of what the senate thinks. Just getting to that vote is a huge milestone in favor of weed. Your state will realize its people are going to a neighboring state to give them money and your state will realize they are missing out on tons of free money.

BB...this isnt a FD play, this is something thatll payoff in time if you are patient.  In fact, none of my plays are FDs. The only time Id consider it is if its like  a Wednesday and I see Fri 100c AMD for like 5 cents.",1607363518,geyokt9,False,t3_k8el96,t3_k8el96,6
LegalAdvantage2,"buy the dip on BB, she’s ab to moon. Big deal with Amazon and more partnerships to come",1607363058,geynehc,False,t3_k8laqb,t1_geyn2jn,1
Wucky622,$BB will be 100 EOY,1607363039,geyncp6,False,t3_k8el96,t3_k8el96,5
LaGrangeDeLabrador,BB,1607362937,geyn3bn,False,t3_k8el96,t1_geym1qh,2
Life-Watercress2675,Thoughts on BB?,1607362812,geymrw9,False,t3_k8el96,t3_k8el96,3
dekd22,Need BB to get its shit together,1607362629,geymb25,False,t3_k8el96,t3_k8el96,2
LegalAdvantage2,It’s bb,1607362368,geylmtr,False,t3_k8l26i,t1_geylk1d,1
jenkems,BB,1607362103,geykyfq,False,t3_k8el96,t1_geykqwk,2
pipes_and_bottles,I can't believe I FOMO'd on BB. I'll just sell covered calls until I make the money back,1607361993,geykoej,False,t3_k8el96,t3_k8el96,4
bangarangbonanza,BB,1607361630,geyjqow,False,t3_k8el96,t3_k8el96,8
-rigga,Big Dick Branson taking us with him to the 🌚 SPCE bb ily,1607361579,geyjlxq,False,t3_k8el96,t3_k8el96,2
superwonton,We jumping into BB or is the hype over?,1607361415,geyj6n8,False,t3_k8el96,t3_k8el96,2
OPMeltsSteelBeams,balls deep in calls bb brrrrr,1607361305,geyiwn9,False,t3_k8el96,t1_gexsbxy,1
LongMaybe1010,What happened to BB,1607361248,geyir9o,False,t3_k8el96,t3_k8el96,0
Noahromero24,BB you looked so good this morning,1607361128,geyig3q,False,t3_k8el96,t3_k8el96,1
SwizardLizard,getting screwed by BB and AMD calls fml,1607361081,geyibng,False,t3_k8el96,t3_k8el96,2
april1ismycakeday,I was told BB was gona go up 👿,1607360930,geyhxdl,False,t3_k8el96,t3_k8el96,2
country_mac08,"Good thing I bought all those bb calls 🤡 🤡 🤡 

Should have stayed in Tesla",1607360907,geyhvh7,False,t3_k8el96,t3_k8el96,3
DylanDevin06,"AYOO we running zombies, who got  fire sale for BB calls 👁👄👁",1607360727,geyhfv5,False,t3_k8el96,t3_k8el96,5
Jay_Ell_,Thanks for the cheap BB 1/15/21 calls. People shook out here.,1607360669,geyhb2h,False,t3_k8el96,t3_k8el96,5
underscoremike,"which one of you said ""buy BB calls now"" lmao",1607360614,geyh6m8,False,t3_k8el96,t3_k8el96,5
[deleted],What’s going on with BB? I was promised ROCKET SHIPS 🚀🚀🚀,1607360415,geygq9a,False,t3_k8el96,t3_k8el96,4
DylanDevin06,BB calls cheap,1607360384,geygnvq,False,t3_k8el96,t3_k8el96,3
FuckJpowsFed,BB noooo,1607360333,geygjkd,False,t3_k8el96,t3_k8el96,8
MechaFuckboy,"Recent shitposts noobs were temp-banned for:

User|Post Title
:--|:--
/u/residentofthecube|[OCUL THOUGHTS](https://redd.it/k8jw8o)
/u/NickBHD|[Is it too late to buy PLTR](https://redd.it/k8jxc4)
/u/Miguelgoodboy7|[what to invest in?](https://redd.it/k8jyyh)
/u/DataLender|[Cvac German Covid19 Vaccine company $2 to $111 any thoughts](https://redd.it/k8k0g5)
/u/grizzly-gabe|[AAL all in](https://redd.it/k8k1iw)
/u/money_invester123|[Robinhood](https://redd.it/k8k7co)
/u/ThomasNK92|[What is the best Robinhood alternative for Germans who want to Yolo their Money?](https://redd.it/k8k818)
/u/Tucker10169|[Why is no one talking about vale?](https://redd.it/k8k9mx)
/u/flipkev|[Just sold all of AAPL to buy PLTR and MJNA longs, no one cares](https://redd.it/k8kaqi)
/u/Beware_The_Sketch|[Rate my BB calls](https://redd.it/k8kcso)",1607360196,geyg8fd,False,t3_k8el96,t3_k8el96,0
Al-Anda,Anybody trying to catch this BB knife?,1607359521,geyetoa,False,t3_k8el96,t3_k8el96,8
jenkems,"BB is looking tasty at its price with the recent Amazon news. Buy low sell high, can’t see it getting much lower than it is today this week",1607359506,geyesm8,False,t3_k8el96,t3_k8el96,6
Pgozur,BB you’re embarrassing yourself.,1607359492,geyerjd,False,t3_k8el96,t3_k8el96,7
YourMum6929,Told u BB is a classic pump and dump. Get out while you can.,1607359277,geyebpx,False,t3_k8el96,t3_k8el96,-1
nickelforapickle,BB over $9 EOW?,1607359235,geye8nk,False,t3_k8el96,t3_k8el96,2
the_fellow_autist,Let BB fall off a cliff.,1607359140,geye1ns,False,t3_k8el96,t3_k8el96,3
4thAndLong,BB calls for earnings runup?,1607358762,geyd9ri,False,t3_k8el96,t3_k8el96,3
LisleSwanson,Now the time to get into BB?,1607358737,geyd7zb,False,t3_k8el96,t3_k8el96,3
[deleted],BB go back to 9 so I can get rid of you,1607358689,geyd4g5,False,t3_k8el96,t3_k8el96,2
Wucky622,BB mooooooooonnnn mission,1607358577,geycwdi,False,t3_k8el96,t3_k8el96,0
LMD_AU,PLTR WELCOME BACK BB,1607358465,geyco3e,False,t3_k8el96,t3_k8el96,9
TheAcidRomance,"*rolls up sleeves""
*removes earrings*
Which one of you said BB?",1607358378,geychpp,False,t3_k8el96,t3_k8el96,1
stonkdropandroll,"Good job to all the limp-dicked paper hands who bailed out of PLTR to chase BB and GME. Well done, bois",1607358252,geyc8eu,False,t3_k8el96,t3_k8el96,5
Wucky622,I just bought $10k worth of $7 leaps on BB.... you guys better pump this like no other pump in history,1607358220,geyc64f,False,t3_k8el96,t3_k8el96,-2
country_mac08,How many BB calls is too many BB calls?,1607358203,geyc4tg,False,t3_k8el96,t3_k8el96,0
Space4Time,BB calls now,1607358098,geybx7i,False,t3_k8el96,t3_k8el96,1
potatoandbiscuit,"If you hadn’t taken the opportunity that was present last week, it’s better if you don't buy. Cause you don't believe in the company. If you buy, and the price doesn’t go exactly as you imagined you might paper hand gains. Just buy BB or CRM instead.
Honest opinion.",1607358014,geybr44,False,t3_k8j5k4,t1_geyberr,44
me_gusta_gatos,Sold 40% of my PLTR this morning for some BB at +4% 🤡🤡 whatever gains are gains,1607357961,geybnae,False,t3_k8el96,t3_k8el96,10
msg582,BB going to make it look like 2007 again.,1607357366,geyafos,False,t3_k8el96,t3_k8el96,3
Nasty_Nate2324,BB 🚀🚀🚀🚀,1607357243,geya6x8,False,t3_k8j3e6,t3_k8j3e6,10
mk3madness,Bb 🚀🚀🚀🚀🚀🚀🚀🚀,1607357024,gey9rf3,False,t3_k8el96,t1_gey9gqe,2
smallstreetgains,"The Most Popular Tickers on Reddit for Today, 2020-12-07.

#Trending Tickers

Ticker|Mentions|Bulls|Neutral|Bears|Price|Change|P/E
:--|:--|:--|:--|:--|:--|:--|:--
PLTR|1131|37.48%|56.12%|6.40%|$23.85|-0.75%|-
NIO|710|25.74%|66.71%|7.55%|$43.04|-5.09%|-
TSLA|655|33.56%|56.66%|9.78%|$599.04|0.95%|-
GME|639|38.99%|52.10%|8.91%|$16.90|4.84%|-
SPY|548|25.82%|53.37%|20.81%|$369.85|0.86%|-
BB|274|18.64%|79.28%|2.07%|$8.52|14.21%|-
BABA|253|28.92%|63.86%|7.23%|$267.25|0.13%|52.11
LAZR|244|25.63%|55.04%|19.33%|$31.40|36.64%|-
AMD|222|32.34%|60.20%|7.46%|$94.04|1.87%|267.12
KODK|185|29.28%|56.91%|13.81%|$7.53|4.15%|3.01
AAPL|171|37.65%|58.64%|3.70%|$122.25|-0.56%|10.03
CRM|165|41.25%|58.75%|0.00%|$225.86|2.21%|1683.34
PSTH|164|30.92%|65.13%|3.95%|$26.00|1.4%|-
FUND|153|6.88%|90.21%|2.91%|$7.09|1.87%|-
NET|136|5.72%|92.54%|1.74%|$77.35|4.34%|-


#Trending Contracts

Ticker|Strike|Type|Date|Mentions
:--|:--|:--|:--|:--
AMD|$100|CALL|12/11|7
PLTR|$40|CALL|12/11|5
PFE|$40.5|CALL|12/24|4
PLTR|$30|CALL|12/11|3
RAD|$18|CALL|12/11|3
PLTR|$40|CALL|12/4|3
CHWY|$80|CALL|12/11|3
AAPL|$125|CALL|1/15|3
NIO|$50|CALL|12/24|3
SPY|$370|CALL|12/7|3
KODK|$8|CALL|12/11|3
TSLA|$600|CALL|12/4|2
TSLA|$650|CALL|12/24|2
SPY|$380|CALL|12/11|2
PLTR|$24|CALL|12/24|2
SPY|$370|CALL|12/11|2
AAPL|$130|CALL|12/18|2
PLTR|$50|CALL|12/11|2
SPY|$250|PUT|3/19|2
TSLA|$600|CALL|12/24|2


#Other Information

Subreddits Searched: wallstreetbets, investing, stocks, stockmarket, options, robinhood

Comments Searched: 42352

Unique Tickers: 521

Total Tickers: 14593

Unique Contracts: 249

Total Contracts: 298

Time Period: 20h

Financial data provided by [Vhinny](https://www.vhinny.com/).

View daily trending tickers on r/RedditTickers.",1607356929,gey9knl,False,t3_k8el96,t3_k8el96,7
Nasty_Nate2324,BB gang,1607356833,gey9dx6,False,t3_k8el96,t1_gey8zws,1
Legendofbutter,Pretty sure bb is in automation software right?,1607356786,gey9alb,False,t3_k8j3e6,t1_gey93y2,9
atoastedcucumber,SRA C & APX T bb ily.,1607356780,gey9a5g,False,t3_k8el96,t3_k8el96,3
Chiaope,U need to get out of ur cave my friend and understand what is BB doing all this years,1607356758,gey98lb,True,t3_k8j3e6,t1_gey93y2,18
Chiaope,"If u dont trust a total stranger in a autistic forum, who do u trust BB to $420!!",1607356711,gey958i,True,t3_k8j3e6,t1_gey91ai,16
aRecycleAwayAccount,"This is an option pricing bot. The latest option price is:

Position|Bid|Ask|Last Price|% Change|IV
:--:|:--:|:--:|:--:|:--:|:--:
BB   9.5|0.57|0.59|0.56|-0.03|143.545%


BB 9.5C 2020-12-18 was mentioned 0 times

[Click to see where](https://www.reddit.com/message/compose/?to=aRecycleAwayAccount&subject=gey932z&message=Show me)

^(These quotes are based on real time prices. This bot comments Mon-Fri between the hours of 6am-7pmET. Any feedback or suggestions are welcome!)",1607356692,gey93x4,False,t3_k8el96,t1_gey932z,1
wyattberr,"Don’t believe it. Only POTUS had a blackberry and then Trump wanted to keep his Twitter so he went to iPhone. BB customer base is now 0.

Edit: getting downvoted and I’m confused. You retards are hopping on your iPhones to talk big game about blackberry",1607356692,gey93y2,False,t3_k8j3e6,t3_k8j3e6,-17
SwizardLizard,BB 9.5c 12/18 let's gooo 🚀🚀,1607356681,gey932z,False,t3_k8el96,t3_k8el96,2
ho77sauce,Just bought a bunch of BB cause of you retards. Hope to see you on the moon.,1607356636,gey8zws,False,t3_k8el96,t3_k8el96,5
SnooRadishes3452,BB BABY!!!,1607356524,gey8rx2,False,t3_k8el96,t3_k8el96,7
RealBernieSanders,Bb?,1607356281,gey8aaz,False,t3_k8el96,t1_gey85x5,1
Space_Lord_MF,Imagine doubting BB,1607356076,gey7vut,False,t3_k8el96,t3_k8el96,3
[deleted],Predictions on BB? Will it go to 10 eow?,1607355741,gey78co,False,t3_k8el96,t3_k8el96,3
msg582,BB,1607355642,gey71gu,False,t3_k8el96,t1_gey55wj,1
Noahromero24,Are you done playing in the red bb?,1607355140,gey62m8,False,t3_k8el96,t3_k8el96,3
IJustWantaQuietLife1,After doing NIO calls I was debating between BB calls or PLTR calls. I ended up going with BB and my god do I hate myself right now. At least NIO is printing 😔✊,1607355110,gey60ju,False,t3_k8el96,t3_k8el96,1
Senfgestalt,Am I the only one ballsdeep in BB rn. I don't know how to feel about this.,1607354932,gey5ob1,False,t3_k8el96,t3_k8el96,3
MechaFuckboy,"Recent shitposts noobs were temp-banned for:

User|Post Title
:--|:--
/u/anickleforadime|[GME, PLTR, BB -- and more!](https://redd.it/k8i3yq)
/u/actualizingtheself|[PLTRRRR BRRR](https://redd.it/k8i8e5)
/u/bestversionof|[Canoo, the next mooning](https://redd.it/k8i8v7)
/u/Triggz98|[BABA Calls go brrrrrr](https://redd.it/k8idfy)
/u/whoreddit2020|[PFIZER & MRNA](https://redd.it/k8if68)
/u/ThotianaPolice|[Time to collect some debt. /u/Socksnbox needs to eat a wooden table. Link in comments.](https://redd.it/k8ihoi)
/u/Maracas1010|[Any thoughts about Plug Power? Good entry point?](https://redd.it/k8ihp1)
/u/vmozara|[That guy Burry](https://redd.it/k8ii29)
/u/ooohthrowawayfunxoxo|[UK boys how you making your gains?](https://redd.it/k8ikfj)
/u/Snoo99219|[Want to drink some $LMND and ride the wave?](https://redd.it/k8ilo2)",1607354858,gey5j6j,False,t3_k8el96,t3_k8el96,6
EdwardTittyHands,"Man when is NOK do a random $10+ moon? Every other has been had its time this past year (kodk, bb, gme), i know NOK will do it eventually but when.",1607354746,gey5bg6,False,t3_k8el96,t3_k8el96,2
plimsickins16978,Loaded up on PLTR calls for March Friday. Thinking about BB now. They got earnings coming up and hoping it is not too late to jump on that train. Probably going to get calls for Dec 24 or 31.,1607354584,gey50l8,False,t3_k8el96,t3_k8el96,1
fap_nap_fap,U mean oh no BB what is you doin,1607354477,gey4tbr,False,t3_k8el96,t1_gey4i9j,1
ice_nine459,wth is BB doing..,1607354312,gey4i9j,False,t3_k8el96,t3_k8el96,4
jonwilkir,I jumped in on BB 1/15 9 and 3/19 10,1607353886,gey3q6g,False,t3_k8el96,t1_gey3deb,1
Noahromero24,BB back on track for the moon mission!,1607353868,gey3p2z,False,t3_k8el96,t3_k8el96,5
pie31415,"NIO, I'm sorry I doubted you bb💦",1607353843,gey3ne0,False,t3_k8el96,t3_k8el96,4
Space_Lord_MF,Got more BB  leaps today,1607353824,gey3m7s,False,t3_k8el96,t3_k8el96,3
DylanDevin06,BB needs to crack $8.50 again to run,1607353690,gey3dg9,False,t3_k8el96,t3_k8el96,3
_ziros_,MAKE BB GREAT AGAIN,1607353660,gey3bix,False,t3_k8el96,t3_k8el96,2
LongMaybe1010,BB bouta BOUNCE,1607353529,gey3355,False,t3_k8el96,t3_k8el96,2
shad0wtig3r,"Ouch BB 2% down PLTR up 9%

Edit: UPDATE BB down 3% PLTR up 26%!!!!! Just wanted to let you know u/gatorboy2424",1607353506,gey31nf,False,t3_k81q2t,t1_gevxv23,1
_krypton99,"Sorry about BB, i bought into it so yea explain the dip",1607353479,gey2zv3,False,t3_k8el96,t3_k8el96,1
libertyhammer1776,"My BB calls were fucking green for the first time since I bought them, I put in a stop order to keep them green, and fucking robinhood failed to execute it",1607353433,gey2wxe,False,t3_k8el96,t3_k8el96,2
Pgozur,Bb dragging me down,1607353407,gey2v8k,False,t3_k8el96,t3_k8el96,2
Noahromero24,Anyone snagging the bb dip?,1607353403,gey2uy5,False,t3_k8el96,t3_k8el96,1
MossfonBVI,bitches should have picked up those cheap BB puts Friday like I did,1607353347,gey2rhk,False,t3_k8el96,t3_k8el96,3
grito94,Where’s that asshole that told me to buy BB 🤬🤬🤬,1607353307,gey2oy5,False,t3_k8el96,t3_k8el96,2
country_mac08,I’m now the proud owner of 14 bb calls. 8 of which I bought at the top.,1607353307,gey2oy7,False,t3_k8el96,t3_k8el96,3
mk3madness,Bb sleeper get in while you can 🚀🚀🚀🚀🚀🚀,1607353220,gey2jel,False,t3_k8el96,t3_k8el96,3
checkers6676,"Well I almost YOLO'd everything into BB calls this morning instead of spreading between the 7 stocks I had picked from discussions to get into, so I might become a true WSBer yet. Glad it wasn't today though, the BB calls I did get are down 8% so far",1607353196,gey2hur,False,t3_k8el96,t1_gey1mab,1
scottytoothoty,fuck why is everyone selling BB,1607353172,gey2gd0,False,t3_k8el96,t3_k8el96,2
DylanDevin06,BB calls the move?,1607353101,gey2bux,False,t3_k8el96,t3_k8el96,2
Nelz16,Why would BB do me like that?,1607353056,gey28z0,False,t3_k8el96,t3_k8el96,3
_ziros_,That’s it boys I’ve liquidated my whole account expect for my GME positions everything else were baby gains or losers or slow movers GME saved my account from being bigly red as it was my biggest position I moved my money over to BB 10 dollar september call and walking away now.,1607353032,gey27ev,False,t3_k8el96,t3_k8el96,2
templeoftiger,Bb calls?!,1607352987,gey24h3,False,t3_k8el96,t3_k8el96,2
hammerpants11c,I'm okay with RH making me hold COST but I'm getting nervous about BB,1607352976,gey23s6,False,t3_k8el96,t3_k8el96,4
me_gusta_gatos,Which one of you said to buy bb,1607352965,gey2338,False,t3_k8el96,t3_k8el96,2
Jay_Ell_,BB baby  🚀,1607352941,gey21iv,False,t3_k8el96,t1_gey1z62,1
WatchingyouNyouNyou,"No bb, why you gone and do us like that",1607352937,gey219u,False,t3_k8el96,t3_k8el96,2
Mrtickles253,BB coming back for seconds,1607352844,gey1v2t,False,t3_k8el96,t3_k8el96,1
YeahBouy18,BB🚀🚀,1607352805,gey1smv,False,t3_k8el96,t3_k8el96,2
seabashchunn,Got my BB and LAZR calls in before RH stopped working 😁,1607352727,gey1nqn,False,t3_k8el96,t3_k8el96,1
jdmull03,"RH bb it’s ok, you work when you feel like it",1607352625,gey1hba,False,t3_k8el96,t3_k8el96,11
grito94,Let’s go BB!!🚀,1607352563,gey1df8,False,t3_k8el96,t3_k8el96,3
Noahromero24,We saw the bb sell off this morning no where to go but up from here unless ofc it goes down,1607352522,gey1awd,False,t3_k8el96,t3_k8el96,6
BigDerbsBiggerStonks,$BB closes at $10 today I’ll get a new $BB phone,1607352508,gey1a0u,False,t3_k8el96,t3_k8el96,1
Noahromero24,Bb dip,1607352456,gey16r4,False,t3_k8el96,t3_k8el96,2
Noahromero24,Buy the bb dip,1607352444,gey15zq,False,t3_k823sl,t3_k823sl,1
Xinlitik,Damn that BB morning pump just got dumped,1607352411,gey13zv,False,t3_k8el96,t3_k8el96,2
COBOCG,Are we pumping BB or are we not?  I kind of need to know.  Thanks.,1607352250,gey0udx,False,t3_k8el96,t3_k8el96,3
IJustWantaQuietLife1,Loaded up on BB and NIO calls. Time to make them tendies,1607352214,gey0s1p,False,t3_k8el96,t3_k8el96,2
Lasker_,BB 1/15/21 10C gang how are we feeling?,1607352156,gey0od3,False,t3_k8el96,t3_k8el96,2
iCant_Stanz_Ya,BlackBerry BB calls all day,1607352054,gey0i2g,False,t3_k8el96,t3_k8el96,1
Lizir,Loaded up BB. The moment EV bubble bursts I'm dead.,1607352052,gey0hxh,False,t3_k8el96,t3_k8el96,2
Mrtickles253,BB gang gang 🚀,1607352021,gey0fxb,False,t3_k8el96,t3_k8el96,1
cbjerke18,BB?,1607351993,gey0e6n,False,t3_k8el96,t3_k8el96,3
trav1th3rabb1,BB 🚀,1607351976,gey0d43,False,t3_k8el96,t3_k8el96,3
malakaaaa,$BB to the moon 🚀🚀🚀🚀🚀,1607351968,gey0ck9,False,t3_k8el96,t3_k8el96,2
brandonmadeit,Finally got my BB order placed $15c 1/21 🚀🚀🚀,1607351942,gey0b0j,False,t3_k8el96,t3_k8el96,3
_ziros_,That’s it guys got rid of all my losers slow movers only have two positions open GME made me big racks and today I openned leaps on BB don’t give a fuck about anything else for now. Occasional spy puts if I need to hedge a little and I’m good with this,1607351880,gey076l,False,t3_k823sl,t3_k823sl,2
chiggaroni,another BB run,1607351875,gey06x8,False,t3_k8el96,t3_k8el96,1
yttew,"BB calls are feeling good. Blackberry is in millions of cars and Amazon is getting in on that data. 
BB 1/8 10C’s",1607351839,gey04nv,False,t3_k8el96,t3_k8el96,4
idcandidk,BB gonna make me a BBillionaire,1607351783,gey01bd,False,t3_k8el96,t3_k8el96,2
grito94,BB the next play,1607351642,gexzspi,False,t3_k8el96,t3_k8el96,6
me_gusta_gatos,Get in bb or na,1607351286,gexz74t,False,t3_k8el96,t3_k8el96,1
Igilmartin45,BB  🚀🚀🚀  🚀🚀🚀,1607351235,gexz414,False,t3_k8el96,t3_k8el96,2
phazeiserotic,BB moonin today hope you all got in early :),1607351178,gexz0na,False,t3_k8el96,t3_k8el96,1
krusang1,"Eh. Still learning, I guess I spent to much time on this sub for my plays. Haven’t ever done a covered call. I’ll look into it, thanks bb",1607351169,gexz05o,True,t3_k8he58,t1_gexyorg,6
RADIO02118,BB looking thicc,1607351154,gexyz6p,False,t3_k8el96,t3_k8el96,5
theleftrocket,BB bought to have a sexyyy week,1607351099,gexyvy2,False,t3_k8el96,t3_k8el96,3
Bazing4baby,So GME ans BB?,1607351019,gexyrav,False,t3_k8el96,t3_k8el96,7
ane6969,BB,1607350648,gexy5r7,False,t3_k8el96,t3_k8el96,3
ch0och,BB calls for January,1607350338,gexxo3b,False,t3_k8el96,t1_gexxkw2,3
quarantine_survivor,BB calls and LAZR puts,1607349851,gexwwfc,False,t3_k8el96,t1_gexwpst,1
hunty0326,BB hit $10 today,1607349332,gexw3n1,False,t3_k8el96,t3_k8el96,6
ch0och,"BB, that way when your wife looks over your shoulder, it looks like you're on onlyfans again.


C'mon bb",1607348981,gexvk6f,False,t3_k8el96,t1_gexv6f4,2
Five-Cheats,What’s the catalyst on BB?,1607348679,gexv3ps,False,t3_k8el96,t1_gexv2fa,1
blahyaddayadda24,BB Up 14% pre-market. I'll buy if it dips down around 10am again.,1607348630,gexv12w,False,t3_k823sl,t3_k823sl,2
me_gusta_gatos,B&B (BB),1607348493,gexutt0,False,t3_k8el96,t1_gexurp8,15
thequestionbot,What about BB? Like anything?,1607348387,gexuo5o,False,t3_k8el96,t1_gextuz3,1
SpiralSummitGames,So when do I sell these BB leaps I bought back in may?,1607347906,gextz3h,False,t3_k8el96,t3_k8el96,1
thequestionbot,Is BB the play?,1607347837,gextvjw,False,t3_k8el96,t3_k8el96,9
newintown11,"Tesla 600 weekly. BB leaps, AMD 100 for Jan. Aapl for 125 for Jan. BABA leaps. CRM 260 for March.",1607347826,gextuz3,False,t3_k8el96,t1_gextqon,1
Five-Cheats,Do you want to bet on it that your bb call with no catalyst will not print as u think it will? Do you want to come back at the end of the week with percentages ?,1607347771,gexts4m,False,t3_k8el96,t1_gextpek,1
thequestionbot,"What positions should I get into? I got $1,000 I want to  throw down and I think BB is the play. I need to make up for some of my losses please take me to tendie town",1607347245,gext209,False,t3_k8el96,t1_gexsuoc,1
theleftrocket,BB,1607346849,gexsj5x,False,t3_k8el96,t3_k8el96,3
Senfgestalt,BB (BigBalls) pushing in Europe.,1607345098,gexqas9,False,t3_k8el96,t3_k8el96,8
loodence,Loaded up on BB calls during the dip on Thursday and hoping that they can go to the moon today! Holding $7.5 and $10 1/15/21 calls,1607345072,gexq9n2,False,t3_k8el96,t3_k8el96,4
denniseveryone,Nice recovery by BB....surprised this hasn't achieved meme status yet here,1607344930,gexq3ie,False,t3_k8el96,t3_k8el96,5
Jay_Ell_,Had BB 8c for 12/4... gonna push my luck with 15c 1/15/2021.  🚀,1607344089,gexp4e6,False,t3_k8el96,t1_gexobt7,1
Midgetfarm,Hii bb,1607343884,gexow5f,False,t3_k823sl,t1_gewz4s8,1
ATXBikeRider,BB still at ground floor.,1607343484,gexoglf,False,t3_k8el96,t1_gexoalx,1
Strict-Sandwich1429,I think i'm gonna go with BB with a 9 strike.,1607343362,gexobt7,False,t3_k8el96,t3_k8el96,6
quarantine_survivor,I’m thinking Kodak and BB,1607342732,gexnnzd,False,t3_k8el96,t1_gexniuv,1
iamthetimby,Who buying KODK and BB at the top with me?,1607342645,gexnkqg,False,t3_k8el96,t3_k8el96,2
LazyJBo,BB buy that fkn dip retards. I need my calls to print. It's Christmas time. Don't be gay,1607340191,gexl5nv,False,t3_k8el96,t3_k8el96,3
NnewyorkY,Do you see BB going up this week? Or by 12/18?,1607339335,gexkcew,False,t3_k8el96,t3_k8el96,3
LazyJBo,BB calls were a super dumb move haha. Down 3% pre market. Buy high sell low is my way I think,1607339040,gexk2jx,False,t3_k8el96,t3_k8el96,4
YourMum6929,BB is a classic pump and dump lmao,1607338957,gexjzrh,False,t3_k823sl,t1_gexjq0d,6
ATXBikeRider,"02/21 BBY
12/18 NKE
And 1000 BB shares at 7",1607338896,gexjxqh,False,t3_k823sl,t1_gexgv5c,1
PushaSonnedDrake,YO ALL IN BB COME ON,1607338664,gexjq0d,False,t3_k823sl,t3_k823sl,6
pootato_salad,"I’m going for bb I think, hell of a lot cheaper",1607336660,gexhx45,False,t3_k823sl,t1_gexhu5r,3
IJustWantaQuietLife1,Can only load up on one.... BB or PLTR call leaps,1607336571,gexhu5r,False,t3_k823sl,t3_k823sl,1
Omerta2304,\-10% day for BB? pls god no.,1607336415,gexhp53,False,t3_k823sl,t3_k823sl,2
in-TORO,BB has had the safest most secure os/software even better than apple back then even now. They fell because of their hardware. They're doing business with giants like Amazon because of their security in their software. Don't underestimate BB,1607334665,gexg58f,False,t3_k823sl,t1_gexef4v,1
MechaFuckboy,"Recent shitposts noobs were temp-banned for:

User|Post Title
:--|:--
/u/Sharptire|[BB Taking A dip](https://redd.it/k8bjd1)
/u/gfrommia|[I like either losing money or giving away money!](https://redd.it/k8bkrr)
/u/dl277135|[$NGA at market open 100 shares for the f00k of it](https://redd.it/k8bs1x)
/u/marcusbsa1987|[I’m sleepy but can’t wait for 4:30am](https://redd.it/k8btg9)
/u/iowajustin|[PSTH trading at $29.70 in Germany?](https://redd.it/k8ca87)
/u/AllinEmperor|[90 day trades restricted](https://redd.it/k8ctia)
/u/WindyCityJD|[The Economist 2](https://redd.it/k8d6da)
/u/sultanmirza007|[A ticker similar to LAZR is up 15% pre market 🚀](https://redd.it/k8ddie)
/u/aslaneverywhere|[What is the exact date and time you can buy Airbnb stocks?](https://redd.it/k8dfh7)
/u/donkeyman2223|[LAZR MOONING SEEMS LIKE ANOTHER MASSIVE GREEN DILDO DAY](https://redd.it/k8di1x)",1607333329,gexexm3,False,t3_k823sl,t3_k823sl,6
cache_hodl,"No BB, just GME. 🦆 the shorts!",1607332873,gexeimd,False,t3_k823sl,t1_gexefa0,5
quarantine_survivor,GME options or stock? BB options or stock?,1607332774,gexefa0,False,t3_k823sl,t3_k823sl,3
helpmeinvestx,"Looked at what happened with BB, reminded me of NOK. Are they still making paper weights?",1607332770,gexef4v,False,t3_k823sl,t3_k823sl,1
quarantine_survivor,BB is getting fucked in premarket,1607332395,gexe2oh,False,t3_k823sl,t3_k823sl,2
quarantine_survivor,BB to mars,1607331248,gexd00m,False,t3_k823sl,t1_gexcwlz,2
ikimashyoo,BB is bae,1607330463,gexc9eh,False,t3_k86o55,t1_gewqrud,1
pootato_salad,I’m prob going to leap bb,1607330156,gexbyqh,False,t3_k823sl,t1_gexb1d8,1
Maxdgilbert,BB bro,1607329335,gexb5x3,False,t3_k823sl,t1_gexat72,1
quarantine_survivor,BB 12/11 what should my strike be? $10?,1607327595,gex9dy2,False,t3_k823sl,t3_k823sl,1
IdidMyJob,Is BB the Canadian KODK?,1607327259,gex91j4,False,t3_k823sl,t3_k823sl,1
KingBoo96,What are ur BB call positions?,1607327014,gex8sbu,False,t3_k823sl,t3_k823sl,2
IdidMyJob,BB has a lot cumming down the pipe?,1607326967,gex8qkz,False,t3_k823sl,t1_gex8p0e,0
IdidMyJob,Do you like the way BB feels?,1607326833,gex8lg9,False,t3_k823sl,t1_gex8isi,0
IdidMyJob,The Blacker the Berry the sweeter the juice BB,1607326717,gex8gz3,False,t3_k823sl,t3_k823sl,10
e2Nokia,"BBW, BBC, BB-8?",1607326546,gex8aee,False,t3_k823sl,t1_gex8702,3
IdidMyJob,Anyone here into BB?,1607326456,gex8702,False,t3_k823sl,t3_k823sl,4
IdidMyJob,Who here likes BB? BB is fun!,1607326319,gex81ty,False,t3_k823sl,t3_k823sl,-2
Omerta2304,Tsla bb wat u duin,1607325109,gex6r7q,False,t3_k823sl,t3_k823sl,0
gsquaredxc,BB 8c 12/18 and sell 9.5c 12/18 for a debit spread 8-9.5. Probably going to slightly moon but I don't expect all the way to 9.5 12/18.,1607324005,gex5jo5,False,t3_k823sl,t3_k823sl,1
Bazing4baby,Bb baby,1607323944,gex5h6e,False,t3_k86o55,t1_gewhnok,1
Del_Saumus,Where do we see BB going to by early next year? Asking for a fellow tard,1607322029,gex38cc,False,t3_k86o55,t3_k86o55,1
nickelforapickle,BB TTCF LAZR calls are this week's meme plays I think.,1607321862,gex312w,False,t3_k823sl,t1_gex2upb,1
LeoFireGod,WMT Calls bb.,1607321748,gex2vyu,False,t3_k823sl,t1_gex2upb,1
SwizardLizard,Fck it I'm doing BB 15c 1/15,1607320820,gex1r47,False,t3_k823sl,t3_k823sl,4
M_y_M_u_s_e,$BB,1607317923,gewxyha,False,t3_k823sl,t1_gewxkhf,2
M_y_M_u_s_e,Absolutely $BB,1607317901,gewxxfp,False,t3_k823sl,t1_gewxm4o,2
country_mac08,BB,1607317757,gewxq6q,False,t3_k823sl,t1_gewxm4o,4
DontDabTakeSlabs,BB & NET,1607317741,gewxpa0,False,t3_k823sl,t1_gewxkhf,4
Ok_Kangaroo55,"What did DD say to BB?



“Nice belts”",1607316990,gewwmtn,False,t3_k823sl,t1_gewvuxt,1
Ascendingz,I’m going to hate myself if BB keeps going up this week,1607316543,gewvzo5,False,t3_k823sl,t1_gewvudt,4
The_Alces,"Looks like I’m buying $500 worth of BB, I hope I can cash in on it",1607316440,gewvudt,False,t3_k823sl,t3_k823sl,3
lightemup90,Better get into BB now. You'll thank me later,1607316385,gewvrix,False,t3_k823sl,t3_k823sl,5
Raider9000,BB and CHEWY this week bois,1607316007,gewv7ft,False,t3_k823sl,t3_k823sl,5
fettyboi1738,"My guide to not paying taxes:

Bank $5 million by buying FDs on BB.

Don’t pay any taxes because it was with my Roth account.

The End",1607315387,gewu9jd,False,t3_k823sl,t1_gewt69f,2
AtWarWithAll,those gonna expire worthless bb,1607315071,gewtrn6,False,t3_k823sl,t1_gewtl9m,2
SonOfASeahorse,Going into CRM tomorrow bb. Dropped so much on acquisition news for absolutely no reason. March 2021 calls at open,1607314446,gewsrcs,False,t3_k823sl,t1_gewsgp9,1
brunette5179,Of course bb,1607314415,gewspk2,False,t3_k823sl,t1_gewsoah,2
mauimikes,BB,1607314390,gewso4t,False,t3_k823sl,t1_gewsgp9,3
Mr-Big-Baguette,BB calls it is,1607313983,gews0j3,False,t3_k823sl,t1_gewrz9f,5
amparker3,"CRM, BABA aaaaaand BB #send",1607313961,gewrzb4,False,t3_k823sl,t3_k823sl,7
StevenVanMetre,"I am a genius and the only meme stocks I will approve are PLTR for a long-term play and GME for a short-term play. All else, especially BB, are for suckers.",1607313960,gewrz9f,False,t3_k823sl,t3_k823sl,4
StevenVanMetre,"NIO, TSLA old news

PLTR has long term potential but won't go anywhere short term.

GME is some real shit. 100!

BB is shit, retards chasing a 30% spike and trying to pump their bagholding asses.",1607313811,gewrqm2,False,t3_k86o55,t3_k86o55,1
tazman141,One that has worthless puts of course. But also the one that does coke with Santa. $ko calls bb,1607313288,gewqvo8,False,t3_k823sl,t1_gewqpca,-1
Big_Nasty_Foot,"I think a support got created at 7$, so idk, if WSB Meme cannon gets pointed at BB, then uh ya idk ;)",1607313079,gewqjlf,False,t3_k823sl,t1_gewqdod,2
Big_Nasty_Foot,BB positions? Meme de la moon.,1607312880,gewq7yl,False,t3_k823sl,t3_k823sl,4
FedIsFucked,Im going balls deep in Blackberry. BB to the moon,1607312596,gewprdd,False,t3_k823sl,t3_k823sl,2
dickbutt1000,I don’t get it. What’s the news around bb? I thought they’ve been obsolete since the early 2000s,1607311805,gewoga7,False,t3_k823sl,t1_gewneo6,1
MrBoycey,Realistically whats the ceiling on BB?,1607311620,gewo56p,False,t3_k823sl,t3_k823sl,2
mauimikes,BB leaps are pretty cheap,1607311586,gewo31g,False,t3_k823sl,t3_k823sl,1
Mjkowalis,"Blackberry is putting out a phone with a Texas based startup OnwardMobility too.  They cut ties with TCL the Chinese based company.  No details on the phone, just a 2021 release date and that the licensing deal was made.  Not saying it's gonna be a success or launch the stock but it will get the Blackberry name in front of the public again.  Been buying BB shares for 5 years and still buying, convinced of the business pivot and long term success.  Thinking about doubling down on shares",1607311406,gewnrw5,False,t3_k7huec,t3_k7huec,1
Sharptire,where? I dont see bb lol,1607311383,gewnqgg,False,t3_k86o55,t1_gewcf5o,1
yahtzee1,I’m buying BB calls at open. I was in and out last week when it mooned and it’s going to do it again,1607311189,gewneo6,False,t3_k823sl,t3_k823sl,5
Space_Lord_MF,Buying more bb leaps tommorow. Ill invite you guys to my yacht in a few years,1607311086,gewn8b3,False,t3_k823sl,t3_k823sl,3
thrusher,They are a company. Their ticket is BB.,1607310428,gewm41u,False,t3_k823sl,t1_gewlvv6,2
leanpunzz,You retards jumping on BB train yet?,1607310084,gewlik8,False,t3_k823sl,t3_k823sl,5
meg3124,is there news on BB?,1607309916,gewl80h,False,t3_k823sl,t1_gewkmbq,1
kvlt_lxvdxr,BB ganggang,1607309841,gewl38c,False,t3_k86o55,t3_k86o55,6
RiseFromYourGrav,"Should I buy some BB, or just some more GME? I'm thinking GME.",1607309576,gewkmbq,False,t3_k823sl,t3_k823sl,6
Mjkowalis,"Started buying BB 5 years ago believing the turnaround had happened.  Got in at $13 and then $7 pretty heavy, rode the train down to its low and pretty much went all in at $4 and $5 and im glad I did.....im a believer.  Have 1490 shares now, thinking about doubling down again.  Also have that new phone coming out in 2021, they have a deal with a Texas startup OnwardMobility.  Idk if the phone will be a success but it will get their name out in front of the public again.",1607309216,gewjzp0,False,t3_k7jffh,t1_geuk9z4,2
JustGotSnacks,Because BB is a joke of a company. Invest in places that are able to attract top engineers. I don’t know much about IVY but my guess is that Amazon will be able to find a better solution soon and this contract will not renew. I’m sure BB pumps a bit more so just make sure you take profits before it dumps,1607308888,gewjep9,False,t3_k823sl,t1_gewibkx,1
ExternalBeginning3,What bb options are we playing?,1607308655,gewizqz,False,t3_k823sl,t3_k823sl,1
not_ur_buddy_guy,"pull back seems likely, but also im biased because a month ago I was tempted to buy cheap 2 year calls on BB and I missed out bigly",1607308428,gewikv9,False,t3_k86o55,t1_gewf2qc,11
KrazzyK-Man,"I wouldnt, it hasnt picked up meme status yet and youd want to get in before it does. Ppl will also buy it just cause of how popular BB phones use to be",1607307051,gewg37e,False,t3_k823sl,t1_gewfw75,1
never_lucky_eh,Should I be patient for a dip on BB ?,1607306945,gewfw75,False,t3_k823sl,t1_gewfazu,1
never_lucky_eh,I'm going in BB and ABNB . Good idea?,1607306612,gewf9m9,False,t3_k823sl,t3_k823sl,9
precisiondad,Fucking quality. I’m in for BB bae bae.,1607305400,gewd3q3,False,t3_k86agg,t3_k86agg,11
SmalltownPT,"BB the stock we all loved in the early 2000’s and chance to buy the shit out of it again, I only hold shares but look at those prices on the $5 2023s",1607305364,gewd1g1,False,t3_k823sl,t3_k823sl,4
precisiondad,BB right up there with the best of them.,1607305015,gewcf5o,False,t3_k86o55,t3_k86o55,39
UTV_,Which BB calls?,1607304303,gewb552,False,t3_k823sl,t3_k823sl,3
Rapknife,"Yah I understand, but look at BB call prices. Cheap af",1607303670,gewa0au,False,t3_k7jffh,t1_gew4v8g,5
PharmacistHog,Bb sucks. Use a capo.,1607302667,gew88vv,False,t3_k823sl,t1_gew868s,9
Plastic-Cow-4820,Bb?,1607302627,gew868s,False,t3_k823sl,t3_k823sl,5
TheDustyDuke,Can't decide between CRM or BB 🤷‍♂️,1607301727,gew6kcj,False,t3_k823sl,t3_k823sl,3
TheDustyDuke,Thinking about making a BB play but idk,1607300558,gew4f3i,False,t3_k823sl,t3_k823sl,4
TortugaBebe,Thoughts of getting into BB tomorrow if it dips?,1607300407,gew44ht,False,t3_k823sl,t3_k823sl,3
Lettsgobaby,$60? What is that? a no BB BJ from a 300 pounder behind Wendy’s?,1607300036,gew3ezw,False,t3_k823sl,t1_gew2uuc,1
prisonsexx,Hey bb check my sc,1607299659,gew2nw2,False,t3_k823sl,t1_gew2gk7,5
stonks2024,BB all week long,1607299018,gew1dy0,False,t3_k823sl,t3_k823sl,5
toastface,BB Sept 21 $10/$15 call debit spreads are only $0.90 a spread. Pretty easy 5 bagger if you’re patient,1607298217,gevzu2n,False,t3_k823sl,t3_k823sl,1
TSXinsider,My BB analysis (prior to AWS news) [https://www.youtube.com/watch?v=9oYVuL3d5Cg&t=5s](https://www.youtube.com/watch?v=9oYVuL3d5Cg&t=5s),1607298158,gevzq5q,False,t3_k7jffh,t3_k7jffh,6
Chrischin2,Long dated sales force calls and short dated bb calls. Thoughts?,1607298024,gevzh18,False,t3_k823sl,t3_k823sl,0
Ilikethat_seriously,BB 12 1/15,1607297722,gevyw71,False,t3_k823sl,t1_gevypti,4
abrakadabrakababra,"Bb itself ,, they will go into EV next",1607297701,gevyuq6,False,t3_k823sl,t1_gevyb73,1
laurekl, BB to the moon,1607297639,gevyqfh,False,t3_k823sl,t3_k823sl,6
Schmiddo,"🐝, gme, bb.",1607296922,gevxcf8,False,t3_k823sl,t3_k823sl,10
descendantofHan,"I am, i work in s&t at a bb",1607296248,gevw0ld,False,t3_k7x2bv,t1_gevtw4r,9
Skad00dI3,"Easy,

V 230c 1/15

Thank me later bb",1607296172,gevvvej,False,t3_k823sl,t1_gevvobl,1
shad0wtig3r,"That's why it's special was a real stock that became a meme stock. Do you see BB on here sunshine?

https://www.swaggystocks.com/dashboard/wallstreetbets/ticker-sentiment",1607296050,gevvmtn,False,t3_k81q2t,t1_gevvd8f,9
shad0wtig3r,Nah PLTR is real not some bullshit back from the dead Kodak play like BB,1607295702,gevuyjq,False,t3_k81q2t,t1_gevnoys,13
The_good_die_2_young,Exactly cause you have a couple days before airbnb thats what my plan is i have a couple bb and gme calls that i will be selling to put into airbnb that way i hopefully have some gains there for if there is fluctuation im not worried about it,1607295582,gevuq1n,False,t3_k823sl,t1_gevuhk2,2
max95555,Ok looks like I'm buying BB at 8.55 and will put a sell limit at like 9.35 or something. Hopefully I can flip that stock and get in on ABNB at the release.,1607295457,gevuhk2,False,t3_k823sl,t1_gevtthe,1
The_good_die_2_young,Bb or pltr then airbnb,1607295115,gevtthe,False,t3_k823sl,t1_gevtrc4,6
conan3,"notice that on a bullish stock, which BB is currently. RSI at 50 already is a good entry. decide for yourself. i am in already and bought at the first top so may not listen to me xD",1607295111,gevtt66,False,t3_k7huec,t1_geutuzv,2
max95555,"I've got $500 for this week where should I put it? BB  or Airbnb? 

Or PLTR? 

I'm so conflicted.",1607295084,gevtrc4,False,t3_k823sl,t3_k823sl,6
ATXBikeRider,"BB has more upside potential than either PLTR or SNOW.
Change my mind.",1607294762,gevt5k8,False,t3_k823sl,t3_k823sl,7
setrada,"Yeah, I fucked up saying BB. Didn't realize how big the run up was on Friday. Need to let that drop about 30% first down to around $6. Once it does I'm going for Jan 2023 $10c. Emergence of EVs I'm hoping will give them a little run up on profits, since about 20% of their revenue is from EV software currently. 2 years for them to sort out their shit and build a profit margin comparable to other software companies.


Now that you made me think about it I'm prob not going to do it. I was going full retard, I should have never went full retard . Some more long PSTH contracts I guess.",1607294716,gevt2fg,False,t3_k823sl,t1_gevqhd7,1
country_mac08,I’m hoping in on bb,1607294274,gevs81b,False,t3_k823sl,t1_gevrxhc,1
daytrader987654321,So BB is our new meme stock? All this time JWN and M doubled in a month and nobody’s talking about them,1607294117,gevrxhc,False,t3_k823sl,t3_k823sl,4
myNameIsPDT,"There is no extrinsic value if no one willing to buy it. Trust me, I'll sell them when I can, but because they are not as easy to dump as OTM monthlies or weeklies, sometimes it just makes sense to exercise them. Imagine if you bought a 7.5c BB 2023 and BB runs up to $30 and you really want to cash in - do you think you will find a buyer? Same scenario, different strike: lets say you buy a 2023 15c, and BB never makes it past 10, and you decide to sit on it, you loose more money to theta because there is no intrinsic value to the contract. If that was an ITM leap, there is less extrinsic value to loose over time so the penalty for holding is lowered.

You might not have issues with a company like AAPL because of haw active the options chains are, so that is an exception to consider as well. 

The nice thing about ITM options is the intrinsic value, and because the cost is always less than buying 100 shares, its an easy way to leverage your account over time.",1607294078,gevrur4,False,t3_k7zjig,t1_gevo4ib,1
TechnoBombs,"BB Calls at open 

SPY open green baby",1607293944,gevrle2,False,t3_k823sl,t3_k823sl,7
charcoallition,I'm picking up a leap for BB and then pouring the rest of my money into GME stocks. I want to pick up some GME leaps after the ER on tuesday,1607293943,gevrlc9,False,t3_k823sl,t3_k823sl,5
drk1008,Thinking about some BB LEAPs tomorrow what you guys think?,1607293566,gevqur6,False,t3_k823sl,t3_k823sl,2
DustyBowls,Reasons for BB?,1607293378,gevqhd7,False,t3_k823sl,t1_gevpxeg,1
setrada,"Long calls on AMD, BB and PSTH",1607293094,gevpxeg,False,t3_k823sl,t3_k823sl,2
BigDerbsBiggerStonks,$BB 12C 3/19/21,1607292326,gevof2o,False,t3_k823sl,t3_k823sl,1
wearealleating,Yes I’ll buy calls on BB too with a later expiration,1607292127,gevo0lr,False,t3_k823sl,t1_gevnejv,1
gatorboy2424,"We got BB now, let’s go autards",1607292017,gevnsrc,False,t3_k82hc3,t1_gevk6m0,4
gatorboy2424,"We’ve moved on to BB, baby",1607291961,gevnoys,False,t3_k81q2t,t3_k81q2t,2
JLTLJ5,BB MOON SHOT,1607291818,gevneqd,False,t3_k823sl,t3_k823sl,3
jsmerrill95,Gonna yolo a whole ass $25 on a 12/11 $10 BB call during pre market and then I'm deciding between buy $110 AMD call a couple months out or buying more GME shares,1607291801,gevndkd,False,t3_k823sl,t3_k823sl,1
vancvanc,that's what I'm doing for BB but the hit it takes on margin + gains capped means I'll always prefer cheap IV calls,1607291195,gevm5kj,False,t3_k7zdvz,t1_gevjoph,3
wearealleating,"Bb,aal,lazr puts",1607291136,gevm19g,False,t3_k823sl,t3_k823sl,4
darksoulsrolls,"Holding spy calls 371 and BB calls at 9.50, both expiring in two weeks. So I'm holding at the moment",1607290932,gevlm46,False,t3_k823sl,t3_k823sl,1
analog_android,They lookin like cruise stocks bb,1607290088,gevjvsr,False,t3_k823sl,t1_gevjoo9,4
Ilikethat_seriously,"We’re all in on BB, right?",1607290012,gevjq5p,False,t3_k6tl0d,t3_k6tl0d,4
flame_top007,"BB, AAPL, TSLA, NIO",1607289837,gevjd18,False,t3_k6tl0d,t1_gevj62z,8
RiskyBourbon,"I used to live there, is it still called RIM Park? 
RIM did a lot for the city & unis, BB mooning long term could have a big impact on the city.",1607289468,gevil1j,False,t3_k7huec,t1_gerjhxj,1
Aarondb55,Whats the next pump? BB?,1607288834,gevh5xa,False,t3_k6tl0d,t3_k6tl0d,7
JackDilligaff,"I bought in the money calls for RIOT at 6$ and will do the same. I'm just curious how pre-market action works

I have RH but may use TD Ameritrade for IPOs and boring dividend stuff, unless y'all know a better group

If my NIO AND Xpeng calls bounce up and I pull a profit, I'll be looking to BB a little. I'm just surprised people haven't seen the value in SPCE since they got their NASA work co tract approved and have a Lot of US gov money headed their way in 2021",1607288811,gevh42u,False,t3_k7mala,t1_geuehk2,1
laxo_puts,Actually I didn't realized it after I searched about blackberry after looking at this post. They have completely pivoted and BB future looks very promising.,1607288431,gevgapw,False,t3_k7huec,t3_k7huec,1
LazyJBo,All in GME shares and BB 1/15 9$ Calls tomorrow! 💵💵💵,1607287968,gevfbf0,False,t3_k6tl0d,t3_k6tl0d,5
M_y_M_u_s_e,$BB for sure. Maybe even more.,1607287564,geveg9s,False,t3_k6tl0d,t1_geveait,2
max95555,I have $500 looking for a play right now. Maybe BB is it? I think PLTR has run its course.,1607287395,geve34p,False,t3_k7jffh,t3_k7jffh,5
SnickleFritz47,BB,1607287008,gevd9z4,False,t3_k6tl0d,t1_gevcyti,2
Bonkerz4Stonkerz,Yasss BB,1607286902,gevd1v8,False,t3_k6tl0d,t1_gevbw8z,0
flyingbeemer,BB,1607286293,gevbsfp,False,t3_k6tl0d,t1_gevbbn3,2
myironlung6,From your screenshot I assume your cost basis at .77. Prove me wrong and show me you bought them for .25. It’ll take you 1 min to screenshot it bb 😘,1607285740,gevanrc,False,t3_k17i9n,t1_geucdpy,1
greyincolor,"I’m new as well, putting all I got on BB shares, because I don’t understand calls to well, anyways in the endeavor to understand what does 40 put mean?",1607285282,gev9prh,False,t3_k7jyif,t1_getk61n,1
LegalAdvantage2,No hasn’t even ran yet. Pt 20-30 by eoy. Look at the dd posts on here. Bb has changed their business model around and make software that’s in most cars rn and they are making a new one for Evs and even spacex uses some of their tech. It’s super undervalued. They make 1billion a year and are valued at 4 bil. It’s going to run hard,1607284971,gev92g9,False,t3_k7k9j7,t1_gev8rrn,3
LeastChocolate7,what’s the news on bb?,1607284520,gev84w2,False,t3_k7k9j7,t1_geuipgt,1
BadassMcGass,"One day, it started raining tendies, and it didn't quit for 10 months. We been through every kind of stonks there is. Little bitty SPAC stonks, big ol' fat boomer stonks... Stonks that ran sideways...and sometimes stonks even seemed to come straight up from the dead like GME or BB. Shoot, it even rained tendies at night!",1607283433,gev4paf,False,t3_k7ye22,t1_geupxy7,106
SPER,Is this the next meme stock? What's going on with BB?,1607282037,gev0lak,False,t3_k7anqp,t1_ges36pd,3
ice_nine459,"Spy calls, SE, cha c, BB... so many options last few weeks.  Lazr if you think IV will calm a bit.",1607282009,gev0iki,False,t3_k6tl0d,t1_gev00mu,5
ukiyuh,"Not confident enough to buy LEAPS on anything at the moment but if I hear about a rising company that I expect is trading at low IV currently and anticipate a rise I'll look at them and research them in more detail.

I am watching some companies such as LAZR, BB, and CRSR

But I won't be trading them right this moment. I take a very cautious approach and try to stack all of the odds in my favor before entering a trade. That way I feel I'm less likely to be wrong, and when I am wrong, it's not a big deal because I'm not going all in on anything.",1607280853,geuxk3q,True,t3_k7eto7,t1_geuvzrr,0
Throwaway94626284,AMD 5 year chart bb,1607280273,geuw1xc,False,t3_k7mk22,t1_geuph0g,1
ice_nine459,"SE, Spy, H CAC.  Hard to go wrong with a lot of stocks. Hell BB would be good too.  BABA and BBy has my interest but it’s slow bleed is scary.",1607280207,geuvw78,False,t3_k6tl0d,t1_geuvd6d,1
Affectionate_Ad7668,"BB, NNDM",1607280104,geuvnqf,False,t3_k6tl0d,t1_geuvenz,5
-sportsguy-,There were quite a few posts about BB yesterday. Just search them up.,1607279641,geuukex,False,t3_k7z514,t3_k7z514,2
LaGrangeDeLabrador,"AVTR, ICLN, BB",1607279517,geuuadt,False,t3_k6tl0d,t1_geurn60,1
RH_Fucked_My_Account,BB,1607279451,geuu4wq,False,t3_k6tl0d,t1_geutrgd,3
GrandmasGenitals,What’s your BB call positions?,1607278718,geusezp,False,t3_k6tl0d,t1_geupq76,1
SlimeCityKing,I'm thinking BB leaps although it is definitely retarded,1607278673,geusbah,False,t3_k6tl0d,t1_geurn60,1
nailattack,"GME, BB, RKT, NIO if it hits $30, and AMC if you’re extra retarded and don’t mind losing the money",1607278503,geury1m,False,t3_k6tl0d,t1_geurn60,2
M_y_M_u_s_e,$BB,1607278401,geurq7m,False,t3_k6tl0d,t1_geurn60,2
GGs4444,"Love me some BB stock. Got in at $7.33 PM that first big pump. Popped then bled for 2-3 days after that but reversed on Friday by bleeding upwards all day long. Thing of beauty. Will be $10 by eow, $12-14 by eoy",1607277517,geupwfk,False,t3_k7jffh,t3_k7jffh,2
donny1231992,Some lady ordered $500 worth of crab on instacart. She must have had BB calls,1607277432,geupq76,False,t3_k6tl0d,t3_k6tl0d,10
LegalAdvantage2,BB,1607277298,geupghl,False,t3_k7ybea,t1_geuox34,2
NnewyorkY,BB 8.50 C 12/18?,1607276284,geuneq6,False,t3_k6tl0d,t3_k6tl0d,2
bagel_maker974,"To be fair, I think BB purchased that business and portfolio of clients.

Not like they ventured into that market themselves and created a niche.",1607275308,geulfi7,False,t3_k7jffh,t1_gescivp,1
TheLastAllocation,Yolo BB fds,1607274900,geukk3u,False,t3_k6tl0d,t1_geuj3yp,3
Space_Lord_MF,I did that with Vale. Its up 35% since. When your one BB share hits $20 youll kick yourself for not buying more when it was cheap.,1607273978,geuiqqm,False,t3_k7jffh,t1_ges6ahv,2
LegalAdvantage2,BB 1/15 20c will print,1607273958,geuipgt,False,t3_k7k9j7,t1_gero18v,2
jenkems,"Are we seriously pumping up blackberry at open? Adding it to the list for monday

PLTR, WORK, GME, BB",1607273753,geuibgn,False,t3_k6tl0d,t3_k6tl0d,10
Space_Lord_MF,"Ive been pumping BB in daily threads since I got back. I wouldnt do FDs on it, instead look towards the future on this one. I see them getting huge over the next couple years.

You got time to get in on BB right now while tge ignorant still think they are a phone company.",1607273727,geui9qk,False,t3_k7jffh,t3_k7jffh,8
ATXBikeRider,One more 10% day and BB is the new meme,1607273213,geuhaip,False,t3_k6tl0d,t3_k6tl0d,6
ATXBikeRider,BB,1607273192,geuh936,False,t3_k6tl0d,t1_geugitw,2
MechaFuckboy,"Recent shitposts noobs were temp-banned for:

User|Post Title
:--|:--
/u/mylesalexj|[Market crash](https://redd.it/k7v0zo)
/u/samham124|[New to stocks any advice? Apps used to trade and thoughts for a rookie?? Young 24 looking to learn the ways](https://redd.it/k7v347)
/u/jebraddock11|[Make me rich](https://redd.it/k7v4e2)
/u/Leaderofmen|[How to turn $500 in almost a million like that guy from the top post? Need to know for science](https://redd.it/k7v7bs)
/u/Famous-Score-9645|[Position sizing is KEY!!!!](https://redd.it/k7vj54)
/u/Darkspanner|[I Tried to Warn Them...](https://redd.it/k7vsgd)
/u/ToshkaPlayz|[Thoughts on $BB? And should I YOLO on monday?](https://redd.it/k7w665)
/u/Beneficial-Series26|[which app](https://redd.it/k7wort)
/u/UggeHOI|[$TSLA another rocket 🚀](https://redd.it/k7wp1a)
/u/Zonorf|[Hello, I’m new to Robinhood and heard people like throwing away money on this subreddit, give me monies? 😎](https://redd.it/k7x0wg)",1607273175,geuh7tj,False,t3_k6tl0d,t3_k6tl0d,16
WatchingyouNyouNyou,"Fuck off, only BB Chads here",1607273138,geuh57i,False,t3_k7jffh,t1_ges0xo0,4
WatchingyouNyouNyou,It is bb v2.0,1607273024,geugwxl,False,t3_k7jffh,t1_gesq04r,1
thalassamikra,"If this is a turnaround story then I'm hoping it steadily grows over time. The highest strike on 1/23 leaps is $15 and is going for about $2.25. It has a 50 delta. Which means compared to buying the stock, there's about 2x more upside. These will also be the least affected by IV crush compared to near term options. And practically 0 theta. And as BB gets closer to $15, you get gamma increases too. 

Might pick up these on Monday.",1607272684,geuga0n,False,t3_k7huec,t3_k7huec,3
[deleted],Pink ladies all the way bb,1607272048,geuf3pr,False,t3_k6tl0d,t1_geue5wk,3
kaleeeed,I can't manage to find what we're yoloing this week? Is it bb?,1607271707,geuehmx,False,t3_k6tl0d,t3_k6tl0d,4
the_fellow_autist,"Thoughts on BB? More room to run, or a pullback.",1607271591,geuea2b,False,t3_k6tl0d,t3_k6tl0d,3
DozaSociety,BB,1607271236,geudmtw,False,t3_k7w9a4,t3_k7w9a4,1
[deleted],What screenshot? My cost basis is $.25 on 30 calls that are worth $1.5. Thats 600% and the closer leg has expired. It’s all profit from here bb😎,1607270555,geucdpy,False,t3_k17i9n,t1_ges073t,1
Senfgestalt,I cant buy bb options cause Im German. Feels bad man.,1607270189,geubpmj,False,t3_k7jffh,t3_k7jffh,7
Professa333,"I think 2 year leaps on BB is a good idea. Doesn't really matter what happens short term, I could easily see them around 15 in a year. And the near term options on BB don't offer much benefit on potential payout compared to the January 2023.",1607269581,geuamow,False,t3_k6tl0d,t1_gesoczd,1
FIREwalker4,So this bb is the new play.. Too late to get in at open?,1607268337,geu8ez7,False,t3_k6tl0d,t3_k6tl0d,0
EnginrA,BB,1607267955,geu7o7x,False,t3_k6tl0d,t1_geu7770,2
StonkerGraduation,"BB, I have 12 jun calls! Just w8 for a pullback! I got mine at 7.6",1607267859,geu7fin,False,t3_k6tl0d,t1_geu7770,2
HudSpudCud,What’s less retarded: yolo all in 10c 9/17/21 BB or 140c 6/18/21 AAPL,1607267774,geu7770,False,t3_k6tl0d,t3_k6tl0d,1
[deleted],BB🚀,1607267647,geu6vtu,False,t3_k7huec,t3_k7huec,1
burnin7rees,BB acquired Cylance which was pretty relevant a few years ago before Crowdstrike went public...one of the first to market in non-signature based av’s. Definitely agree no where near Crowdstrike though,1607267419,geu6ci7,False,t3_k7huec,t1_gerktub,1
StonkerGraduation,"I dont believe in BB, that much! I have 2k for in 20x jun 12c! Leave some money so you can hedge yourself! Who knows whats gonna happen in upcoming weeks!",1607266738,geu4ic7,False,t3_k6tl0d,t1_geu446m,0
ThrowawayMBA99,Lol imagine comparing bb valuation to crwd or Pali alto networks...you’d get laughed out of an investment committee meeting if you went in with that comp set,1607266457,geu3upi,False,t3_k7huec,t3_k7huec,1
Holymoses43,All last week I kept seeing comments about bb and I thought it was about Best Buy. I kept saying why the fuck is everyone hyped about Best Buy only to find out last night it’s blackberry and all shit they have going on behinds the scenes. Might actually be a good play. Looking to buy in this week,1607266122,geu354a,False,t3_k6tl0d,t3_k6tl0d,2
cloudyoutside,YES THANK YOU  WSB PUMP MY BB GIRL,1607265242,geu11h8,False,t3_k7jffh,t3_k7jffh,5
DabHits,Theta gang sell me 50c Jan 2022 BB calls pls,1607262928,getvdqg,False,t3_k6tl0d,t3_k6tl0d,1
6r1n3i19,She would fuck your pathetic bb pp,1607261225,gets6ds,False,t3_k6tl0d,t1_getry3c,7
muntassers,BB GANG rise up!!!,1607260377,getqdja,False,t3_k7jffh,t3_k7jffh,7
xxxbankai42xx,Way more likely for them to hit on low cap penny stocks that get news like BB rather than like 0.01 TSLA calls which are 11 Dec 1155C,1607260204,getq15n,False,t3_k6tl0d,t1_getpn75,2
conan3,bb is a sinking ship? lol,1607257317,getk7xw,False,t3_k7jyif,t1_getch1n,0
tayzer91,I cant wait to see what BB opens at on Monday. Slowly gaining retard strength 😂,1607255669,geth073,False,t3_k6tl0d,t3_k6tl0d,3
_night_fall_,BB acquired Cylance couple years ago and I believe this is BB’s endpoint protection product. Anyone who works in cyber security will know this name,1607255506,getgngi,False,t3_k7huec,t1_geswzyu,7
greyincolor,"I’m kind of new here... first stock I’ve seen, I’m taking the chance.. All on BB.",1607255434,getgi7x,False,t3_k7huec,t3_k7huec,13
_night_fall_,"where are BB bears, let’s hear some arguments",1607254391,getegjs,False,t3_k7jffh,t3_k7jffh,4
ATXBikeRider,BB,1607254312,geteaa7,False,t3_k6tl0d,t1_get7vsv,2
-Nordico-,Phones are just a background side-project at this point for BB.,1607253987,getdm0p,False,t3_k7huec,t1_ger8tfn,1
Rapknife,"Big Money can’t keep both PLTR, GME, and BB down at same time. TOO THE MOON",1607253683,getd0bd,False,t3_k7jffh,t3_k7jffh,3
acridboomstick,I did notice SNOW only popped after PLTR sank. I guess that's where some of the money went. Other crap like BB and GoPro that hasn't been up in years. Like someone is trying to hype a sinking ship instead of a solid company. RIP to the new bagholders.,1607253402,getch1n,False,t3_k7jyif,t1_getahfg,1
spreadsTrader,Thanks bb. I'll follow you to inverse,1607250752,get6zxs,False,t3_k70fcs,t1_geo61aa,1
-Nordico-,BB's gonna put QNX/Ivy in a significant proportion of non-Tesla vehicles produced mid 2022 onward. Are you not familiar with the new product announced Dec 1st? Valuation too low given the potential here.,1607249801,get55tw,False,t3_k7jffh,t1_get4d7f,1
StuffedBunss,In for 4 calls at $12.5 by 2022. BB to the moon boys 🚀 this is most of what I’ve earned in the past months with the uproar. Godspeed all,1607249610,get4rx1,False,t3_k7jffh,t3_k7jffh,2
pakot22,"Plenty are on Gartner report who make up a tiny share of the market. Crowdstrike is a huge growth company whereas BB is thought of as an extreme legacy company. Cybersecurity tech evolves incredibly quickly which is why you see the pure cyber companies like Crowdstrike gaining share. They’re up on the newest tech immediately. Not to mention they have top tier salespeople. Not sure about BB but I’d imagine it’s a very shit crew. Likely they rely on systems integrators like IBM and DXC to bring them in. Trust me man, I NEVER hear about these guys when talking endpoint security",1607245723,geswzyu,False,t3_k7huec,t1_gertxen,2
-Nordico-,"BB's Price to Sales and Price to Book are at small fractions of other tech companies' valuations, with the same or more growth potential. BB could indeed very easily quadruple or quintuple from here in the next 12 months, and that would only make it in-line with the likes of CRWD, SNOW, LSPD, SHOP, etc.",1607242563,gesqxe0,False,t3_k7jffh,t1_geraog3,1
SaneLad,So BB is the new KODK?,1607242125,gesq04r,False,t3_k7jffh,t3_k7jffh,3
Im_A_MechanicalMan,"Best Buy was amazing mid to late 90s.  They used to have these warehouse style shelves packed to the top with videocards.  A whole aisle both sides.  Another aisle of hard drives and soundcards.  Lots of volume on a decent amount of selection. 

I'm guessing that's actually why Walmart stopped selling hardware.  But Walmart was screwy because they were always late to the punch on new hardware and charged release prices for months well after the next generation was out.  In some cases they had old videocards and the sort that was YEARS old and still at release price.  They didn't care.

I stopped going to Bestbuy after their prices started to get non competitive too and I could just order on Newegg (Since BB was an hour and a half roundtrip drive).  Back when Newegg was amazing.  I'd still like a local store that sells hardware though.  Esp if their prices are reasonably close to what I can find online.",1607240783,gesn5w8,False,t3_k78srf,t1_gesla3a,1
Professa333,"I have positions in Jan 12.5 (safer) and 15. If you wanna be more conservative look at April. Also considering a position in BB for Jan '23, those calls are super cheap",1607240573,gesmpcj,False,t3_k6tl0d,t1_geshwij,1
Nofx888,Okay I’m sold. Wanna see a BB King up in here.,1607238588,gesic7f,False,t3_k7jffh,t3_k7jffh,7
kalkiredit,ok BB,1607236685,gesf8nx,False,t3_k7jffh,t3_k7jffh,8
rondeau14,I feel like everything Amazon touches makes money. BB to the moon?,1607236440,gesey6f,False,t3_k6tl0d,t3_k6tl0d,3
M_y_M_u_s_e,"I can't sleep guys. I'm dreaming again. I'm dreaming of king-size tendies provided by Elon Musk himself. The first thing I'll do with my king-size tenders is buy leaps for $BB, $PLTR and $FSLY. Then, I'll buy a Tri-motor Cybertruck and live out of it. I'll spend the rest of my days trading and masturbating in it. God, I hope this week is good to me. I'm all in $TSLA and I feel like it's gonna bring endless euphoria!",1607235647,gesdyyp,False,t3_k6tl0d,t3_k6tl0d,8
Novaa23,So sell CRWD for BB?,1607235478,gesdqsd,False,t3_k7huec,t3_k7huec,1
thecomfycactus,No way anyone holds them until 2023. Sell them when Bb is up 400% in a year,1607235398,gesdn5y,False,t3_k7jffh,t1_ges9tnc,13
WatchingyouNyouNyou,Like BB?,1607234700,gesco0o,False,t3_k6tl0d,t1_ges9l6l,1
Flimsy_Card8028,"BB is undervalued af right now.  It's the sort of stock Benjamin Graham would snort while barebacking a tranny hooker.

(that means buy btw)",1607233630,gesaupw,False,t3_k7jffh,t3_k7jffh,34
sglah,If you didn’t know there are more than 2000+ “strategic” partners for AWS. BB is one of them.,1607233414,gesaf45,False,t3_k7jffh,t1_germoq6,5
MassLax,"Unless he bought them for cheap, owning 6,000 shares of PLTR would be over 100k. 1.2k over 50 weeks would be like 60k. 60% return is pretty fucking good.

If I had that much money to throw around, I’d probably use 20% for Hail Mary options (BB, GME etc) just in case. 20k could make you a millionaire with some of the WSB yolos",1607233222,gesa2un,False,t3_k7mb6b,t1_ges8uhp,21
StealthAutomata,"I'd say sell before earnings to be on the safe side. I've been following BB for a long time and generally they aren't growing as fast as other tech stocks. Quite often their stock drops after earnings. If you're lucky, it'll stay flat.",1607232555,ges8z3j,False,t3_k6epfq,t1_gele6w0,1
lightemup90,"ARKK

ARKG 

SQ 

BB",1607232157,ges8cwo,False,t3_k6tl0d,t3_k6tl0d,3
letmyputsGO,"No it’s real, because that’s just my luck. And I already have tried replicating this and went mentally off the rails. Just checked BB after seeing a post and punched a hole in my wall and now my hand hurts. I was going to put my last bit into it after it came down after the news. Just my luck also. Told my mom I’d help her retire as she’s in her 70’s and was laid off during covid. Think it’s time to go soon.",1607231347,ges6y07,False,t3_k7anqp,t1_ges3lzc,0
Palidor206,"Wait, what?!

Edit: I'm selling all my BB holdings and buying those Monday morning.  That's ridiclious.",1607230805,ges5xze,False,t3_k7jffh,t1_gerlrrb,22
zipiddydooda,"Shit, imagine your first shares being in BB...in 2020. Godspeed.",1607230708,ges5r5r,False,t3_k7huec,t1_gero97p,24
drk1008,What’s our price target for BB by end of year,1607229918,ges42pv,False,t3_k6tl0d,t3_k6tl0d,1
dankbuttmuncher,"That’s how I found them too. was researching EV plays besides Tesla, and stumbled upon NIO and XPEV, also bought some BB",1607229104,ges288w,False,t3_k7jffh,t1_gerh2m6,7
Noahromero24,🐝🐝to the moon! 👶🏼to the moon! BB🥵💦 to the moon!,1607228195,ges05go,False,t3_k7jffh,t3_k7jffh,13
deadmanners2,"Someone quickly add green BB font near Legolas during a fight scene in Lord of the Rings. As he quickly kills orcs , show a green percentage going up . 

Thx",1607226729,gerww3f,False,t3_k7jffh,t3_k7jffh,8
Libertymark,"Crowdstrike hype is topping here fever pitch

Bb has just started",1607226086,gervbl1,False,t3_k7huec,t1_gerktub,1
Legolas_i_am,"First BB, now this. Looks like WSB is pumping Canadian stocks.",1607225813,geruqtf,False,t3_k7ig1o,t3_k7ig1o,1
Substantial-Law4975,Oi GB vii hjskj bb. B,1607224206,gerraud,False,t3_k7fony,t3_k7fony,1
DblBuddyBurger,lol dude youre totally right. if BB was rebranding as a gay SPAC called Raspberry it would moon everyday for a month. such a dumb market lol,1607224145,gerr64q,False,t3_k7huec,t3_k7huec,15
ImLennyBruce,So BB gonna get pumped here this week. I guess that means it’s heading back under $6 in the next few weeks. The buy signal will be when the loss porn starts rolling in. I feel like I’ve seen this show before.,1607223798,gerqh2b,False,t3_k6tl0d,t3_k6tl0d,5
[deleted],Been holding BB shares for a while. Calls might be the next move,1607223426,gerpo4l,False,t3_k7huec,t3_k7huec,1
quarantine_survivor,Upvote for BB calls Monday Morning!!,1607222620,gero5ek,False,t3_k6tl0d,t3_k6tl0d,9
quarantine_survivor,BB calls,1607222595,gero3xp,False,t3_k6tl0d,t1_gernq1i,1
quarantine_survivor,Long BB calls still the play. It’s about to skyrocket.,1607222548,gero18v,False,t3_k7k9j7,t1_germ8zf,23
branyk2,"There is no special meaning. I just pointed out that they had no clue how much BB would rise up to earnings, so they were going in blind guessing how much it would fall after.",1607222331,gernolp,False,t3_k6tl0d,t1_gern7jo,2
ButtSliding,BB,1607222218,gernhxa,False,t3_k6tl0d,t1_germ9w4,2
MassLax,Could you run some DD on BB? Seems like a lot of upside.,1607222213,gernhl2,False,t3_k7jp7f,t1_gerjz22,-18
1Carnegie1,Except that BB actually made a deal with the largest company in the world.,1607221712,germoq6,False,t3_k7jffh,t1_gerbx7t,18
OG-Outlander,So looking into BB and contemplating leaps... I wonder if it sells off regardless of the report (12/17). That is currently my biggest concern. Anyone have insight?,1607221076,gerlmo1,False,t3_k6tl0d,t3_k6tl0d,3
quarantine_survivor,who else is pumping black berry options on Monday??? BB,1607220809,gerl6j5,False,t3_k6tl0d,t3_k6tl0d,6
quarantine_survivor,BB $50 Calls for Next Year,1607220748,gerl2tw,False,t3_k7k9j7,t3_k7k9j7,14
pakot22,I’m in cybersecurity industry... crowdstrike is considered to be the cutting edge endpoint security platform while BlackBerry’s shit is never ever mentioned.. like it’s the bottom of the barrel. There are tons of solutions that are much better and also FedRamp certified. No chance BB gets close to Crowdstrike on that angle,1607220598,gerktub,False,t3_k7huec,t3_k7huec,2
stonkpicks,What are you worried about bb?,1607220538,gerkq7v,False,t3_k6tl0d,t1_gerjwmj,1
Allentw,DB not a BB,1607220006,gerjlqn,False,t3_k7dr4y,t3_k7dr4y,3
purevibrationsmusic,Lol AAL and all other airlines will be dust in 9 years. BB made a phone with a keyboard. If you weren’t in the second half of the 90s playing snake on your parents phone imagining a blackberry then you are probably retarded.,1607219841,gerj9jf,False,t3_k7huec,t1_geri2g9,1
jloy88,I exercised one of the first options all year this week when I did not sell my BB 12/4 8c.  I now have 500 shares and planning to baghold for a little while cause I think this is going to double in a year.  Not sure when it will repeat this weeks performance but I can see it being 10 by EOY.,1607219751,gerj2vp,False,t3_k7huec,t3_k7huec,2
Chiaope,Dude I was in 2000 shares on the day they announced the AWS partnership and Im down 2k right now BUT I AINT NO PAPER HANDS BB TO THE MOON,1607219677,gerix8u,False,t3_k7jffh,t3_k7jffh,234
muc1dota,"Apple brought to the world something innovative just like BB before them.
The difference is that apple pretty much made a flawless device and even more flawless retention strategy. Look at the iPhone it looks pretty much the same since the first one should tell you something about how flawless it is.
Anyway BB does not compete with apple anymore and I don’t even think they have much competition at what they do with AWS that’s why a company like Amazon will partner with them and not make their own shit.
Besides their deal with AWS to provide vehicle manufacturers a platform to collect and analyze data from different car chips and systems they also provide cyber security to governments and multi billion dollar companies AAL is one of them if I’m not mistaken.

Anyway see you at my 12/24 12$c",1607219262,geri2g9,False,t3_k7huec,t1_gerdcvu,1
punkmaster69,BB gang rise up!!!🚀🚀🚀,1607219020,gerhk0p,False,t3_k7huec,t3_k7huec,15
kvlt_lxvdxr,They doing the software for the XPEV vehicles. Got in at $4.80 on BB & $24 on xpev 🚀,1607218772,gerh2m6,False,t3_k7jffh,t3_k7jffh,28
hobbogobbo,Some Chinese company owns the BB brand so no relevance there.,1607218657,gerguar,False,t3_k7huec,t1_gerggcu,4
olli_bombastico,New bb's run on android so I'm assuming they're changing their ways plus you've been able to run android apps for a little while.,1607218460,gerggcu,False,t3_k7huec,t1_ger83m8,3
Active_Airport,My dad has held BB since about 2009 in the hopes it’ll come back. I think there’s lots of Canadian boomers doing the same thing.,1607218439,gergevb,False,t3_k7jffh,t1_gerft0t,16
punkmaster69,"BB is cheap rn, get in while you can!",1607218282,gerg3t3,False,t3_k7jffh,t3_k7jffh,26
RaisedFrozenHearted,Do let you know how many BB engineers worked for Apple pre iPhone,1607218269,gerg2xw,False,t3_k7huec,t1_gerdcvu,2
quarantine_survivor,BB had a huge day on Friday. Monday might pullback,1607217868,gerfaz9,False,t3_k7huec,t1_gerevcw,3
nailattack,Leaps are so cheap. Pretty low risk to throw a few hundred in and forget about it. I’ll just sell one of my GME shares for $500 during the short squeeze and make that money back if BB doesn’t pop 😂,1607217763,gerf3gh,False,t3_k7jffh,t3_k7jffh,37
purevibrationsmusic,"I understand the history, but BB was still shit if you look back in history. The iPhone was literally Apple’s entry into the smartphone market and they fucked the whole game up. It’s really embarrassing that Apple did that to everyone.",1607216920,gerdcvu,False,t3_k7huec,t1_gerai6r,-6
xMavvs,"im seeing everyone talk about BB like it’s the next TSLA or something. it is rising a lot, but i feel like it will fall soon. 

is puts for 12/24 a shit play or would it be so retarded that it would work?

im thinking 12/24 because it’s just long enough after the earnings report",1607216322,gerc4t2,False,t3_k6tl0d,t3_k6tl0d,3
mrnobu,Im in just so the voice in my head says “cmon bb” all week,1607215641,geras93,False,t3_k7jffh,t3_k7jffh,232
muc1dota,"You’re like 18 right?
BB was the shit till iPhone came out",1607215492,gerai6r,False,t3_k7huec,t1_ger9z49,12
jsmerrill95,My portfolio will look hilarious between GME and BB lmao,1607215362,gera934,False,t3_k7huec,t3_k7huec,263
hookisacrankycrook,BB keep running this week?,1607214500,ger8jpd,False,t3_k6tl0d,t3_k6tl0d,1
foulpudding,"I worked with BB back in 2007 ish.

We had to release a major social media company’s app across Apple, Google, Blackberry and Mobile web.

Working with BB wasn’t the easiest. They were nice enough, but they were control freaks and wanted things their way. And those of us who could see the future could see that their way wasn’t viable.

If they are behaving in the same way, promoting a closed development system, they won’t ever grow.

Is their system open? Can I release an app on it?

EDIT there —> their",1607214279,ger83m8,False,t3_k7huec,t3_k7huec,4
Boyiee,"Hoping to flip my AMD calls for more BB, GME shares and yes more AMD calls.",1607213107,ger5nlb,False,t3_k6tl0d,t3_k6tl0d,4
ScwB00,"I’ve been on the BB train for a while now for these exact reasons. I always get the same bullshit responses about being outdated, shit phones, etc. It blows my mind how so many are blind to what the company currently is versus what it used to be. Might as well call it BerryX, because this stock is building rockets to the moon!",1607212783,ger4yoo,False,t3_k7huec,t3_k7huec,77
thekittynati,Every tech company has to reinvent itself at least once. I think this is BB’s second life. I’m in! 🚀,1607211535,ger2a2v,False,t3_k7huec,t3_k7huec,110
TrainingEconomist0,"Bro did you even read my post. You're one of the retards I called out that still thinks BB makes phones. Why are we even talking about Nokia? Totally different market segment. I'll tell you who uses a BlackBerry. XPeng, SpaceX, all use Blackberry (software OS). Not gramps anymore.",1607211333,ger1ule,True,t3_k7huec,t1_ger1hyq,19
TrainingEconomist0,I see you are a BB bear. But I agree with you. No way Tesla themselves use BB IVY when they already roll their own.,1607211036,ger17id,True,t3_k7huec,t1_ger0qva,5
BurnaaSeazon,"You telling me to put my life savings into BB because of your post? 

Done 🚀🚀🚀",1607210203,geqzfyz,False,t3_k7huec,t3_k7huec,241
hashdabs1,I’m going balls deep in BB shares. Already up 14% since I bought in but debating on buying more,1607206415,geqr4ui,False,t3_k6tl0d,t1_geqpsdl,1
NnewyorkY,"BB leaps?

Also, is rolls Royce a good play?",1607205804,geqpsdl,False,t3_k6tl0d,t3_k6tl0d,3
Layrasm,BB leaps,1607204909,geqnrzo,False,t3_k6tl0d,t1_geqmcbt,4
BigDerbsBiggerStonks,That being said $BB 10C 1/21/22 is for future millionaires,1607204808,geqnjxi,False,t3_k7eto7,t3_k7eto7,3
_ziros_,Im holding 120 calls in GameStop I may just liquidate everything else and go with a leap on BB because they’re turning their company around,1607204797,geqnj25,False,t3_k6tl0d,t1_geqmscx,2
Halizones,"You could have last week if you just went all in on BB calls, then doubled down on SNOW calls",1607200376,geqdt1s,False,t3_k6tl0d,t1_geqdlbd,2
tittiezandbeers,We think blackberry $bb really going to continue running?,1607200041,geqd1y4,False,t3_k6tl0d,t3_k6tl0d,1
UTV_,BB,1607199403,geqbmml,False,t3_k6tl0d,t1_geqbcbz,2
UTV_,BB,1607195630,geq43zk,False,t3_k6tl0d,t1_geq2fnk,1
JLTLJ5,"BB. Get in now. Thing is, it's not a meme, it's a legit run that's going to happen.",1607194484,geq1v29,False,t3_k6ubwm,t1_gen7ifu,1
UTV_,BB leaps and PLTR leaps are easy money,1607193608,geq01tl,False,t3_k6tl0d,t3_k6tl0d,2
Schytzo,Thanks bb,1607193548,gepzx0o,False,t3_k6tl0d,t1_gep5kvs,1
RH_Fucked_My_Account,How we feeling about BB? I'm considering 6/18 10c,1607191052,gepunn2,False,t3_k6tl0d,t3_k6tl0d,3
NnewyorkY,Do you see BB breaking 10 by EOY,1607188293,geppbzt,False,t3_k6tl0d,t3_k6tl0d,2
6r1n3i19,"Took out my initial investment, wasn’t much, but now I’m letting my bb shares just ride",1607187878,gepokjr,False,t3_k6tl0d,t1_gepoe6h,3
XXXHELLBOY,"Yeah issue stay at home orders in San Francisco but let’s not compensate anyone for it! Fuck that I’m hanging out with friends tomorrow and getting drunk watching some football bb

Suck my ass 😘",1607180179,gepauo6,False,t3_k6tl0d,t3_k6tl0d,1
chcknbscts,"Lost my ass on BB $8.5c on Wednesday. Let’s hope you’re right, garden vegetable.",1607177615,gep7149,False,t3_k77rif,t3_k77rif,2
feelinglostclub,Wish I held! My loses would have been just over 2k if so. Live and learn. Had to unfollow the bb ticker now so I don’t get upset,1607156290,geols5z,False,t3_k6epfq,t1_genr82q,2
DavisPaz1,"SPY weekly calls bought at the dips, long GE calls (Made 200%+ gains on some this week), and BB calls are my plays right now",1607155147,geokodp,False,t3_k6tl0d,t1_geojqyw,2
Chiaope,My breakeven now is 8.9 so close!! BB going to moon,1607152706,geoi6st,True,t3_k53ail,t1_geofijm,2
Hubers57,Gimme that rumor bb,1607152502,geohyw2,False,t3_k6tl0d,t1_geohn7m,5
CanyonLake88,Hopefully BB,1607150898,geog8k4,False,t3_k6tl0d,t1_geoeo1c,2
-Nordico-,"BB could very well double or triple in the coming months; it's trading at 4.7x Price to Revenue, while other tech stocks trade >30x P/R. Criminally undervalued.",1607150839,geog669,False,t3_k6ubwm,t1_gen7ifu,6
Chiaope,"Haha bitch i aint no paper hands. 
Jkjk love u bro u aint no bitch u my nigga thanks for the support. I digged a little deeper in the fundamentals of BB and I believe its a sleeping giant and it is being awaken by all the EV hypes. It doesn't make sense for such a huge company in the automotive software space that have literally no competitors (maybe tesla??) to be valued so low. The only reason I could think of is that old boomers are scarred by the smartphone incident but since BB have totally changed their business model and with a somewhat new CEO I believe gen z are realising that and maybe (hopefully) they jump into BB",1607149075,geoe637,True,t3_k53ail,t1_geochdf,1
VVeedVVizard,NAK bb’s,1607143802,geo79b3,False,t3_k6t7df,t3_k6t7df,1
DruggedSailor,I say $12-15 maybe more. Market hasn't realized that phones aren't their business anymore. BB software in almost every EV produced today not to mention actually having revenue and customers unlike other software pumps. I'm holding for at least a few months.,1607143006,geo636s,False,t3_k6tl0d,t1_geo4n92,1
FIREwalker4,The technicals are extremely overheated. Just look at IWM. % over the 200MA. Trading outside of its upper BB band. The disconnect relative to history is Insane. Almost as such the technicals do not matter either,1607142815,geo5ss6,False,t3_k6tl0d,t1_geo5cuv,1
Skitt1eb4lls,BB leaps,1607142695,geo5mbo,False,t3_k70kaw,t3_k70kaw,1
MacadamiaWire,Is BB gonna become a new meme stock or is that a one and done?,1607141775,geo48up,False,t3_k6tl0d,t3_k6tl0d,1
BigDerbsBiggerStonks,$BB the new meme 12C 3/19/21,1607141549,geo3wr2,False,t3_k6tl0d,t3_k6tl0d,2
DB6Cooper9,Lmfao “I was too goddam high”. Sold a BB call the day before it went up 50% cuz I was too high and someone on Twitter told me they would rather smoke blackberry than invest in it. I WAS TOO GD HIGH,1607138775,genzmgt,False,t3_k67nyk,t1_gejihsn,1
Trueslyforaniceguy,"Just got some Feb CRM 250c.  A few days ago.  Already up 30%

And some Bb shares, for a 2-4 day swing, targeting 10%",1607135270,genu2rw,False,t3_k6yca6,t1_gentsd9,2
gotfelk,BB is the new PLTR lmao,1607134345,gensk2p,False,t3_k6epfq,t1_gensdrr,-1
TripleHotdog666,F A BB O T,1607133923,genruxd,False,t3_k6wn4t,t3_k6wn4t,2
TheNatureGrandpa,"I was pretty certain of this one. Sorry to hear of your loss. Doesn't help now, but eventually BB will touch 9 again, already hit $8.55 today.",1607133541,genr82q,True,t3_k6epfq,t1_gekp05g,2
SantoIsBack,Still in time with $BB don't be autistic,1607133365,genqxel,False,t3_k6tl0d,t1_genpwnv,2
SantoIsBack,BB TO THE MOON 🚀 and that analyst is full of shit,1607133218,genqom6,False,t3_k6tl0d,t3_k6tl0d,3
pickbot,"**I am a bot and identified and tracked the following options picks within this post:**

|**Ticker**|**Strike**|**Type**|**Exp**|**Recorded Premium**|**Recorded Stock Price**|**OI**|**Volume**|
|:-|:-|:-|:-|:-|:-|:-|:-|
|**BB**|**$10**|**BUY CALL**|**2020-12-18**|**$0.51**|**$8.52**|**4571**|**3587**

[Realtime ROI](https://www.pickmojo.com/pick/ckib0s31793fo0740tqpzaq8d) | [Track Record](https://www.pickmojo.com/user/sjtomcat/) | [Bot Info](https://www.reddit.com/r/pickmojo/comments/he9ghu/options_picks_tracking_bot_information/) | Leaderboard: [Week](https://www.pickmojo.com/stocks/best-this-week-reddit), [Month](https://www.pickmojo.com/stocks/best-this-month-reddit), [All](https://www.pickmojo.com/stocks/top-reddit) | [Exit this position](https://www.pickmojo.com/reddit_redirect)

**^(*Recorded after market close, will be recorded at the next market open if the premium is within 10% margin. My owner is monitoring these posts, reply with feedback! You can now track comments by mentioning me!)**",1607131802,genob07,False,t3_k6y7rt,t3_k6y7rt,1
JLTLJ5, BB to 20.,1607131265,genneg0,False,t3_k6tl0d,t3_k6tl0d,5
Needgirlthrowaway,Bb better print my bags. my calls are waiting for a pop.,1607129609,genkkpt,False,t3_k6wsdc,t3_k6wsdc,4
Chiaope,Once it break 9. 5 i will be at breakeven this will happen next week i believe in BB,1607128540,genirgd,True,t3_k6wsdc,t1_gengu4c,2
caratspy,Sold my BB weeklies yesterday FML,1607128353,genigak,False,t3_k6tl0d,t3_k6tl0d,2
NnewyorkY,Yolo BB calls 12-18,1607127033,geng7tl,False,t3_k6tl0d,t3_k6tl0d,5
the_davvv,What’s wrong Riot? You good BB? 🥺,1607124747,genc88w,False,t3_k6tl0d,t3_k6tl0d,2
NnewyorkY,What do y’all think about BB come Monday?,1607124270,genbdau,False,t3_k6tl0d,t3_k6tl0d,4
[deleted],Hold me bb,1607123505,gen9znh,False,t3_k6tl0d,t1_gen233s,1
G_I_Joe_Mansueto,"The good news: up 6% this week. 

The bad news: I was up 36% and then I horribly botched BB, GME, NKLA, and PLTR",1607123385,gen9ryq,False,t3_k6tl0d,t3_k6tl0d,8
weightedpullups,BB calls,1607122829,gen8s1g,False,t3_k6tl0d,t1_gen3l7p,1
GreekGodOfBaseball,It’s not BB it’s the two above you because it’s a banned ticker here cause it’s a SPAC,1607122732,gen8lj5,False,t3_k6tl0d,t1_gen8akq,2
luckieboy8811,Glad I bought BB this morning idk why I did. But I feel like in a year or less it will be worth a lot more than $8,1607122683,gen8idq,False,t3_k6tl0d,t3_k6tl0d,0
c4toYOdoor,Bb,1607122530,gen887o,False,t3_k6tl0d,t1_gen86ww,-5
leonmate,"Preach brother

Bought PLTR at $32

GME at $17

BB at $8.45

APHA  at $8.50

GHIV is the wildcard that I hope is good and got early enough at $10.34

... Hopefully they still have some gains in them!",1607122144,gen7ifu,False,t3_k6ubwm,t3_k6ubwm,141
riokass,BB's gonna have the same run as GME 12/24 10c,1607121161,gen5pfz,False,t3_k6tl0d,t3_k6tl0d,3
winkahpack,Grindr bb,1607121145,gen5oh8,False,t3_k6tl0d,t1_gen5fwc,1
[deleted],"bruh can you ship me some of that replaceable money, i'm all out of non replaceable money thx bb",1607119511,gen2n68,False,t3_k6tl0d,t1_gen2i6c,4
Useful-ldiot,"Here for you too, bb",1607119233,gen24ch,False,t3_k6h7qc,t1_gemdx65,1
_ziros_,That BB Breakout was as clear as day I wish I saw the price action befoe the pop i would have went in big with calls,1607118767,gen18k6,False,t3_k6tl0d,t3_k6tl0d,4
Dialupservice,I sold BB way too early (at a loss) and fomo’d into RYCEY and am holding some bags that dont match my outfit so I feel a little uneasy. Its going to be a long weekend,1607117938,gemzmun,False,t3_k6tl0d,t3_k6tl0d,3
leandropoppz,BB,1607117219,gemy8dj,False,t3_k6tl0d,t1_gemxfcs,2
ManOfDiscovery,What’s the DD on BB?,1607117154,gemy3qi,False,t3_k6tl0d,t3_k6tl0d,2
leandropoppz,BB looking good for next week,1607117059,gemxwxk,False,t3_k6tl0d,t3_k6tl0d,5
MySafeSpaceBanned,"I threw all my loose change into BB shares for the time being, I can see it topping $10 in the coming week(s) or I can sell to make a play.",1607116810,gemxfab,False,t3_k6tl0d,t1_gemwzvc,1
Noahromero24,Up 50% on BB after buying this morning but I’m out of day trades so I gotta wait until Monday to sell😰,1607116667,gemx4zz,False,t3_k6tl0d,t3_k6tl0d,2
HSL,"Balls deep in LUMN, BB, and RKT

LUMN I think is primed for a takeoff

BB is done with the initial meme runup on 12/1 and is ready for ""oRgAnIc GrOwtH"" now

RKT? Free money",1607116200,gemw7u2,False,t3_k6tl0d,t3_k6tl0d,3
my__ANUS_is_BLEEDING,BB gonna be the next meme stock,1607115746,gemvbgy,False,t3_k6j06n,t3_k6j06n,1
DandeeMaan,"Thank you BB, I always believed in you",1607115613,gemv1ua,False,t3_k6j06n,t3_k6j06n,2
GrandmasGenitals,Bb,1607115422,gemuo58,False,t3_k6j06n,t1_gemtyk4,1
Snoo-8109,Buy $BB 12/24 $10 Calls thank me later,1607115380,gemul58,False,t3_k6j06n,t3_k6j06n,3
marsinfurs,BB is my new bby,1607115378,gemuky4,False,t3_k6j06n,t3_k6j06n,4
Reaper0603,Dont worry $BB is carrying you to the moon,1607115332,gemuhl3,False,t3_k6t37d,t3_k6t37d,2
1dayoungj,BB puts ??,1607115082,gemtzmb,False,t3_k6j06n,t3_k6j06n,1
mimelife,"BB calls, may hit 10 eow but def eoy",1607114988,gemtsuv,False,t3_k6j06n,t1_gemskcy,1
LongMaybe1010,BB $100 when,1607114942,gemtpkk,False,t3_k6j06n,t3_k6j06n,3
V3yhron,Goddamnit I cant decide pltr bb ghiv or cash for the weekend,1607114912,gemtnf8,False,t3_k6j06n,t3_k6j06n,1
marsinfurs,"Hmm I would’ve held onto PLTR, it’s gonna rocket after more people get shook out and big money buys in. I saw some manipulative shit on the level ii today. But bb is a great play",1607114891,gemtlva,False,t3_k6j06n,t1_gemtgbv,2
jkwilkin,I love you BB,1607114883,gemtl91,False,t3_k6j06n,t1_gemtb3d,1
printscreenshot,"Looks like BB is the next meme stock, ready your pager boys",1607114844,gemtifx,False,t3_k6j06n,t3_k6j06n,2
marsinfurs,BB has some solid steady growth today and more volume than LAZR or PLTR,1607114742,gemtb3d,False,t3_k6j06n,t3_k6j06n,5
Cranial-Nerve,NRGU bb,1607114698,gemt7w3,False,t3_k6j06n,t1_gemt4u4,2
Hamyyz1997,Buy 🐝BB🐝 calls EOD?,1607114387,gemsl6t,False,t3_k6j06n,t3_k6j06n,4
gravityCaffeStocks,I think BB could obtain meme status 🤔,1607114291,gemsebt,False,t3_k6j06n,t1_gemsbd6,1
gravityCaffeStocks,"why aren't you guys talking about BB more than you are?

[https://swaggystocks.com/dashboard/wallstreetbets/ticker-sentiment/BB](https://swaggystocks.com/dashboard/wallstreetbets/ticker-sentiment/BB)",1607114049,gemrwx1,False,t3_k6j06n,t3_k6j06n,1
V3yhron,"Fellas fellas fellas. BB, PLTR, or start entering a GHIV position into close",1607113993,gemrswc,False,t3_k6j06n,t3_k6j06n,1
DabHits,i want to get BB calls but the IV,1607113964,gemrqtb,False,t3_k6j06n,t3_k6j06n,1
Psychological-Yam758,Hold or sell bb 🤔,1607113955,gemrq7p,False,t3_k6j06n,t3_k6j06n,1
vnoice,"With that little, probably BB calls",1607113909,gemrmzm,False,t3_k6j06n,t1_gemrjas,1
riokass,These BB calls wiping away my PLTR FOMO fisting,1607113815,gemrgbq,False,t3_k6j06n,t3_k6j06n,4
Space_Lord_MF,"You know blackberry currently does simlar quarterly revenue to Palantir, and thats not counting all the future growth and potential BB has? BB has a lot of new good stuff planned",1607113631,gemr308,False,t3_k6j06n,t3_k6j06n,3
Fantastic_Wallaby_61,Why would u buy bb 2 years ago,1607113368,gemqk3b,False,t3_k6j06n,t1_gemq7n2,1
weightedpullups,BB is becoming a rocket.  I was doubting it's vibe a bit yesterday but not any more lol,1607113271,gemqd8a,False,t3_k6j06n,t1_gempth8,1
tryhardfit,So i have owned bb and apha stock since 2 gears ago. Guess who is almost break even. Only took 2 years of being down 50% while everyone else strapped into their rocket ships. Even spy is up like 40% in the same time period. Fuck im bad at this.,1607113194,gemq7n2,False,t3_k6j06n,t3_k6j06n,6
Space_Lord_MF,BB is going places in the next few years for sure,1607113093,gemq0b5,False,t3_k6j06n,t1_gempvtr,2
V3yhron,"BB, PLTR, or cash over the weekend",1607113032,gempvtr,False,t3_k6j06n,t3_k6j06n,3
theleftrocket,Sooo BB to gap up Monday?,1607112792,gempely,False,t3_k6j06n,t3_k6j06n,3
templeoftiger,Come on BB. Need it to go to 8.75 today,1607112652,gemp4r1,False,t3_k6j06n,t3_k6j06n,3
GnarlyPounderWoo,"BB was the move today, kinda happy I picked that one up.",1607112279,gemodse,False,t3_k6j06n,t3_k6j06n,8
Noahromero24,"If I wasn’t out of day trades I would’ve sold BB this morning, what a blessing in disguise",1607112279,gemodtx,False,t3_k6j06n,t3_k6j06n,2
GoBeaversOSU,">  Starting to slowly moon 

BB: Up 43% on the 5-day",1607111895,gemnlve,False,t3_k6j06n,t1_gemnip5,4
lizardwizard77,If you had told me BB calls over AAPL calls a couple months ago I would of thought you were insane,1607111788,gemndsv,False,t3_k6j06n,t3_k6j06n,4
Lasker_,Im fomo'ing into BB.  Am I going to get fucked?,1607111786,gemndoh,False,t3_k6j06n,t3_k6j06n,7
MySafeSpaceBanned,What's a realistic price target for BB?,1607111783,gemndgg,False,t3_k6j06n,t3_k6j06n,2
ExternalBeginning3,Bb coming back to fuck up apple for doing them dirty 10 years ago.,1607111694,gemn6sy,False,t3_k6j06n,t3_k6j06n,5
templeoftiger,Bb $20 End of Jan,1607111611,gemn0nf,False,t3_k6j06n,t3_k6j06n,3
shagagav,Got a Tesla pump how about a shop one now plz bb,1607111600,gemmzue,False,t3_k6j06n,t3_k6j06n,3
coffeelickerr,BB is going to get tanked soon I guess. What do you say folks?,1607111381,gemmjx0,False,t3_k6j06n,t3_k6j06n,0
jaguarpawww,Bb,1607111356,gemmi31,False,t3_k6j06n,t1_gemlfy6,1
thistickerticks,"$BB Calls going to the moon.  Still pretty cheap.

Positions: 300 shares @ 7.35, 5 1/15C $10

This stock is just getting started.  Forget phones, this is the new Blackberry.",1607111257,gemmasb,False,t3_k6j06n,t3_k6j06n,8
[deleted],Bb I’m loving you for now,1607111158,gemm3fe,False,t3_k6j06n,t3_k6j06n,3
Layrasm,Up 52% on the day after getting trashed all week. BB and ADT calls. No meme stock shit,1607110762,geml9vr,False,t3_k6j06n,t3_k6j06n,3
LongMaybe1010,BB two hours ago,1607110720,geml6t8,False,t3_k6j06n,t1_geml3t8,1
saifly,Sorry bb. I was trying to trick the algos 🥺,1607110585,gemkwsq,False,t3_k6j06n,t1_gemgve9,2
MrMeeseeks987,BB $9 call next week am I screwed,1607110514,gemkre7,False,t3_k6j06n,t3_k6j06n,3
TheLooza,BB is gonna run to 15 by Feb.  Still cheap.  There do it and feel better.,1607110448,gemkmjw,False,t3_k6pmhx,t3_k6pmhx,1
Layrasm,BB,1607110446,gemkmdk,False,t3_k6j06n,t1_gemjzqh,1
bls2515,"BB     Really?

Can I sell you a dial up modem too?  How about a fax machine?

Last one standing turn out the lights.",1607110144,gemjzpw,False,t3_k6j06n,t3_k6j06n,1
HSL,"i'm fucking retarded. i was sulking with another member about FCEL and looked at the wrong ticker/strike. was like ""wow, bb dropped 20 cents and looks like i'm now down $3.5k!""",1607110133,gemjysp,False,t3_k6j06n,t1_gemj7qw,2
DongKelly32,"I’d like to wait for their next earnings call to hear something of substance on projections first, but this is for sure a multi bagger in my mind if people can wrap their head around BB not just being a cellphone now.

It may just take a while though so I’m going to be selling weekly covered calls.",1607110051,gemjsnv,False,t3_k6j06n,t1_gemhit0,1
Bob__Kazamakis,Car makers are going to put BB in their cars whether you want it or not. It’s like a hidden fee that you don’t care or think about. Thank you for coming to my ted talk,1607109622,gemiwkv,False,t3_k6j06n,t3_k6j06n,1
philmacrack123,Told everyone to get in bb when they hit 7,1607109604,gemiv6b,False,t3_k6j06n,t3_k6j06n,-1
Noahromero24,Bb dip,1607109488,gemimdn,False,t3_k6j06n,t3_k6j06n,3
ExternalBeginning3,Bb,1607109480,gemilu9,False,t3_k6j06n,t1_gemhrtm,2
Rapknife,BB is actually rising pretty well today.,1607109298,gemi81n,False,t3_k6j06n,t3_k6j06n,6
G_I_Joe_Mansueto,"Fuck man I got oil right this week, weed half right, and  GME, BB, and NKLA so fucking wrong. 

Gotta stay away from some of the memes I guess.",1607109062,gemhqcn,False,t3_k6j06n,t3_k6j06n,4
tryhardfit,Weedstocks and BB? Blasts from the past today.,1607109048,gemhp9w,False,t3_k6j06n,t1_gemhfq3,1
LongMaybe1010,BB blasting off damnnnn,1607108982,gemhk82,False,t3_k6j06n,t3_k6j06n,7
stinkyholetime,ALL ABOARD BB FOR TAKEOFF 🚀🚀🚀🚀🚀,1607108922,gemhfq3,False,t3_k6j06n,t3_k6j06n,3
DongKelly32,I’m not worried about it the strike I wrote is above cost. If it gets called away it gets called away. I’m long BB no matter what and will buy back on an eventual dip or just run the wheel with it.,1607108904,gemhecb,False,t3_k6j06n,t1_gemflbj,1
Wolf_of_Wall_Street1,I’ve been implying since it was at 5.80. Im not selling yet. People need to do research. BB is for long run.,1607108734,gemh1fr,False,t3_k6j06n,t1_gemgkzd,1
Bulleyes87,All in on BB.,1607108682,gemgxjd,False,t3_k6j06n,t1_gemgutb,1
wilhelm96,"Guys, Cramer said to stay away from BB and stick with AAPL instead",1607108645,gemgutb,False,t3_k6j06n,t3_k6j06n,3
chiggaroni,BB break out chart confirmed,1607108596,gemgr5t,False,t3_k6j06n,t3_k6j06n,3
Iupin-pegasus,you implying to invest in BB?,1607108515,gemgkzd,False,t3_k6j06n,t1_gemggn4,2
[deleted],BB is that one kid who better at his studies and started getting good grades and then better and better after that,1607108486,gemgipq,False,t3_k6j06n,t3_k6j06n,4
GucciManeSprayTan,"Give it to me BB (uh huh, uh huh)",1607108486,gemgirn,False,t3_k6j06n,t3_k6j06n,5
aRecycleAwayAccount,"This is an option pricing bot. The latest option price is:

Position|Bid|Ask|Last Price|% Change|IV
:--:|:--:|:--:|:--:|:--:|:--:
BB   10.0|0.38|0.4|0.4|0.22|139.651%


BB 10.0C 2020-12-18 was mentioned 0 times

[Click to see where](https://www.reddit.com/message/compose/?to=aRecycleAwayAccount&subject=gemg8yr&message=Show me)

^(These quotes are based on real time prices. This bot comments Mon-Fri between the hours of 6am-7pmET. Any feedback or suggestions are welcome!)",1607108376,gemga91,False,t3_k6j06n,t1_gemg8yr,1
theboymehoy,what are the odds my  BB 12/18 10c prints?,1607108359,gemg8yr,False,t3_k6j06n,t3_k6j06n,1
marsinfurs,Was there good BB news today? Was feeling like a dumbass for buying a couple days ago this morning,1607107820,gemf3zr,False,t3_k6j06n,t3_k6j06n,3
BlackCatDad,Let’s see if BB can rally to $9 EOD,1607107737,gemexqg,False,t3_k6j06n,t3_k6j06n,3
Dumb_Nuts,"Anyone getting in on leg 2 of BB? Stabilized after the initial drop. AWS supports the stock as have a demanded service and a whole bunch of eyes are on it now. Get it before the institutional investors who have to run the internal DD and pitch to their PMs. That takes time, buying March 21 $8 Calls in your brokerage account does not.


Thank me later",1607107689,gemetyu,False,t3_k6j06n,t3_k6j06n,3
markucr,Hmmm should I get into BB shares now?,1607107684,gemetl1,False,t3_k6j06n,t3_k6j06n,3
Carlosl1117,thoughts about BB and Plug,1607107677,gemet3u,False,t3_k6j06n,t3_k6j06n,3
viperik,Bought some nokia calls to park. This will pop just like BB,1607106808,gemcz9n,False,t3_k6j06n,t3_k6j06n,1
DandeeMaan,"BB having some steady progress, can’t wait for earnings...",1607106788,gemcxoz,False,t3_k6j06n,t3_k6j06n,6
[deleted],"Any takers on my B portfolio? 

Aka the bad bee

Aka ""bye bye bye bye""

🐝, BB, BBY, BBBY

🦨💨🤡",1607106512,gemccn3,False,t3_k6j06n,t3_k6j06n,2
ATXBikeRider,BB fellas.  Going to 15.,1607106407,gemc4lc,False,t3_k6j06n,t3_k6j06n,2
ATXBikeRider,"Damn that's looking good!  I'm tapped a bit holding a lot of heavy BBY bags (February expiration at least) but I will definitely keep an eye on them.  I've watched SBUX for months and always think I missed the boat.

Got 1000 shares of BB the other day at $7.  Worth a look as well",1607106307,gembwx7,False,t3_k66875,t1_gembcd0,2
DabHits,im not in BB just cant believe it has this retard strength from that AMZN news a few days ago,1607106119,gembina,False,t3_k6j06n,t1_gembeo4,0
DabHits,"why the fuck does BB keep mooning  
fake market",1607105976,gemb7pq,False,t3_k6j06n,t3_k6j06n,0
[deleted],BB all of a sudden making me money again,1607105920,gemb3k6,False,t3_k6j06n,t3_k6j06n,4
youngniggi,BB hell ya,1607105877,gemb092,False,t3_k6j06n,t3_k6j06n,3
V3yhron,BB march calls or save that cash to play PLTR swings and then the C3.AI and Roblox ipo’s?,1607104493,gem834m,False,t3_k6j06n,t3_k6j06n,2
V3yhron,BB march calls or save that cash to play PLTR swings and then the C3.AI and Roblox ipo’s,1607104162,gem7dkv,False,t3_k6j06n,t3_k6j06n,2
V3yhron,Is there still room to run on BB? Should I pick up some march calls?,1607104070,gem76gc,False,t3_k6j06n,t3_k6j06n,3
theleftrocket,When BB memes.. I cant wait. Like being in PLTR at 15,1607103891,gem6smd,False,t3_k6j06n,t3_k6j06n,2
[deleted],Fuck it sell BB?,1607102932,gem4ra5,False,t3_k6j06n,t3_k6j06n,1
NoParlayNoFood,"I'm messin with ya hah, I think BB has a solid growth path tho",1607102865,gem4m7e,False,t3_k6j06n,t1_gem4gng,1
ATXBikeRider,That's why I referenced SNOW.  BB is deep into software and EV security/tracking.  Not phones.  So definitely growth potential there on that front.,1607102792,gem4gng,False,t3_k6j06n,t1_gem45nd,1
NoParlayNoFood,"Massive growth opps for BB too, everyone and their mother is buying their phones instead of iPhones and Samsung!!!",1607102651,gem45nd,False,t3_k6j06n,t1_gem4074,-2
ATXBikeRider,"BB made nearly double what SNOW brought in with 1/25th the market cap.  Undervalued, new meme Stonk in the making here.",1607102580,gem4074,False,t3_k6j06n,t3_k6j06n,5
[deleted],"Oh shit BB make me nut

Edit: don’t silver me lol",1607102351,gem3irq,False,t3_k6j06n,t3_k6j06n,1
theleftrocket,Loving my bb BB,1607102227,gem39a2,False,t3_k6j06n,t3_k6j06n,4
DJ_Sexy_T,"SHREK BB 

Hopefully Canada just grabbed 1.5mil more!

Need money for vaccine factories.",1607102016,gem2tjf,False,t3_k6j06n,t3_k6j06n,3
Space_Lord_MF,My bb calls looking good,1607101868,gem2iia,False,t3_k6j06n,t1_gem1utv,1
90FC_Racer,Cramer: “sell BB” BB: ”🖕🏾🚀”,1607101765,gem2auv,False,t3_k6j06n,t3_k6j06n,1
bl0ckburner,Why is BB moving,1607101696,gem25nw,False,t3_k6j06n,t3_k6j06n,3
chiggaroni,BB!!!!!!!,1607101551,gem1utv,False,t3_k6j06n,t3_k6j06n,5
Space_Lord_MF,BB up over 8% today again.,1607101540,gem1ty1,False,t3_k6j06n,t3_k6j06n,4
LongMaybe1010,Fomo'd into BB keep going 🔥,1607101431,gem1lrj,False,t3_k6j06n,t3_k6j06n,4
NotHonored,"Whoever suggested MRO calls yesterday, I luv u bb 🥰",1607101375,gem1hjp,False,t3_k6j06n,t3_k6j06n,3
Ascendingz,BB mooning,1607101182,gem12ua,False,t3_k6j06n,t3_k6j06n,2
fellow_clown,Go BB Go,1607101171,gem1222,False,t3_k6j06n,t3_k6j06n,2
JasonReal,Bb  🚀🚀🚀,1607101093,gem0w2x,False,t3_k6j06n,t3_k6j06n,7
popstockndropit,BB blasting through $8. Next stop $10,1607100935,gem0k3k,False,t3_k6j06n,t3_k6j06n,5
DylanDevin06,"Possible lotto play, BB 7.5 puts expiring today are $3",1607100575,gelzstm,False,t3_k6j06n,t3_k6j06n,1
theleftrocket,BB $10c,1607099750,gely2pr,False,t3_k6j06n,t1_gelxsl8,2
theleftrocket,BB gonna break $8,1607099633,gelxtur,False,t3_k6j06n,t3_k6j06n,2
[deleted],BB eod predictions?,1607099622,gelxt2p,False,t3_k6j06n,t3_k6j06n,1
umbrellacorgi,BB frying up some tendies 😋 😍 📈,1607099372,gelxa65,False,t3_k6j06n,t3_k6j06n,3
DylanDevin06,BB going over $8?🚀🚀,1607099236,gelwzwc,False,t3_k6j06n,t3_k6j06n,2
kj922,Bb,1607099208,gelwxqy,False,t3_k6j06n,t3_k6j06n,3
templeoftiger,BB TTM 🚀,1607099090,gelwozi,False,t3_k6j06n,t3_k6j06n,4
phazeiserotic,"$BB is still cheap get in before its double digits.   

Also APHA males we are eating wagyu tonghit.",1607098726,gelvxt2,False,t3_k6j06n,t3_k6j06n,3
Zoiberginadress,Predicting and riding the meme is how you make money. Chasing the meme is how you lose money. All in bb,1607097946,geluc7n,False,t3_k6j06n,t1_geltigy,1
[deleted],I swear to god if I sold everything from BB and it rockets...,1607097844,gelu4qp,False,t3_k6j06n,t3_k6j06n,2
theleftrocket,BB,1607097395,gelt7w2,False,t3_k6j06n,t1_gelqv2x,1
cupnhandle,oh my little pumpkin. its ok bb <3,1607097066,gelsjjv,False,t3_k6j06n,t1_gelsglo,4
GenerationEh,I’m gonna regret cutting my losses on those bb calls,1607096800,gels06o,False,t3_k6j06n,t3_k6j06n,2
Mecha_Malcolm,I had BB since it was RIM. I wouldn't sell it as a lost but early Tuesday it looked so good I almost took a screenshot the didn't thinking it would jinx it. STUPID! GETSGETS,1607096694,gelrslo,False,t3_k6akev,t1_gekgnov,2
ExternalBeginning3,Bb breaking through 7.75 and will blast off,1607096414,gelr8iw,False,t3_k6j06n,t3_k6j06n,3
Ascendingz,Go BB go!,1607096327,gelr2dr,False,t3_k6j06n,t3_k6j06n,3
bigchillinlat,Apha bb,1607095873,gelq6bp,False,t3_k6j06n,t1_gelq46n,5
Jonnydoo,my GF just said she was going to by BB. I threw my phone at the wall.,1607094846,gelo6gw,False,t3_k6j06n,t3_k6j06n,4
CoyoteHP,BB to the moon by market close. Gonna rocket next week.,1607094304,geln4wz,False,t3_k6j06n,t3_k6j06n,3
templeoftiger,I have a feeling that BB will 🚀 next week,1607094135,gelmtr4,False,t3_k6j06n,t3_k6j06n,5
ExternalBeginning3,Bb let's fucking go,1607093798,gelm787,False,t3_k6j06n,t3_k6j06n,2
arrehandro1,BB and GME better keep this up,1607093561,gellrgp,False,t3_k6j06n,t3_k6j06n,2
[deleted],BB hit 8 you whore,1607093438,gellja1,False,t3_k6j06n,t3_k6j06n,3
HotStockSlinger,Oh yeah BB give it to me,1607093245,gell6o7,False,t3_k6j06n,t3_k6j06n,3
theleftrocket,BB gonna fly next week 🚀,1607093107,gelkxjt,False,t3_k6j06n,t3_k6j06n,5
fellow_clown,BB let's get to $10 today 🤡,1607092924,gelkln8,False,t3_k6j06n,t3_k6j06n,4
fellow_clown,Let's go bb's first boomer stock $T,1607092677,gelk5l7,False,t3_k6j06n,t3_k6j06n,3
turboCode9,"What kind of clowns would buy BB calls lmao

me. I’m clowns:(",1607092483,geljtc2,False,t3_k6j06n,t3_k6j06n,1
imincarnate,"I think that's the first time I've seen someone mention AI and machine learning in connection to PLTR on WBS. That's one of the most important parts of this for me. I'm convinced they've developed something and it works. I don't think they would get so much attention from multiple governments otherwise.

When I looked at the BB AMZN deal the other day it looked like a similar setup to how I expect PLTR does things. Scary shit when you start thinking about what someone could do with this kind of tech.

[https://blackberry.qnx.com/en/aws/\_jcr\_content/main/par/section/par/row/col0/par/picture.coreimg.jpeg/1607006125799/diagram-update-2.jpeg](https://blackberry.qnx.com/en/aws/_jcr_content/main/par/section/par/row/col0/par/picture.coreimg.jpeg/1607006125799/diagram-update-2.jpeg)",1607092075,gelj3mt,False,t3_k6gzt3,t3_k6gzt3,3
HotStockSlinger,"Come on BB, if you love me you'll squeeze up to 9 today, please BB",1607091746,geliiq1,False,t3_k6j06n,t3_k6j06n,3
shaft2007,Oh no bb what is you doing,1607090206,gelfy9y,False,t3_k6j06n,t1_gelftyh,5
johnnyappleseedgate," When did WSB become /investing?? 

Shares have always been on WSB? Especially in times when they can pull a $BB and pop 50% in a day.",1607087694,gelbs4w,False,t3_k6j06n,t1_gelbngt,5
hiohiohiza,I saw something about Amazon and a rocket ship and bought calls. BB 15 eoy🚀,1607084660,gel7mc2,False,t3_k6j06n,t1_gel7fdh,2
ice_nine459,Can someone explain why so many people have wet panties over BB? I’ve seen lots of shilling and over 10$ comments lately.   I’m in if it’s good but it’s always “wait til you see the announcement coming”. Garbage dd.,1607084507,gel7fdh,False,t3_k6j06n,t3_k6j06n,3
ke263565,40% in like a day.  I did this with BB the other day.  People take profits while dumb money chases it,1607082673,gel4yoq,False,t3_k6j06n,t1_gel4t3t,5
microwave2016,Plzplzplzplzplzplzplzplz bb 🚀🚀,1607080278,gel1hz1,False,t3_k66875,t1_gekyqjs,1
Omerta2304,cmon tesla.. lets open at 650 bb,1607080193,gel1dhd,False,t3_k66875,t3_k66875,2
Gua_Bao,bb has one more pump left in it before it’s 15 minutes of fame are over for the decade,1607080157,gel1blw,False,t3_k66875,t1_gel17ji,1
deepc55,"Yeah I’m down a total of 8k including my ROTH in vanguard where I sold VTSAX and bought NIO  @51 and GME @ 17.50 sucks cuz I was up 8 grand last week and now I’m being margin called. I think I’ll be fine tho waiting it out.. with BB, NIO, PLTR, and GME being my largest position. But fuck this shit is stressful I don’t know how all you retards do it. 

Hoping GME rockets at earnings. TD says I have until the 9th to cover my margin. Fuck it.",1607075387,gekwhaa,True,t3_k6heg0,t3_k6heg0,2
philmacrack123,BB is honestly free money at these levels.,1607070099,gekr7zq,False,t3_k66875,t3_k66875,2
TrainingEconomist0,"SpaceX uses rockets. Elon Musk leads SpaceX. Transitive property, BB will take off to the moon like TSLA.",1607069526,gekqml9,False,t3_k6epfq,t1_gekh8tv,6
Weird-Lie-3228,Don’t drop NIO think about dropping the other two. BB might be ok tho,1607069144,gekq7vl,False,t3_k66875,t1_gekq5n4,3
coffeelickerr,"Any hopes on GME, NIO and BB?Planning to drop in some puts before EOD tomorrow..Anyone got a gameplan?

SHARE plz",1607069085,gekq5n4,False,t3_k66875,t3_k66875,-3
Jay_Ell_,Feel that. Got some BB 8c 12/4 myself. We're out here learning.,1607067170,geko3fq,False,t3_k6b8gi,t1_gek9iuv,2
damniyam,"BB 7.5c 12/18 
      8c 12/18 
       9c 12/24",1607062772,gekizqq,False,t3_k66875,t3_k66875,1
Funguyguy,Sqeeze time bb,1607062307,gekifid,False,t3_k66875,t1_geki04s,2
Chiaope,If PLTR can hit $20 BB can hit $40 fk those 🌈🐻,1607060754,gekgipi,False,t3_k6epfq,t3_k6epfq,7
Chiaope,Same diamond hand some 2000 shares of BB when its 9.52 I believe its going to moon,1607060683,gekgfoz,False,t3_k6epfq,t1_gekfs34,4
GucciManeSprayTan,"Earnings this month and the DD someone posted over the weekend about them being involved in EV software. Bought 30 calls $9 strike at $.10 each. Sold at $2.00 each. Got really lucky with the Amazon partnership announcement. 

I actually think they have big potential but it’s going to take an actually automaker announcement that they have a deal with BB’s IVY and AWS.",1607060403,gekg3f5,False,t3_k66875,t1_gekfvq7,1
gotfelk,Got out of BB. The volume is terrible.,1607060394,gekg317,False,t3_k6epfq,t3_k6epfq,-7
CanadianPinup,How did you know BB was gonna do that?,1607060312,gekfzf0,False,t3_k66875,t1_gekfnml,1
cocococopuffs,What made you wanna buy BB besides being a total retard,1607060227,gekfvq7,False,t3_k66875,t1_gekfnml,2
sc0tt_1990,lol you had BB calls?,1607060204,gekfup5,False,t3_k66875,t1_gekfnml,1
[deleted],BB 9c 3/19/21 here,1607060106,gekfqiy,False,t3_k6epfq,t3_k6epfq,14
GucciManeSprayTan,I finally hit a 3600% gain this week (BB) and have already lost half of it. Up 600% on the month and all time but feeling defeated like I wasted my big win.,1607060039,gekfnml,False,t3_k66875,t3_k66875,10
Hubers57,Gimme dd bb,1607059037,gekef8t,False,t3_k66875,t1_gekdaae,1
4everinvesting,BB it’s waiting to moon,1607058028,gekd72c,False,t3_k66875,t3_k66875,1
Rapknife,Half into PLTR and BB shares. Thoughts?,1607057982,gekd51l,False,t3_k66875,t3_k66875,1
nate223,SPY TOO THE MOON BB,1607056454,gekb64y,False,t3_k66875,t3_k66875,-1
donefukupped,GME BB NKLA AMC NOK,1607053722,gek73lq,False,t3_k66875,t1_gek66m1,2
quarantrader,"Shrek, we gonna need you to get real erect and get us to $370 bb",1607053656,gek6zn6,False,t3_k66875,t3_k66875,3
skulz96,11 shares bb let's fucking go,1607053589,gek6vwi,False,t3_k5ociy,t1_geg7fj1,1
PharmacistHog,Love BB. Would’ve been better if it didn’t have to censor for regular TV.,1607052319,gek4xtn,False,t3_k66875,t1_gek474n,1
PM_ME_EVIL_CURSES,Ty bb,1607051050,gek306y,False,t3_k66875,t1_gek2mc7,1
rarvikar,Is there a benefit to using BB or VWAP?,1607050863,gek2pyz,False,t3_k66875,t1_gek1twj,1
awwetistic,Yessir. Bb is gonna rocket in the coming weeks. Hopefully another news article about another company using their products comes out,1607048261,gejyizz,False,t3_k6b8gi,t1_gejy7xi,1
Chiaope,Yeah blackberry my friend is there other ticker BB that I dont know of?,1607048176,gejydus,False,t3_k6b8gi,t1_gejy7xi,1
lucky0slevin,Wtf is bb ? BlackBerry?,1607048075,gejy7xi,False,t3_k6b8gi,t1_gejxunn,1
Chiaope,"Dont worry BB will moon soon, totally not diamond handing BB =D",1607047851,gejxunn,False,t3_k6b8gi,t3_k6b8gi,2
Infinite-coffee,"Normally, buybacks and dividends are the same. Even though bb are more tax efficient. 
Today, in gme bb could trigger the squeeze and also put people with 9.9% over 10% ownership. idk how the ownership thing would be managed",1607047599,gejxfxp,False,t3_k69wxi,t3_k69wxi,3
turboCode9,"BB 8.5c 12/24
BB 9c 12/31

:(",1607047504,gejxam0,False,t3_k66875,t3_k66875,1
[deleted],"I bought $2k worth of 12/18 30c this morning on the dip. Watched it swing from -$350 to +$750 before settling at +$200 for the day. Probably would have sold at the top for the day but I burned my last day trade trying to FOMO into BB.

Looking at AH, I’m feeling positive about tomorrow.",1607047497,gejxa7t,False,t3_k66875,t1_gejsdij,1
ChachiLu,"BB BABAYYYY  🚀🚀🚀🚀🚀









please",1607046717,gejw5x2,False,t3_k66875,t3_k66875,2
umbrellacorgi,BB not BBY you doorknob,1607045961,gejv4gk,False,t3_k66875,t1_gejv0g1,0
Myweedalt,If your talking about BB thats blackberry lol,1607045927,gejv2w4,False,t3_k66875,t1_gejv0g1,3
shagagav,Amazon bb u know u want to moon tomorrow. Anyone else holding weeklies?,1607044538,gejt8r9,False,t3_k66875,t3_k66875,3
Nippletits666,Thx bb this one got me,1607042549,gejqbv0,True,t3_k6a5bh,t1_gejpqj6,1
quarantrader,Please bb,1607040577,gejmu3e,False,t3_k66875,t1_gejmq1j,1
masterinsidious,Close enough bb,1607039717,gejlawd,False,t3_k66875,t1_gejl96s,2
unlikelycandidates,Which one of you just called Cramer to ask about BB? 😂,1607039464,gejku8b,False,t3_k66875,t3_k66875,7
SmalltownPT,"Blackberry $BB might be the limpist stock in the world￼, of course I have a position",1607038112,gejid88,False,t3_k66875,t3_k66875,5
foobargoop,members of AA selling CC against BB do DD,1607038093,gejic0e,False,t3_k66875,t1_gejhvij,1
the666briefcase,AMD why you no move for me bb,1607038009,geji6db,False,t3_k66875,t3_k66875,2
bigchillinlat,Exactly bb that’s what I’m riding on lol,1607037262,gejgt09,False,t3_k66875,t1_gejgq0e,4
ATXBikeRider,BB is not the new Meme Stonk I thought it would become  🤡,1607035140,gejcrth,False,t3_k66875,t3_k66875,1
[deleted],"What’re you goons thinking about BB, got 2 $7C 12/24",1607030527,gej360a,False,t3_k66875,t3_k66875,2
Aye_Barboza,Where does Elon say they use BB in his rockets?,1607030462,gej308i,False,t3_k612fx,t1_gei5lbh,1
philmacrack123,"Ideally, BB will reach 10 tommorow, spy will fall to 350, except for the s&p healthcare sector and Apple which will inexplicably moon for no reason.",1607030361,gej2r15,False,t3_k66875,t3_k66875,2
monkeynicaud,"BB 9$c 12/31
Am I shucked?",1607030141,gej281k,False,t3_k612fx,t3_k612fx,2
coffeelickerr,"BB betrayed me I guess.. 8c EOW :(   
Should I go for PLTR? 30C next week?   
ooof ooof - RED is my shadow",1607030032,gej1yqj,False,t3_k5vaj4,t3_k5vaj4,3
stonkpicks,"what spread did you open, bb?",1607029882,gej1m45,False,t3_k66875,t1_gej1iah,1
smallstreetgains,"The Most Popular Tickers on Reddit for Today, 2020-12-03.

#Trending Tickers

Ticker|Mentions|Bulls|Neutral|Bears|Price|Change|P/E
:--|:--|:--|:--|:--|:--|:--|:--
PLTR|2408|36.35%|54.71%|8.95%|$22.51|-12.31%|-
TSLA|865|31.45%|56.10%|12.45%|$568.82|-2.73%|-
NIO|734|28.87%|64.37%|6.75%|$47.98|5.78%|-
GME|456|30.19%|56.37%|13.44%|$16.58|4.94%|-
SPY|391|23.95%|61.32%|14.74%|$366.79|0.21%|-
CRM|276|40.23%|54.79%|4.98%|$220.78|-8.52%|1683.34
BABA|272|29.30%|64.10%|6.59%|$261.32|-1.02%|52.11
AAPL|160|32.69%|62.82%|4.49%|$123.08|0.29%|10.03
CRSR|145|21.48%|70.37%|8.15%|$34.60|-13.99%|-
AMD|143|32.33%|59.40%|8.27%|$93.74|1.2%|267.12
BB|135|6.17%|91.77%|2.06%|$7.45|6.43%|-
ETF|132|12.62%|82.52%|4.85%|$-|-|-
NKLA|126|19.83%|67.24%|12.93%|$18.32|5.47%|234.22
FUND|122|5.17%|91.38%|3.45%|$6.91|0.29%|-
GOLD|116|9.54%|87.40%|3.05%|$23.96|0.55%|-


#Trending Contracts

Ticker|Strike|Type|Date|Mentions
:--|:--|:--|:--|:--
PLTR|$40|CALL|12/4|13
TSLA|$600|CALL|12/4|8
PLTR|$30|CALL|12/18|5
SPY|$370|CALL|12/11|4
PLTR|$30|CALL|12/4|3
SPY|$400|CALL|12/31|3
PLTR|$35|CALL|12/4|3
PLTR|$40|CALL|12/11|3
CCL|$23|CALL|12/24|3
BB|$15|CALL|12/18|3
TSLA|$600|CALL|12/18|3
APHA|$8.5|CALL|12/4|2
PLTR|$20|PUT|12/11|2
SPY|$200|PUT|4/17|2
AMD|$100|CALL|12/11|2
CRM|$250|CALL|5/15|2
CGC|$18|CALL|12/18|2
PLTR|$40|CALL|1/15|2
PLTR|$40|CALL|12/04|2
PLTR|$25|CALL|12/4|2


#Other Information

Subreddits Searched: wallstreetbets, investing, stocks, stockmarket, options, robinhood

Comments Searched: 41975

Unique Tickers: 492

Total Tickers: 14900

Unique Contracts: 179

Total Contracts: 228

Time Period: 20h

Financial data provided by [Vhinny](https://www.vhinny.com/).

View daily trending tickers on r/RedditTickers.",1607029663,gej1357,False,t3_k66875,t3_k66875,15
WeaponizedAutism12,Bb hurts my peepee,1607028037,geix30p,False,t3_k5vaj4,t1_geiwgac,1
No-Proposal-2145,BB calls before  🚀  🚀  🚀  🚀  tomorrow premarket,1607027953,geiwvp9,False,t3_k5vaj4,t3_k5vaj4,2
ExternalBeginning3,Still room on this bb rocket.,1607027770,geiwgac,False,t3_k5vaj4,t3_k5vaj4,2
[deleted],Oh shit BB is a little up. Now go over 8 you coward,1607027373,geivgb1,False,t3_k5vaj4,t3_k5vaj4,2
[deleted],"Man if I had any self control at all and didn’t buy BB calls at the literal top (actually 10 cents off ath) then I’d have hit my weekly goal. Still, I’m up 10%",1607026953,geiue75,False,t3_k5vaj4,t3_k5vaj4,1
rafsiemens,What do you think bb will do next week?,1607026509,geit882,False,t3_k61o9y,t3_k61o9y,3
Colecp1999,Is blackberry (bb) = 🐝,1607026218,geisgc9,False,t3_k5vaj4,t3_k5vaj4,-11
bagel_maker974,"Damn, IV on BB is so real that even though its down today AND below the strike price, I am still up about 20% on the puts I sold yesterday.",1607026095,geis465,False,t3_k5vaj4,t3_k5vaj4,1
6r1n3i19,"and lets just be clear, i have no issues with people jumping on hype. If people made money off of blackberry's pump-- cool! congrats. 

But they gotta at least realize that THAT shit ain't reliable. Cuz who the fuck was investing in BB prior to yesterday?",1607025736,geir5mc,False,t3_k5vaj4,t1_geiqra7,2
killeral7,I swear I see random tickers like this mentioned in this thread that rocket within a few days of posting. BB and VZ most recently... this might be something to look into lmao,1607025615,geiqu3l,False,t3_k5vaj4,t1_geiqlcx,2
slowcaptain,I check BB regularly. Those ratings/recommendations haven't changed even after Amazon deal.,1607024406,geinpyb,False,t3_k612fx,t1_gei7xs4,1
TheWhiskeyFish,Not a BB,1607023586,geilql6,False,t3_k63rzb,t3_k63rzb,2
thejoker4059,Settle down bb. Lots of people don't know wtf they're doing. Cough Cough 75% of WSB.,1607023253,geil0y5,False,t3_k5vaj4,t1_geikst1,3
ScumbagMario,what’s the play for $BB?,1607022059,geiihlq,False,t3_k5vaj4,t3_k5vaj4,1
jzyf0505,"PLTR, GME, CRSR, BB. hmm very good, you are one of us now 🤴",1607021510,geihab3,False,t3_k63gfh,t3_k63gfh,9
ExternalBeginning3,Bb going to moon. Better get on while it's still primed.,1607021357,geigyac,False,t3_k5vaj4,t3_k5vaj4,6
philmacrack123,BB is the future,1607021216,geign5x,False,t3_k5vaj4,t3_k5vaj4,2
WarPack23,Thinking about getting 15 contracts for BB expiring 6/21 for the 8$ strike. Is that a good idea since they had that deal with Amazon?,1607021172,geigjrw,False,t3_k5vaj4,t3_k5vaj4,0
Fantastic_Wallaby_61,Bb lol Jesus how’s this company still alive......everyone loved there blackberrys in 2009. Still remember my brother saying it was good for texting lmao,1607019960,geidx0a,False,t3_k5vaj4,t1_geidkph,1
phazeiserotic,Cmon $BB break the barrier.,1607019801,geidkph,False,t3_k5vaj4,t3_k5vaj4,2
jorel_aron,"BB, Long hold maybe eoy 15-20",1607019133,geic5bg,False,t3_k62m8e,t3_k62m8e,2
pickbot,"**I am a bot and identified and tracked the following options picks within this post:**

|**Ticker**|**Strike**|**Type**|**Exp**|**Recorded Premium**|**Recorded Stock Price**|**OI**|**Volume**|
|:-|:-|:-|:-|:-|:-|:-|:-|
|**BB**|**$9.5**|**BUY CALL**|**2020-12-11**|**$0.09**|**$7.315**|**1429**|**140**

[Realtime ROI](https://www.pickmojo.com/pick/cki959j363fdi0768jxdn4c4t) | [Track Record](https://www.pickmojo.com/user/SourPringle/) | [Bot Info](https://www.reddit.com/r/pickmojo/comments/he9ghu/options_picks_tracking_bot_information/) | Leaderboard: [Week](https://www.pickmojo.com/stocks/best-this-week-reddit), [Month](https://www.pickmojo.com/stocks/best-this-month-reddit), [All](https://www.pickmojo.com/stocks/top-reddit) | [Exit this position](https://www.pickmojo.com/reddit_redirect)

**^(*My owner is monitoring these posts, reply with feedback! You can now track comments by mentioning me!)**",1607018402,geiakya,False,t3_k62a38,t3_k62a38,1
spyaintnobitch,Just bought some BB calls. To the moon!!!,1607017725,gei947i,False,t3_k5vaj4,t3_k5vaj4,5
Chiaope,"BB have a market cap of 4B and an annual revenue of 1B and there are 175 million cars using BB QNX and now with IVY partnering with Amazon. What more do I need to say? 
BB to the moon it is",1607017288,gei865i,False,t3_k612fx,t3_k612fx,13
EstablishmentNew7796,i have a bb terminal,1607016870,gei79nb,False,t3_k5eaf1,t3_k5eaf1,1
nahog99,Patience bb,1607016031,gei5hr5,False,t3_k5vaj4,t1_gei5d70,4
coldiron03,"No BB is probably about to flop. Its run up to 7ish now up from 4 dollars a share. They don't sell any phones in metro PCS or cricket wireless, and I say this because if consumers are going to a brand name store like ATNT or Verizon they are 9/10 picking up a iPhone or high end galaxy. I think you missed the run up and now it's going to go the way of pltr and tank over the next week. But tnays just my opinion",1607015935,gei5ang,False,t3_k612fx,t3_k612fx,-19
6r1n3i19,And why in the fuck were you invested in bb in the first place or did you jump in when the deal broke,1607015677,gei4r3h,False,t3_k5vaj4,t1_gei4kbe,1
wsbbeer,"Unlike all the other meme stonks here. BB is trading cheap, I really like this play. Company surprised earnings last quarter and I think they’ll do it again in January. Really good move forward.",1607015312,gei3zk3,False,t3_k612fx,t3_k612fx,23
discospider765,Whoever said BB was going up this week fuck you,1607015304,gei3yx4,False,t3_k5vaj4,t3_k5vaj4,2
Altacc247,"%15 as of now. I mean i am not looking to hold it anyways, not looking at lots of gains too. As long as i get like %25 until couple days im good. 😅😅  i should also mention i got marked as day trader 😅 because my first calls for BB, when i saw that %130 i had to sell them",1607014970,gei39gx,False,t3_k5vaj4,t1_gei2le9,2
[deleted],"CRSR 36-37

PLTR 25-26

Lazr 24

Fuck you BB

Hopefully it ends this way",1607014437,gei24tn,False,t3_k5vaj4,t3_k5vaj4,5
6r1n3i19,#CMON CRSR BB I BELIEVE IN U 😍🥰,1607012940,gehyxml,False,t3_k5vaj4,t3_k5vaj4,2
trentthesomalian,"When the child of my wife and her boyfriend asks me “cuckdad, what’s the dumbest thing you ever did in your life?”

My answer will be “buying BB at 8.92”",1607011247,gehvf79,False,t3_k5vaj4,t3_k5vaj4,9
flythelocalizer,FDX bb...vaccine and e-commerce are priced in...the rates that shippers (especially manufacturers because they lost their volume discounts during Covid) are paying for space on airplanes is definitely not ✈️✈️🚀,1607011110,gehv586,False,t3_k5vaj4,t3_k5vaj4,1
cameroncrazy666,JNUG what's wrong bb??,1607011039,gehuzxp,False,t3_k5vaj4,t3_k5vaj4,1
trentthesomalian,BB,1607010379,gehtnge,False,t3_k5vaj4,t1_gehthwp,1
[deleted],I bet if I took out my shares on BB it will go to 8 in 5 mins smh,1607009958,gehssxh,False,t3_k5vaj4,t3_k5vaj4,2
bagel_maker974,"Somethings goin on with BB

over 1m volume in a single 1minute candle",1607009273,gehrgbe,False,t3_k5vaj4,t3_k5vaj4,3
pie31415,NIO what is you doing bb,1607009169,gehr8u3,False,t3_k5vaj4,t3_k5vaj4,7
ExternalBeginning3,Morning sell off of bb complete. Come ride the growth.,1607009159,gehr84o,False,t3_k5vaj4,t3_k5vaj4,2
WeaponizedAutism12,Bb has to be the most boring stock of all times,1607009153,gehr7o8,False,t3_k5vaj4,t3_k5vaj4,2
youngniggi,BB Mooning!!!’,1607009002,gehqx34,False,t3_k5vaj4,t3_k5vaj4,1
[deleted],Fuck it bought som lazr. Bb in green then keep going bitch,1607008964,gehquer,False,t3_k5vaj4,t3_k5vaj4,2
[deleted],Lol okay BB I still don’t trust your bitch ass but okay you’re caught my attention,1607008580,gehq3so,False,t3_k5vaj4,t3_k5vaj4,1
lager81,Thx Bb,1607008414,gehpsd7,False,t3_k5vaj4,t1_gehpgw4,1
The_Coward_Sorcerer,Well check BB off the list of failed momentum trades,1607008306,gehpkxq,False,t3_k5vaj4,t3_k5vaj4,3
theleftrocket,"BB bottom is in, going all in with 700 shares & 15 $10 jan calls",1607008059,gehp493,False,t3_k5vaj4,t3_k5vaj4,2
_krypton99,Bro BB is fking bleeding me money wtf man,1607007843,gehoptg,False,t3_k5vaj4,t1_gehnocf,1
gotfukdbyprinter,pull it hard bb,1607007746,gehoj7n,False,t3_k5vaj4,t1_gehn0bn,2
meetmyphantoms,"Serious, ANOTHER day of BB selling off???  Fuck this game",1607007613,gehoajg,False,t3_k5vaj4,t3_k5vaj4,3
[deleted],Should I bother holding to BB or just leave?,1607007364,gehnu3y,False,t3_k5vaj4,t3_k5vaj4,1
CoyoteHP,And BB.,1607007276,gehnocf,False,t3_k5vaj4,t1_gehni70,1
Djdez17,BB don’t do this BB😢,1607007193,gehniw3,False,t3_k5vaj4,t3_k5vaj4,7
rann0922,Bb anyone ?,1607006902,gehmzsb,False,t3_k5vaj4,t3_k5vaj4,1
wafflepiezz,Next play: Thic🐝🐝 I am back bb,1607006886,gehmyrx,False,t3_k5ifwd,t3_k5ifwd,2
[deleted],I am not jacking off to PLTR. Not yet at least. Also fuck you BB you dumb bitch,1607006774,gehmrem,False,t3_k5vaj4,t3_k5vaj4,5
jonelson80,BB wtf,1607006672,gehmkrx,False,t3_k5vaj4,t3_k5vaj4,3
ExternalBeginning3,Let's get some bb action going. Buy the dip .,1607006640,gehmirn,False,t3_k5vaj4,t3_k5vaj4,0
G_I_Joe_Mansueto,Drill team six on GME and BB,1607006418,gehm448,False,t3_k5vaj4,t3_k5vaj4,2
El_Snootchador,APHA whatchu doing BB I’m tryna be rich here,1607006329,gehlyhp,False,t3_k5vaj4,t3_k5vaj4,4
g4858364957,BNTX go green bb,1607006328,gehlyg0,False,t3_k5vaj4,t3_k5vaj4,2
_krypton99,BB reversal upwards incoming after hitting 7.25,1607006310,gehlxap,False,t3_k5vaj4,t3_k5vaj4,1
layinzer,BABA back BB,1607006298,gehlwj1,False,t3_k5vaj4,t3_k5vaj4,2
TortugaBebe,I’m sorry but I love to see BB tank,1607006217,gehlrau,False,t3_k5vaj4,t3_k5vaj4,-1
Baseball_van,BB sucks,1607006177,gehloo1,False,t3_k5vaj4,t3_k5vaj4,2
cashe307,"STONKS Go up or down (mostly up) but my god PLTR is either going to DUMP at open and people will say, ""mOsT ObVIoUs BuL TraP EvAr""  or its going to rip and you will see "" PlTr i NVar DoUbtD U Bb""   Either way... someone is fuk.",1607005554,gehklbu,False,t3_k5vaj4,t3_k5vaj4,13
theleftrocket,BB gon die now?,1607005438,gehke05,False,t3_k5vaj4,t3_k5vaj4,4
buttsorbutts,"GME, BB, PLTR, TSLA among others are just variations in the MEME ticker",1607005342,gehk7xu,False,t3_k5vaj4,t1_gehjw9m,1
buttsorbutts,BB 12/18 15C my final retard yolo of the year.,1607005225,gehk0i6,False,t3_k5vaj4,t3_k5vaj4,1
buttsorbutts,BB,1607004270,gehiemo,False,t3_k5vaj4,t1_gehi2f4,1
Tarkov-Daddy69,385@$10.76 hope it moons bb,1607003004,gehgeao,False,t3_k5x1qc,t3_k5x1qc,1
buttsorbutts,BB 15C 12/18 my last true yolo of the year,1607002758,gehg0vb,False,t3_k5vaj4,t3_k5vaj4,0
zzub3r98,Thanks BB. We holding?,1607002597,gehfs7c,False,t3_k5vaj4,t1_gehfov4,3
spencerbriar,Damn.. anyone actually read that $BB news?? This blasts through $10 -- past chart is unreal.,1607002044,gehez8b,False,t3_k5vaj4,t3_k5vaj4,1
Civiltelephone,would love another BB spike towards 10 today so I can buy cheap 7.50 strike puts. Should have pulled the trigger on this 2 days ago,1607001281,gehdx1y,False,t3_k5vaj4,t1_gehcya8,1
WatchingyouNyouNyou,Bb avg is now 7.91.can't go tits up,1607000565,gehcya8,False,t3_k5vaj4,t3_k5vaj4,2
_krypton99,BB to 8.50 EOD? Possible?,1606998857,gehasdr,False,t3_k5vaj4,t3_k5vaj4,2
giustam,"Holding PLTR, NIO and BB. Yesterday bought some PFE. Am I retarded?",1606997979,geh9rf6,False,t3_k5vaj4,t3_k5vaj4,6
gotfukdbyprinter,I looked up BB on google and now I’m getting Bumble and Bumble hair product ads. Wtf,1606994445,geh656o,False,t3_k5ifwd,t3_k5ifwd,5
AusRtrd,Go baybay! This is what we come here for. Man I loved my BB back in the day too,1606993281,geh522y,False,t3_k5ifwd,t1_geh40rb,1
Gua_Bao,bb i need you,1606992908,geh4plw,False,t3_k5ifwd,t3_k5ifwd,2
No-Proposal-2145,"It's just getting started bro, you still have plenty of opportunity with BB  🚀  🚀  🚀  🚀  🚀",1606992537,geh4cza,False,t3_k5ifwd,t1_geh38t5,1
jbrownwood,"No you aren’t grasping the hall of fame retard level this trade is. BB does literally nothing all year long, then moves 100% in one day, at which point this autist concluded was the perfect entry point for a $130,500 share purchase on MARGIN. Absolutely brilliant and perfectly executed.",1606992165,geh40rb,False,t3_k5ifwd,t1_geh3us6,7
jorel_aron,"BB, thank me later",1606986598,gegyzj7,False,t3_k5ifwd,t1_gegyytj,-1
DandeeMaan,"BB for sure, undervalued and the retards haven’t caught up to it yet...",1606986199,gegym7w,False,t3_k5ifwd,t1_gegy9ka,2
kinawy,I just moved to Cairo for work so I’m in this for the long haul. I’ll be right next to you bb,1606986082,gegyi7q,False,t3_k5ifwd,t1_gegygcs,3
Gua_Bao,BB,1606985831,gegy9ka,False,t3_k5ifwd,t1_gegy4p1,4
IdeanomicsInsider,$BB opening at 8.50 hold me to it,1606981560,gegtxnn,False,t3_k5ifwd,t3_k5ifwd,4
Volkswagens1,Can all of WSB pool our money together for a BB license? I have $1 on it,1606980170,gegsesc,False,t3_k5eaf1,t3_k5eaf1,1
caezar-salad,BB calls,1606980041,gegs9o9,False,t3_k5ifwd,t1_gegqzzs,1
Affectionate_Ad7668,BB is rising,1606979727,gegrx2m,False,t3_k5ifwd,t3_k5ifwd,3
gnarled15,Maybe you can take out a student loan or second mortgage to add weekly BB FDs?,1606979361,gegri1q,False,t3_k5ofth,t3_k5ofth,1
fetch_me_a_block,"The europoors are pumping PLTR.

Ty bb

Edit: never mind it’s not moving, I think I’m off by an hour 

https://www.cnbc.com/quotes/?symbol=PTX-FF",1606979217,gegrc4t,False,t3_k5ifwd,t3_k5ifwd,5
Donttouchmydorritos,Europe bb,1606979071,gegr6ap,False,t3_k5ifwd,t1_gegr3s0,5
RoboKrabs_1,"BB is gonna skyrocket around February, hold em bitch",1606978235,gegq6ni,False,t3_k5ofth,t3_k5ofth,1
Gua_Bao,BB is gonna break out. Just wait and see. 12/11 12c,1606977711,gegpjua,False,t3_k5ifwd,t3_k5ifwd,4
thelongwaydown9,Is BB worth holding still? Action was weird today.,1606977682,gegpii5,False,t3_k5ifwd,t3_k5ifwd,4
YourMum6929,Lmao BB’s a classic pump and dump,1606977631,gegpgap,False,t3_k459ll,t1_ge9n3dm,1
RADIO02118,"I have 200 Jan call options on BB for
$9 and $10 strikes. Just give it to me straight. Will I ever financially recover from this?",1606976711,gegobkt,False,t3_k5ifwd,t3_k5ifwd,5
Donttouchmydorritos,You horny now bb,1606975830,gegn7po,False,t3_k5ifwd,t1_gegn4sm,3
DandeeMaan,BB,1606975740,gegn3qs,False,t3_k5ndv7,t3_k5ndv7,1
6r1n3i19,Put calls on BB. I fuckin dare you,1606975183,gegme0w,False,t3_k5ifwd,t1_gegmchc,2
diffcalculus,"Just like BB, everyone is making fun of the random DBX pump.

Just like BB, it'll explode the next day because now they're in the EV sector or something.

That $0.06 call you bought cause why not? Will be worth $10.25 in a flash.",1606973855,gegkn9o,False,t3_k5qudl,t3_k5qudl,2
BoonTobias,"I made $1.28 on BB today, take that back",1606973831,gegkm3y,False,t3_k5ofth,t1_geg8xlm,1
troy_caster,"i guess i was the only one who was already holding BB and sold at the top? 

Not skill, I was just lucky.",1606973399,gegk0zz,False,t3_k5ofth,t3_k5ofth,3
EcoastDistrib,This is a sign. I'm all in bb,1606971834,geghtw2,False,t3_k5b0ot,t3_k5b0ot,2
Gua_Bao,does bb even have a phone anymore,1606971295,gegh0vr,False,t3_k5ifwd,t3_k5ifwd,2
The_Coward_Sorcerer,BB os in Xpeng,1606971283,gegh07r,False,t3_k5ifwd,t3_k5ifwd,1
moneymoves1996,BB to the moon!,1606969597,gegedai,False,t3_k5q9bl,t3_k5q9bl,1
Gua_Bao,"buy BB eod, sell it at open the next day. Rinse and repeat. also fuck shares. just buy calls with an $8 strike expiring next week.",1606969145,gegdn5x,False,t3_k5ifwd,t1_gegdhrx,1
Gua_Bao,"BB daily pattern: open at 8+, close at 7. keep this up and I'll be piling up pennies on the daily.",1606968843,gegd5ja,False,t3_k5ifwd,t3_k5ifwd,1
[deleted],I do bb,1606967032,gega5pj,False,t3_k5ifwd,t1_gega0sx,4
Donttouchmydorritos,"It seems that you’ve made about $3231 off that trade so far, good job, bb.",1606966908,geg9y32,False,t3_k5ifwd,t1_geg9o03,2
I_am_the_Apocalypse,What the fuck does BB even do anymore?,1606966058,geg8hj9,False,t3_k5ofth,t3_k5ofth,3
idk88889,"Citron is that you?


Pltr 30c '21-'23

BB 10c 01/21

RKT 25c 06/21

SLV 30c 06/21


Let's get this fucking bread. To the moon boys. 🚀🌚",1606965625,geg7qgh,False,t3_k5nrv6,t3_k5nrv6,6
awwetistic,Seriously though bb has potential to break into the 10s this week with that investor call,1606964281,geg5c62,False,t3_k5ortx,t3_k5ortx,1
javier_post,BB Put 2k into 1/15/21 10c. Who else is riding this?,1606964228,geg58q4,False,t3_k5ifwd,t3_k5ifwd,1
Gua_Bao,so is bb gonna do the same thing everyday? go to 9 dollars and dump to 7?,1606964165,geg54rz,False,t3_k5ifwd,t3_k5ifwd,0
Ahnold_Stonkntendder,"After the laughter comes the tears, bb.",1606963703,geg4bdp,False,t3_k5nnw2,t1_gefy2k4,3
ChiTown_Bound,"What’s BB? tell me some DD. If you don’t, suck on my wee wee.",1606963473,geg3wc7,False,t3_k5ofth,t3_k5ofth,4
EitherAd2666,Aight lemme recover from PLTR and BB tomorrow and I’ll hop on LMAO..,1606963144,geg3b9a,False,t3_k5m589,t1_geg2k2f,1
WSB_beggar,Bought 600 BB shares after hours because some retards told me to. Can we a gap up tmr morning?,1606962731,geg2kp2,False,t3_k5ifwd,t3_k5ifwd,8
spongeboi-me-bob,$BB 1/8 $8 call because bogo Amazon tendies,1606962706,geg2j4r,False,t3_k5ifwd,t3_k5ifwd,0
buttsorbutts,"BB 15C 12/18

please print",1606962261,geg1q5l,False,t3_k5ifwd,t3_k5ifwd,6
Leebertsk,BB,1606961553,geg0f7o,False,t3_k5ndv7,t3_k5ndv7,6
jorel_aron,"BB, wait for the dip midday and hold till next day opening",1606961160,gefzohw,False,t3_k5nu0q,t3_k5nu0q,1
6r1n3i19,"I make sure all my trades are negative so I don’t pay the tax man


&nbsp;


&nbsp;


&nbsp;


^also ^because ^im ^a ^little ^boy ^using ^a ^bb ^broker",1606960592,gefyn1t,False,t3_k5ifwd,t1_gefybit,2
moosic,Fucking laughable. No one is using BB for shit.,1606960432,gefycjm,False,t3_k5jq02,t3_k5jq02,-6
SK100220594,I see you haven’t posted any gainz porn. Thus making your opinion and red line less reliable than My BB Kathy,1606959502,gefwnsx,False,t3_k5neh4,t3_k5neh4,3
rann0922,Most likely will sell me 1/18 7c BB in the AM,1606959449,gefwkbz,False,t3_k5ifwd,t3_k5ifwd,2
crappy_data,BB is dead,1606959085,gefvwg1,False,t3_k5ifwd,t1_gefver8,1
buck_tardwater,tfw ur tsla weeklies burn or moon thousands of dollars in a matter of seconds. gotta have fast hands bb,1606959084,gefvwe8,False,t3_k5ifwd,t1_gefveml,2
indigoismyfavourite,"Gonna disrupt the berry market, load up on BB and ARKG",1606958958,gefvnzu,False,t3_k5ifwd,t1_gefver8,2
Space_Lord_MF,BB,1606958618,gefv1y6,False,t3_k5ifwd,t1_gefuw7n,1
TradingBaron,"They don't make phones anymore. They outsourced the phone manufacturing to OnwardMobility. 

BB is 100% software now.",1606958089,gefu3eh,False,t3_k5ifwd,t1_geftn97,2
Professional_Con_007,There was a time that AMD was just a blueberry on BB pancake.,1606957921,gefts7e,False,t3_k5ifwd,t1_geftjjv,2
Layrasm,BB +2% AH,1606956934,gefryhr,False,t3_k5ifwd,t3_k5ifwd,1
Salameezy,BB,1606956519,gefr7ri,False,t3_k5mic0,t3_k5mic0,2
Iwashere11111,please give me more confirmation bias bb,1606956493,gefr62a,False,t3_k5ifwd,t1_gefr49l,1
Iwashere11111,Never forget when I got absolutely hammered because I said women can’t get jacked like men can. The only good subs on this site are bb and here the rest are full of absolute morons,1606956261,gefqp9g,False,t3_k5ifwd,t1_gefqdnx,2
awwetistic,Bb for sure. Got in on Tuesday expecting it to be in the teens eoy,1606956227,gefqlz6,False,t3_k5mic0,t1_gefqbtk,2
Iwashere11111,tag me bb,1606955955,gefpxsn,False,t3_k5ifwd,t1_gefpmxk,2
Layrasm,BB continues to find support 📈,1606955538,gefoujh,False,t3_k5ifwd,t3_k5ifwd,1
thot_tendie,What's your leverage bb?,1606954590,gefmt78,False,t3_k5jrrw,t1_gefcmgf,21
G_I_Joe_Mansueto,"Hey I’m happy betting against sentiment. It made me money on BB, it recouped my losses on PLTR, and it’s about to make me money on GME when it craters Friday.",1606954460,gefmkki,False,t3_k5ifwd,t1_gefm6zj,2
sasukewiththerinne,"In at 15 - 25. Took profits at 29. I’ve been here long enough to know how the story ends. 

Jumped back in yesterday, a tad bit early but I did the ultra pussy move of ITM leaps. I got over a year for this bitch to move and I saved hella capital while controlling the same amount of shares...

That saved capital went to moar GME shares bb.",1606953823,geflerh,False,t3_k5jrrw,t3_k5jrrw,2
Rich_Chemist914,Hi bb 😘,1606953583,gefkyky,False,t3_k5gbw6,t1_gef89ys,4
-Nordico-,"Guy is clueless, and has been clinging to the 2017 Toyota thing as though it has any relevance whatsoever, while ignoring all of BB's recent deals. He acts like John Chen stole his girlfriend or something.",1606953277,gefkd2s,False,t3_k4uqca,t1_geb04hw,1
a_sock_a_day,just because he is right doesnt mean BB not just capitalizing on his twitter reach bubu,1606953044,gefjpiz,False,t3_k5ifwd,t1_gefiowq,1
pebbGod,BB,1606951890,gefh7pq,False,t3_k5ifwd,t3_k5ifwd,2
51n_gaming,"1. BB
2. wait
3. ?
4. Money",1606951326,geffuvs,False,t3_k5ifwd,t3_k5ifwd,1
90FC_Racer,Sell this fucking BB garbage and get into something else.,1606950385,gefdxso,False,t3_k5ifwd,t3_k5ifwd,1
Balthadorax,"Come on, a bb terminal is only $24k per year... plus the real time link to a broker. Edit: hmm there are competitors https://www.g2.com/products/bloomberg-terminal/competitors/alternatives. The more you know.",1606950087,gefdc9x,False,t3_k5eaf1,t3_k5eaf1,2
willsmath,"Fml dude literally last week I was debated putting 1k into 7.5 BB calls for 12/4, opted for PLTR instead... those options would've been worth something like 114k yesterday lmao",1606949959,gefd2wn,False,t3_k5bbd6,t3_k5bbd6,1
[deleted],"Bros, why my BB not pumpin' yet? I've only made like 14c on this garbage",1606949105,gefb8qa,False,t3_k5ifwd,t3_k5ifwd,0
pickbot,"**I am a bot and identified and tracked the following options picks within this post:**

|**Ticker**|**Strike**|**Type**|**Exp**|**Recorded Premium**|**Recorded Stock Price**|**OI**|**Volume**|
|:-|:-|:-|:-|:-|:-|:-|:-|
|**BB**|**$9**|**BUY CALL**|**2020-12-18**|**$0.53**|**$7.45**|**1736**|**1521**

[Realtime ROI](https://www.pickmojo.com/pick/cki7z416j7dar07381fzglfk2) | [Track Record](https://www.pickmojo.com/user/Psych0R3d/) | [Bot Info](https://www.reddit.com/r/pickmojo/comments/he9ghu/options_picks_tracking_bot_information/) | Leaderboard: [Week](https://www.pickmojo.com/stocks/best-this-week-reddit), [Month](https://www.pickmojo.com/stocks/best-this-month-reddit), [All](https://www.pickmojo.com/stocks/top-reddit) | [Exit this position](https://www.pickmojo.com/reddit_redirect)

**^(*Recorded after market close, will be recorded at the next market open if the premium is within 10% margin. My owner is monitoring these posts, reply with feedback! You can now track comments by mentioning me!)**",1606947602,gef855d,False,t3_k5jq02,t3_k5jq02,1
[deleted],Sittin on BB 9c 3/21 myself.,1606947513,gef7ygw,False,t3_k5jq02,t3_k5jq02,3
Capslock91,"> 5. You can't access bb terminal without a license, and before you ask, you wont afford one

Well, not with that attitude.

PLTR 12/4 $60c 🚀🚀🚀🚀🚀🚀🚀🚀🚀",1606947482,gef7vzh,False,t3_k5eaf1,t3_k5eaf1,0
anteedum,10$ call on BB for next year let’s goooo,1606947406,gef7q1s,False,t3_k5fzdj,t1_geeje6x,9
JLTLJ5,BB a slow melt up from here. 6/19 9.00 calls.,1606946283,gef5a63,False,t3_k5ifwd,t3_k5ifwd,3
Rapknife,Yes bb or if you want buy calls in december for $10 if you really want YOLO gamble.,1606945817,gef4824,False,t3_k5ifwd,t1_gef3yfb,1
TortugaBebe,Are there any ret ards still holding BB?,1606945739,gef41wf,False,t3_k5ifwd,t3_k5ifwd,2
Rapknife,Put calls in 1/15 $10 BB and thank me later.,1606945586,gef3pu7,False,t3_k5ifwd,t1_gef3n2l,2
Myxomycota,"> What fucking donkey stonk is BB and why are people talking about >it.

>No, I won't google

This but more angry.",1606945331,gef35ng,False,t3_k5ifwd,t1_gef2qjd,1
Layrasm,"BB is going to moon within the next year. Insider buying, increased investor confidence, partnerships. Holding some leaps, let’s see what happens.",1606945186,gef2u5m,False,t3_k5ifwd,t3_k5ifwd,1
Capslock91,"What fucking donkey stonk is BB and why are people talking about it.

No, I won't google",1606945139,gef2qjd,False,t3_k5ifwd,t3_k5ifwd,1
toothpastetitties,Hope and pray BB and AAPL feed me.,1606945017,gef2gqb,False,t3_k5ifwd,t3_k5ifwd,3
dingodoyle,What does bb terminal do that yahoo finance can’t?,1606944695,gef1qg9,False,t3_k5eaf1,t3_k5eaf1,8
smallstreetgains,"The Most Popular Tickers on Reddit for Today, 2020-12-02.

#Trending Tickers

Ticker|Mentions|Bulls|Neutral|Bears|Price|Change|P/E
:--|:--|:--|:--|:--|:--|:--|:--
PLTR|4650|36.02%|52.21%|11.77%|$25.67|-5.31%|-
NIO|1794|29.53%|59.60%|10.87%|$45.36|-10.23%|-
GME|1769|31.75%|56.37%|11.88%|$15.80|-4.59%|-
TSLA|1275|31.94%|54.10%|13.96%|$584.76|3.02%|-
SPY|840|22.94%|53.11%|23.95%|$366.02|1.09%|-
CRSR|491|29.98%|63.10%|6.92%|$40.23|5.92%|-
BB|455|17.64%|78.51%|3.85%|$7.00|19.25%|-
NKLA|444|23.22%|58.29%|18.48%|$17.37|-14.89%|234.22
AAPL|385|40.86%|56.45%|2.69%|$122.72|3.08%|10.03
CRM|385|45.00%|47.06%|7.94%|$241.35|-1.81%|1683.34
AMD|381|33.23%|61.08%|5.69%|$92.63|-0.03%|267.12
APHA|313|33.56%|62.75%|3.69%|$7.65|-8.71%|-
PFE|238|35.84%|59.73%|4.42%|$39.41|2.87%|13.58
AMZN|212|36.18%|60.30%|3.52%|$3220.08|1.64%|135.7
BABA|199|26.67%|60.95%|12.38%|$264.01|0.25%|52.11


#Trending Contracts

Ticker|Strike|Type|Date|Mentions
:--|:--|:--|:--|:--
PLTR|$40|CALL|12/4|17
TSLA|$600|CALL|12/4|11
NKLA|$15|PUT|12/11|6
TSLA|$600|CALL|12/11|4
PLTR|$20|PUT|12/4|3
PLTR|$23|PUT|12/4|3
SPY|$360|PUT|1/15|3
NIO|$40|PUT|12/4|3
DIS|$140|PUT|12/18|3
CSCO|$46|CALL|1/15/21|2
FCEL|$9|PUT|12/18|2
AAPL|$125|CALL|12/24|2
PLTR|$40|CALL|12/31|2
FB|$300|CALL|12/4|2
PLTR|$27|CALL|12/24|2
PLTR|$17|PUT|12/4|2
TSLA|$600|CALL|1/15|2
PLTR|$20|PUT|12/24|2
PLTR|$27|CALL|12/4|2
PLTR|$15|PUT|12/11|2


#Other Information

Subreddits Searched: wallstreetbets, investing, stocks, stockmarket, options, robinhood

Comments Searched: 64929

Unique Tickers: 564

Total Tickers: 26636

Unique Contracts: 317

Total Contracts: 393

Time Period: 20h

Financial data provided by [Vhinny](https://www.vhinny.com/).

View daily trending tickers on r/RedditTickers.",1606944640,gef1lyj,False,t3_k5ifwd,t3_k5ifwd,6
theboymehoy,Had a 10 BB call when it hit 9.60.,1606944440,gef15q5,False,t3_k5gbw6,t1_geel346,3
Space_Lord_MF,Keep holding those bags. Youll be memeing into BB when it hits 20,1606944193,gef0m69,False,t3_k5ifwd,t1_geezr2e,0
Space_Lord_MF,"I mean Blackberry currently does similar revenues to Palantir not counting in BBs future growth...BB teaming up with AWS now.

Nikola did like 30k in revenue with imaginary trucks vs Teslas billions in revenue...

Not really a great comparison.",1606944153,gef0j3b,False,t3_k5ifwd,t1_gef04dz,1
theleftrocket,New bb BB?,1606943879,geezxvh,False,t3_k5ifwd,t3_k5ifwd,0
Jamesthepi,I shorted bb at 9 and had a great day,1606943874,geezxic,False,t3_k5indi,t3_k5indi,8
Omerta2304,when is the BB conference call or whatever..,1606943578,geez9wt,False,t3_k5ifwd,t3_k5ifwd,2
jorel_aron,"set buy BB @ 7.45, sell at 11 tmr",1606943536,geez6na,False,t3_k5ifwd,t3_k5ifwd,2
Civiltelephone,Still kicking myself for not buying those BB 7.50 puts when that POS was knocking on the door of 10/share. Also probably should have copped 12/4 ACB 12 strikes. Too much thinking not enough YOLO'ing,1606943236,geeyidx,False,t3_k57d6a,t3_k57d6a,1
mimelife,"dont know what you mean, I'm up 80% on BB calls",1606943188,geeyei4,False,t3_k57d6a,t1_geey1hb,1
VersaceSmalls,"Sold PLTR at the peak last Wednesday for +%250

Then bought peak BB and losing hundreds by the second 

Trust me, I can turn your $1000 into $500",1606942786,geexif3,True,t3_k5i2gs,t1_geex1vq,12
DabHits,"BB calls close  
BB puts at open",1606942539,geewygn,False,t3_k57d6a,t3_k57d6a,4
youngniggi,BB going to moon tmr,1606942365,geewkn6,False,t3_k57d6a,t3_k57d6a,1
RarriFerrari18,U think BB gonna drop?,1606942314,geewgib,False,t3_k57d6a,t1_geevv6u,1
zeradragon,"AMZN releases online pharmacy, stock jumps to 3200 only to get sold off all the way back down, same with BB news...seems like investors are getting ready to sell it on any positive news...",1606942194,geew6i0,False,t3_k57d6a,t1_geeu2fj,1
[deleted],This BB / AMZN collaboration sounds like a bad idea. It's not gonna catch on with auto manufacturers.,1606942128,geew14i,False,t3_k57d6a,t3_k57d6a,1
DestroyerOfToilets,BB puts printing tomorrow 💰,1606942055,geevv6u,False,t3_k57d6a,t3_k57d6a,-1
MikasaPunishMe,Yes BB pump so I can buy puts 😈,1606941890,geevi6l,False,t3_k57d6a,t3_k57d6a,0
jolly_green_gigante,Hope everyone got their BB calls in already 🚀,1606941886,geevhvm,False,t3_k57d6a,t3_k57d6a,0
BitBucci,Grabbed BB weeklies because that’s all I can afford rn,1606941847,geeverx,False,t3_k57d6a,t3_k57d6a,0
IdeanomicsInsider,BB goin on the run cuz it knows its opening up 20%,1606941784,geev9vq,False,t3_k57d6a,t3_k57d6a,4
bangarangbonanza,All aboard the BB elevator,1606941758,geev7ub,False,t3_k57d6a,t3_k57d6a,2
PregnantPickle_,BB finally pumping,1606941681,geev1wb,False,t3_k57d6a,t3_k57d6a,3
BrandonBSICK,Retard here - Wtf is a BB terminal?,1606941626,geeuxka,False,t3_k5eaf1,t3_k5eaf1,3
[deleted],BB is fighting for its life,1606941296,geeu7wh,False,t3_k57d6a,t3_k57d6a,6
popstockndropit,Come on BB go up bb,1606941249,geeu44z,False,t3_k57d6a,t3_k57d6a,6
UselessAccounts2020,"Educate my dumbass, BB jumps up 2$ cause of amazon but is already back down the 2$ by today. Why should I still invest?",1606941236,geeu33v,False,t3_k5aoi3,t1_gedluo6,1
adeuos,Shorted bb yesterday at peak was up 170% by close,1606940548,geesk3g,False,t3_k57dbc,t1_gedckij,1
pandupewe,And I'm sure this BB shenanigan is same as PLTR,1606940359,gees56e,False,t3_k57d6a,t3_k57d6a,2
[deleted],anyone buying BB at close and selling at open?,1606940220,geeru8b,False,t3_k57d6a,t3_k57d6a,3
CoyoteHP,BB just keeps dumping and dumping.,1606940105,geerkx0,False,t3_k596h4,t3_k596h4,3
gcg077,BB puts have worked last two days,1606939996,geeraw6,False,t3_k57d6a,t3_k57d6a,1
lynkarion,if you sold PLTR to buy BB i do not feel even the slightest sympathy for you. you are truly retarded,1606939957,geer78g,False,t3_k57d6a,t3_k57d6a,4
[deleted],Lmao BB with **the exact same daily chart** as yesterday,1606939888,geer0zu,False,t3_k57d6a,t3_k57d6a,1
EatMePlsDaddy,BB 🤡🤡🤡,1606939880,geer098,False,t3_k57d6a,t3_k57d6a,2
HotStockSlinger,🎶I want my BB back BB back BB back BB back BB back stock back to 10🎶,1606939815,geequmr,False,t3_k57d6a,t3_k57d6a,3
Froglight88,BB was my dumbest fomo ever I think,1606939664,geeqge1,False,t3_k57d6a,t3_k57d6a,6
AikiYun,There goes BB.,1606939487,geeq0ho,False,t3_k57d6a,t3_k57d6a,1
illilllilil,So BB is lame now...,1606939468,geepywy,False,t3_k57d6a,t3_k57d6a,2
imjustheretohangout,What’s up bb 12/4 210’s,1606939119,geep3ar,False,t3_k57d6a,t1_geeoua5,2
papa_nurgel,Looks like that Bb investor call didn't go so well huh,1606939038,geeow8t,False,t3_k57d6a,t3_k57d6a,1
Berlin_China_Wall,BB Bye,1606938991,geeos46,False,t3_k57d6a,t3_k57d6a,1
Space_Lord_MF,Wsj  website under ticker BB. Price target changed their high to $20,1606938962,geeophb,False,t3_k57d6a,t1_geeobwn,1
Space_Lord_MF,"WSJ updates price targey for BB, $20.

Guys, get in now. This thing is going places.",1606938686,geenzte,False,t3_k57d6a,t3_k57d6a,4
popstockndropit,FOMO'd into BB like a fucking idiot earlier and have been eating bigly losses. Thankfully they're LEAPs but good lord I'm an dumbass.,1606938089,geemgz7,False,t3_k57d6a,t3_k57d6a,1
Mdizzlebizzle,Wonder what BB will do tomorrow,1606937915,geem39h,False,t3_k57d6a,t3_k57d6a,5
GrosJambon1,"Lots of people still have negative perceptions of BB thinking of the obsolete phone, but it essentially a new company now.  I think BB has huge potential to go up once people start to take them seriously.",1606937840,geelxd2,False,t3_k57d6a,t1_geeljn8,1
EatMePlsDaddy,"Man BB is so shit. It goes up and then fades all day, wtf is this",1606937720,geelo7b,False,t3_k57d6a,t3_k57d6a,4
GucciManeSprayTan,I don’t understand the hate on BB from some of y’all. Current deal with xpev and major deal with Amazon AWS now legitimizes their pivot from phones to software. This feels like AMD. If it’s not focused around a SPAC or video games it seems big opportunities are missed here. I’m sure there will be a BB gun gang after it runs to $20+.,1606937662,geeljn8,False,t3_k57d6a,t3_k57d6a,7
Harvooost,Holy shit SPY slow down theres a lot of day left bb,1606937614,geelfwy,False,t3_k57d6a,t3_k57d6a,3
turkerimera,Hey bb,1606937586,geeldsd,False,t3_k57d6a,t1_geel2zl,2
90FC_Racer,TF is happening BB!?,1606937448,geel31j,False,t3_k57d6a,t3_k57d6a,1
MoneyInAMoment,Those who bought BB calls yesterday probably feel like clowns now.,1606937371,geekwv8,False,t3_k57d6a,t3_k57d6a,2
DabHits,BB puts two days in a roll 🤑,1606937371,geekwvc,False,t3_k57d6a,t3_k57d6a,2
TortugaBebe,No one to blame but yourself for putting ANY money into BB,1606937305,geekroc,False,t3_k57d6a,t1_geekom2,2
wnsgus,"I just listened to it and I think there wasn't anything monumental or new from the call. They didn't take too many questions, but basically said that they are in talks with car OEMs and that the first products that use their software will most likely be 2023-2024 earliest. When asked if BB is unique in what they offer, they mentioned somewhere along the lines of that they are the only ones working in the capacity right now.

But yeah, overall, not too interesting and no surprises. I could understand why the share price is kind of stagnating.",1606937010,geek4dl,False,t3_k4u5f8,t1_geehlpn,1
[deleted],"Well I’m giving up on CRSR, PLTR, and bb. Taking out 90% of my portfolio tomorrow morning. I know when to invest in Spotify next year tho. Loss of a few hundreds isn’t too bad but it’s an annoyance for me.",1606936816,geejnta,False,t3_k57d6a,t3_k57d6a,5
Space_Lord_MF,"Bought BB calls this morning, prob gonna buy sharesif it dips",1606936813,geejnjo,False,t3_k57d6a,t3_k57d6a,1
kfumny,Haha better than an eagles fan. Respect to BB,1606936397,geeiqyb,False,t3_k57d6a,t1_geeim9i,2
DavisPaz1,Who else is jacked to the tits with BB puts for friday,1606936158,geei8qo,False,t3_k57d6a,t3_k57d6a,2
[deleted],BB eod hoping for a little pump at open?,1606936132,geei6o8,False,t3_k57d6a,t3_k57d6a,2
slowcaptain,I have 7C 6/21 since I don't know when. Surprised to see NOK pop up here out of nowhere. Let's hope this becomes BB.,1606936060,geei102,False,t3_k5d3az,t3_k5d3az,3
ListerineInMyPeehole,BB gang not realizing it was a pump and dump and today was a dead cat bounce,1606935848,geehkr4,False,t3_k57d6a,t3_k57d6a,0
Noah_saav,Renting out access to a bb terminal. Hit me up with offers,1606935629,geeh477,False,t3_k5eaf1,t3_k5eaf1,3
RandomUsername1119,BB gonna rip,1606935550,geegy07,False,t3_k57d6a,t3_k57d6a,5
aRecycleAwayAccount,"This is an option pricing bot. The latest option price is:

Position|Bid|Ask|Last Price|% Change|IV
:--:|:--:|:--:|:--:|:--:|:--:
BB   10.0|0.24|0.26|0.26|0.02|188.388%


BB 10.0C 2020-12-11 was mentioned 0 times

[Click to see where](https://www.reddit.com/message/compose/?to=aRecycleAwayAccount&subject=geegm1u&message=Show me)

^(These quotes are based on real time prices. This bot comments Mon-Fri between the hours of 6am-7pmET. Any feedback or suggestions are welcome!)",1606935410,geegn1j,False,t3_k57d6a,t1_geegm1u,1
PregnantPickle_,BB 10c 12/11 🥰🥰,1606935398,geegm1u,False,t3_k57d6a,t3_k57d6a,0
Spicy_Curry,BB,1606935353,geegimp,False,t3_k57d6a,t1_geef0ev,1
RUScrewCrew,"Yeah lol, imagine putting money into BB in 2020... This is one of the riskiest plays i've seen on here, idc what AWS deal they managed to secure, BB is sketch",1606935275,geegc8x,False,t3_k57d6a,t1_geeg2mv,3
TortugaBebe,Seriously don’t dump your money into BB that sounds idiotic,1606935173,geeg2mv,False,t3_k57d6a,t1_geeg01v,3
CthulhuDunks,LAST CHANCE BEFORE BB BLOWS AT 2PM,1606935146,geeg01v,False,t3_k57d6a,t3_k57d6a,4
raptors902,"I sold 7.00 CSPs yesterday when it was dumping, and if I take assignment I’ll run covered calls. The premium on weekly puts was just too good to pass up. Personally, I wouldn’t run a collar because I don’t think you’re going to see BB below 6, so to me that’s giving away premium. I’m going to sell low delta CCs though because I think this baby can really run.",1606934867,geef9rn,False,t3_k57u6e,t3_k57u6e,2
Stankrylix,"Just brought some tesla calls, pltr put, and BB Shares let's see which one is going to fuck me over first",1606934685,geeesqq,False,t3_k57d6a,t3_k57d6a,4
Scotts2100,Damn looks BB is losing steam,1606934566,geeehh3,False,t3_k4u5f8,t1_gedme2x,1
GrinderBud,Bb can smd tho,1606934434,geee5cf,False,t3_k57d6a,t3_k57d6a,1
bangarangbonanza,BB gonna pump so hard after this investor meeting. I need it to,1606933681,geec71a,False,t3_k57d6a,t3_k57d6a,6
meetmyphantoms,Don't worry. 200% IV is crushing BB 💀,1606933656,geec4rb,False,t3_k57d6a,t1_geebyae,1
TOADSTOOL__SURPRISE,"AAPL ANNOUNCES DEAL WITH AMZN!!!

*AAPL up 38382% next day. AMZN flat*

BB ANNOUNCES DEAL WITH AMZN!!!

*BB up 73939483% next day. AMZN flat*",1606933587,geebyae,False,t3_k57d6a,t3_k57d6a,2
sc0tt_1990,if you haven't gotten the hint yet it's time to ditch BB.  Volume is dead.,1606933305,geeb7sq,False,t3_k57d6a,t3_k57d6a,3
[deleted],As a PLTR holder even I’m sick of you fucks. If I can get my most of my money back from CRSR and BB I’m pulling out and leaving some shares of PLTR to rise or die smh. We both know it’s gonna go to 20 tomorrow,1606933116,geeaq0s,False,t3_k57d6a,t3_k57d6a,3
[deleted],I wouldn’t hold BB,1606932237,gee8fzm,False,t3_k57d6a,t1_gee86fk,2
marzipantsyo,"SHOULD I HOLD BB?

EDIT: BOUGHT AT 9.3 LIKE A DONKEY.",1606932134,gee86fk,False,t3_k57d6a,t3_k57d6a,2
PuhtatoGod,What BB ending at today,1606931873,gee7hly,False,t3_k57d6a,t3_k57d6a,2
phazeiserotic,I got apha calls and bb calls. Plus bb shares.  Ready to buy a tesla.,1606931752,gee768f,False,t3_k57d6a,t1_gee6vxc,1
badgerbacon6,I should've gone deeper on BB. Currently loaded to the tits with APHA & ACLS long calls. Long GME stocks. Bunch of small cap cannabis making moves too.,1606931643,gee6vxc,False,t3_k57d6a,t1_gee58i4,1
PuhtatoGod,How we feeling about BB,1606931146,gee5lh5,False,t3_k57d6a,t3_k57d6a,2
phazeiserotic,Amzn and bb bout to exit the milky way,1606930977,gee58i4,False,t3_k57d6a,t3_k57d6a,2
Snoo-8109,$BB fast stochastic and rsi spiking with MACD very strong. support at 7.76. Resistance at $8. Buy at 8.01 for break out,1606930969,gee57uj,False,t3_k57d6a,t3_k57d6a,2
hersian,Cuz BB price target is ~$15-20 by EOY or so I think.,1606930891,gee51y6,False,t3_k57d6a,t1_gee4w9f,1
MrMeeseeks987,"I also
Stupidly went into BB",1606930860,gee4zm3,False,t3_k57d6a,t1_gee4wlt,1
sonofbourye,Is there a catalyst for BB FD's this week and next or is that a dumb play?,1606930859,gee4zkf,False,t3_k57d6a,t3_k57d6a,1
[deleted],As a PLTR holder it’s gonna go down to 20 eow huh. CRSR around 33 also. I just want BB to back to 9 so I can leave that bitch lol. Idk why I listened to you to put some in blackberry smh,1606930821,gee4wlt,False,t3_k57d6a,t3_k57d6a,6
Mcapp-1,"Remember when you idiots were yoloing BB yesterday for no reason? Pepperidge farm remembers, and I fucking remember. I don’t know shit about shit but I know not to yolo into blackberry on a random Tuesday",1606930816,gee4w9f,False,t3_k57d6a,t3_k57d6a,7
babkakibosh,"APHA, FB, AAPL, BB, PFE, AAL, CCL, GPRO - dated a month out at least. Probably gonna go broke",1606930350,gee3t34,False,t3_k57d6a,t3_k57d6a,4
Iwashere11111,CRM wrong way bb,1606930205,gee3frh,False,t3_k57d6a,t3_k57d6a,2
NotHonored,CRSR and BB eating my gains 😠,1606930166,gee3c8r,False,t3_k57d6a,t3_k57d6a,4
crab_people_now,I bought BB calls and also hedged with puts and they’re both fucking me in the ass right now,1606930118,gee37xj,False,t3_k57d6a,t3_k57d6a,1
GrinderBud,Ty acb and nkla. Let’s go bb spce,1606929858,gee2ipt,False,t3_k57d6a,t3_k57d6a,1
idespisethechinese,Hehehe guess who’s uni prof said that BB will come back and guess who didn’t listen cause they’re stupid,1606929234,gee0xf8,False,t3_k5bbd6,t3_k5bbd6,13
hersian,Thats THC 🐝. The real 🐝 is BB,1606929019,gee0elz,False,t3_k57d6a,t1_gedzpo5,1
billygoatdaboss,"BB was my free Robinhood share. If only I could reach out and tell my past self to hold, I would have $7.78",1606928781,gedzu0d,False,t3_k57d6a,t3_k57d6a,8
denniseveryone,Surprised not many BB calls here,1606928622,gedzg19,False,t3_k57d6a,t3_k57d6a,2
Incarnegie,"Bb up 11% today let’s see where it goes! 
Hoping to lose another 3k just like I did on PLTR! Who’s with me?!",1606928608,gedzenh,False,t3_k57d6a,t3_k57d6a,5
GreekGodOfBaseball,BB lmao,1606928425,gedywwv,False,t3_k57d6a,t1_gedyr1u,2
mmatrix1,What price you think BB will be in next 6-12 months ??,1606928128,gedy5me,False,t3_k23jsb,t3_k23jsb,1
Layrasm,Big volume on BB before noon. Investor presentation after market close.,1606927802,gedxbbn,False,t3_k57d6a,t3_k57d6a,6
_krypton99,PFE BB PUMP THEM PLS I OWE PEOPLE MONEY,1606927600,gedwt0x,False,t3_k57d6a,t3_k57d6a,4
brunette5179,That makes me feel sooo much better about averaging down my bagholding position today for it. Thank u bb!!,1606927522,gedwlwn,False,t3_k57d6a,t1_gedvjo2,2
clarkmu,"You know what BB means to 🌈🐻s, right? 😅",1606927308,gedw35l,False,t3_k57d6a,t1_gedu86v,1
AikiYun,GE and PFE are keeping me alive. And I just bought in on BB. Hoping to end the day green. Good luck all.,1606927119,gedvlxl,False,t3_k57d6a,t3_k57d6a,2
Layrasm,I’m buying as many January BB calls as I can. I feel like this could finally be my big break. Meme stock potential 💯,1606927110,gedvl3j,False,t3_k57d6a,t3_k57d6a,4
ip_address_freely,Keep riding it until it gets to KODK levels and then falls to pre-BB levels.,1606927064,gedvgvx,False,t3_k5bbd6,t1_gedmslg,3
Southern_Daisy,Theta gang coming for BB,1606926938,gedv5f0,False,t3_k57d6a,t3_k57d6a,1
mrsquish888,"BB was my biggest position up until 3 weeks ago when I sold 😒
Been in it since august :(",1606926684,geduiv4,False,t3_k5bbd6,t1_gedr1io,79
AnonEmousAccount,Why is no-one talking about black berry? Give me some BB,1606926567,gedu86v,False,t3_k57d6a,t3_k57d6a,3
vancvanc,"BB isn't moving enough since the start of the trading day and IV crush is imminent, I think. Sold my 8c calls for a tidy profit and opened 12/31 7/5p bull put spreads. Breakeven 6.34.",1606926089,gedt1ev,False,t3_k57d6a,t3_k57d6a,2
spaghettispaceship,I bought at the top with BB just like I did with PLTR,1606926047,gedsxoz,False,t3_k57d6a,t1_gedsvl2,2
andrizzle1371,Any got any positions on BB or am I the only one that's going to lose money?,1606926022,gedsvl2,False,t3_k57d6a,t3_k57d6a,4
90FC_Racer,"Dear BB, 

If you could, please kindly fuck off and 🚀 to the 🌖",1606925363,gedrc3j,False,t3_k57d6a,t3_k57d6a,7
phazeiserotic,Nope.  They got a fireside chat later today. And people will learn about what they are doing.  Power to $BB,1606925326,gedr8xv,False,t3_k57d6a,t1_gedqxx1,2
_krypton99,Is BB dying,1606925200,gedqxx1,False,t3_k57d6a,t3_k57d6a,3
Blackhawk0990,Is yolo play on BB worth a second divorce????,1606925074,gedqn5j,False,t3_k57d6a,t3_k57d6a,5
Rrabbitt,BB still worth getting in to or has it topped?,1606925003,gedqh0f,False,t3_k57d6a,t3_k57d6a,3
EatMePlsDaddy,BB about to do the thing again. Get ready.,1606924763,gedpvx9,False,t3_k57d6a,t3_k57d6a,3
_Aquilae,"Hold PLTR, buy BB, destination tendies town",1606924240,gedolgq,False,t3_k5bapc,t3_k5bapc,2
phazeiserotic,BB is gonna be in alot of EVs. Get in while its cheap.,1606924227,gedoka2,False,t3_k57d6a,t3_k57d6a,1
olli_bombastico, thank god for bb weeklys at discount yesterday before close.,1606924225,gedok4m,False,t3_k538hd,t3_k538hd,1
ignatztempotypo,wELL DoNE rETARD.  why did you grab BB back when it was worth almost nothing? Real question...,1606924120,gedoat6,False,t3_k5bbd6,t3_k5bbd6,10
[deleted],Yeah I’m leaving of what I got in PLTR. CRSR acting like a bitch and BB needs to go back to 9 so I can see that bitch off because I’m sick of his shit hahah,1606923923,gedntmi,False,t3_k57d6a,t1_gednk8a,1
_Aquilae,"Just get $BB while it's still under $10, recover your loss",1606923909,gednsbr,False,t3_k5bbvo,t3_k5bbvo,2
grae313,Only for PLTR and you bb ;),1606923673,gedn7qx,False,t3_k538hd,t1_gedmb9h,1
Storgan_Manley1,"BB gearing up again?

Translation: save me from myself",1606923559,gedmy0m,False,t3_k57d6a,t3_k57d6a,2
_Aquilae,Major deal with Amazon? say no more. BB to the moon 🚀🚀🚀🚀,1606923499,gedmsx0,False,t3_k596h4,t3_k596h4,7
clarkmu,$BB,1606923415,gedmlj3,False,t3_k57d6a,t1_gedliva,1
wnsgus,I increased my BB 7.5c 1/8/21 to 3 now. Worst comes to worst I lose about $450 but I think there’s room for more upwards momentum.,1606923327,gedme2x,False,t3_k4u5f8,t1_gedl4iv,1
[deleted],I’m actually bored watching my money drop and standing still. I just want BB to go back to 9 so I can sell it off. See you later guys wake me up when the nightmare is temporarily over,1606923182,gedm1rx,False,t3_k57d6a,t3_k57d6a,3
_Aquilae,"Hold PLTR, buy BB, get on the 🚀 while it's still < $8",1606923099,gedluo6,False,t3_k5aoi3,t3_k5aoi3,12
90FC_Racer,BB wtf are you doing!? 📈📉,1606923056,gedlqxb,False,t3_k57d6a,t3_k57d6a,3
HotStockSlinger,Will Jeff just buy BB?,1606922994,gedllk9,False,t3_k57d6a,t3_k57d6a,3
_Aquilae,Better strap on $BB to the moon 🚀🚀,1606922820,gedl6vn,False,t3_k5aboe,t3_k5aboe,0
edge2528,he also bought BB last year then sold it at a loss earlier this year,1606922754,gedl1cs,False,t3_k53k0w,t1_gecdz1e,12
yourpalbigal7,Noob here.  Literally started yesterday with a TDA account.  Watched a couple of videos.  Dude said he puts auto sell on stocks that drop 10%.  I bought NIO yesterday afternoon.  Auto sell triggered at opening.  I'm missing the f'ing climb.  I guess the 10% drop auto sell doesn't apply to meme stonks?  Live and learn.  Only lost about $40.  Same shit with PLTR.  At least BB and CCL are okay today.  Just buying shares for now.,1606922727,gedkz5i,False,t3_k57d6a,t3_k57d6a,-6
Layrasm,"BABA, NIO, and BB calls about to buy me a new car for Christmas",1606922505,gedkggj,False,t3_k57d6a,t3_k57d6a,4
PM_Me_Ur_Greyhound,I love BB but I’m traumatized after the last time I played their earnings,1606922434,gedkamk,False,t3_k57d6a,t1_gedk3wg,1
dbryan0516,"LONG LIVE BB

buy 10c 12/4",1606922418,gedk98q,False,t3_k596h4,t3_k596h4,12
Storgan_Manley1,Am I the only idiot playing BB?,1606922356,gedk3wg,False,t3_k57d6a,t3_k57d6a,2
yttew,Is BB actually doing it today or will it go flaccid mid-day?,1606922155,gedjnd8,False,t3_k57d6a,t3_k57d6a,3
wnsgus,I filled one position in the mentioned BB and will ride it out,1606921912,gedj393,False,t3_k4u5f8,t1_geddg3s,1
trentthesomalian,I still can’t believe I bought BB at 8.92 yesterday like god damned retarded asshole,1606921844,gedixow,False,t3_k57d6a,t3_k57d6a,3
HotStockSlinger,My BB is so good to me,1606921837,gedix5y,False,t3_k57d6a,t3_k57d6a,2
bl0ckburner,BB approaching $9.,1606921832,gediwr8,False,t3_k57d6a,t3_k57d6a,3
Layrasm,I’m selling calls I’m profitable on rn and buying BB leaps,1606921811,gediv1q,False,t3_k57d6a,t3_k57d6a,2
The_Coward_Sorcerer,BB makes my pp 💦,1606921774,gedis2o,False,t3_k57d6a,t3_k57d6a,5
dirtyhandscleanlivin,Was a good move to take PLTR profits and sell BB weekly calls instead,1606921773,gedirzm,False,t3_k57d6a,t3_k57d6a,5
abbyabbster,BB I love you,1606921755,gediqjt,False,t3_k57d6a,t3_k57d6a,9
kingk0rvid,BB takin off,1606921751,gediq63,False,t3_k57d6a,t3_k57d6a,4
chiggaroni,BB,1606921747,gediptl,False,t3_k57d6a,t1_gedimc6,2
Ghost1914,BB taking off,1606921701,gedim2i,False,t3_k57d6a,t3_k57d6a,3
bl0ckburner,BB let’s go!!,1606921696,gedilmx,False,t3_k57d6a,t3_k57d6a,5
chiggaroni,BB Breakout,1606921664,gediiwx,False,t3_k57d6a,t3_k57d6a,1
Qmoney23,What’s the best BB call to invest in right now?,1606921643,gediha3,False,t3_k57d6a,t3_k57d6a,2
sc0tt_1990,decent volume on BB,1606921624,gedifms,False,t3_k57d6a,t3_k57d6a,1
clarkmu,$BB,1606921618,gedif6z,False,t3_k57d6a,t1_gedhzx5,1
chompar,should i take a loss on stupid FNMA and jump in BB? bought 100 yesterday of BB at 8.42 haha,1606921564,gediary,False,t3_k5aisl,t3_k5aisl,1
youngniggi,GME BB 🚀🚀🚀,1606921492,gedi4yj,False,t3_k57d6a,t3_k57d6a,1
trolception,THC BB oversold. Downside is limited.,1606921281,gedhnvz,False,t3_k57d6a,t3_k57d6a,6
vancvanc,if BB breaks $8 we are fucking eating,1606921199,gedhgrt,False,t3_k57d6a,t3_k57d6a,1
Swiftarrow941,i REFUSE to lose faith in BB,1606921125,gedhang,False,t3_k57d6a,t3_k57d6a,2
bizybody1,"Nah, GME is already pretty high. BB is about to ride amazon web service to where GME is now.",1606921085,gedh7dn,False,t3_k57d6a,t1_gedgqf6,1
GrinderBud,Bb and Nkla let’s goooooooo,1606920993,gedgzvo,False,t3_k57d6a,t3_k57d6a,1
Swiftarrow941,"I have faith in BB, not a lot but still.",1606920899,gedgsas,False,t3_k57d6a,t1_gedge8z,2
RSlashCyan,Just want to say BB is next to the moon. You heard it here.,1606920838,gedgn9u,False,t3_k57d6a,t3_k57d6a,2
GIA-97,BB all the way to the 🌝🌝🌝,1606920796,gedgjqu,False,t3_k5akuj,t1_gedg9qv,2
90FC_Racer,Fucking BB...,1606920732,gedge8z,False,t3_k57d6a,t3_k57d6a,1
CrowdGoesWildWoooo,BB we are taking off,1606920678,gedg9qv,False,t3_k5akuj,t3_k5akuj,6
BlessYourFaces,Don't miss out on BB lowest price it's going to be for awhile,1606920630,gedg5q4,False,t3_k57d6a,t3_k57d6a,3
bizybody1,BB is the Dec meme stock. Heard it here ~~first~~,1606920600,gedg3e2,False,t3_k57d6a,t3_k57d6a,2
olli_bombastico,"thank you bb weeklies for making up for all my pltr weekly loss

now you're my favorite bb - fuk yu bb-8",1606920466,gedfsee,False,t3_k57d6a,t3_k57d6a,2
MrMeeseeks987,BB is the move guys Bb,1606920440,gedfqbk,False,t3_k57d6a,t3_k57d6a,3
Behho,BB 🚀🚀🚀🚀🚀🚀🚀,1606920394,gedfmol,False,t3_k57d6a,t3_k57d6a,3
Interneter96,"BB taking off, last call!",1606920364,gedfk6u,False,t3_k57d6a,t3_k57d6a,2
G_I_Joe_Mansueto,BB and GME bounces are puts or naked call opportunities IMO.,1606920336,gedfhvg,False,t3_k57d6a,t3_k57d6a,2
vancvanc,"PSTH and The Bee are taking a massive fucking dump today, only BB is keeping me even.

Actually miraculous that I'm anywhere close to flat on the day",1606920313,gedffwx,False,t3_k57d6a,t3_k57d6a,3
jskullytheman,BB getting memed again!?!!!! Yes dadyyyyyyyyy,1606920183,gedf5d0,False,t3_k57d6a,t3_k57d6a,2
sc0tt_1990,fucking BB of all things keeping me afloat.,1606920179,gedf510,False,t3_k57d6a,t3_k57d6a,1
bl0ckburner,BB wants to ball so bad.,1606920084,gedexa0,False,t3_k57d6a,t3_k57d6a,4
gotfelk,"GME I LOVE YOU BB  
SQUEEZEEE",1606920081,gedex0b,False,t3_k57d6a,t3_k57d6a,3
_krypton99,"PFE GME BB APHA 
Watch these babies",1606920002,gedeqsv,False,t3_k57d6a,t3_k57d6a,2
Incarnegie,BB is my recovery 🚀,1606919991,gedepz0,False,t3_k57d6a,t3_k57d6a,1
WatchingyouNyouNyou,"Sold some bb dec18 9 cov calls

Sweet premium",1606919979,gedep31,False,t3_k57d6a,t3_k57d6a,0
crap___shoot,BB only safe haven in 2020. LOL,1606919965,gedeo1l,False,t3_k57d6a,t3_k57d6a,5
bagel_maker974,"Rolled GME & BB puts out right as they find support and moon

feelsgoodman.jpg :)",1606919957,gedenec,False,t3_k57d6a,t3_k57d6a,2
EricsonGQMan33,$bb puts?,1606919196,gedcz25,False,t3_k57d6a,t3_k57d6a,1
Fractadactyl,So BB is gonna be like the AMZN version of PLTR now?,1606919186,gedcybp,False,t3_k57d6a,t3_k57d6a,5
wnsgus,Yeah I may go for a relatively safe play today and just get 100 shares of BB in case there’s any momentum from tonight’s fireside chat...,1606919010,gedckpi,False,t3_k4u5f8,t1_gedcdgi,1
diorede,Amazon deals with BB and AMD are keeping me afloat,1606918959,gedcgkh,False,t3_k57d6a,t3_k57d6a,3
perzbenz,only thing green is bb. nice.,1606918929,gedce61,False,t3_k57d6a,t3_k57d6a,2
kj922,Bb 8.5c 12/4,1606918874,gedc9ud,False,t3_k57d6a,t3_k57d6a,4
Jazzlike_Ad7776,BB the move today?,1606918842,gedc7fd,False,t3_k57d6a,t3_k57d6a,2
PM_ME_UR_CONSPIRACYS,No bb soz,1606918808,gedc4wu,False,t3_k57d6a,t1_gedb77x,1
ActivexGen,Everything red as dick except for this stupid BB play lmfao,1606918708,gedbx5v,False,t3_k57d6a,t3_k57d6a,3
WatchingyouNyouNyou,"Bb avg vol was 4.5m, 327m shares traded hands yesterday and stock was still up over 19%

Proud bagholding lol",1606918449,gedbd88,False,t3_k57d6a,t3_k57d6a,4
[deleted],"BB isnt about phones anymore. They are knee deep in EV. They got an investor call at 2pm, 12 EOD.",1606918447,gedbd2m,False,t3_k57d6a,t1_gedb3nx,1
itsnovvy,May I offer you some BB?,1606918370,gedb77x,False,t3_k57d6a,t1_gedawjj,1
bbfuego,BB’s gonna tank today right? Like how can that company go up,1606918324,gedb3nx,False,t3_k57d6a,t3_k57d6a,2
ATXBikeRider,BB save my account 🙏🙏,1606918279,gedb08e,False,t3_k57d6a,t3_k57d6a,2
bl0ckburner,BB pump part II today.,1606918255,gedayfp,False,t3_k57d6a,t3_k57d6a,2
RADIO02118,"My top 3 plays for today. BB TSLA AMZN

BB investor fireside today to discuss Amazon partnership on autonomous vehicle data

TSLA 560 is offering strong support. Seeing an imbalance of buy orders at 559. Resistance at 597. A play back up to that level is the move. 

AMZN is now a safety stock as well as a growth stock and it just busted free from its range bound shackles.

What do y’all think?",1606918171,gedasbz,False,t3_k57d6a,t3_k57d6a,3
Long_term_Andy,Hmm BB up 12% and NIO down 12%.. I told you there were worse investments,1606917987,gedaedp,False,t3_k4ixya,t1_geaayhq,1
yushey1,"Friendship ended with PLTR,NIO,GME. Now $BB is my bestfriend",1606917982,gedae16,False,t3_k57d6a,t3_k57d6a,5
theleftrocket,BB breaks 8 & she’s gone 🚀,1606917757,ged9xo9,False,t3_k57d6a,t3_k57d6a,7
[deleted],BB calls or PLTR puts?,1606917755,ged9xir,False,t3_k57d6a,t3_k57d6a,1
username81251,"I like BB and have some LEAPs, so I'd love it if it ended at 12 today. But it seems pretty unlikely that the Amazon news will cause it to nearly double the day after its announcement (hope I'm wrong)",1606917710,ged9u7s,False,t3_k596h4,t1_ged9bwi,9
mukked721,BB,1606917595,ged9lvu,False,t3_k57d6a,t3_k57d6a,3
chiggaroni,"BB mooning, up 14% pre market",1606917525,ged9gic,False,t3_k57d6a,t3_k57d6a,0
ATXBikeRider,BB about to blow PLTR out of the water in every way.  Next meme stonk,1606917484,ged9dir,False,t3_k57d6a,t3_k57d6a,3
mauimikes,BB,1606916770,ged7xn0,False,t3_k57d6a,t1_ged7vb0,0
Ascendingz,BB,1606916577,ged7jjl,False,t3_k57d6a,t1_ged6x8b,1
harrisonchase,Move to BB,1606916475,ged7c94,False,t3_k59cs1,t3_k59cs1,1
haphazardly_,BB QNX is being used as the OS for many developing automobiles like EV(Xpeng in China)(IVY Amazon deal). BB P/S is 3. Other similar stocks can range from 8-20 depending on growth outlook or comparables (depending on a mix of cyber security and software companies). Could easily triple to quadruple in the next year,1606916224,ged6un7,False,t3_k57d6a,t1_ged552n,1
aRecycleAwayAccount,"This is an option pricing bot. The latest option price is:

Position|Bid|Ask|Last Price|% Change|IV
:--:|:--:|:--:|:--:|:--:|:--:
BB   9.0|0.33|0.35|0.35|0.01|1933.886%


BB 9.0C 2020-12-11 was mentioned 0 times

[Click to see where](https://www.reddit.com/message/compose/?to=aRecycleAwayAccount&subject=ged6orz&message=Show me)

^(These quotes are based on real time prices. This bot comments Mon-Fri between the hours of 6am-7pmET. Any feedback or suggestions are welcome!)",1606916154,ged6poj,False,t3_k57d6a,t1_ged6orz,1
YourMum6929,BB 9c 12/11,1606916141,ged6orz,False,t3_k57d6a,t3_k57d6a,2
tayzer91, Bb has mad shorties,1606916127,ged6nqm,False,t3_k57d6a,t1_ged6kad,-1
aznfck98,ive got a gut feeling of BB meming it’s way to some dumb market cap like 30b,1606916079,ged6kad,False,t3_k57d6a,t3_k57d6a,0
BigGreenCandles,PLTR to BB,1606916045,ged6i00,False,t3_k57d6a,t3_k57d6a,2
BigGreenCandles,Switch to BB,1606916018,ged6g68,False,t3_k57d6a,t1_ged6dr3,1
EatMePlsDaddy,"BB and Pfizer just might but I wouldnt count on BB holding its gains for very long, especially since yesterday brutal fade and general downturn of the market will probably get bunch of paper hands sell asap.",1606915819,ged63ty,False,t3_k57d6a,t1_ged5x3m,3
light-yagamii,I bought a lot of BB shares. This is gonna be the next gamestop. Where are the BB pumpers?,1606915475,ged5lok,False,t3_k57d6a,t3_k57d6a,3
APHAbaghodler,"Wow. This implies to me if 75% of retail hasn't heard the news yet, BB still has room to run..",1606915444,ged5k35,False,t3_k57d6a,t1_ged3bjk,1
APHAbaghodler,"I figure.. retail's all parroting ""BB will be in every car"" yeah but it's a meaningless statement without knowing how much actual money it's going to make..",1606915403,ged5hzt,False,t3_k57d6a,t1_ged2q4k,1
Ascendingz,BB,1606915215,ged58e7,False,t3_k57d6a,t1_ged533g,2
proly_trihard,BB,1606914778,ged4lkb,False,t3_k57d6a,t3_k57d6a,4
mauimikes,BB,1606914586,ged4c67,False,t3_k57d6a,t1_ged3n1f,1
Dandystatus,Sell your PLTR get into BB,1606914579,ged4btp,False,t3_k57d6a,t3_k57d6a,1
Turtlesaur,"Sell all your -99.7% PLTR calls, and buy BB weeklies. You'll have your $500 back in no time.",1606914249,ged3w6h,False,t3_k57d6a,t3_k57d6a,6
haphazardly_,BB to the moon.. their P/S ratio is trading way under comparables because people still think they are a phone company. People are realizing their software is legit,1606914154,ged3rm0,False,t3_k57d6a,t3_k57d6a,1
mauimikes,Move your pennies from PLTR over to BB,1606914115,ged3pru,False,t3_k57d6a,t3_k57d6a,2
ContentViolation1488,"> This isn't correct and OP is actually wrong on this point, though the rest of what he said it good advice. 

Nowhere did I say what is and isn't high IV, I know it is more complicated than that.

>It's not likely any of the memes WSB is latching onto are going to drop in IV anytime soon, or trade flat

I think you are completely wrong about this. A ton of the meme stocks pushed are just the stocks that have made recent big gains. For example, BB just moved a whopping 30%. Anyone jumping into options on it now is jumping in during a very high IV moment. It's not like blackberry is going to maintain its volatility.",1606913858,ged3dqq,True,t3_k4ztif,t1_gechssl,0
Itsme_eljefe,"Printing for you, bb?",1606913498,ged2x1m,False,t3_k459ll,t1_ge8q57p,1
frickin_darn,Shh BB is ok,1606913358,ged2qq1,False,t3_k57d6a,t3_k57d6a,3
wnsgus,"If the RSI on TSLA hits <=30, I’ll probably buy some weekly calls and flip for some short-term day trade profit. 

For long-term, I’m looking at CRM but I want to see some resistance because it seems analysts/investors are apprehensive about the WORK acquisition. I think I’ll wait for a little cheaper entry point for a 6/2021 call. 

Lastly, I’m kind of considering BB even though it’s had a run-up since a couple days ago. I didn’t realize the software route that it’s taking and it seems like it’s been largely unnoticed. I’ll have to do more research into it but I might purchase a single 8c 6/2021.

With regards to my SPY put though, I’ll most likely sell it at open.",1606913308,ged2ohz,False,t3_k4u5f8,t1_ged207o,1
Iwashere11111,CRSR hits 50 again and I will sell immediately please don’t go any lower bb,1606912620,ged1t0g,False,t3_k57d6a,t3_k57d6a,9
No-Proposal-2145,BB 6.00 by open? as if the news never happened,1606912391,ged1ixc,False,t3_k57d6a,t3_k57d6a,3
muntassers,Who else is on the BB train? So bullish here it hurts,1606912175,ged195o,False,t3_k57d6a,t3_k57d6a,5
Schmiddo,BB a buy?,1606911750,ged0ran,False,t3_k57d6a,t3_k57d6a,4
Chiaope,"Oh boy as soon as it reach breakeven ima yeet out of BB
This lesson is painful enough I dont wan to have another class",1606911562,ged0jpp,True,t3_k53ail,t1_geczwvx,2
FragrantWarthog6,Don’t buy BB. If you need proof look at the past 10 year chart.,1606910982,geczwvx,False,t3_k53ail,t3_k53ail,0
Peter_Banning,Y NOBODY TELL ME ABOUT BB,1606910806,geczq3i,False,t3_k57d6a,t3_k57d6a,4
Berlin_China_Wall,"BB, It's going down, I'm yelling timber
You better move, you…",1606910635,geczjqf,False,t3_k57d6a,t3_k57d6a,3
Gua_Bao,fuck it i’m buying the bb dip,1606910580,geczhns,False,t3_k57d6a,t3_k57d6a,1
Incarnegie,BB looking good pre market 11% up 🤷‍♂️,1606910541,geczg8g,False,t3_k57d6a,t3_k57d6a,3
winkahpack,Gimme Tickers bb,1606910194,gecz37j,False,t3_k57d6a,t1_gecyttw,0
PepeSilviaFTW,"BB was like 2 hours away from being delisted. 
KODK levels of fuckery going on.",1606909582,gecyggb,False,t3_k57d6a,t3_k57d6a,2
_BlowJays_,PLTR and all EVs lookin' ded.  The only meme now is BB?  WSB is fading at the end of the year.,1606909558,gecyfkx,False,t3_k57d6a,t3_k57d6a,4
jskullytheman, Whoever is buying shitloads of BB your mom is a really nice lady 😌,1606909298,gecy6eo,False,t3_k57d6a,t3_k57d6a,5
Strict-Improvement31,Should I use my last 800 on BB $10 call for this week lmao,1606907806,gecwpju,False,t3_k57d6a,t3_k57d6a,2
bl0ckburner,Remember when I told you guys that BB would be fine?,1606907749,gecwnib,False,t3_k57d6a,t3_k57d6a,-6
vancvanc,"Silly me thinking IV crush matters for meme stocks. BB is crushing it, hit 9 earlier",1606907665,gecwkit,False,t3_k57d6a,t3_k57d6a,7
Bigolefloridadong,BB 👏🏼 PLEASE👏🏼 DONT👏🏼 DUMP,1606907514,gecwf4j,False,t3_k4u5f8,t3_k4u5f8,1
ATXBikeRider,"Really need an autist to do DD on BB.  Not a retard, a real WSB Autist.

This company might actually make money, unlike so many that get pumped just on the hope of making some.",1606907420,gecwby3,False,t3_k4u5f8,t3_k4u5f8,4
winkahpack,Yes please. AMZN bb would love a discount 😙,1606907307,gecw845,False,t3_k4u5f8,t1_gecw3fe,1
WatchingyouNyouNyou,We sold nio (66b) gain and are about to buy bb (4b) because bb is Canada darling with 44k patents,1606907231,gecw5jn,False,t3_k4u5f8,t1_gecw0c5,0
mandukorea,BB calls,1606907031,gecvyq6,False,t3_k4u5f8,t1_gecvwnf,1
Dandystatus,BB 🚀🚀🚀🚀🚀,1606906868,gecvsyg,False,t3_k4u5f8,t3_k4u5f8,0
peruvianitalian,"BB iv is gonna take so many lives. Please remember pltr and gme. Don't fomo you degenerate fucks. Just don't touch it. Those already in it, congrats.",1606906822,gecvrdj,False,t3_k4u5f8,t3_k4u5f8,7
WatchingyouNyouNyou,"Bb, 44,000 patents and they do what pltr does as a side business",1606906231,gecv6nq,False,t3_k4u5f8,t1_gecv4t6,1
WatchingyouNyouNyou,"Why did bb look expensive at 7 yesterday but it looks cheap at 8:50 in premarket?!?!?!!!?

Why do I suck????",1606905931,gecuwhl,False,t3_k4u5f8,t3_k4u5f8,2
peruvianitalian,I hate to say it. But it's lookin like BB is the next meme stock. Hope wsb doesn't fuck it up too much. Hahah what am I even saying? Of course it will.,1606905771,gecur7t,False,t3_k4u5f8,t3_k4u5f8,6
leaveit2,"Is BB really the new meme such stock? What a time to be alive. 

Also the time is 5:39AM. Gym in 15 mins fellow tards. Today is leg day",1606905563,gecukg0,False,t3_k4u5f8,t3_k4u5f8,14
ev198907,We pumping BB or what retards,1606905167,gecu7ig,False,t3_k4u5f8,t3_k4u5f8,3
orrangearrow,"My grand-pappy always said if you’re going to do something, do it once, and do it right. That’s why I’m going all in on BB weekly FDs at open.",1606905131,gecu6ei,False,t3_k4u5f8,t3_k4u5f8,4
IHateMonie,Alright I think I had enough going to sell my pltr shares tomorrow and move to a real stock like bb,1606904896,gectysu,False,t3_k4u5f8,t3_k4u5f8,9
Bigolefloridadong,BB just let me break even from my retardation yesterday,1606904568,gecto3z,False,t3_k4u5f8,t3_k4u5f8,4
IHateMonie,BB new meme,1606903909,gect2r7,False,t3_k4u5f8,t1_gecsxzf,2
wafflepiezz,Thic🐝 y u down bb girl,1606903653,gecsum2,False,t3_k4u5f8,t3_k4u5f8,8
orrangearrow,Baby yoda’s real name is Frank Anderson and he lives in New Jersey with his fat wife and 2 terrifying little shit children and he’s heavily invested in BB so yesterday was a fun day for Frank,1606903419,gecsn8u,False,t3_k4u5f8,t3_k4u5f8,4
OptionLyfe,What’s next for Bb then? Share the tendies,1606903356,gecsl8j,False,t3_k4u5f8,t1_gecshkh,3
the90sbaby,Had a feeling that end of day selloff on BB was a fakeout. Woulda been up crazy on calls. Not a bad strategy to play on... i think i’m on to something,1606903243,gecshkh,False,t3_k4u5f8,t3_k4u5f8,4
OptionLyfe,Short BB,1606903195,gecsg0l,False,t3_k4u5f8,t1_gecs39o,3
Deadhookersandblow,mfw my garbage BB 10c 12/4 may work after all,1606902944,gecs7za,False,t3_k4u5f8,t3_k4u5f8,2
yaboiRich,Looks like its settled. BB is the meme stock of the week,1606902849,gecs52c,False,t3_k4u5f8,t3_k4u5f8,4
4xdblack,I'm buying one share of BB to offset my PLTR losses tomorrow. This is what you call a pro gamer move.,1606902792,gecs39o,False,t3_k4u5f8,t3_k4u5f8,0
Ascendingz,BB take my energy 🙌🏼,1606902702,gecs0g3,False,t3_k4u5f8,t3_k4u5f8,3
IHateMonie,is BB the new PLTR??? time to ruin another stock by buying calls without the intention of buying shares? 🤡,1606902625,gecrxzu,False,t3_k4u5f8,t3_k4u5f8,7
davhngo,BB the hottest meme in the market.,1606902544,gecrvf2,False,t3_k4u5f8,t3_k4u5f8,2
cool_BUD,Jesus BB,1606902411,gecrr3x,False,t3_k4u5f8,t3_k4u5f8,6
holoscenes,This BB pump..... if only I hadn’t FOMO’d in at 9,1606902333,gecrolq,False,t3_k4u5f8,t3_k4u5f8,3
bigchillinlat,Dam BB really was the play boys lmfao,1606902302,gecrnkk,False,t3_k4u5f8,t3_k4u5f8,1
Ascendingz,BB mooning right now,1606900642,gecq4s6,False,t3_k4u5f8,t3_k4u5f8,0
vancvanc,BB,1606900417,gecpx09,False,t3_k4u5f8,t1_gecprsc,2
vancvanc,PLTR got you down? Tired of losing all your money? Come join the BB Big Baller club.,1606900384,gecpvv0,False,t3_k4u5f8,t3_k4u5f8,2
Berlin_China_Wall,"So I hope BB does not take a dump today?  I’m worried, thinking about getting out at open, it’s up a bit but think it’s dead",1606900159,gecpoa9,False,t3_k4u5f8,t3_k4u5f8,0
PencilChant,Dropping my pltr calls today and going for BB feb calls,1606898600,geco65u,False,t3_k4u5f8,t3_k4u5f8,1
Layrasm,"BB is probably a solid buy, way undervalued IMO. Hardware company pivoted to software, with new partnerships (AWS), lots of patents. They look to be hiring a lot of good positions, and they have big customers. It’s not some shitty Kodak company with no vision. Take it for what it’s worth.",1606897562,gecn4bh,False,t3_k4u5f8,t3_k4u5f8,10
Layrasm,Have a feeling that BB is the next meme stock.,1606896741,gecm9z7,False,t3_k4u5f8,t3_k4u5f8,2
DelaRosaX,$BB might end the year more valuable than Nikola...what a shitfuck,1606896295,geclsoj,False,t3_k4u5f8,t3_k4u5f8,1
DelaRosaX,AAPL needs big PP energy at open so I can blow it all on BB calls😈😈📈💯👍,1606895905,gecldeb,False,t3_k4u5f8,t3_k4u5f8,4
buzztiga,"Yeah right. BB is also in CIA, FBI, NASA, Pentagon, Navy Seal, Space Force... Seriously, what else doesn't have BB on earth?

First thing first, can you explain why Toyota is frightened to use BB's software? Why isn't Tesla fitted with BB? And many others. Why not?

I asked this to see what kind of potential are we talking about... When PC was invented, Microsoft hit the jackpot with their shitty software called MS DOS... They conquered all the PCs. There was no ""Toyota"" choose to use something else... And Bill Gates never claim MS DOS is on any NASA spacecraft... you see?",1606894653,geck0v9,False,t3_k4uqca,t1_geb04hw,1
AlexFranz,"Boys, will my BB 🐝🐝 be alright?",1606894128,gecjfy7,False,t3_k4u5f8,t3_k4u5f8,6
BigDerbsBiggerStonks,$BB 10C 3/19/20  seems like the new meme,1606894078,gecjdyk,False,t3_k4u5f8,t3_k4u5f8,1
EatMePlsDaddy,MRNA yesterday was a bigger shitshow than Chinese EVs and BB fade combined.,1606893501,geciqqs,False,t3_k4u5f8,t3_k4u5f8,3
TheLooza,BB is having its renaissance and im all about it. I was all about it last week too.,1606891898,gecgvu9,False,t3_k53hap,t1_gecfdcx,1
GIA-97,"You don't f**king retard and find the ritard that told you to buy BB so f*****g high and tell his and your wife boyfriend that you to need to go and do extra hours at work.

When will people learn GOD",1606891395,gecgag5,False,t3_k53ail,t3_k53ail,1
TeaKay13,I'm still going all in BB tomorrow.,1606891202,gecg22f,False,t3_k4ztif,t3_k4ztif,2
Chiaope,Hell yeah this isnt the fking top BB will moon!! Dont fail me now BB,1606890676,gecfewm,True,t3_k53ail,t1_gecf7e3,7
PhillyJinx,"Ahh, didn’t realize i was on r/stocks. Lighten up pal, not to mention AMZN working with $BB makes it is 95% likely the stock price will rise lmao. (i say 95% bc i cant predict the future, who knows what will happen tomorrow) Have a goodnight man, cheer up. You can make those $PLTR losses back i believe.",1606890640,gecfdcx,False,t3_k53hap,t1_gecd2ab,2
Chiaope,Tmr is the day BB moon!!,1606890562,gecf9x7,True,t3_k53ail,t1_gecd8co,2
beniceorbevice,"https://i.imgur.com/cUWuTih.jpg

This was my bb play today. Hoping the last 3 hit $3 by Friday afternoon",1606890255,gecewj2,False,t3_k53hap,t3_k53hap,2
makeCakeNotNuke,"this is it, BB is the new meme of December.",1606889567,gece2by,False,t3_k4u5f8,t1_gecdg69,2
metmike97,Is BB actually a buy tm morning ??,1606889081,gecdg69,False,t3_k4u5f8,t3_k4u5f8,3
YourMum6929, BUY BB THEN DUMP TMR,1606889058,gecdf4s,False,t3_k4u5f8,t3_k4u5f8,1
[deleted],"The fact that you think everything bezos touches turns to gold shows you don’t know how amazon works. What they do is work with a company on some tech/innovation/ip, then ditch their ass at the side of the road and bring it in-house to make it better, more integrated, and at cheaper unit costs. BB is gonna be used up like a hoe. So you aren’t entirely wrong, Bezos does turns things to gold, for AMZN.",1606888783,gecd2ab,False,t3_k53hap,t3_k53hap,0
WSBVoteBot,"**A Submission was Spammed by Vote**
___
**Title:** BB is the new meme stonk!

**URL:** https://redd.it/k53c84
___
[Click Here to Vote to Approve](https://www.reddit.com/message/compose/?to=WSBVoteBot&subject=restore&message=k53c84) if this is a good submission.

Hey /u/CherrehCoke, you're encouraged to copy and paste the approval link into the Daily Discussion thread for help restoring your post.

Users who Voted:
Thatspellsgeraffes
BenjaminFernwood",1606888749,gecd0qd,True,t3_k4xm36,t3_k4xm36,1
Chiaope,Welp thanks for the advice anyways BB to the moon it is then,1606888687,geccxuy,True,t3_k53ail,t1_geccn8v,3
iryan6627,"100% sure because I have a single Tesla stock I bought for $588 and that $588 is in the same, unchanging column while my loss on Tesla is shown in another column. I bought BB as well and took took a hit which is the reason why I didn’t just post the full screenshot of my account lol",1606888678,geccxg1,True,t3_k52711,t1_geccsg9,2
yushey1,BB to the moon 🚀🚀🚀🚀🚀🚀🚀🚀🚀🚀🚀🚀🚀🚀🚀🚀🚀🚀,1606888355,gecci61,False,t3_k4u5f8,t3_k4u5f8,3
alioli0518,"Check BB’s twitter. They just announced an investor call for 2pm this afternoon to chat about their new Ivy tech. No idea how BB will go during the day but id expect it to get up to $11 if this investor call gets crazy. So if its running up id sell right around 3:45 to make sure youre covered from loses. Other alt. Is to see if Ivy makes elon jealous and gen Z figures out that bb is now more like pltr than Motorola, this will be mooning by march.",1606888090,gecc5k7,False,t3_k53ail,t1_gecbt3z,10
YourMum6929,BUY BB BEFORE THE CONFERENCE THEN DUMP,1606888040,gecc35m,False,t3_k4u5f8,t3_k4u5f8,0
Chiaope,Thats what im hoping to do hopefully BB finally starts doing something right,1606887933,gecby2q,True,t3_k53ail,t1_gecbt8j,5
shogun_,"Nah just not being voted on. But come Jan 20, green is at all new highs bb",1606887610,gecbid9,False,t3_k52zg6,t1_gecb0p8,2
mauimikes,BB fur sure,1606887537,gecbeuy,False,t3_k4u5f8,t1_gecb89l,2
mauimikes,"BB just announced “fireside chat@ tomorrow 2pm to discuss AMZN deal. 

Time for tendies",1606886963,gecamb1,False,t3_k4u5f8,t3_k4u5f8,7
Balthadorax,What do you think about the company (BB)?,1606884923,gec7ofi,False,t3_k4nyac,t3_k4nyac,1
se_N_es,calls on BB. yes sir,1606884857,gec7ku3,False,t3_k4z3yt,t3_k4z3yt,1
se_N_es,no BB? Destined to fall.,1606884779,gec7gky,False,t3_k50buq,t1_gebtu8h,1
nevyan17,"Blackberry secured a development agreement with Amazon AWS.

""Shares of BlackBerry Ltd. BB, +19.25% soared 34.6% in active premarket trading Tuesday, after the security software services company and Amazon.com Inc.'s AMZN, +1.64% Amazon Web Services Inc. cloud business announced a ""multi-year, global agreement"" to develop BlackBerry's Intelligent Vehicle Data Platform, IVY.""

https://www.marketwatch.com/story/blackberrys-stock-soars-after-development-agreement-with-amazons-aws-2020-12-01",1606884149,gec6i25,False,t3_k52d20,t1_gec67th,3
vancvanc,If BB doesn't pop tomorrow I am getting so fucked by IV,1606883950,gec66zx,False,t3_k4u5f8,t3_k4u5f8,3
crjlsm,blackberry? never heard of it. all about IVY now. theyre gonna analyze the data from the autonomous stock vehicle BB as it self drives to 11 dollars eow.,1606883885,gec63ck,False,t3_k4u5f8,t1_gec5v1m,1
JLTLJ5,"DD on BB?

50k into leaps, let's see what happens",1606883736,gec5v1m,False,t3_k4u5f8,t3_k4u5f8,3
crjlsm,"im not gonna lie, this rug pull is about to diabolical. everyone thinks they see it coming, but everyones also balls deep in otm PLTR options. and GME shares.  When meme stonks start to drop as the market goes tippy toppy, its time to bail fam. Gonna be rolling my inevitable BB gains into VXX calls. it wont be the virus. itll be some inflation or rate related bullshit. something none of the retards here, myself included, would be prepared for.  February 2018 all over again bruh. Baptism by fire for all the new blood",1606883600,gec5ng6,False,t3_k4u5f8,t3_k4u5f8,5
Cowboyre,Saw that BB DD and decides that this was just retarded play that would’ve done nothing. Whelp,1606883509,gec5ibj,False,t3_k51ssh,t3_k51ssh,1
moneymoves1996,BB to the moon!,1606883329,gec57ys,False,t3_k4u5f8,t3_k4u5f8,0
PregnantPickle_,"Moving APHA, Canoo, and NKLA gains into BB, SPCE, and sub-40 NIO",1606883152,gec4xsk,False,t3_k4u5f8,t3_k4u5f8,1
harrisonchase,Good on you for following his DD. I was up 7300% this afternoon because of BB.,1606882867,gec4hh2,False,t3_k51ssh,t1_gec3hlm,3
DavisPaz1,We this BB is going up or down? Up 5% in after hours but dipped hard most of the day until then.,1606882668,gec4609,False,t3_k4u5f8,t3_k4u5f8,1
325fox, BB 12/04 8c APHA 12/04c 8c I got the black tuesday deals I expect 69% gains. 🐻🌈 r fuk.,1606882598,gec41ti,False,t3_k4u5f8,t3_k4u5f8,2
joeabauer,Probably should have bought bb,1606882396,gec3pzo,False,t3_k51t6v,t3_k51t6v,1
ContentViolation1488,"So let's run the math...

Currently the $10 Jan 15 call option for BB is about 0.62. I'll use current BB price as $7.

If you own 500 shares and sell 5 covered calls, your total profit if you reach the strike would be:

(10 - 7) \* 500 + (62 \* 5) = $1810

If you simply set a sell order with no covered call your profit would be:

(10 - 7) \* 500 = $1500

If you DON'T reach your strike price, the profit from selling calls would be:

62 \* 5 = $310 (plus whatever stock appreciation/decline)

And if you simply set the sell order, your profit would be:

$0 (plus whatever stock appreciation/decline)

Hope this makes sense.",1606882271,gec3ija,True,t3_k4ztif,t1_gec1lgv,5
markalept,Everyone knows the new meme stock is BB. A dying phone company who pivots their entire business strategy but keeps their completely dated company name? A match made in heaven for WSB.,1606881686,gec2jxk,False,t3_k4u5f8,t3_k4u5f8,2
PM_ME_YOUR_UVULA_PLS,BB? Beanie Babies?,1606881224,gec1sgi,False,t3_k4u5f8,t1_gec0glp,1
NervousTumbleweed,I’m just upset I didn’t see the BB DD 4 days ago,1606881152,gec1o4k,False,t3_k4u5f8,t3_k4u5f8,2
PregnantPickle_,BB FDs bby,1606881145,gec1nq3,False,t3_k4u5f8,t3_k4u5f8,1
Holysire,"Thank you for this information, I'm currently in the process of reading the other thread about options, so it's just enough to own 100 shares and sell a call?

For example I own 500 shares of BB and I sell 5 call contracts for JanX at $10 and it happened how much would this cost, how much would I stand to make from premiums and would I lose the stock after I executed the contracts?

Edit: I think that I had this all wrong, is selling a call betting against a retard that thinks the stock is going to go up",1606881107,gec1lgv,False,t3_k4ztif,t1_gec0u8h,1
Aa4419,"Lot of movement on BlackBerry BB. After that Amazon deal , I’ll keep it on my retard radar .",1606881081,gec1jv1,False,t3_k4u5f8,t3_k4u5f8,9
xoslater,$BB builds EVs now,1606880915,gec19ug,False,t3_k4u5f8,t3_k4u5f8,6
Tacomanian,BB guys cmon.... whats next Lenovo? Nokia?,1606880432,gec0glp,False,t3_k4u5f8,t3_k4u5f8,2
papa_nurgel,I enjoyed some nice 250% fd puts on Bb today.,1606880324,gec0a0f,False,t3_k4u5f8,t1_gebxrc3,1
bangarangbonanza,If BB hits $10 tomorrow I’ll literally drink a glass of water,1606880119,gebzxdk,False,t3_k4u5f8,t3_k4u5f8,5
Cheeseburgerbil,I had been eyeing bb for a couple weeks. Finally bought some when i heard the news this morning. Bought in at 8.33 like a retard. Went up some more and then it closed at 7. Maybe ill buy some more. I have high hopes for bb.,1606880028,gebzrv7,False,t3_k4m6m2,t1_geapfnd,2
Tomalom1,Some autist did a DD the day before on this sub and I was eyeing BB for a while,1606879910,gebzkqu,False,t3_k4kpzo,t1_geanort,2
MartianMarshmellows,Patents. BB holds lots of it.,1606879895,gebzjqz,False,t3_k4kpzo,t1_gear4vi,3
munnyspunge,What is going on with BB?   Did someone sprinkle Steve Jobs ashes all over their ticker?,1606879661,gebz5f8,False,t3_k5122o,t3_k5122o,1
awwetistic,Bb,1606879434,gebyrab,False,t3_k5122o,t3_k5122o,1
harrisonchase,BB as someone who bought calls for bb 2 years ago and was down 99% until today where I went up over 160% on my initial investment I know this stock is going places which is why I never liquidated my position. Go long this stock is bound for a 10 bagger within 2 years.,1606879427,gebyqvq,False,t3_k5122o,t3_k5122o,1
TheLooza,"BB makes a billion dollars a year in rev, low debt and cash flow positive.  They are poised for massive growth. They don't do phones and they don't shine shoes no more, so while I get your point, your example sucks.  BB to 20 in the next 2 months and I'll make 1.5 mill on it.",1606879346,gebylw6,False,t3_k50q8b,t3_k50q8b,2
YourMum6929,"Lmao BB is a classic pump and dump, rip to those who bought at the peak",1606879280,gebyhq4,False,t3_k4u5f8,t3_k4u5f8,7
Nghtmare-Moon,"Let me tell you the tragic story of Nghtmare-Moon, the shitty trader:  
This mofo buys FSR at 11, then sells at 13. Buys back in at 15 and sells at 16.60 ONE DAY BEFORE FSR moons to 22.  
Then this mofo goes on and buys BB 5C 2021 calls for 0.40 cents in and then sells them for 0.69 (nice) cents 1 week before BB moons to 8. . .

why does god enjoy dick-slapping me around like that!?  
I like to say ""profit is profit"" every night as I cry myself to sleep",1606879253,gebyg1a,False,t3_k4u5f8,t3_k4u5f8,6
TheLooza,January BB calls.,1606879154,geby9tf,False,t3_k5122o,t3_k5122o,0
Too_Real_Dog_Meat,I think BB could have a run up like the P stock that should not be named,1606879007,geby0vk,False,t3_k4yxyf,t1_gebta6n,1
WSBVoteBot,"**A Submission was Spammed by Vote**
___
**Title:** $BB TO THE MOON

**URL:** https://redd.it/k503vu
___
[Click Here to Vote to Approve](https://www.reddit.com/message/compose/?to=WSBVoteBot&subject=restore&message=k503vu) if this is a good submission.

Hey /u/careziless, you're encouraged to copy and paste the approval link into the Daily Discussion thread for help restoring your post.

Users who Voted:
duzler
Volkswagens1",1606878587,gebxar5,True,t3_k4xm36,t3_k4xm36,1
anonchurner,"Fantastic trading day today. VALE keeps chugging along, NIO dropping right on time, INTC off lows, great BB day trade.

It’s not like the heady days of SPY puts in March, but I’ll take it.",1606878450,gebx28r,False,t3_k4u5f8,t3_k4u5f8,3
YFPepsi,Bc BB is cheap AF. To the moon 🌈🐻🚀,1606878348,gebwvkz,False,t3_k50q8b,t3_k50q8b,2
letmyputsGO,Please cash app me $7.40 for one share of BB. I want to be rich like you.,1606877720,gebvqz5,False,t3_k501zz,t3_k501zz,5
Gua_Bao,"that BB deal was super random. what’s next, NOK??",1606877464,gebvab0,False,t3_k4u5f8,t3_k4u5f8,2
perzbenz,sold all my 700 shares of crsr at 36 yesterday (bought at 18). felt the same way. was 100% of my portfolio. coulda held til today for more but 100% gain aint badddd. probably put 10k into BB and cash out the rest.,1606877402,gebv6bt,False,t3_k4yxcy,t3_k4yxcy,2
freedomat23,I’ve a huge part of my portfolio invested in BB. But I don’t think it’ll be ‘mooning tomorrow’. I think the stock has high upside and large room for growth. It didn’t end ATH today because obviously a lot of people took profits. But the stock will run higher again at least for the next two weeks on the momentum created today and earnings come up,1606877366,gebv444,False,t3_k50gvq,t3_k50gvq,1
yushey1,BB moon tmr?,1606877105,gebumbg,False,t3_k4u5f8,t3_k4u5f8,1
DepressedVeganDad,BB a buy right now?,1606876958,gebuc7m,False,t3_k4ixya,t3_k4ixya,4
RADIO02118,Stocktwits are bullish on BB because “wallstreetbets is drooling over it.” If only they knew we lose more money than Jeffrey Epstein at a Thai whorehouse! 😂,1606876879,gebu6t2,False,t3_k4u5f8,t3_k4u5f8,10
Future_Shocked,"12/7 370c , 12/4 364p (cash out tomorrow probs not sure just a hedge), 1/15/21 RIDE 25c (piece of shit fuck you ride), 1/15/21 9c BB , 1/15/21 NET 85c

1 out of 10 whats your take? I think im pretty fucked but wont be selling till they go green i hope",1606876703,gebtv20,False,t3_k4u5f8,t3_k4u5f8,3
richtofin115,Ok bb but imma feel weird if u/cashflow_ finds out,1606876414,gebtbmu,False,t3_k4u5f8,t1_gebsxwx,3
Roberteli81,All the way around this was a dumb play. You bought at the peak and it's a weekly. BB is a good investment though.,1606876321,gebt5hw,False,t3_k4zekw,t3_k4zekw,1
Vrabel9,$BB,1606875965,gebsijx,False,t3_k501zz,t3_k501zz,6
mauimikes,u damn straight! ONLY UPPER FOR BB!,1606875712,gebs1wy,False,t3_k4u5f8,t1_gebqxgw,2
brodiek123,"after a week of ppl saying just buy pltr or gme days before they tank, is bb the new stock that only goes up",1606875086,gebqxgw,False,t3_k4u5f8,t1_gebqm1j,3
guilldog,BB dead at open. RIP to you tards who bought in at the top,1606875080,gebqx39,False,t3_k4u5f8,t3_k4u5f8,8
fafsagang,I was gonna look at BB until this,1606874449,gebpsuy,False,t3_k4zekw,t1_gebom2p,3
poop_colored_poop,"If BB moons I'm going to die, I never lost money so fast than on my BB calls from the top",1606874449,gebpsw5,False,t3_k4u5f8,t1_gebpiak,2
LevitatingTurtles,DP bb,1606874341,gebplqq,False,t3_k4u5f8,t1_gebpj5d,2
Coconut-Agua,"BB has so much more than just this contract with Amazon.

Check out who they have partnered with.

Skate to where the puck is going as their CEO John Chen apparently is...

BULLISH AF",1606874320,gebpkdz,False,t3_k4otyt,t3_k4otyt,2
DuckTalesLOL,"So I’ve got some aapl calls, some TSM calls, and some BB calls. Surely I’ll make some money tomorrow.",1606874288,gebpiak,False,t3_k4u5f8,t3_k4u5f8,0
DevilDoc1987,"2700% on bb today, loaded helluva lot more after",1606874251,gebpfvw,False,t3_k4zekw,t3_k4zekw,5
TacoFoods,BAIL OUT SHORT BB TOMORROW,1606874155,gebp9kr,False,t3_k4zekw,t1_gebom2p,3
phazeiserotic,"APHA and BB green at open

I hope",1606873998,geboz9c,False,t3_k4u5f8,t3_k4u5f8,7
Medium_Sink7548,Why would you pick 12/4 bb is a longer play I thought,1606873841,gebop46,False,t3_k4zekw,t3_k4zekw,9
Snoo-8109,This is Penny_Master from Stocktwits. I am in $BB $9 Calls for Friday. This stock right here with their partnership with Amazon has incredible strength and I see this going yo the 30s based on my PE evaluation,1606873794,gebom2p,False,t3_k4zekw,t3_k4zekw,3
Battle-scarredShogun,"Yes/No, BB kept me buoyant",1606873713,gebogsp,False,t3_k4u5f8,t1_geatzpw,1
michaelq2012,Seen that BB post! Following greatness lmao😂✍🏽,1606873646,gebocd8,False,t3_jxn70w,t1_gebd7t0,1
Ascendingz,So boys are we going to give BB the meme treatment tomorrow?,1606873265,gebnnki,False,t3_k4u5f8,t3_k4u5f8,1
UnplayableConundrum,I saw someone talking about how hyper pumped they were buying bb at 60%... If you are still alive I will pray for you,1606872816,gebmuly,False,t3_k4u5f8,t3_k4u5f8,3
jloy88,"Thank you, keep this up plz!!  Maybe write a script that posts it for ya next haha, also good fuck BB.  10$ into 10k if anyone randomly had that option purchased i'd call the sec",1606872787,gebmsss,False,t3_k4ubfl,t3_k4ubfl,1
philmacrack123,"Had to shake out the bagholders, BB to the moon tommorow",1606872541,gebmd1s,False,t3_k4u5f8,t3_k4u5f8,2
demo_human,"There is comma.ai which is far ahead of BB. They have a real product. Blackberry investors completely missed growth of last seven years under tenure of current CEO. I am not aware of any successful product created internally in the company under current CEO. They acquired Good technology, got money from Qualcomm, acquired antivirus software company. 

It is not clear what blackberry brings to the table in this deal, yes they have QNX OS and can install wireless transmitter to send that data to AWS cloud. It can be just a money making business for AWS cloud services.",1606872521,gebmbru,False,t3_k4rwbd,t1_geanehz,1
The_RidMan,FRICKING HASBRO BB 💋 💋,1606871999,geble4g,False,t3_k4u5f8,t3_k4u5f8,0
Bigolefloridadong,Does bb run tomorrow lads????,1606871923,gebl98o,False,t3_k4u5f8,t3_k4u5f8,4
wafflepiezz,Thic🐝 what r u doin bb,1606871877,gebl66w,False,t3_k4u5f8,t3_k4u5f8,5
lynkarion,I can stay solvent longer than this sub can peddle BB,1606871827,gebl2zg,False,t3_k4u5f8,t1_gebkt29,4
diorede,"Reduce your position until you can learn how to be consistently profitable.

Look for stocks that have a fresh breakout pre-market. High volume, not over-extended, running on legit news and/or sympathy plays.

Don't look at EVs or PLTR tmr. The market sentiment right now is not so hot for EVs. A little exhausted.

BB might get another run, or weed if there is good news.",1606871745,gebkxt5,False,t3_k4u5f8,t1_geb9o8b,1
bangarangbonanza,BB going to moon again tomorrow?,1606871452,gebkenw,False,t3_k4u5f8,t3_k4u5f8,-1
[deleted],Make sure to put all your money in safe haven stock BB,1606871424,gebkcvh,False,t3_k4u5f8,t3_k4u5f8,3
ztw2002,BB is the real company this week,1606871362,gebk8um,False,t3_k4u5f8,t1_gebjwn1,2
GrosJambon1,I'm bullish on BB.  Holding long calls and shares.  I think the pullback is normal after a big increase like that.,1606871204,gebjyqd,False,t3_k4uqca,t3_k4uqca,6
mauimikes,"PSA! (PLTR***) ALERT!! PSA!!!

GME and BB are the hot memes this week

Fuk outta here with anything else. 

***PLTR for attention only, it is dead now. Sorry nubs",1606871132,gebjtvj,False,t3_k4u5f8,t3_k4u5f8,2
Djdez17,You should add BB to your next play 🚀🚀,1606870480,gebingv,False,t3_k4x3bs,t3_k4x3bs,-1
Djdez17,BB is gonna be huge,1606870275,gebia4n,False,t3_k4ydq4,t3_k4ydq4,2
hlaz,TSLA I trust you bb I don’t mind the fuck you are doing now. Tmr morning you open with +4% and we gucci 👌🏻,1606870039,gebhuro,False,t3_k4u5f8,t3_k4u5f8,12
ke263565,"I buy puts on those short term.  Next time think other retards are going to FOMO to catch the train.  Things like this go up 40% pre market, run up to 50% at open and bleed all day.  I bought at noon ish and sold for 40% on a weekly.  Make money on the fomo people.  

Remember the initial gm and nkla thing.  40% up one day.  Next day it sold off. People that owned Bb were glad to take some profits.   No idea why they still owned it though.",1606869251,gebgfql,False,t3_k4u5f8,t1_gebfxap,2
Kylkek,The only BB meme is my dumbass that bought it at the top today.,1606869096,gebg5tr,False,t3_k4u5f8,t1_gebg2xf,1
conitsts,bb is wrong.  No way a stock that gaps up to $8 has a .01,1606869013,gebg0hu,False,t3_k4ubfl,t3_k4ubfl,-4
marsinfurs,BB is a full casino,1606868962,gebfx49,False,t3_k4u5f8,t1_gebfo55,2
ke263565,Why buy a stock after it's up 60%. I don't think anyone had bb on their radar 24 hours ago,1606868888,gebfsag,False,t3_k4u5f8,t1_gebe8dw,2
JoshJorges,BB was +60% at one poimt during the day. Closed at +17.5% what a swing,1606868854,gebfq1v,False,t3_k4u5f8,t3_k4u5f8,4
leomeng,9% hnnnngggghh. Moving up bb,1606868655,gebfdcu,False,t3_k4u5f8,t3_k4u5f8,0
mauimikes,BB is my bby,1606868612,gebfalx,False,t3_k4u5f8,t3_k4u5f8,0
chefromnba2k,BB up 6%,1606868055,gebeajb,False,t3_k4u5f8,t3_k4u5f8,1
Kylkek,"Bought BB at the top.

I'm retarded.",1606868022,gebe8dw,False,t3_k4u5f8,t3_k4u5f8,7
ATXBikeRider,BB looking good AH.,1606867493,gebda59,False,t3_k4u5f8,t3_k4u5f8,3
sunkern699,Soo bb the dream is over?,1606867349,gebd0ws,False,t3_k4u5f8,t3_k4u5f8,3
infiniteindy,"HRTZ pls bb.





Jk.",1606867215,gebcs71,False,t3_k4u5f8,t3_k4u5f8,1
Fairwellmundanity,My 30 aapl 130c didn’t move but my 4 BB 6p tripled lol,1606867052,gebchgr,False,t3_k4ixya,t3_k4ixya,6
JabootieeIsGroovy,tsla n tan calls bb,1606866657,gebbro9,False,t3_k4u5f8,t3_k4u5f8,1
parker2020,My guy... I’ve been in since $10 and I’ve been saying buy it all last week. My April $17 are up 600% that’s on you bb,1606866472,gebbffq,False,t3_k4u5f8,t1_gebbbru,2
ATXBikeRider,Nobody shilling BB.  This is the best.  Going to triple up in a month 🙏🙏,1606866434,gebbcza,False,t3_k4u5f8,t3_k4u5f8,2
Andr3s64,What do you thing BB EOW?,1606866025,gebalny,False,t3_k4u5f8,t1_geba1xx,1
yushey1,"The biggest mistake I made today was not buying more BB.

200 shares @ $7",1606865835,geba8vg,False,t3_k4u5f8,t3_k4u5f8,1
chiggaroni,BB up big after market. I am not surprised to see it will have another double digit gain tomorrow.,1606865731,geba1xx,False,t3_k4u5f8,t3_k4u5f8,5
Dandystatus,BB calls 10 bagger,1606865669,geb9xut,False,t3_k4u5f8,t3_k4u5f8,4
Adnog7,Let’s meme BB!,1606865582,geb9s1e,False,t3_k4u5f8,t3_k4u5f8,7
Berryitall," “I took a half and she took the whole thing, slow down, $BB”",1606865231,geb94ax,False,t3_k4u5f8,t3_k4u5f8,5
sc0tt_1990,let's go BB!,1606865217,geb93er,False,t3_k4u5f8,t3_k4u5f8,4
privTA,"I am by no means an expert. For $BB I started with 2022 calls, my conviction for the trade got better and moved into Sept 2021, shoudlve went sooner. I like to look 6 to 18 months now.",1606865203,geb92dk,True,t3_k4rsi9,t1_geb5kgk,2
meteorarocks,am i a retard i dun see $bb 1/15c going anywhere near 1$ on yahoo finance chart,1606865181,geb90x4,False,t3_k4ubfl,t3_k4ubfl,2
LegalAdvantage2,Blackberry BB,1606864944,geb8kpl,False,t3_k4wst9,t3_k4wst9,1
masterinsidious,"Just don’t show them all time chart you will be fine 

God speed bb",1606864727,geb85tl,False,t3_k4u5f8,t1_geb81x9,3
Theshowaboutnothin,Fuck yeah hang on to your tits bb when this mf breaks down after the short squeeze,1606864568,geb7ux8,False,t3_k4q5dn,t1_geafz43,2
Hot_Spell_7494,Why short bb I thought it was going up,1606864473,geb7oex,False,t3_k4u5f8,t1_geb6lkh,1
[deleted],BB up 4% AH. Keep the meme dream alive. 10/10 MEME STONK POTENTIAL.,1606864121,geb708h,False,t3_k4u5f8,t3_k4u5f8,6
bob99900090,"no my port was flying today, apple and bb calls",1606864089,geb6y17,False,t3_k4weu3,t3_k4weu3,2
ultramegaman479,almost did. BB puts and MRNA calls keeping me in the game.,1606863908,geb6lkh,False,t3_k4u5f8,t1_geb6gxw,2
sc0tt_1990,BB is actually seeing some decent AH volume. Hmmmmmmm.  I have no fucking clue it could drop 20% tmr or rise 40% who the fuck knows.  Just depends on how legit this partnership is.,1606863507,geb5tc8,False,t3_k4u5f8,t3_k4u5f8,3
bridzzzz,"Maybe should the opposite at open tomorrow? $BB 1/15/21 12.5 C ran today, maybe the 6 P is the play over the next month when everyone realizes BlackBerry is still crap.",1606863446,geb5p1q,False,t3_k4ubfl,t1_geathuq,4
freedomat23,Keep your full profit. Go in on BB.,1606863236,geb5a18,False,t3_k4w66y,t3_k4w66y,1
Soupkitchentomorrow,"Ok ok, when you said you did research on BB.... like wtf you looking for and what sites and shit to pull this big of a dick play......",1606863212,geb58a8,False,t3_k4rsi9,t3_k4rsi9,2
[deleted],BB needs more retard strength.,1606863104,geb50lo,False,t3_k4u5f8,t3_k4u5f8,4
harrisonchase,"I knew 2 years ago but didn’t know when the market would realize that they aren’t a phone company anymore so I bought long calls. Looks like they finally came around I was down 99% until today. My position actually went closer to 7200% gain today. I’m holding to expiration unless my profits top 10k.

There is a lot going on behind the scenes which you have to have been following bb for the past two years to know about. Unless you do good DD.",1606862825,geb4gkm,True,t3_k4pjvr,t1_geb3f5v,1
seaofcheese,That's what I am about to do. Bought bb today -25 loss today. Pltnr I don't even wanna talk about it. I was up 200% before I started listening to these tards.,1606862521,geb3uu8,False,t3_k4ub26,t1_geau2b9,6
Kochi3,Isnt BB the new meme stock? Also RBLX soon,1606862459,geb3qep,False,t3_k4vy1s,t3_k4vy1s,14
[deleted],Who the fuck knew to invest in fucking BB and how and why,1606862304,geb3f5v,False,t3_k4pjvr,t3_k4pjvr,2
bearecx,Gained 100 off of BB puts... what goes up must come down (lost $$ on pltr calls icln calls),1606861989,geb2slb,False,t3_k4u5f8,t1_geaxfwe,1
punkmaster69,BB is the new play.,1606861984,geb2s8h,False,t3_k4uqca,t3_k4uqca,13
mauimikes,Gonna buy some BB on my BlackBerry phone like a boss.,1606861972,geb2rdi,False,t3_k4u5f8,t3_k4u5f8,3
M_Rothshield,What are your moves on BB tomorrow?,1606861715,geb28u7,False,t3_k4u5f8,t3_k4u5f8,2
masterinsidious,Source bb?,1606861480,geb1rtm,False,t3_k4tw25,t1_geb1qak,6
DandeeMaan,bb,1606861445,geb1p99,False,t3_k4u5f8,t1_geb0zh5,1
ATXBikeRider,Massive short squeeze on BB incoming.,1606861128,geb11ss,False,t3_k4u5f8,t3_k4u5f8,-3
privTA,"Currently I am basically all in on $PSTH while selling covered calls. 

Will hold some $BB for a bit longer as I still think the thesis is correct even after todays pullback. Thankfully sold before the pullback.

I will take out $20k at some point to pay off my student loans and be completely debt free. Waiting on to hear on the US political situation, maybe Ill get them paid off for free.

Hoping to make it to $140,000. $100k for a house down payment, $20k to student loans, $10k for a car, and $10k to start options again.",1606860868,geb0inq,True,t3_k4rsi9,t1_geazl02,12
dexontweak,THROW IN IT BB CALLS 🚀,1606860676,geb04n1,False,t3_k4v2gy,t3_k4v2gy,0
TheLooza,BB's QNQ is actually in SpaceX rockets.  And wgaf that one customer dropped them in 2017. They are in 175 mill autos and growing.,1606860674,geb04hw,False,t3_k4uqca,t1_geaykb2,2
Lucky_Dulon,Down 43% on BB leaps I bought this morning.  $10c 01/21/22. 😁,1606860605,geazzdq,False,t3_k4uy1a,t1_geayxqs,1
HotStockSlinger,BB on the move,1606860328,geazf05,False,t3_k4u5f8,t3_k4u5f8,4
mauimikes,BB but I touched it today I am a naughty boy,1606860326,geazevw,False,t3_k4u5f8,t1_geayvl1,4
Incarnegie,"We are up 4% after hours and volume today was 328 million from an average of 5 million 
If some of that volume sticks around I hope it pushes towards a $10 by Eoy

BB Up 61% this month
I bought my shit at avg $1.23 for my 1/8/21 calls.",1606860275,geazb2s,False,t3_k4u5f8,t1_geaxwuk,1
mauimikes,You might be a retard if..>!you didn’t buy the BB eod dip!<,1606860166,geaz311,False,t3_k4u5f8,t3_k4u5f8,4
ThyRedeemer,"NIO is turning my ""investment pie"" into an ""investment doughnut"". NFLX, AMZN and Musk are the ones giving me hope.

Also, bought BB today hoping the Amazon-Blackberry partnership will either launch a car off a ramp or to the moon. Time will tell.

Edit: Also, this entire thread is a laughing riot. Thank you, fellow retards, for putting a smile on my face.",1606860124,geayzv3,False,t3_k4u5f8,t3_k4u5f8,3
dexontweak,BB calls,1606860096,geayxqs,False,t3_k4uy1a,t3_k4uy1a,2
buzztiga,"Tesla using BB...? you gotta be kidding me.

BTW, Toyota is using LINUX after dumping BB in 2017.

Go figure.",1606859918,geaykb2,False,t3_k4uqca,t1_geawkzq,1
ATXBikeRider,The fact that so few people are talking about/shilling BB makes me think it's going to moon bigly.,1606859606,geaxw38,False,t3_k4u5f8,t3_k4u5f8,2
Baydreams,"Even to a small portfolio holder like me, mrna puts were pretty obvious. Every vaccine stock has pumped then dumped to date. BB as well, shit skyrocketed straight up, there was bound to be a pullback. 

12/4 mrna 120p bought this morning sold at 100% to lock profits. Would have been 250% if I’d not been so weak handed. 

12/18 BB 6.5p bought this morning. Sold for 80% just before close. 7 seems to be a pretty solid support. 

But, you probably wouldn’t have listened to me, and bought calls,  because I don’t have a $4M account 🤷‍♂️",1606859473,geaxlqi,False,t3_k4u5f8,t1_geat7kl,1
nOaM_ChOMpSki,"The best lesson I've learned is not to play weeklies. Monthly at the shortest. Leaps are stress free and stonks go up. Case in point, I made 2,500% on BB leaps today.",1606859441,geaxj8n,False,t3_k4u5f8,t1_geawo7e,1
freedomat23,"It’s incomparable. While people posting 5000% gains are making me suspicious about a level of insider trading, Kodak was worth a few hundred million before  jumping 1000% on SHARES. That was bullshit. BB has a legit business, solid earnings streak and clients, growing demand for their newer innovations. Kodak is a dinosaur. BB? The show’s just getting started.",1606859279,geax6uy,False,t3_k4uqca,t1_geawany,15
brunette5179,Love u bb,1606859270,geax663,False,t3_k4u5f8,t1_geax0ut,2
Fuggdaddy,Friday is a long way off bb,1606859263,geax5ng,False,t3_k4ryg1,t1_geatsdp,26
ewcikewqikd,I FOMO into BB near the peak today too .\_. I'm in the same boat.,1606859173,geawywp,False,t3_k4o12h,t3_k4o12h,1
CaptTendies,"BB gang feasted today, the rest of the meme stocks got slaughtered...
My account dropped by 85$ today..",1606859135,geawvvm,False,t3_k4u5f8,t1_geaw88p,1
bangarangbonanza,"Lost 20k on BB bag holding and now I have hemorrhoids!

Great day!",1606859064,geawq9r,False,t3_k4u5f8,t3_k4u5f8,15
gmcarve,"Holy fuck balls. I never time shit right, but these BB 12/4 9puts I bought during the pump have printed. 

Small play, but better than it usually goes. 

Juice boxes on me guys",1606858898,geawd6i,False,t3_k4u5f8,t3_k4u5f8,3
Regular_Guybot,BB calls,1606858835,geaw87r,False,t3_k4urb1,t3_k4urb1,1
papabearenstein,That’s like asking the BB bulls the last time they bought a blackberry phone,1606858604,geavqct,True,t3_k4uf0r,t1_geavcuw,16
mimelife,"you gotta learn patience. you telling me a stock goes up 60% and you don't expect people to cash out? BB is still the play, especially after earnings report 12/18",1606858471,geavg6q,False,t3_k4u5f8,t1_geauxgb,3
WarrenBuffering,Yeahhhhh... bought some calls right away this morning and then a few more before close. Honestly I don't feel like this is as much of meme as it is a possible BB rebirth tho,1606858463,geavfla,True,t3_k4ui42,t1_geav0aq,6
1dayoungj,Bb new meme stock,1606858433,geavdbi,False,t3_k4u5f8,t3_k4u5f8,2
smallstreetgains,"The Most Popular Tickers on Reddit for Today, 2020-12-01.

#Trending Tickers

Ticker|Mentions|Bulls|Neutral|Bears|Price|Change|P/E
:--|:--|:--|:--|:--|:--|:--|:--
PLTR|3835|34.79%|57.01%|8.20%|$27.11|-1.99%|-
GME|1981|35.03%|52.57%|12.40%|$16.56|2.99%|-
TSLA|1265|36.20%|55.45%|8.35%|$567.60|-3.1%|-
NIO|1220|25.60%|67.20%|7.20%|$50.53|-6.43%|-
PSTH|1029|31.50%|64.47%|4.03%|$26.01|4.04%|-
SPY|940|25.28%|52.44%|22.28%|$362.06|-0.44%|-
BB|746|20.09%|75.20%|4.71%|$5.87|-4.55%|-
NKLA|679|19.66%|51.24%|29.10%|$20.41|-26.92%|234.22
APHA|637|33.50%|62.02%|4.48%|$8.38|8.41%|-
AAPL|560|44.61%|50.85%|4.54%|$119.05|2.11%|10.03
CRSR|432|31.90%|58.81%|9.29%|$37.98|-2.04%|-
MRNA|369|25.23%|65.54%|9.23%|$152.74|20.24%|-
AMD|350|31.01%|61.08%|7.91%|$92.66|6.27%|267.12
AMZN|342|29.88%|63.11%|7.01%|$3168.04|-0.85%|135.7
BABA|317|34.54%|60.53%|4.93%|$263.36|-4.75%|52.11


#Trending Contracts

Ticker|Strike|Type|Date|Mentions
:--|:--|:--|:--|:--
PLTR|$40|CALL|12/4|9
PLTR|$30|CALL|12/4|4
TSLA|$650|CALL|12/4|4
APHA|$9|CALL|12/4|4
GME|$30|CALL|12/4|4
TSLA|$565|CALL|12/4|4
SPY|$364|PUT|12/7|3
PLTR|$35|CALL|12/4|3
NKLA|$15|PUT|12/4|3
AAPL|$130|CALL|12/4|3
NKLA|$17|PUT|12/4|3
PLTR|$35|CALL|12/11|3
TSLA|$600|CALL|12/4|3
X|$20|CALL|12/18|3
SE|$200|CALL|12/18|3
MRNA|$155|CALL|12/18|2
SPY|$363|CALL|12/2|2
ZM|$440|PUT|12/4|2
GME|$25|CALL|12/18|2
SPY|$370|CALL|12/4|2


#Other Information

Subreddits Searched: wallstreetbets, investing, stocks, stockmarket, options, robinhood

Comments Searched: 70970

Unique Tickers: 635

Total Tickers: 29556

Unique Contracts: 355

Total Contracts: 433

Time Period: 20h

Financial data provided by [Vhinny](https://www.vhinny.com/).

View daily trending tickers on r/RedditTickers.",1606858329,geav5l6,False,t3_k4u5f8,t3_k4u5f8,8
Trenchcoat_Economics,"Am I really supposed to believe BB is worth 5x more than GameStop?

You can’t even play good games on a blackberry",1606858277,geav1nj,False,t3_k4u5f8,t1_geautvf,1
Stankrylix,"Wtf did I got in BB earlier shit fucking down, fucking pump and Dump, never again man, going back to tesla.",1606858222,geauxgb,False,t3_k4u5f8,t3_k4u5f8,3
GlitteringAutist,That sounds like it was around the time iPhones started to gain ground. BB was the shit in the early 00's,1606858214,geauwvb,False,t3_k4u5f8,t1_geatsf1,1
guykirk9,Holy fuck I’m laughing at BB call holders who bought at 9.5 Jesus that must suck,1606858174,geautvf,False,t3_k4u5f8,t3_k4u5f8,3
SasquatchTitties,"AAPL 130 Call for December 24th

BB 10 Call for January 15th.

One of these fuckers has to print.",1606858169,geautg5,False,t3_k4u5f8,t3_k4u5f8,3
GlitteringAutist,"Uh yeah, not too proud of my BB call.",1606858106,geauoq5,False,t3_k4u5f8,t1_geatxcl,1
tazman141,"Day after earnings. Just buy shares an hour before close in the 8th. Let the shorts bring the price down for better entry, and they will get complacent. I feel like management will pull a wild card such as share buy back, dividen reinstatement, address rc letter, or give rc a position on the board. Many wild cards in play and the shorts are desperate. Im doing weeklies, selling most on the 9th because cash money bb",1606858062,geaulg9,False,t3_k4u5f8,t1_geatcex,1
reddituserzerosix,Alright where's the BB gains porn,1606858039,geaujr7,False,t3_k4u5f8,t3_k4u5f8,1
mimelife,"I cut losses last friday and moved to $BB. even bought puts on PLTR because I think there are a lot of people here who are going to bag hold no matter what.

$BB 12/31 10c and 8.5c   
$PLTR 12/4 25p",1606858006,geauhaz,False,t3_k4u5f8,t1_geaspwy,2
sc0tt_1990,"Volume on BB not coming in AH.  Have to buy back my now worthless CCs tmr and make a decision on these 200 shares.  Down about 100 bucks after the CC premium profit.  Was briefly up a couple hundred.  

Oh well I made my week with SPY calls I bought at the low yesterday.",1606857981,geaufdm,False,t3_k4u5f8,t3_k4u5f8,3
lazarusman1,Who the fuck bets on BB?,1606857880,geau7fx,False,t3_k4uauh,t3_k4uauh,14
rubberfactory5,Who the fuck knew about BB and didn’t fucking tell us what the fuck,1606857878,geau7aj,False,t3_k4u5f8,t3_k4u5f8,11
chefromnba2k,How did i go from 12/18 TSLA calls to BB FDs and losing PDT in one day,1606857800,geau1gd,False,t3_k4u5f8,t3_k4u5f8,4
philmacrack123,"Definitely think BB at 7 is a good buy, news is worth a lot more than that, selloff expected after initial pop as this company definitely has quite a few long term bagholders who wanted out, 1/15 10C.",1606857783,geau05h,False,t3_k4u5f8,t3_k4u5f8,0
yushey1,Bought BB @ $7 200 shares,1606857716,geatv5o,False,t3_k4u5f8,t3_k4u5f8,4
rann0922,I got bb $8c 1/8..,1606857646,geatptj,False,t3_k4u5f8,t3_k4u5f8,1
GoBeaversOSU,LOL at whoever bought $BB at the top - rally didn't even last one day lmao,1606857573,geatkdx,False,t3_k4u5f8,t3_k4u5f8,7
davwman,"Went in on BB after the Amazon news, it dropped. Hoping it comes back up tomorrow.",1606857543,geati37,False,t3_k4u5f8,t3_k4u5f8,3
mimelife,$BB showed up today and will continue through dec. $20 eoy,1606857461,geatc38,False,t3_k4u5f8,t1_geasrw2,2
kjkenney,Thank glob for one last day trade. BB was a wild ride this morning. Glad i got tf out of it ✌,1606857373,geat5hi,False,t3_k4u5f8,t3_k4u5f8,3
mimelife,BB is the way,1606857308,geat0rq,False,t3_k4u5f8,t1_geastdf,5
_Just7_,BB bigly the future of self driving cars,1606857224,geasuk3,False,t3_k4u5f8,t3_k4u5f8,3
Incarnegie,"Comrades 
I need a BB re assurance pls 
Am I a degenerate retard?",1606857208,geastdf,False,t3_k4u5f8,t3_k4u5f8,1
swshrXX,Puts on all the people that think BB is a cell phone company still,1606857093,geasl1l,False,t3_k4u5f8,t3_k4u5f8,3
[deleted],"You guys are actually fucking RETARDED. I’ve lost a good few hundreds and it’s mainly of you guys jacking off PLTR. I don’t even know why I even put some money on BB when it declined as soon as I bought in. When crsr goes to 45 or a little above I’m pulling out. If I’m able to get back all the gains I got from last week then I’m taking it out. I’m only leaving some shares for PLTR and if it still goes to hell even when the vaccines come out then I’m done with the stock market for a while. 

Another note if you put your live savings and lose it all you absolutely deserve it. If you get M’s then congrats to you seriously. Hell I’d rather take advice from orange fatass money laundering ass then you guys again. 

Also s/o to PLTR holders, whether you bought at dip or peak, for not annoying the fuck out of everyone these few days. V shape recovery my ass",1606857052,geasi0b,False,t3_k4ixya,t3_k4ixya,-10
freedomat23,BB and AAPL,1606856970,geasbuf,False,t3_k4u5f8,t3_k4u5f8,5
chefromnba2k,BB $6.5 or $10,1606856947,geasa2h,False,t3_k4ixya,t3_k4ixya,1
Civiltelephone,"Wish I'd copped those BB puts when it was flirting with 10, decided to wait and see.",1606856784,gearxra,False,t3_k4ixya,t3_k4ixya,2
Sleepingbeaut12,Bb to 10$? Eow?,1606856783,gearxnx,False,t3_k4u3jo,t3_k4u3jo,8
Perc30Pablo,BB pumping AH,1606856735,gearu2g,False,t3_k4ixya,t3_k4ixya,2
bangarangbonanza,"Where my bb bagholders at? 🤡
It’s me I’m the clown",1606856470,gear9un,False,t3_k4ixya,t3_k4ixya,7
bls2515,BB is the new KODK ....   LOLZZZZZZZZZZZZZZZZZZ,1606856383,gear353,False,t3_k4ixya,t3_k4ixya,1
derekriley21,"Sold all my BB for a 32k loss, going all-in on NIO tomorrow",1606856353,gear0t6,False,t3_k4ixya,t3_k4ixya,6
DRAMANAUTICS,Bb,1606856287,geaqvre,False,t3_k4tvqn,t3_k4tvqn,3
philmacrack123,Buying BB dip,1606856285,geaqvlu,False,t3_k4ixya,t3_k4ixya,5
yushey1,BB to the moon!,1606856238,geaqrwu,False,t3_k4ixya,t3_k4ixya,2
snowisbad,Imagine buying the BB top,1606856217,geaqq8y,False,t3_k4ixya,t3_k4ixya,3
my__ANUS_is_BLEEDING,Help me apple... BB hurt me,1606856122,geaqiuo,False,t3_k4ixya,t3_k4ixya,3
downgradedtoBsian,BB kind of screwed itself with its patent reliance...,1606856118,geaqihw,False,t3_k4tfhj,t3_k4tfhj,1
MrMeeseeks987,BB legit about to finish red lmao,1606856102,geaqham,False,t3_k4ixya,t3_k4ixya,3
[deleted],"if you bought BB at any point today, you are holding bags",1606856057,geaqdsx,False,t3_k4ixya,t3_k4ixya,4
chiggaroni,yes BB the next EV play they got all their shit patented,1606855996,geaq94r,False,t3_k4ixya,t1_geapud3,1
EatMePlsDaddy,Everything was going well for me but then I decided to buy BB.,1606855934,geaq4bc,False,t3_k4ixya,t3_k4ixya,6
Colecp1999,Just bought 7k shares of bb,1606855861,geapygk,False,t3_k4ixya,t3_k4ixya,5
my__ANUS_is_BLEEDING,BB please be good to me bb,1606855846,geapxbu,False,t3_k4ixya,t3_k4ixya,6
EatMePlsDaddy,BB has to be the worst shit yet. It doesnt stop,1606855820,geapveh,False,t3_k4ixya,t3_k4ixya,4
yushey1,is $BB the play?,1606855807,geapud3,False,t3_k4ixya,t3_k4ixya,3
tharco,"up 300% on BB puts, sell or hold?",1606855735,geapope,False,t3_k4ixya,t3_k4ixya,2
runepro,Anyone FOMO into BB and left bagholding?,1606855729,geapo8m,False,t3_k4ixya,t3_k4ixya,5
vancvanc,BB 12/4 calls? Y/N,1606855708,geapmnd,False,t3_k4ixya,t3_k4ixya,2
ListerineInMyPeehole,"Imagine $BB ends this week below $6, wiping out all of today's gains and more? LOL it's barely holding the $7 line",1606855701,geapm3q,False,t3_k4ixya,t3_k4ixya,3
Perc30Pablo,BB last 15 min PUMP GTF IN,1606855681,geapki9,False,t3_k4ixya,t3_k4ixya,3
sc0tt_1990,well if MMs want any BB action it will come AH today I'd imagine.,1606855608,geapeqp,False,t3_k4ixya,t3_k4ixya,2
MrMeeseeks987,"Everyone here only has NIO, PLTR, and BB",1606855460,geap3fs,False,t3_k4ixya,t1_geaowwy,2
MACDRE1988,"I'd say BB is a dice roll right now. Down about 30% from high today, still up 20% on the day.",1606855355,geaoved,False,t3_k4ixya,t1_geaomdb,3
MikasaPunishMe,Sell my APHA weeklies and all in BB puts or just hold?,1606855180,geaohpa,False,t3_k4ixya,t3_k4ixya,1
Incarnegie,Hello I’m a Bb bag holder as of 12/1/2020,1606855164,geaoggg,False,t3_k4ixya,t1_geant7o,1
nard_bagman,Wanna know how fucking dumb I am? Bought calls on BB at 9.40 thinking we’d keep rising. Then bought puts at 7.35 thinking we’d keep sinking. Red on both.,1606855130,geaodul,False,t3_k4ixya,t3_k4ixya,11
papa_nurgel,Thankyou Bb puts for saving me from these gme morons,1606855104,geaobvo,False,t3_k4ixya,t3_k4ixya,3
sc0tt_1990,"bought BB too high.  Only mistake I made all week so far.  Hardly a big deal, small position.",1606854909,geanx1x,False,t3_k4ixya,t1_geansdd,1
chefromnba2k,Please pump the shit outta BB 📱,1606854892,geanvqs,False,t3_k4ixya,t3_k4ixya,8
MrQuackerrs,BB rip in a matter of 3 hrs 🥲,1606854859,geant7o,False,t3_k4ixya,t3_k4ixya,4
sark666,"Thx for the info.  I don't care about the gesture tech, my point in posting that video is that aws and BB were already working together prior to today's announcement.  I was curious of the changes as of day vs prior.

Seems to be cooling off.  No position, just assessing the real potential outside of hype.  The announcement said it won't be in cars till 2023.  In the interim I suspect BB will have similar Q's as they have as of late.",1606854739,geanjog,False,t3_k4kpzo,t1_geaa8y7,1
MrMeeseeks987,I’m down $400 today cause of BB so yes,1606854622,geana6e,False,t3_k4ixya,t1_geama5a,1
No-Proposal-2145,BB calls,1606854598,gean8db,False,t3_k459ll,t3_k459ll,1
Shjjjjjj,"Coolio, wasn't sure the tone or if you were insinuating something.

I've had BB and watched it pop and slow bleed since the March dip so that's why I predicted the way I did.

Sold all positions and now looking to get back in sometime.",1606854393,geamsrs,False,t3_k4kpzo,t1_gealt6g,2
JingerJacob,"Knowing me, it was probably a comment on the daily thread that said ""$BB"" followed by rocket emojis.",1606854176,geambxi,True,t3_k4szz4,t1_gealayl,5
MACDRE1988,Looking at BB all time chart and thinking about how someone that bought in 04/08 might still be bagholding to this very day and received a mild serotonin boost from today.,1606854159,geamam4,False,t3_k4ixya,t3_k4ixya,6
paragon_1235,no bb pls <3,1606854131,geam8hc,False,t3_k4ixya,t1_geam5mo,2
chiggaroni,do we all agree BB is the next stonk,1606854103,geam68l,False,t3_k4ixya,t3_k4ixya,3
privilegedfart69,How tf you made a play on BB? I forgot they even existed I thought they were like nokia. I am calling SEC,1606854051,geam28o,False,t3_k4rsi9,t3_k4rsi9,47
Colecp1999,Bb?,1606853813,gealjk4,False,t3_k4ixya,t3_k4ixya,7
chefromnba2k,"Got it, 12/4 BB $10c",1606853778,gealgz4,False,t3_k4ixya,t1_gealdy4,1
Incarnegie,"Gettin cucked on BB
Shouldn’t this bitch rise past 10? 
Famous last words.",1606853768,gealg5u,False,t3_k4ixya,t3_k4ixya,2
90FC_Racer,🌈🐻BB puts,1606853683,geal9pq,False,t3_k4ixya,t3_k4ixya,5
Logik-gate,Might be down 80% on calls... but at least I didn't buy BB at +50%.,1606853636,geal62p,False,t3_k4ixya,t3_k4ixya,9
Past-Pick-7746,Don’t make my same mistake. Take BB gains and run! It will plummet by AH,1606853569,geal10o,False,t3_k4ixya,t3_k4ixya,1
carneasadadinosaur,the FOMO on BB once markets close,1606853549,geakzgg,False,t3_k4ixya,t3_k4ixya,2
coffeelickerr,"ooof ooof... BB dippp boiii   


anyone EGGCITED like me?   


I want to be green in redness too..",1606853444,geakrgu,False,t3_k4ixya,t3_k4ixya,2
cool_BUD,My BB put I got this morning is up 181% mmm,1606853376,geakmcb,False,t3_k4ixya,t3_k4ixya,3
pie31415,"I hope you are talking about puts..

Because I understand FOMO..but BB..really?",1606853369,geaklur,False,t3_k4ixya,t1_geakaku,1
Ascendingz,BB,1606853236,geakboj,False,t3_k4ixya,t1_geak9se,2
derekriley21,"Well fellas, my week long stint in r/wallstreetbets might be coming to a close pending BB performance tomorrow. Godspeed, gentlemen",1606853222,geakaku,False,t3_k4ixya,t3_k4ixya,5
HotStockSlinger,No BB! You breaking my 💔,1606853175,geak6z1,False,t3_k4ixya,t3_k4ixya,2
wake886,Bought BB at 9 😅😅😅😅,1606853062,geajygh,False,t3_k4ixya,t3_k4ixya,8
Bolkonsky999,buy the bb dip?,1606853058,geajy5y,False,t3_k4ixya,t3_k4ixya,3
Strangerdanger8812,So why did you guys buy bb again?,1606853032,geajw5g,False,t3_k4ixya,t3_k4ixya,3
SFtoSD,Guess we all go pump BB now right,1606853028,geajvu4,False,t3_k4ixya,t3_k4ixya,4
chiggaroni,sell your NIO shares and jump on the new BB train,1606852999,geajtn8,False,t3_k4ixya,t3_k4ixya,1
Djdez17,BB is gonna be a hit,1606852958,geajqgy,False,t3_k4sotp,t3_k4sotp,1
SEND_ME_DANK_NUDES,who bought BB like an absolute retard?,1606852953,geajq1q,False,t3_k4ixya,t3_k4ixya,6
makeitgobrbr,"BB got hard this morning, ejaculated, and then went soft again. Repeat tomorrow 📈📉",1606852934,geajokl,False,t3_k4ixya,t3_k4ixya,4
1dayoungj,BB 10 dollars before Friday?,1606852885,geajkra,False,t3_k4ixya,t3_k4ixya,1
sc0tt_1990,fucking MMs turned their algos on full blast for BB around noon.  Holy fuck look at that chart.  Nibble nibble nibble.,1606852743,geaj9vf,False,t3_k4ixya,t3_k4ixya,2
lalfred,"fuck, should've been playing BB this whole time",1606852587,geaixpq,False,t3_k4ixya,t3_k4ixya,2
nard_bagman,Gonna waste a day trade on closing BB puts at the end of the day and hold onto these god-forsaken calls that I bought damn near the top 👍 FUCK,1606852577,geaiwx2,False,t3_k4ixya,t3_k4ixya,2
Past-Pick-7746,Big BB dump last hour. Get out!!,1606852568,geaiw3g,False,t3_k4ixya,t3_k4ixya,2
DylanDevin06,BB get rekt,1606852542,geaiu1p,False,t3_k4ixya,t3_k4ixya,0
no_sporks,Opened some SPY 362 - 372 12/4 Iron Condors. Lets go sideways now bb.,1606852529,geait3c,False,t3_k4ixya,t3_k4ixya,3
NordyNed,So everyone thought BB was gonna moon to 10 today lol,1606852524,geaisny,False,t3_k4ixya,t3_k4ixya,3
jskullytheman,Does BB have a chance at another rally or is my anus just blasted?,1606852516,geais0e,False,t3_k4ixya,t3_k4ixya,10
CoyoteHP,"So, BB is pretty much dead now, right?",1606852511,geairmg,False,t3_k4ixya,t3_k4ixya,6
papa_nurgel,"Don't worry guys I heard the sell volume on Bb is petty low, 🤣🤣🤣",1606852491,geaiq0u,False,t3_k4ixya,t3_k4ixya,2
babkakibosh,BB got fucking destroyed,1606852491,geaiq1q,False,t3_k4ixya,t3_k4ixya,2
Elcapitano2u,"Yes, BB is the new stock",1606852474,geaiops,False,t3_k4ixya,t1_geaiaez,1
DabHits,who would've known that bb puts was free money,1606852450,geaimt3,False,t3_k4ixya,t3_k4ixya,2
jager_mcjagerface,"We're rowing in the same boat, except i got BB instead of TLRY, but we're gonna row this boat to the moon",1606852379,geaih33,False,t3_k4r9lh,t3_k4r9lh,1
chiggaroni,"BB calls, NIO put let’s goooooo",1606852295,geaiaez,False,t3_k4ixya,t3_k4ixya,3
Sectsytime,Who bought BB at the top?,1606852226,geai4vo,False,t3_k4ixya,t3_k4ixya,8
sc0tt_1990,the BB 1 minute chart today is a very beautiful mountain vista.,1606852190,geai1z5,False,t3_k4ixya,t3_k4ixya,3
SasquatchTitties,BB was posted multiple times here for the last week or so... maybe even a month. Everyone was nut tugging over PLTR.,1606852157,geahzd1,False,t3_k4pp06,t1_geag4zt,11
[deleted],wow bb went from 56% to 24% any big brainers bot puts ?,1606852140,geahxzn,False,t3_k4ixya,t3_k4ixya,1
Chrise762,Who else bought 1 BB 8.50 put at the peak and is kicking themselves on their 130% gains of $80 😂😭😭😭,1606852111,geahvq0,False,t3_k4ixya,t3_k4ixya,3
NordyNed,So did everyone just dump BB,1606852075,geahsux,False,t3_k4ixya,t3_k4ixya,4
shagagav,Tesla needs some love. It’s okay bb me an my homeboys from WSB can show you that love!,1606852071,geahsk8,False,t3_k4ixya,t3_k4ixya,3
[deleted],Who bought BB above 9? Show your retard ass,1606852022,geahosk,False,t3_k4ixya,t3_k4ixya,14
sdht_,BB has been a LOUP etf holding for a bit. this might have legs,1606851822,geah9h9,False,t3_k4ixya,t3_k4ixya,1
BigBlackAssEater,It's over.  BB had it's bounce. It's done,1606851792,geah76f,False,t3_k4ixya,t1_geah28k,3
[deleted],"I guaran-fucking-tee that BB is boutta tank 'cuz i'm bout to buy back in, time it fuckers here's your chance",1606851734,geah2kl,False,t3_k4ixya,t3_k4ixya,2
pnob32,"$BB boutta bounce back on da benis, eh big bois?",1606851730,geah27e,False,t3_k4ixya,t3_k4ixya,5
derekriley21,Is BB gonna do good tomorrow? Or in the next few days?,1606851730,geah28k,False,t3_k4ixya,t3_k4ixya,1
umbrellacorgi,"TIM 🍏 📈🚀

Tech will always be here for you bb 😘",1606851578,geagqaj,False,t3_k4ixya,t3_k4ixya,3
DandeeMaan,"Just wait for BB earnings, don’t miss out",1606851509,geagkvt,False,t3_k4ixya,t3_k4ixya,3
DavisPaz1,Someone remind them right after I take profit on my BB 7.5p,1606851389,geagb9n,False,t3_k4ixya,t1_geag79h,1
Froglight88,Someone remind BB they got good news not bad.,1606851338,geag79h,False,t3_k4ixya,t3_k4ixya,8
papa_nurgel,Bb puts 🚀🚀🚀🚀🚀,1606851248,geag066,False,t3_k4ixya,t3_k4ixya,3
sc0tt_1990,BB way below VWAP.  Might be time to get in.,1606851240,geafzjz,False,t3_k4ixya,t3_k4ixya,2
[deleted],Is that a cup and handle forming on BB or am I just retarded?,1606851229,geafynu,False,t3_k4ixya,t3_k4ixya,1
Cowboyre,"Did you retards really buy BB when it was up 50%? I’ve lost faith in this sub, we’re supposed to be gamblers yes but good ones not these fucking retarded ass shit a 13 year old would do",1606851140,geafrr8,False,t3_k4ixya,t3_k4ixya,8
pickbot,"**I am a bot and identified and tracked the following options picks within this post:**

|**Ticker**|**Strike**|**Type**|**Exp**|**Recorded Premium**|**Recorded Stock Price**|**OI**|**Volume**|
|:-|:-|:-|:-|:-|:-|:-|:-|
|**BB**|**$9.5**|**BUY CALL**|**2020-12-18**|**$0.74**|**$7.815**|**0**|**1791**
|**TSLA**|**$585**|**BUY CALL**|**2020-12-18**|**$44.31**|**$577.54**|**642**|**1287**

[Realtime ROI](https://www.pickmojo.com/pick/cki6dlkqr5jbh0743p3o9l03y) | [Track Record](https://www.pickmojo.com/user/VersaceSmalls/) | [Bot Info](https://www.reddit.com/r/pickmojo/comments/he9ghu/options_picks_tracking_bot_information/) | Leaderboard: [Week](https://www.pickmojo.com/stocks/best-this-week-reddit), [Month](https://www.pickmojo.com/stocks/best-this-month-reddit), [All](https://www.pickmojo.com/stocks/top-reddit) | [Exit this position](https://www.pickmojo.com/reddit_redirect)

**^(*My owner is monitoring these posts, reply with feedback! You can now track comments by mentioning me!)**",1606851002,geafgyn,False,t3_k4rwbd,t3_k4rwbd,1
trentthesomalian,"I bought BB toward the top today, I’m a poor excuse for a trader.

I should cut my penis off as punishment.",1606850953,geafd40,False,t3_k4ixya,t3_k4ixya,3
EatMePlsDaddy,Any chance BB gonna go back to 9? Or should I just take the L and move on.,1606850862,geaf5vo,False,t3_k4ixya,t3_k4ixya,5
papa_nurgel,Bb go down more,1606850750,geaex4c,False,t3_k4ixya,t3_k4ixya,1
Mrbirb,"Let's keep this one quite. As soon as all these retards get on board its gonna moon and then fall drastically.

BB 3/19/21 7c",1606850720,geaeusa,False,t3_k4rwbd,t3_k4rwbd,16
chiggaroni,"forget about NIO, jump on BB now!!!",1606850660,geaepyv,False,t3_k4ixya,t3_k4ixya,2
jdmull03,BB will be on ESPN T10 tmrw with pumpfake OTY,1606850568,geaeito,False,t3_k4ixya,t3_k4ixya,2
HotStockSlinger,Why you got to hurt me like that BB?  I loved you,1606850541,geaegr3,False,t3_k4ixya,t3_k4ixya,1
longi11,When did u buy bb?,1606850501,geaedly,False,t3_k4rsi9,t1_geadoqf,8
jonny2shoez,Made 180% on bb this morning and dove back in head first to lose it all. Noice,1606850497,geaeddd,False,t3_k4ixya,t3_k4ixya,6
Icy_Opposite,BB crashing,1606850445,geae9ci,False,t3_k4ixya,t3_k4ixya,1
GrosJambon1,What a ride today on BB!,1606850444,geae99y,False,t3_k4ixya,t3_k4ixya,2
babkakibosh,No floor on BB apparently,1606850408,geae6hl,False,t3_k4ixya,t3_k4ixya,2
MrQuackerrs,BB DONT DO ME LIKE THAT 🥲,1606850405,geae6a3,False,t3_k4ixya,t3_k4ixya,4
Monkey_Cristo,"Aaaaaand.... there it is. Like clockwork. It feels good to be down $5k on PLTR, another $1500 on BB now and holding 1000 shares of UVXY since before the fucking election. I understand the Buddhist concept of not having ownership of anything... because soon I won't actually own anything.",1606850398,geae5qp,False,t3_k4pjvr,t1_gea7n64,2
TortugaBebe,Die BB die!!!,1606850365,geae31p,False,t3_k4ixya,t3_k4ixya,0
babkakibosh,Gg BB,1606850250,geadtzq,False,t3_k4ixya,t3_k4ixya,4
sweatsandhoods,Got greedy with BB and I’ve held on too long. Fucking RIP,1606850207,geadqo4,False,t3_k4ixya,t3_k4ixya,5
BigDipper1776,Hold BB or what,1606850188,geadp4r,False,t3_k4ixya,t3_k4ixya,1
ggmon561,BB might be a pump and dump now but if they get their shit together with this partnership it has room to run in the future,1606850106,geadird,False,t3_k4ixya,t3_k4ixya,5
-Iknewthisalready-,Down 10% on BB already feels good,1606850076,geadgg5,False,t3_k4ixya,t3_k4ixya,5
bearpics16,Guess who bought 1200 shares of BB at $8.90 looking for quick gainz? I have an addiction problem.,1606850009,geadb5s,False,t3_k4ixya,t3_k4ixya,9
Long_term_Andy,They already make a billion in revenue from other ops... NIO has fucking 1b in revenue and it's margins suck and it's worth 60 billion.. BB is not a bad buy compared to some of the shit in this market.,1606850007,geadazn,False,t3_k4ixya,t1_geaayhq,1
BlackCatDad,BB will bounce back by EOW.,1606850001,geadaij,False,t3_k4ixya,t3_k4ixya,4
dayvieee,Bb got me good guh,1606849940,gead5rl,False,t3_k4ixya,t3_k4ixya,13
dameLillardManiac,"VXX dick's getting a lil erect. prolly watching a bit of soft porn.

time for the hardcore stuff bb",1606849897,gead2ex,False,t3_k4ixya,t3_k4ixya,3
yippiekiyay865,What the fuck BB!   You get good news the drop the ball,1606849812,geacvpf,False,t3_k4ixya,t3_k4ixya,2
Football-Famous,So BB is done?,1606849810,geacviy,False,t3_k4ixya,t3_k4ixya,0
Emergency-Goose,Should have bought more BB puts fuckkk,1606849736,geacptp,False,t3_k4ixya,t3_k4ixya,3
Pi2DaSky,Clippity clapped BB,1606849711,geacnxr,False,t3_k4ixya,t3_k4ixya,2
Bandeeznutz,Should I piggy back on BB’s AMZN partnership news?,1606849686,geaclzk,False,t3_k4ixya,t3_k4ixya,3
GunsNGuts86,Got lucky on BB. Made 30k this AM at opening bell,1606849553,geacbqo,False,t3_k4ixya,t1_geabrtt,2
HotStockSlinger,"🎶BB come back, any kind of fool could see
There was something in everything about you.
BB come back, you can blame the dump on me
I was wrong, and my calls can't live without you!🎶",1606849539,geacaqh,False,t3_k4ixya,t3_k4ixya,4
e2Nokia,BB to the moon huh 😂,1606849430,geac2af,False,t3_k4ixya,t3_k4ixya,5
kfumny,i will be bb pltr $100 by 2021,1606849209,geabldj,False,t3_k4ixya,t1_geabi0n,2
watabagal,Fuck bb and fuck me for buying at the peak,1606849189,geabjv8,False,t3_k4ixya,t3_k4ixya,5
G_I_Joe_Mansueto,BB uptick may be a decent opportunity to buy 12/11 puts.,1606849186,geabjl8,False,t3_k4ixya,t3_k4ixya,1
BriefCream2,"Theres so much upside to BB, especially with a market cap of 6 billion, this is value/growth. Their QNX software is being used on SpaceX rockets. What a gem

Edit: forgot rocket emojis
🚀🚀🚀🚀🚀🚀🚀🚀🚀🚀🚀🚀",1606849177,geabiwb,False,t3_k4r5rs,t1_geaa0zo,2
freedomat23,BB,1606849155,geabh7s,False,t3_k4rcqp,t3_k4rcqp,3
SasquatchTitties,Party hasn't even started yet for BB. Still a pretty decent buying opportunity right now.,1606849057,geab9el,False,t3_k4o8rx,t3_k4o8rx,6
sc0tt_1990,BB will go back up.  Just watch.  Once retail learns of this deal overnight it will gap up again.,1606848940,geab0am,False,t3_k4ixya,t3_k4ixya,0
burntbarreddipsesh,"Fuck me I’m retarded. I have my day trades back and I was unaware... could’ve sold my BB call at the top

Edit: the mod gave me a tenth percentile message after posting this. I guess self-proclaimed retardation gets you that honor",1606848905,geaaxkd,False,t3_k4ixya,t3_k4ixya,1
babkakibosh,Well that was quick BB,1606848892,geaawij,False,t3_k4ixya,t3_k4ixya,1
abyss007,APHA calls.  BB puts.  PLTR calls.  AA puts.,1606848859,geaatzg,False,t3_k4ixya,t1_gea8aie,1
templeoftiger,Bb in a free fall.,1606848790,geaaokv,False,t3_k4ixya,t3_k4ixya,3
makeitgobrbr,Damn BB is bleeding 🥴,1606848781,geaanw6,False,t3_k4ixya,t3_k4ixya,3
EatMePlsDaddy,If BB wont have a big rally eod I will go extinct.,1606848768,geaamw5,False,t3_k4ixya,t3_k4ixya,5
HotStockSlinger,Come on BB don't do me like that,1606848759,geaam81,False,t3_k4ixya,t3_k4ixya,3
[deleted],Why did I bother to buy BB near 9 when it’s dropping hard now. If it lands on 10 eow I’m pulling out,1606848753,geaalrj,False,t3_k4ixya,t3_k4ixya,3
eugene_the_great,Hold BB calls for now?,1606848744,geaal0l,False,t3_k4ixya,t3_k4ixya,4
BigBlackAssEater,the BB spike is the same as the ADT/Amazon partnership in August/September. It's not going to last lol,1606848733,geaak6x,False,t3_k4ixya,t3_k4ixya,3
MTG222,Can u do a long explanation? How is BB all of a sudden gonna leap up🤔,1606848717,geaaiy0,False,t3_k4pjvr,t1_gea86sp,2
MrMeeseeks987,Oh BB my bb 😞,1606848658,geaaedn,False,t3_k4ixya,t3_k4ixya,2
SasquatchTitties,"January 15 $10 Calls were dirt cheap so I grabbed a few.

BB is a WSB worthy ICBM. Could easily see this thing around 10-15 EOY.",1606848626,geaabux,False,t3_k4otyt,t3_k4otyt,5
pie31415,Because it's BB,1606848621,geaabhs,False,t3_k4ixya,t1_geaa6nm,1
YoinkedMustache,"Literally anybody with a brain would never make those plays

Buying puts on a red day in an environment where volatility is getting murdered = retarded

GME — anyone who bought this got finessed so hard by the hedgies hahaha they saw you all posting about pumping this over the weekend, ran it up premarket to frontrun you, and then sold you idiots stupidly inflated calls at open knowing they were gonna dump everything they bought premarket. 

Weed— really?

AMC— company is in serious risk of bankruptcy, insiders and creditors have been repositioning themselves in anticipation of it all year (Silverlake debt deal) literally no good movies coming until mid next year, did you seriously just buy this because of the vaccine pump??? 😂

BB- lol you bought into a massive pump, jfc buy high sell low is your motto",1606848574,geaa7rr,False,t3_k4ixya,t1_gea9d1f,1
coffeelickerr,Why is BB bleeding now?,1606848560,geaa6nm,False,t3_k4ixya,t3_k4ixya,3
[deleted],So you’re saying I should hold on to my BB $9c 3/19/21?,1606848555,geaa6bf,False,t3_k4r5rs,t1_geaa0zo,1
abyss007,BB puts.,1606848324,gea9omk,False,t3_k4ixya,t1_gea8n3e,1
Chrise762,Buying a call on BB after it was already up 60% in one day seems like a guaranteed way to lose money.,1606848308,gea9neb,False,t3_k4ixya,t1_gea9d1f,3
BigDipper1776,Hold BB calls? Green week all week?,1606848296,gea9mjg,False,t3_k4ixya,t3_k4ixya,0
EatMePlsDaddy,"Whoever is selling BB, ya moms a hoe",1606848261,gea9jxn,False,t3_k4ixya,t3_k4ixya,8
kingk0rvid,BB dip for those of y’all who missed out earlier. Sell off volume is way lower than run up volume. She’ll bounce back,1606848231,gea9hm7,False,t3_k4ixya,t3_k4ixya,-1
zammai,These BB posts are just getting weird now.,1606848207,gea9ftr,False,t3_k4pjo9,t3_k4pjo9,3
THE_KRAAKEN,Well buying bb was kinda retarded. Fuck uuuuu,1606848206,gea9frq,False,t3_k4ixya,t3_k4ixya,2
NordyNed,Raise your hand if you’re in the “bought BB at $9 gang”👋🏼,1606848187,gea9e9o,False,t3_k4ixya,t3_k4ixya,7
Ohmymymema,"Sold CLF call at the bottom yesterday 

Bought spy puts at the bottom yesterday

Bought GME calls at 18.5

Bought Apha calls yesterday at open around 8.5

Bought CLF calls today at the top 

Bought AMC calls today at the top 

Bought Bb calls today at the top 

Seriously wtf is fucking wrong with me??? I actually don’t understand how the fuck I can be wrong on literally every fucking trade I make it’s un fucking real",1606848171,gea9d1f,False,t3_k4ixya,t3_k4ixya,9
gotfelk,BB is on discount buy in and ride to tendie town,1606848094,gea9754,False,t3_k4ixya,t3_k4ixya,6
Pi2DaSky,"BB Dump IT!!!!!

Not to late to grab weekly puts",1606848072,gea95gn,False,t3_k4ixya,t3_k4ixya,4
ButtSliding,It’s ok. My BB Calls are looong,1606848039,gea92y3,False,t3_k4ixya,t3_k4ixya,2
Rat_Fucker_Sam,So glad I didn’t fomo into BB this morning at the top today. So fucking close,1606848033,gea92iq,False,t3_k4ixya,t3_k4ixya,3
bl0ckburner,BB is going to be fine.,1606848012,gea90wl,False,t3_k4ixya,t3_k4ixya,2
[deleted],This BB and AMZN deal is huge for AWS https://www.google.com/amp/s/investorplace.com/2020/12/blackberry-news-5-things-for-bb-stock-investors-to-know-about-the-amazon-deal/amp/,1606847992,gea8ze3,False,t3_k4ixya,t3_k4ixya,1
dsl771," bb has had qnx for years, secure software and BB 10 OS was better than IOS at the time. but guess what the stock still went down because its blackberry. I would never buy.",1606847960,gea8wzf,False,t3_k4q714,t3_k4q714,2
gotfelk,BB,1606847865,gea8pwp,False,t3_k4ixya,t1_gea8n3e,2
bagel_maker974,wtf ya'll gonna assign me shares of BB to sell you calls against 🤷‍♀️🤷‍♂️,1606847860,gea8pkg,False,t3_k4ixya,t3_k4ixya,3
donefukupped,"Fastest wsb death, BB",1606847847,gea8ony,False,t3_k4ixya,t3_k4ixya,4
Unusual-Hand,Y’all killed BB,1606847789,gea8k6a,False,t3_k4ixya,t3_k4ixya,2
sark666,"just googling and came across this video

https://www.youtube.com/watch?v=HVkpDTVfjBY

This company Karma, has gesture based software that works with AWS and bb qnx.  My point being, this seems like amazon has been working with bb for a bit now.  How has this deal changed vs the arrangement of the previous collaboration?",1606847777,gea8j8g,False,t3_k4kpzo,t1_gea2is4,1
anon710421,BB $10 Call 1/15/2021 BB $20 Call 1/15/2021,1606847725,gea8f9m,False,t3_k4pjvr,t3_k4pjvr,1
anon710421,BB $10 Call 1/15/2021 BB $20 Call 1/15/2021,1606847709,gea8dzi,False,t3_k4q714,t3_k4q714,1
punkmaster69,Hop in. BB rocket blasting off🚀🚀🚀,1606847707,gea8du6,False,t3_k4q714,t3_k4q714,1
jbcostan,"missed the boat on bb was gana buy today, well then going all in on TMO instead, 516.50c 03/19 lets go!",1606847702,gea8dgw,False,t3_k4ixya,t3_k4ixya,1
Bigolefloridadong,Did I fomo into BB at the top? Maybe.,1606847591,gea850d,False,t3_k4ixya,t3_k4ixya,4
SasquatchTitties,Been holding BB for a quite a while. Was surprised when I woke up this morning and it was green. Hoping for close to 10 EOY.,1606847581,gea848b,False,t3_k4nyac,t3_k4nyac,2
TheLooza,"BB to 20 then to 40.  With striking speed. I put all my remaining portfolio in BB last week, so today is a good day.",1606847580,gea844d,False,t3_k4qp3t,t3_k4qp3t,2
bl0ckburner,Does anyone actually read news or do dd anymore?? The news on BB holds long term strength. People freaking out over 10 min swings really don’t do any reading besides Reddit comments and the people telling everyone to buy BB puts are the same people who got burned by PLTR and are now bearish as fuck because they somehow found a non existent correlation between BB and PLTR (the stock moved and people talked about it woweee). Read some fucking news and do some research.,1606847490,gea7xem,False,t3_k4ixya,t3_k4ixya,0
ShtLLBuffout,You gotta look at it like this...BB has been a penny stock for a long time and a cheap one. It’s peak in 5 years wasn’t even 14$. This is the biggest thing to happen to blackberry in over a decade. This makes the future gains look very promising.,1606847472,gea7w33,False,t3_k4otyt,t1_gea7dx8,3
GlitteringAutist,BB is the meme of the day. Play at your own risk,1606847459,gea7v38,False,t3_k4ixya,t1_gea73kk,1
Jodaa_G0D,"New here and I'm on the meme train in much smaller #s because I'm fucking poor, but GME PLTR BB take me to the moooon so I can later in life lose thousands upon thousands!



Any thoughts on DKNG past the superbowl?",1606847444,gea7u0c,False,t3_k4p4gn,t3_k4p4gn,4
carneasadadinosaur,BB easy $11 at open tomorrow,1606847371,gea7ohc,False,t3_k4ixya,t3_k4ixya,5
alwayslookingout,"If you used a real broker like RH, you wouldn’t have had to pay $60 in commission! 

What prompted you to drop $1900 on BB in the first place? I know I did because some genius posted it on WSB and the premium was dirt cheap on a LEAP.",1606847350,gea7mvg,False,t3_k4p9te,t3_k4p9te,3
punkmaster69,BB is the future of car and security AI 🚀,1606847326,gea7l29,False,t3_k4okyw,t3_k4okyw,3
WSBVoteBot,"**A Submission was Spammed by Vote**
___
**Title:** Just picked up $9.5 BB calls 1/8/21 LETS GO BOYS

**URL:** https://redd.it/k4pr78
___
[Click Here to Vote to Approve](https://www.reddit.com/message/compose/?to=WSBVoteBot&subject=restore&message=k4pr78) if this is a good submission.

Hey /u/Herr4chan, you're encouraged to copy and paste the approval link into the Daily Discussion thread for help restoring your post.

Users who Voted:
CraZCanuck
OverpricedBagel
dimola1313",1606847278,gea7hgl,True,t3_k48tvz,t3_k48tvz,1
G_I_Joe_Mansueto,"BB puts for next week. Going back to $8, maybe $7.5.",1606847268,gea7grr,False,t3_k4ixya,t3_k4ixya,-4
Sp4r14n,My first option is BB. I keep checking it. Happy to be part of the autistic retard community.,1606847265,gea7ghq,False,t3_k4qp3t,t3_k4qp3t,6
donefukupped,Lol BB,1606847238,gea7eh1,False,t3_k4ixya,t3_k4ixya,-3
bangarangbonanza,Good BB buying opportunity,1606847201,gea7bl8,False,t3_k4ixya,t3_k4ixya,2
punkmaster69,Get in the BB rocket 🚀🚀🚀,1606847193,gea7b0h,False,t3_k4otyt,t3_k4otyt,2
NoParlayNoFood,"**FRUIT CREW UNITE**

AAPL & BB mooning together",1606847164,gea78p5,False,t3_k4ixya,t3_k4ixya,7
rogue_roads,"NIO bb move when you want to, it’s ok",1606847129,gea75zw,False,t3_k4ixya,t3_k4ixya,3
Colecp1999,Bb to 10$ gang,1606847058,gea70kp,False,t3_k4ixya,t3_k4ixya,8
StonkGoUp,I cannot fucking believe I cancelled my BB calls,1606847025,gea6y25,False,t3_k4ixya,t3_k4ixya,1
HotStockSlinger,Why BB dying?,1606846910,gea6p4s,False,t3_k4ixya,t3_k4ixya,-2
bk_cheech,Pls describe what bb is,1606846900,gea6oem,True,t3_k4q8mh,t1_gea519z,1
WSBVoteBot,"**A Submission was Spammed by Vote**
___
**Title:** Gains on BB so far $10 to $250+ and counting

**URL:** https://redd.it/k4pj6v
___
[Click Here to Vote to Approve](https://www.reddit.com/message/compose/?to=WSBVoteBot&subject=restore&message=k4pj6v) if this is a good submission.

Hey /u/ajatlantaa, you're encouraged to copy and paste the approval link into the Daily Discussion thread for help restoring your post.

Users who Voted:
richnun
abick92
tomk2020",1606846880,gea6mva,True,t3_k48tvz,t3_k48tvz,1
TOADSTOOL__SURPRISE,Dudes out here betting their life savings on BB and GME like it’s 2005,1606846816,gea6hza,False,t3_k4ixya,t3_k4ixya,17
nard_bagman,Lol already -30% on my BB FOMO,1606846728,gea6b75,False,t3_k4ixya,t3_k4ixya,0
TortugaBebe,Did Anyone here buy BB at the top like a true autist retard?,1606846695,gea68pd,False,t3_k4ixya,t3_k4ixya,7
Berryitall,How high does BB go?,1606846643,gea64o3,False,t3_k4ixya,t3_k4ixya,2
allinonworkcalls,How do you guys see $BB at +55% and decide that's the right time to buy? It's a fascinating insight into human psychology,1606846599,gea6193,False,t3_k4ixya,t3_k4ixya,9
bobachop,I know as soon as I yolo BB puts it’ll moon,1606846546,gea5x4g,False,t3_k4ixya,t3_k4ixya,1
kilroy123,These BB puts are starting to print.,1606846417,gea5n7c,False,t3_k4ixya,t3_k4ixya,0
aneetsohi,bought bb at the peak when will i learn 🤡,1606846396,gea5lmz,False,t3_k4ixya,t3_k4ixya,4
bk_cheech,Fucks BB OMG,1606846370,gea5joo,True,t3_k4q8mh,t1_gea4oh6,1
Colecp1999,Bb to 10$!,1606846348,gea5i0l,False,t3_k4ixya,t3_k4ixya,5
coffeelickerr,BB is falling down now,1606846348,gea5i28,False,t3_k4ixya,t3_k4ixya,2
Herr4chan,I AINT SELLIN TILL BB DRAGS ITS DICK TIP ACROSS JUPITER,1606846196,gea56jg,True,t3_k4pr78,t1_gea3nv0,1
GIA-97,Calls on BB,1606846127,gea519z,False,t3_k4q8mh,t3_k4q8mh,2
MrMeeseeks987,Getting murdered on my BB calls. I will buy more,1606846099,gea4z2z,False,t3_k4ixya,t3_k4ixya,5
Herr4chan,LETS GO I JUST PUT A YOLO ON BB TOO,1606846011,gea4sho,False,t3_k4p15f,t3_k4p15f,1
sishgupta,Holy shit imagine still holding BB in 2020. Just waiting for that to bounce back after 12 years. I mean this sub didn't really exist but if you had done due diligence in 2007 you'd know BB was a shitty buy anyway.,1606845958,gea4olj,False,t3_k4k8le,t3_k4k8le,1
Sleepingbeaut12,Bb 9$ c any date,1606845957,gea4oh6,False,t3_k4q8mh,t3_k4q8mh,2
AxemanFromMA,Anyone yoloing $BB $9 calls at 3:59?,1606845941,gea4n8f,False,t3_k4ixya,t3_k4ixya,4
nevyan17,Can't go wrong with BB and cheap liquor.,1606845936,gea4mvr,False,t3_k4q8mh,t3_k4q8mh,2
bk_cheech,BB guns?,1606845922,gea4lta,True,t3_k4q8mh,t1_gea4dv9,2
TheLooza,100%.  This is the best possible news for BB.  They are a 30bill market cap company trading for 5bill.,1606845918,gea4ljn,False,t3_k4q714,t3_k4q714,9
roons34,BB,1606845815,gea4dv9,False,t3_k4q8mh,t3_k4q8mh,4
GIA-97,Ohhh please don't make spend my sisters savings into call for BB please,1606845798,gea4clb,False,t3_k4q714,t3_k4q714,10
clt81delta,"I held a small position in BB since April of 19, closed it out in September...",1606845791,gea4c2t,False,t3_k4n85h,t3_k4n85h,2
rogue_roads,Nio bb,1606845734,gea47ue,False,t3_k4ixya,t1_gea3s2h,2
Temporary_Profit_175,BB 50% jump in a day wtf,1606845452,gea3mm0,False,t3_k4ixya,t3_k4ixya,4
C172Captain,Puts on BB?,1606845420,gea3k89,False,t3_k4ixya,t3_k4ixya,1
need4gains,BB puts free 💰,1606845405,gea3j2o,False,t3_k4ixya,t3_k4ixya,3
need4gains,BB puts free 💰,1606845389,gea3hrs,False,t3_k4ixya,t3_k4ixya,0
Herr4chan,BB next meme stock confirmed?,1606845354,gea3f4c,True,t3_k4pr78,t1_gea1wdz,1
metmike97,My dad asked me if he should sell PFE and put it into something else and I just don’t wanna be the one to tell him BB and be responsible for his $ROPE purchase,1606845306,gea3bee,False,t3_k4ixya,t3_k4ixya,4
GIBILL1stenlistment,i just went all in BB at $9 lmao why the fuck do i always do this in an instant it never ends well,1606845240,gea36f6,False,t3_k4ixya,t3_k4ixya,2
bagel_maker974,"Wonder if the GME squeeze is so mathematically guaranteed that even the MMs can't keep it down with all the mentions here.

Numbers are numbers. Shorts got caught going in deep years ago when Gamestop was actually going out of business, but it seem like they might have a turn-around in store. Its not really meme-strength for us... we just caught some autists on the other side of our trade for once.

Would be like if someone shorted BB years ago when they were a shit smartphone maker dwindling to nothing struggling to switch to an enterprise software company, only to get hit with a headline that fucking Amazon wants to work with them on Automotive AI. Now what? That shit aint going down any time soon. If they land more clients, what would those shorts do? Thats what is happening with GME.",1606845218,gea34p0,False,t3_k4ixya,t3_k4ixya,5
Get_Clicked_On,BB decided years ago to get out of the B to C industry and took there company to a B to B style. They where sick of staying trendy to keep sales up.,1606845215,gea34gd,False,t3_k4nyac,t1_ge9s0sy,2
trentthesomalian,BB GO THROW YOUR LIFE SAVINGS AT IT,1606845178,gea31oe,False,t3_k4ixya,t3_k4ixya,1
[deleted],BB go above 9 today and someone here will suck your cock,1606845177,gea31kb,False,t3_k4ixya,t3_k4ixya,1
Colecp1999,Bb!!!,1606845063,gea2suj,False,t3_k4ixya,t3_k4ixya,3
neaorin,"Microsoft's Connected Vehicle Platform already has that. 

 [Microsoft’s connected vehicle platform presence at IAA, the Frankfurt Auto Show | Azure Blog and Updates | Microsoft Azure](https://azure.microsoft.com/en-us/blog/microsoft-s-connected-vehicle-platform-presence-at-iaa-the-frankfurt-auto-show/) 

Anyway I'd feel a lot more confident in BB if they also announced a launch customer today. This press release feels more like AWS bragging about BB picking their cloud services for their platform which doesn't seem to exist yet.",1606845036,gea2qsp,False,t3_k4kzky,t1_ge9y7rb,2
Syntrixy,this BB dip is the best you're gonna see for a week probably,1606845016,gea2pax,False,t3_k4ixya,t3_k4ixya,2
se_N_es,"It's BB TIME LFG!!!!!!  
JUMP ON THE TRAIN NOW",1606845016,gea2pb8,False,t3_k4ixya,t3_k4ixya,4
Ignatius_Minkoff,BB will catch a few day run and then leave some bags,1606845009,gea2opj,False,t3_k4ixya,t1_gea2jlu,1
M_Rothshield,"I also bought BB an hour ago

I don't know if this is a more long or short-term investment.",1606844975,gea2m3s,False,t3_k4otyt,t3_k4otyt,5
gotfelk,Just dropped 5k more in BB,1606844964,gea2l8b,False,t3_k4ixya,t3_k4ixya,5
ListerineInMyPeehole,Entered and exited BB puts for a 20% gain,1606844916,gea2hjj,False,t3_k4ixya,t1_gea25ko,1
RollingD,"Seeing BB comments of the same caliber as the recent PLTR ones, yall didn't fucking learn anything did you?",1606844887,gea2f9s,False,t3_k4ixya,t3_k4ixya,4
Cranial-Nerve,"BB Put/Call is 0.145

Call Sizzle = 26

Put Sizzle = 52",1606844863,gea2dd6,False,t3_k4ixya,t3_k4ixya,2
templeoftiger,Bb 🚀 🚀 🚀 🚀 🚀,1606844859,gea2d1s,False,t3_k4ixya,t3_k4ixya,5
_krypton99,Mate i entered BB at 5k shares at 9.6 please dont do this,1606844857,gea2cyi,False,t3_k4ixya,t3_k4ixya,7
Cranial-Nerve,BB 15 Jan 21 $15 CALLs,1606844813,gea29iv,False,t3_k4ixya,t3_k4ixya,2
ze_kraken,"nice, hopefully he held and had a low cost basis. who knew bb would pivot into autonomous driving to stay alive",1606844790,gea27rm,False,t3_jvaujr,t1_gea0mk9,1
brownthoughts,BB going to bounce back?,1606844773,gea26hk,False,t3_k4ixya,t3_k4ixya,2
Football-Famous,BB WTFF,1606844754,gea2523,False,t3_k4ixya,t3_k4ixya,3
templeoftiger,Bb buy the dip.,1606844748,gea24kj,False,t3_k4ixya,t3_k4ixya,2
cool_BUD,BB puts for next week printing,1606844720,gea22cj,False,t3_k4ixya,t3_k4ixya,4
Ginkobe,Wait the news on BB is this morning. How did you know yesterday?,1606844706,gea21ac,False,t3_k4pjo9,t1_gea0u8r,3
stonkpicks,BB rising from the dead and RKT just stays dead.,1606844696,gea20kg,False,t3_k4ixya,t3_k4ixya,6
gotfelk,Hop on BB before the whole world does tomorrow 🚀🚀🚀,1606844679,gea1zab,False,t3_k4ixya,t3_k4ixya,4
[deleted],Bought BB because of you fucks at 8.97 and now it’s dropping. I’m a clown because of you retards,1606844644,gea1wlk,False,t3_k4ixya,t3_k4ixya,8
eugene_the_great,How long should BB calls he held for,1606844524,gea1nfi,False,t3_k4ixya,t3_k4ixya,6
Herr4chan,Just picked up some BB calls boi,1606844511,gea1mdf,False,t3_k4pdn8,t3_k4pdn8,2
__Daimon__,BB aka BigBoss,1606844510,gea1mbo,False,t3_k4ixya,t1_gea0z61,1
markandersonfb,SPY don't be so predictable bb,1606844490,gea1kuc,False,t3_k4ixya,t3_k4ixya,5
aznfck98,multi day runner on BB,1606844457,gea1i8s,False,t3_k4ixya,t3_k4ixya,3
bagel_maker974,"sell the BB dip.

Not often you get this much IV on a cheap stock you can confidently sell puts on. Less than 1k if you get assigned and you can then sell calls against it or just sell the shares whenever you want (real brokerages can sell from like 4-5am to 8pm so most of the day you can get out of that position).",1606844413,gea1f0e,False,t3_k4ixya,t1_gea157y,1
[deleted],BB,1606844410,gea1era,False,t3_k4ixya,t1_gea188s,2
gotfelk,BB CALLS 🚀,1606844405,gea1ebx,False,t3_k4ixya,t1_gea19t9,7
SquintsRS,Please tell me you put all in on BB wtf,1606844393,gea1deh,False,t3_k4k8le,t1_ge96f4s,1
SinCityWD,Can you retards all buy bb calls and push that baby to plus 100%?,1606844378,gea1ca9,False,t3_k4ixya,t3_k4ixya,7
TehAlienn,bb amzn deal,1606844358,gea1aso,False,t3_k4ixya,t3_k4ixya,11
rann0922,Bb Puts ?,1606844346,gea19t9,False,t3_k4ixya,t3_k4ixya,3
templeoftiger,Bb buy the dip,1606844306,gea16ny,False,t3_k4ixya,t3_k4ixya,5
nicholasjg1,buy the BB dip,1606844287,gea157y,False,t3_k4ixya,t3_k4ixya,9
bellumgerere,"BB new meme stock, hop on 🚀🚀🚀",1606844263,gea13gc,False,t3_k4ixya,t3_k4ixya,7
MayoFetish,BB $10 pls.,1606844174,gea0wn8,False,t3_k4ixya,t3_k4ixya,2
makeitgobrbr,"Dumped $1.2k on BB this morning, hopefully it doesn’t come back to BB me",1606844166,gea0w34,False,t3_k4ixya,t3_k4ixya,3
MoneyInAMoment,"I suggested my supervisor buy BB calls as a lotto play (without getting any myself) and now she's emailed everyone about her resignation. 

I have no idea how much she got.. but I guess we're getting a new supervisor now.",1606844151,gea0uz2,False,t3_k4ixya,t3_k4ixya,17
believerforjustice,"who is going buying bb puts, waiting eod or later in the week?",1606844138,gea0ty3,False,t3_k4ixya,t3_k4ixya,1
gotfelk,BB,1606844134,gea0tn1,False,t3_k4ixya,t1_gea0qw0,3
Qazle,"You right, what I meant to say was thank you god for these BB tendies we shall soon receive. TO THE MOON 🚀🚀🚀",1606844101,gea0r58,False,t3_k4otyt,t1_ge9z7w3,9
EitherAd2666,"How many calls you get and for how much? Did a short BB run this morning and made $200.. went back for next week 🚀🚀🚀

I got 10c Dec 11 @ 1.00 x 5",1606844099,gea0r0s,False,t3_k4pjvr,t1_gea0l7z,0
ODonREDPILLS,Sup you see BB retard?,1606844087,gea0q3f,True,t3_jvaujr,t1_gcij9te,1
ODonREDPILLS,You see BB today?,1606844039,gea0mk9,True,t3_jvaujr,t1_gciigau,1
arrival77,BB average 5.47M shares. Today: 176.4M. Nice!,1606843989,gea0is1,False,t3_k4ixya,t1_ge9zsw9,1
gotfelk,BB to the moon 🚀,1606843969,gea0hch,False,t3_k4ixya,t1_gea0f9r,2
burts_cheese,"If I had more capital I would buy the PLTR dip, and grab more BB shares. I lost tons on options and switching to shares (90% of my portfolio) has given me decent consistent gains as long as you are making the right picks. Also lookout for the airbnb IPO in a few weeks that thing is going to boom up.",1606843967,gea0h60,True,t3_k4o8rx,t1_ge9zzf1,3
[deleted],Anyone want to buy my BB calls and the Brooklyn bridge in a package deal? Recent immigrants preferred.,1606843858,gea08w2,False,t3_k4ixya,t3_k4ixya,2
wheat_rider,"GME NIO PLTR 🪦💀

BB 📈",1606843810,gea05b2,False,t3_k4ixya,t1_ge9zild,1
jager_mcjagerface,"What are you doing among us retards then, btw is it late to the party? At 9+ is it worth it to invest in some bb stocks? Im down on both pltr and gme rn so i have to be the biggest tard in the sub",1606843732,ge9zzf1,False,t3_k4o8rx,t1_ge9zkbu,1
ListerineInMyPeehole,Don't chase $BB - everyone agree?,1606843664,ge9zubs,False,t3_k4ixya,t3_k4ixya,1
MayoFetish,BB,1606843660,ge9zu2d,False,t3_k4ixya,t1_ge9zild,3
Deadbugsoup,BB is mooning now on news of AMZN partnership. Predictions for EOW?,1606843645,ge9zsw9,False,t3_k4ixya,t3_k4ixya,3
mulder-itsme,Using Saxo and it’s not letting me buy BB calls wtf,1606843606,ge9zpyv,False,t3_k4ixya,t3_k4ixya,1
vaish1992,I sold my bb shares yesterday after seeing a dd on wsb..fuck i should have held it,1606843600,ge9zpif,False,t3_k4ixya,t3_k4ixya,5
carneasadadinosaur,BB after hours is going to be so fucking nice,1606843597,ge9zpbu,False,t3_k4ixya,t3_k4ixya,3
lelmeester,BB mooning 57+% but still is under $10. Bullish?,1606843559,ge9zmdp,False,t3_k4ixya,t3_k4ixya,9
wthisgoingonanymore,"What do you guys think BB will end this run at? I'm gonna guess 13 or 14, conservative",1606843514,ge9ziy2,False,t3_k4ixya,t3_k4ixya,5
aaplfarm,"No clue tbh, don't really follow $BB closely or at all....but I bought shares today at $9.23 for pure gambling purposes, seems like once the EV hype crew is onboard or a car manufacturer announces a partnership with AMZN x BB, it will moon even more.",1606843437,ge9zd68,False,t3_k4p9te,t1_ge9yzp9,6
gotfelk,"Waiting for tendies 🚀🚀🚀🚀

BB TO THE MOON",1606843392,ge9z9qf,False,t3_k4ixya,t1_ge9z6a7,4
[deleted],"Guess it’s time
To shill BB to pass the bag off",1606843367,ge9z7tn,False,t3_k4ixya,t1_ge9z2id,1
wthisgoingonanymore,BB to 10 by EOW?,1606843337,ge9z5lt,False,t3_k4ixya,t3_k4ixya,3
gotfelk,you mean BB 🚀🚀🚀,1606843307,ge9z373,False,t3_k4ixya,t1_ge9yxj1,1
__Daimon__,"Going further, people are just realizing that BigBoss isn't a plain phone company anymore.

BB is basically the Palantir of EV, to put it bluntly.",1606843297,ge9z2id,False,t3_k4ixya,t1_ge9yp9n,1
mimelife,$BB but you probably missed it.,1606843296,ge9z2fc,False,t3_k4p5tg,t1_ge9ybcf,8
killeral7,TRIPLE BAGGER buying BB at open... ^(on one call). Gotta learn to be more autistic,1606843286,ge9z1m7,False,t3_k4ixya,t3_k4ixya,8
papa_nurgel,"I'm just going to leave my wsb ticker list up so I can at least have the illusion that the only stock doing good is Bb.  


And ignore that tech is all up.",1606843276,ge9z0vz,False,t3_k4ixya,t3_k4ixya,3
MoneyInAMoment,BB?,1606843266,ge9z04j,False,t3_k4ixya,t1_ge9yppn,1
homedjm1,BB developing the Amazon Phone?,1606843255,ge9yzcd,False,t3_k4ixya,t3_k4ixya,4
TheRealMarist,calls on BB?,1606843248,ge9yytg,False,t3_k4ixya,t1_ge9ypu3,1
gotfelk,BB BUY NOW 🚀🚀🚀,1606843217,ge9ywco,False,t3_k4ixya,t3_k4ixya,9
Berlin_China_Wall,BB,1606843213,ge9yw27,False,t3_k4ixya,t1_ge9yolk,1
-Iknewthisalready-,"Who knew BB was the next EV play, bye bye TSLA and NIO",1606843160,ge9ys3q,False,t3_k4ixya,t3_k4ixya,3
[deleted],Bought the top on BB ama,1606843123,ge9yp9n,False,t3_k4ixya,t3_k4ixya,4
kingk0rvid,Find the next meme stonk BB,1606843064,ge9ykus,False,t3_k4p78z,t3_k4p78z,1
gotfelk,"YES 

BB TO THE MOON 🚀🚀🚀",1606843048,ge9yjod,False,t3_k4ixya,t1_ge9yfpc,1
Past-Pick-7746,Shit BB the new MEME!,1606843037,ge9yiri,False,t3_k4ixya,t3_k4ixya,3
exe_1623,Go BB go!!!!,1606843020,ge9yhhz,False,t3_k4ixya,t3_k4ixya,2
MrMeeseeks987,How dumb is it to buy a BB call expiring Friday. Do I belong now,1606842996,ge9yfpc,False,t3_k4ixya,t3_k4ixya,1
dayvieee,Bought bb shares because my tda transfer hasn’t cleared yet,1606842969,ge9ydqg,False,t3_k4ixya,t3_k4ixya,2
staringintothevoid,Thicc Bitch bb what is you doing,1606842965,ge9ydgq,False,t3_k4ixya,t3_k4ixya,7
Justanotherbody11b,If BB makes me rich I’ll get rid of my shitty iPhone and buy a black berry,1606842951,ge9ycds,False,t3_k4ixya,t3_k4ixya,15
JesusCR7ST,Only date I could find was Nov. 8th so def could have happened. Anyone got access to some legit data? Maybe a BB Terminal?,1606842938,ge9ybfg,False,t3_k4ixya,t1_ge9y6af,1
__Daimon__,BB gets the codename BigBoss,1606842929,ge9yapb,False,t3_k4ixya,t1_ge9y5ff,3
SolemnAndSad,Can’t find the callout for BB but thank you🚀,1606842854,ge9y52u,False,t3_k4ixya,t3_k4ixya,8
GracieMaeMacieMarie,BUY CHEAP NOK CALLS YOU NEVER KNOW IF IT CAN PULL A BB,1606842853,ge9y4zf,False,t3_k4ixya,t3_k4ixya,3
liquorsmirf69,BB full autist gang or get the fuck out,1606842824,ge9y2tm,False,t3_k4ixya,t3_k4ixya,2
MrMeeseeks987,Just went all in on BB calls after being a share bear for past few months,1606842793,ge9y0h1,False,t3_k4ixya,t3_k4ixya,2
BkkPla,"they sure take their time...i held BB years ago, and sold at a nice profit, then it tanked, now it is just about where it was when I sold it years ago

biggest problem they have is they are nimble and smart and great with ideas but never enough ammo to get going - and big boys just keep poaching their staff whenever they get going on something....they are like the incubator no one has to pay for.",1606842784,ge9xzsz,False,t3_k4ixya,t1_ge9x9hc,1
nard_bagman,Holy shit I’m like almost two hours too late but I’m in for BB,1606842746,ge9xx13,False,t3_k4ixya,t3_k4ixya,3
gotfelk,BB to the moon,1606842736,ge9xw7n,False,t3_k4ixya,t1_ge9xu0h,6
papafatstacks,CRSR & BB are my plays now that PLTR being lame,1606842707,ge9xu0h,False,t3_k4ixya,t3_k4ixya,9
SoullessArt,Bb,1606842695,ge9xt5t,False,t3_k4ixya,t1_ge9uq4j,1
gotfelk,BB is the future 🚀🚀🚀,1606842670,ge9xr8j,False,t3_k4ixya,t1_ge9xoa8,1
JackMaster762,"BB —- digging deeper, seems promising, and the shift from building archaic phones to software/cloud products and services, serving broader markets seems promising, so I took a dive ftw",1606842648,ge9xpkj,False,t3_k4ixya,t3_k4ixya,4
carneasadadinosaur,BB and THC 🐝,1606842647,ge9xpj6,False,t3_k4ixya,t3_k4ixya,5
gotfelk,BB to the moon 🚀🚀🚀,1606842606,ge9xmha,False,t3_k4ixya,t3_k4ixya,4
-Iknewthisalready-,BB i assume,1606842518,ge9xfzg,False,t3_k4ixya,t1_ge9wzoh,2
bagel_maker974,"IDK, been following the BB story for a few years and I've seen a steady progression towards this.

Not that i had any idea this AMZN contract was coming, but I was not one bit surprised to see and am glad to hear their turnaround is working out.",1606842481,ge9xd8u,False,t3_k4ixya,t1_ge9x8ch,1
bearpics16,"I'm doing everything I can to not FOMO into BB right now. I thought about it at $7.75, and again on the dip to $8.75. 

Anyone know how much the deal was for? Bc BB just gained $2.5 billion",1606842441,ge9xa74,False,t3_k4ixya,t3_k4ixya,3
_BlowJays_,"If you make 20, 30 , 40% profit on BB, for the love of god, take profit.  You cucks never learn buying at the top of PLTR, NIO, HTZ, PRPL, and every other stupid meme stock that pumps for a few days in this sub.  Shit ends up trading sideways and then down, and people lose everything.  Hogs get slaughtered.  Take profits.",1606842430,ge9x9eb,False,t3_k4ixya,t3_k4ixya,12
gmcarve,Why did I FOMO into BB with you nut jobs,1606842425,ge9x8yr,False,t3_k4ixya,t3_k4ixya,1
sweatsandhoods,"AMD, BB and AMZN carrying my entire portfolio today. This doesn’t feel very 2020",1606842424,ge9x8vy,False,t3_k4ixya,t3_k4ixya,5
Stanley-Stingray, So uh is BB gonna 100% gain cuz it’s up 60% rofl,1606842420,ge9x8n3,False,t3_k4ixya,t3_k4ixya,3
Bonkerz4Stonkerz,Kicking myself in the dick for selling BB at open. Fuck me,1606842388,ge9x68i,False,t3_k4ixya,t3_k4ixya,4
gotfelk,BB WON'T STOP 🚀🚀🚀🚀🚀🚀🚀,1606842387,ge9x67e,False,t3_k4ixya,t3_k4ixya,6
Dialupservice,I fomo’d into BB. Throwback to my first ever smartphone,1606842369,ge9x4ym,False,t3_k4ixya,t3_k4ixya,6
EightBitMemory,BB 20$ CAD EOY,1606842328,ge9x1y9,False,t3_k4ixya,t3_k4ixya,0
babkakibosh,CRSR PFE BB PACB,1606842289,ge9wz2y,False,t3_k4ixya,t3_k4ixya,2
maxsilvo,BB $15 EOD,1606842289,ge9wz3h,False,t3_k4ixya,t3_k4ixya,1
btoned,"So by Friday there will be another 25% of this sub holding BB screaming for $20 by EOY instead of just day trading it today only. 

Got it.",1606842261,ge9wx2b,False,t3_k4ixya,t3_k4ixya,6
Benny_Bangaroo,PLTR is dead. Sell and load up on BB calls.,1606842255,ge9wwno,False,t3_k4orwl,t3_k4orwl,-66
hersian,Next meme is BB. AMD is solid short and long term.,1606842222,ge9wu8v,False,t3_k4ixya,t1_ge9wgxe,2
e2Nokia,Because their OS can reserve a charger for you? BB bust,1606842203,ge9wsuy,False,t3_k4ixya,t1_ge9wjte,0
EatMePlsDaddy,BB wants a 70% run?,1606842187,ge9wron,False,t3_k4ixya,t3_k4ixya,6
hersian,Puts on BB will be right now will be throwing away money wait for more run up,1606842177,ge9wqxi,False,t3_k4ixya,t1_ge9wgxi,1
yabbobrah,BB to the moon,1606842131,ge9wnku,False,t3_k4ixya,t3_k4ixya,5
jskullytheman,Lmao who the fuck would’ve thought BB would be keeping my portfolio alive 🚀🚀🚀,1606842129,ge9wngw,False,t3_k4ixya,t3_k4ixya,8
Gua_Bao,these BB strikes not OTM enough. i’m gonna wait for it to go up a lot more before i FOMO in,1606842099,ge9wl80,False,t3_k4ixya,t3_k4ixya,5
HotStockSlinger,Lol BB 20 by eow,1606842065,ge9wiqo,False,t3_k4ixya,t1_ge9wds1,1
templeoftiger,Fuck BB is riding wild. $11 EOW?,1606842060,ge9wiao,False,t3_k4ixya,t3_k4ixya,5
fellow_clown,"Saw BB this morning. First time I decided nope not doing it, no FOMO today... they always dump right after open. 🤡",1606842055,ge9whyb,False,t3_k4ixya,t3_k4ixya,7
iDidntGet100UpVotes,Shorting bb.,1606842052,ge9whpz,False,t3_k4ixya,t3_k4ixya,0
jk0521,"No way bb can hold and finish today at 60%. I gotta buy puts, right?",1606842041,ge9wgxi,False,t3_k4ixya,t3_k4ixya,3
metmike97,BB puts,1606841998,ge9wds1,False,t3_k4ixya,t3_k4ixya,1
bagel_maker974,"No idea why there is so much hate for BlackBerry

the shorts were supposed to come out when they had nearly no products and were acquiring other companies during their transition to an enterprise software company while pissing away smart phone market share.

Now we have a shred of evidence to convince us all of that might pay off, and suddenly I see BB bears for the first time ever.

LOL, do some DD my friends...",1606841991,ge9wd81,False,t3_k4ixya,t3_k4ixya,2
AxemanFromMA,Anyone yoloing $BB calls at 3:59?,1606841966,ge9wb9y,False,t3_k4ixya,t3_k4ixya,3
aj190,The real question is why the fuck were you in BB beforehand lol,1606841958,ge9wapj,False,t3_k4ixya,t1_ge9vvcx,1
gotfelk,Buy BB and don't worry,1606841941,ge9w9h4,False,t3_k4ixya,t1_ge9w199,1
gotfelk,BB IS THE NEW PLTR 🚀🚀🚀🚀,1606841924,ge9w870,False,t3_k4ixya,t3_k4ixya,7
TehOuchies,"I see BB, I think BattleBrothers. Great game to pass the time and kill shit while you watch the tickers.",1606841924,ge9w87v,False,t3_k4okyw,t3_k4okyw,6
reddituserzerosix,I want to see some BB millionaire gain porn,1606841842,ge9w21q,False,t3_k4ixya,t3_k4ixya,4
my__ANUS_is_BLEEDING,I feel like I am late but got on the BB train,1606841803,ge9vz2d,False,t3_k4ixya,t3_k4ixya,4
trentthesomalian,"INVEST IN BLACKBERRY (BB) YOU STUPID CUCKS DO YOU WANT TO BE IN DEBT TO YOUR WIFES BOYFRIEND FOREVER?????

20c 12/18",1606841772,ge9vwq6,False,t3_k4ixya,t3_k4ixya,2
meg3124,BB how high will this go? 18?,1606841764,ge9vw4a,False,t3_k4ixya,t3_k4ixya,5
kingdonout,That fact that BB is the only reason I’m green rn is mind fucking,1606841754,ge9vvcx,False,t3_k4ixya,t3_k4ixya,3
gotfelk,OMG BB 🚀🚀🚀🚀🚀🚀🚀,1606841737,ge9vu1h,False,t3_k4ixya,t3_k4ixya,1
templeoftiger,BB is insane.,1606841714,ge9vsb9,False,t3_k4ixya,t3_k4ixya,3
SpiralSummitGames,Today was a nice surprise for my BB leaps,1606841708,ge9vrud,False,t3_k4ixya,t3_k4ixya,1
burntbarreddipsesh,Can’t believe I bought BB calls at 8 and it’s working out...,1606841597,ge9vjad,False,t3_k4ixya,t3_k4ixya,5
MrMeeseeks987,Someone convince me not to fomo into BB,1606841592,ge9viu6,False,t3_k4ixya,t3_k4ixya,0
gotfelk,Fuck PLTR moved to BB,1606841580,ge9vhzf,False,t3_k4ixya,t1_ge9vego,1
gotfelk,Buy some BB,1606841534,ge9veg8,False,t3_k4ixya,t1_ge9v9av,1
ztrum42,"Profited over $2,000 today off BB options after joining WSB 2 days ago and seeing a comment to buy a BB call at $6 🤑",1606841488,ge9vb17,False,t3_k4ixya,t3_k4ixya,13
kenstheman,BB 12/4 imo calls TENDIES!!!,1606841462,ge9v92m,False,t3_k4ixya,t3_k4ixya,1
gotfelk,BB 🚀🚀🚀🚀🚀🚀🚀,1606841410,ge9v535,False,t3_k4ixya,t3_k4ixya,2
migbyo,Looks like BB was a sleeping giant after all...,1606841394,ge9v3tb,False,t3_k4ixya,t3_k4ixya,3
Uilamin,"BB has had a solid performance this year but their stock didn't move - they were effectively a value stock.  They beat EPS every quarter yet their stock has stayed relatively constant.  They have been making AV, EV, and cyber security plays for the last few years too but no one has really cared (until now).  You could argue that the BB brand was depressing their stock price and now that there has been enough fanfaire around their actions their stock popped.  They were not a weekly stock, but a long position (if you were to buy calls, it would be looking at 12 month+ durations).",1606841352,ge9v0no,False,t3_k4o8rx,t1_ge9sxts,4
trentthesomalian,BB TO THE MOON 🚀🚀🚀🚀🚀,1606841345,ge9v04e,False,t3_k4ixya,t3_k4ixya,8
CutTheseGems,All in on BB $10 C 1/8/21,1606841319,ge9uy4m,False,t3_k4ixya,t3_k4ixya,1
templeoftiger,Bb $10 EOW.,1606841301,ge9uwp8,False,t3_k4ixya,t3_k4ixya,2
GoBeaversOSU,PRPL -> NIO -> PLTR -> BB,1606841232,ge9uri8,False,t3_k4ixya,t3_k4ixya,4
eugene_the_great,Shoutout whoever told me to get on BB,1606841231,ge9urhw,False,t3_k4ixya,t3_k4ixya,5
[deleted],So when we buying BB?,1606841222,ge9uqsq,False,t3_k4ixya,t3_k4ixya,7
gotfelk,Buy BB,1606841199,ge9up1a,False,t3_k4ixya,t1_ge9um2x,2
j_michel,BB moving over $9 again 🐃🐃,1606841196,ge9uos2,False,t3_k4ixya,t3_k4ixya,3
TheDelta03,Swimming in BB gains!,1606841185,ge9unxm,False,t3_k4ixya,t1_ge9u5h0,1
GrinderBud,Omffffggg I told you retards to buy bb calls when it was up 47% now it’s up 57% in one hour and my calls are worth 50%+ rock hard rn,1606841167,ge9umk9,False,t3_k4ixya,t3_k4ixya,-4
hersian,BB 11$ EOW,1606841047,ge9udgy,False,t3_k4ixya,t3_k4ixya,5
chooseusermochi,If you have ever been burned by a ticker you will always remember. I wanted to play BB today and missed out on money but I barely got out with some gains on that before. I do think there is potential in GME though.,1606841017,ge9ub6m,False,t3_k4ixya,t1_ge9tqc6,1
pie31415,"I hope BB pumps to $15...

So i can short the shit out of it",1606840983,ge9u8kf,False,t3_k4ixya,t3_k4ixya,4
F0rnicator_93,Anybody eyeing that BB 12/11 $10 call,1606840908,ge9u2vw,False,t3_k4ixya,t3_k4ixya,1
Bear_Rose,BB $12 by eow,1606840902,ge9u2gd,False,t3_k4ixya,t3_k4ixya,3
sc0tt_1990,"bought a couple hundred BB shares on that little dip, sold a couple 10c 10/4s for .65 premium, lol.",1606840863,ge9tzir,False,t3_k4ixya,t3_k4ixya,1
patrick8515,BB 100$ EOW . Fuck apple,1606840859,ge9tz9l,False,t3_k4ixya,t3_k4ixya,3
TheLooza,Totally incorrect.  BB is going to 20 minimum short term.,1606840858,ge9tz7p,False,t3_k4m6m2,t1_ge9q7k1,4
swshrXX,"Nah, long hold on shares. Don’t check until your Amazon package gets delivered by a BB drone. Then you will know it’s time",1606840795,ge9tueo,False,t3_k4ixya,t1_ge9tokw,1
spaghettispaceship,BB puts anyone?,1606840716,ge9tokw,False,t3_k4ixya,t3_k4ixya,0
nicholasjg1,BB??,1606840703,ge9tnkl,False,t3_k4ixya,t3_k4ixya,2
DoesntUnderstandJoke,literally what does BB do anymore,1606840681,ge9tlz6,False,t3_k4ixya,t3_k4ixya,3
Future_Shocked,BB full on EV stock now,1606840631,ge9ti69,False,t3_k4ixya,t1_ge9snnt,1
honedspork,Needs to get some love for helping BB and AAPL! Nothing!,1606840554,ge9tciq,False,t3_k4ixya,t1_ge9st0p,1
InMuskWeTruskk,Bb buying tik tok,1606840517,ge9t9ug,False,t3_k4ixya,t1_ge9t5mg,1
gotfelk,BB is getting me haaard,1606840506,ge9t8z1,False,t3_k4ixya,t3_k4ixya,7
kingk0rvid,All about the BB train! Next stop: TENDIE TOWN,1606840489,ge9t7q4,False,t3_k4ixya,t3_k4ixya,6
Whathavewehear,"I have 74 RMG 12.5 and 17.5 contracts for the upcoming merger. 12/17

Edit: I still have 85 BB contracts that I bought after taking profit. Earning is coming up and the last one was* good. They aren't just a phone company anymore they do Cyber Security, which is probably what they will be doing for Amazon. Maybe Bezos doesn't want to get hacked again. Lol",1606840469,ge9t6b2,True,t3_k4moc1,t1_ge9t060,9
NO_YOUR_STUPID,BB reports 95% vaccine effectiveness,1606840465,ge9t5z1,False,t3_k4ixya,t3_k4ixya,10
Logik-gate,Make sure to buy into BB after it runs 50%,1606840463,ge9t5u2,False,t3_k4ixya,t3_k4ixya,6
Naustralia,Why did BB sky rocket  50%? I missed something didn't I.,1606840460,ge9t5mg,False,t3_k4ixya,t3_k4ixya,4
GoBeaversOSU,CNBC needs to shut tf up about AAPL and talk about the BB rally,1606840440,ge9t41u,False,t3_k4ixya,t3_k4ixya,0
gotfelk,Jump on BB everyone this has unlimited meme potential,1606840380,ge9szhz,False,t3_k4ixya,t3_k4ixya,3
ke263565,Bb puts or are you retards gonna think this is the new gamestop,1606840361,ge9sy7d,False,t3_k4ixya,t3_k4ixya,5
ggmon561,BB RETARD STRENGTH,1606840360,ge9sy2m,False,t3_k4ixya,t3_k4ixya,1
notthediz,What made you want to buy BB? I didn’t even know they were still around,1606840356,ge9sxts,False,t3_k4o8rx,t3_k4o8rx,12
chooseusermochi,I welcome a new generation of BB bagholders. They used to be called RIMM bagholders. At least the ticker is cheap now.,1606840322,ge9sva3,False,t3_k4ixya,t3_k4ixya,4
GrinderBud,Omg bb is making me rich bro no cap,1606840315,ge9suqt,False,t3_k4ixya,t3_k4ixya,0
J_da_CPA,Calls in BB up 15000%,1606840304,ge9sty1,False,t3_k4ixya,t3_k4ixya,4
MattDamonIsGod,"BB stock jumps 50% in a day. 

Here's your chance to buy high, sell low.",1606840272,ge9srjv,False,t3_k4ixya,t3_k4ixya,9
gotfelk,let's go BB,1606840221,ge9snnt,False,t3_k4ixya,t3_k4ixya,1
[deleted],Done trading for the day unless I see a good re-entry for BB. I'm hoping for a nice pull back tomorrow morning before another rally.,1606840210,ge9smsy,False,t3_k4ixya,t3_k4ixya,1
RADIO02118,If you’re not buying BB calls you ain’t black,1606840162,ge9sjat,False,t3_k4ixya,t3_k4ixya,6
hersian,Bb got 100 mil volume from an avg of 5... meme stock potential?,1606840121,ge9sg4o,False,t3_k4ixya,t3_k4ixya,3
Son_of_Sephiroth,BB obv,1606840110,ge9sfb4,False,t3_k4ixya,t1_ge9s6x8,2
gotfelk,Guys stop bagholding and move to BB before it hits 20,1606840105,ge9sewi,False,t3_k4ixya,t3_k4ixya,2
MrFisher_,Yeah bb going crazy,1606839935,ge9s1v0,False,t3_k4ixya,t1_ge9rz64,1
aborack6,The fact that with a grand put into BB calls yesterday you would’ve opened your account to around 100k today blows my mind,1606839932,ge9s1ng,False,t3_k4ixya,t3_k4ixya,4
_HelpPlz_,"'Influencers' on Tik Tok have been telling people that BB is a sleeping giant for a long time now. It's one of the most talked about 'darkhorses'. All my friends have been telling me about it, but I didn't believe them.",1606839921,ge9s0sy,False,t3_k4nyac,t1_ge9rk1p,5
trentthesomalian,BUY BB NOWS THE TIME TO JUMP ON,1606839882,ge9rxr5,False,t3_k4ixya,t3_k4ixya,4
gotfelk,BB is free tendies,1606839783,ge9rq9d,False,t3_k4ixya,t3_k4ixya,0
techtual,"New partnership between BB and Amazon, which explains the boost",1606839775,ge9rpmb,False,t3_k4nyac,t3_k4nyac,7
bl0ckburner,BB,1606839753,ge9rnvh,False,t3_k4ixya,t1_ge9rg0d,1
bl0ckburner,BB,1606839731,ge9rm93,False,t3_k4ixya,t1_ge9rgrc,1
urahozer,Why wouldn't amazon just buy BB? I can't see BB having anything that amazon doesn't already have a 10x better version of,1606839724,ge9rlpp,False,t3_k4ixya,t3_k4ixya,1
YourMum6929,BB best new stonk cheap and upside,1606839693,ge9rje7,False,t3_k4ixya,t3_k4ixya,3
90FC_Racer,BB puts anyone?,1606839690,ge9rj4x,False,t3_k4ixya,t3_k4ixya,2
gotfelk,BB and GME are the PLTR,1606839672,ge9rhqs,False,t3_k4ixya,t3_k4ixya,1
Civiltelephone,Anyone buying BB puts on this absurd pump,1606839668,ge9rhg9,False,t3_k4ixya,t3_k4ixya,1
viperik,I didn't even know BB is still in business. new strategy here I come,1606839657,ge9rglu,False,t3_k4ixya,t3_k4ixya,3
BrillTread,Load up on NOK or BB?,1606839649,ge9rg0d,False,t3_k4ixya,t3_k4ixya,1
kingk0rvid,BB is the new PLTR. Dont get discouraged by did. This bitch gon run for a couple days,1606839642,ge9rfia,False,t3_k4ixya,t3_k4ixya,2
gotfelk,BB I'm in,1606839629,ge9rekr,False,t3_k4ixya,t3_k4ixya,3
templeoftiger,BB is going to be insane in the next few weeks. Save this,1606839607,ge9rcxb,False,t3_k4ixya,t3_k4ixya,5
nottom420,Sold BB at open :(,1606839598,ge9rcb4,False,t3_k4ixya,t3_k4ixya,3
trentthesomalian,OF COURSE BB DIPS THE SECOND I BUY FUCK,1606839564,ge9r9s5,False,t3_k4ixya,t3_k4ixya,5
HotStockSlinger,If you're not all in BB do you even like money?,1606839513,ge9r5y6,False,t3_k4ixya,t3_k4ixya,3
BluePuts,BB is going to annihilate the remainder of the meme gang after pltr and nio took out 80% of yall,1606839501,ge9r53o,False,t3_k4ixya,t3_k4ixya,5
trentthesomalian,"Fuck me I just threw money at BB


I genuinely have a gambling problem",1606839485,ge9r3w1,False,t3_k4ixya,t3_k4ixya,7
kingdonout,BUY THE FUCKING BB DIP,1606839455,ge9r1l0,False,t3_k4ixya,t3_k4ixya,4
JC7577,you literally just have to google BB stock Jesus,1606839444,ge9r0so,False,t3_k4ixya,t1_ge9qwpx,6
[deleted],Locked in $500 on BB. Going to buy $500 in 10c FDs EOD. Literally can't go tits up when it's house money.,1606839435,ge9r03o,False,t3_k4ixya,t3_k4ixya,1
HotStockSlinger,Market rotation into BB,1606839412,ge9qyfg,False,t3_k4ixya,t3_k4ixya,2
billbrown96,Amazon gonna use BB to track employees driving routes in case they try to unionize,1606839404,ge9qxsl,False,t3_k4ixya,t3_k4ixya,4
swanpenguin,Why the fuck is BB printing??,1606839389,ge9qwpx,False,t3_k4ixya,t3_k4ixya,0
terdferguson9,"BB has spent the last 5 years pivoting to security software for EV's and other industries from smart phone securities, i spent a lot of time researching them a few months back, this AWS contract proves they are legit, buy a little bit if you're unsure! i loaded up this morning!",1606839369,ge9qv59,False,t3_k4ixya,t1_ge9qkka,1
[deleted],BB was just added to the watch list,1606839363,ge9qunt,False,t3_k4ixya,t3_k4ixya,3
HotStockSlinger,BB dip free money,1606839362,ge9qulq,False,t3_k4ixya,t3_k4ixya,2
Driss12344432,You’re welcome guys bought BB at the top so it’ll dip for you,1606839331,ge9qsf8,False,t3_k4ixya,t3_k4ixya,12
sambro-,Dump me bb,1606839327,ge9qs5p,False,t3_k4ixya,t3_k4ixya,1
[deleted],"All aboard BB, 

Catchy name

Nostalgic memories of their phones

Nobody knows what they do now

PREMIUM MEME STOCK MATERIAL",1606839295,ge9qpqp,False,t3_k4ixya,t3_k4ixya,5
xoslater,$BB to the Moon 🌝 🚀🚀🚀🚀🚀🚀🚀,1606839266,ge9qnlw,False,t3_k4ixya,t3_k4ixya,4
ichverstehenurbahnof,"BB, GME, PLTR all looking like good solid meme plays with 0 DD and 100% rock hard PP",1606839261,ge9qn8a,False,t3_k4ixya,t3_k4ixya,10
ShoulderDeepInACow,I sold my BB shares to buy PLTR shares last Thursday. I hate myself,1606839243,ge9qlti,False,t3_k4ixya,t3_k4ixya,7
__Daimon__,"Funds are still loading BB, it will go farther the next days!",1606839228,ge9qkpu,False,t3_k4ixya,t3_k4ixya,2
avi6274,Worth buying BB shares now? Not sure about the long term prospects...,1606839226,ge9qkka,False,t3_k4ixya,t3_k4ixya,3
kingdonout,"BUY BB, JUST DO IT",1606839210,ge9qjg0,False,t3_k4ixya,t3_k4ixya,5
youngniggi,Bb🚀🚀🚀🚀🚀🚀,1606839199,ge9qima,False,t3_k4ixya,t3_k4ixya,6
GrosJambon1,"Bb is essentialy not the same company any more, they are doing new good shit now",1606839198,ge9qija,False,t3_k4ixya,t1_ge9q755,1
Marshmallowmind2,Why is bb the next meme? What's the news,1606839197,ge9qig8,False,t3_k4ixya,t3_k4ixya,3
billbrown96,BB already has about 10% of the car data market. Pair with amazon and they're gonna dominate.,1606839187,ge9qhq9,False,t3_k4ixya,t3_k4ixya,5
GrinderBud,Brroooo wtffff. Cashed out my gme pltr nio puts all for profit. Jumped into bb calls like 50 minutes ago while it was already up 47% I’m now up 50% on those calls bro bb is the next meme. Buy that shit now and use a day trade if it tanks. But this might be your only shot I just took a chance and jumped in at 47% gain and still won. Don’t get on the meme train too late because that never ends well. But for today push bb to the fkn mooooooonnn,1606839180,ge9qh8d,False,t3_k4ixya,t3_k4ixya,2
HotStockSlinger,BB 20 by eow for sure,1606839177,ge9qh0c,False,t3_k4ixya,t3_k4ixya,4
jmc774,BB calls up 10000%+ no matter what strike and exp lmao,1606839169,ge9qgh9,False,t3_k4ixya,t3_k4ixya,3
Microsoftie2,Wtf BB flying up 50%. Forget PLTR and GME.,1606839116,ge9qcme,False,t3_k4ixya,t3_k4ixya,4
gotfukdbyprinter,patience bb,1606839088,ge9qaj6,False,t3_k4ixya,t1_ge9py1f,2
laundrified,BB,1606839081,ge9qa1b,False,t3_k4ixya,t1_ge9pm1l,1
RandomUsername1119,**BB 01/08/2021 10.00 C**,1606839080,ge9q9x2,False,t3_k4ixya,t3_k4ixya,4
gotfelk,BB is the next meme stock,1606839058,ge9q8b8,False,t3_k4ixya,t3_k4ixya,4
jolly_green_gigante,BB 1/15/21 $9 price going up quick,1606839047,ge9q7jk,False,t3_k4ixya,t3_k4ixya,4
burymycackinfds,And WSB quickly transitioning from PLTR/NIO to BB,1606839034,ge9q6l1,False,t3_k4ixya,t3_k4ixya,3
yahtzee1,BB to the moon!,1606839004,ge9q4cz,False,t3_k4ixya,t3_k4ixya,7
MrMeeseeks987,Just bought 450 shares of BB,1606838994,ge9q3ne,False,t3_k4ixya,t3_k4ixya,4
nosalute,I bought BB calls that are already up 9400% fuck it👌😂,1606838987,ge9q34g,False,t3_k4ixya,t3_k4ixya,6
TheLooza,You guys won't believe how much BB I have in my account as of this week.,1606838984,ge9q2ve,False,t3_k4ntkv,t3_k4ntkv,2
RandomUsername1119,BB for sweet gainz,1606838972,ge9q1xn,False,t3_k4ixya,t3_k4ixya,4
bl0ckburner,That’s my BB Girl ~*,1606838971,ge9q1uz,False,t3_k4ixya,t3_k4ixya,3
cckcckcc,Is this a multi-day rally for BB?,1606838969,ge9q1rf,False,t3_k4ixya,t3_k4ixya,5
g4858364957,Fuck me I should have held my bb calls,1606838954,ge9q0nv,False,t3_k4ixya,t3_k4ixya,3
[deleted],"Turns out selling covered calls on BB was way, way more profitable than I expected

Someone tell me I'm a fucking idiot for buying PLTR calls on Friday though, I'm worried I'm getting self-confidence again",1606838933,ge9pz5z,False,t3_k4ixya,t3_k4ixya,3
Ascendingz,"Bb I’m almost there, just a little moreee",1606838914,ge9pxps,False,t3_k4ixya,t3_k4ixya,2
never_lucky_eh,BB = black beard himself,1606838912,ge9pxlp,False,t3_k4ixya,t3_k4ixya,2
Rafiath,BlackBerry BB amzn deal,1606838895,ge9pwbt,False,t3_k4ixya,t3_k4ixya,3
dayvieee,I just bought 2k bb shares you’re welcome,1606838870,ge9puf7,False,t3_k4ixya,t3_k4ixya,1
GrosJambon1,BB news is crazy.  I think this has huge potential to run up a lot.  I started looking and there is a whole pipeline of similar news and products coming out of this company.  I just bought shares and calls.,1606838863,ge9ptwf,False,t3_k4ixya,t3_k4ixya,4
templeoftiger,BB the next meme stock. Ready for it to reach $10 in next two weeks.,1606838852,ge9pt2d,False,t3_k4ixya,t3_k4ixya,4
Incarnegie,"BB is the new PLTR 
They just got a deal with amazon. 
these options are cheap RN Boi.
You heard it here first!",1606838836,ge9pru2,False,t3_k4ixya,t3_k4ixya,3
tayzer91,up 70% on jan calls for bb too bad i only bought 1 to get my feet wet 😂,1606838825,ge9pqz0,False,t3_k4ixya,t3_k4ixya,2
ballmode,BB!!!!,1606838809,ge9ppql,False,t3_k4ixya,t3_k4ixya,5
GrinderBud,Bro pltr went up over 150% in a month. Bb is up 15% over 5 years. I bought calls like a hour ago when it was up 47% my calls are already up 25%. Somebody push this shit for the rest of the day. I’ve been saving my day trades for a time like this.,1606838797,ge9poup,False,t3_k4ixya,t3_k4ixya,3
RandomUsername1119,You guys need to get on BB,1606838753,ge9plno,False,t3_k4ixya,t3_k4ixya,3
maker_n_fixer,All in on BB,1606838749,ge9plbd,False,t3_k4ixya,t3_k4ixya,2
Southern_Daisy,Why is BB up 50% lol,1606838746,ge9pl4e,False,t3_k4ixya,t3_k4ixya,3
billbrown96,Hop on BB ASAP,1606838744,ge9pkyo,False,t3_k4ixya,t3_k4ixya,3
Stonk_Collector,BB new meme stonk,1606838731,ge9pk1h,False,t3_k4ixya,t3_k4ixya,4
Southern_Daisy,BB carrying the market,1606838727,ge9pjpt,False,t3_k4ixya,t1_ge9pa6m,1
onestepfarther,BB Jesus christ,1606838691,ge9ph12,False,t3_k4ixya,t3_k4ixya,3
aznfck98,anybody else fomo in BB this morning?,1606838680,ge9pg6t,False,t3_k4ixya,t3_k4ixya,4
trentthesomalian,BB a buy?,1606838615,ge9pbcw,False,t3_k4ixya,t3_k4ixya,1
bl0ckburner,Yes. BB to the m00n.,1606838582,ge9p8xt,False,t3_k4ixya,t1_ge9p4mn,1
[deleted],"I told y'all to buy the BB dip.

Now you have to buy the FOMO and risk blowing up your accounts.

WHAT A SHAME.

Locked in $500 profit and will look for a re-entry.",1606838581,ge9p8vf,False,t3_k4ixya,t3_k4ixya,2
__Daimon__, BB 🚀🚀🚀,1606838562,ge9p7he,False,t3_k4ixya,t3_k4ixya,3
GrinderBud,What are your thoughts on bb,1606838542,ge9p621,False,t3_k4ixya,t1_ge9oq7f,1
abbyabbster,BB is the new meme stock.,1606838523,ge9p4mn,False,t3_k4ixya,t3_k4ixya,3
__Daimon__,"Better get into BB, it's not all priced in yet... they be playin' with da big boys soon.",1606838495,ge9p2mm,False,t3_k4ixya,t3_k4ixya,5
Uptodate-always,BB 🚀🚀🚀!!!!,1606838462,ge9p06x,False,t3_k4ixya,t3_k4ixya,3
PegasusDylan,Short bb,1606838416,ge9owsd,False,t3_k4ixya,t3_k4ixya,4
favoritecolorpurple,Whoever gave the BB dd I fucking love you,1606838384,ge9oueh,False,t3_k4ixya,t3_k4ixya,2
templeoftiger,Bb,1606838349,ge9ortz,False,t3_k4ixya,t3_k4ixya,3
templeoftiger,Bb,1606838265,ge9olj0,False,t3_k4ixya,t3_k4ixya,2
Unusual-Hand,Oh damn BB,1606838250,ge9okdu,False,t3_k4ixya,t3_k4ixya,3
laundrified,BB mooning.. a bit. Get in while you still can.,1606838221,ge9oi64,False,t3_k4ixya,t3_k4ixya,2
ballmode,BB on the rise!,1606838134,ge9oboy,False,t3_k4ixya,t3_k4ixya,3
sambro-,BB so hot right now,1606838081,ge9o7r5,False,t3_k4ixya,t1_ge9o20g,1
abbyabbster,$BB Pt $10 eom,1606837967,ge9nzbr,False,t3_k4ixya,t3_k4ixya,2
HALTMENOW,I have not. I am holding it strong and it will go up. I am now on BB rocket along with PLTR. Too many paper hands here.,1606837949,ge9nxzl,False,t3_k4n1wf,t3_k4n1wf,1
crjlsm,Guys say it with me: BB TRADES 2X P/B AND SIGNED A MULTI YEAR PARTNERSHIP WITH AWS TO ANALYZE AND COLLECT ELECTRIC VEHICLE AND SELF DRIVING DATA. 2X P/B,1606837920,ge9nvtm,False,t3_k4ixya,t3_k4ixya,0
templeoftiger,Bb,1606837624,ge9na87,False,t3_k4ixya,t3_k4ixya,3
bardisviable,BB calls up 3600% GUH,1606837618,ge9n9rc,False,t3_k4ixya,t3_k4ixya,2
j_michel,BB,1606837562,ge9n5mr,False,t3_k4ixya,t3_k4ixya,1
calamitymic,BB new meme stock. Get in now before word spreads. They teaming with Amazon aws to do vehicle actions and analytics at real time,1606837530,ge9n3dm,False,t3_k459ll,t3_k459ll,3
g4858364957,Ah shit maybe I should have held BB longer,1606837493,ge9n0qh,False,t3_k4ixya,t3_k4ixya,3
guilldog,BB just signed a deal with Amazon.,1606837488,ge9n0cw,False,t3_k4ixya,t3_k4ixya,3
g4858364957,"Scalped BB for +20%, I’m done for the day",1606837433,ge9mwd6,False,t3_k4ixya,t3_k4ixya,1
templeoftiger,Bb,1606837347,ge9mq62,False,t3_k4ixya,t3_k4ixya,2
Georgeisnotamonkey,Hop on BB before it takes off!,1606837265,ge9mk4q,False,t3_k4ixya,t3_k4ixya,0
abbyabbster,I’m an autist. Trust me BB!,1606837233,ge9mhq5,False,t3_k4ixya,t3_k4ixya,1
VengefulMigit,What do you think BB is heading towards??,1606837178,ge9mdp2,False,t3_k4ixya,t1_ge9lne8,1
j_michel,Buying BB 5 min ago was a W,1606837116,ge9m917,False,t3_k4ixya,t3_k4ixya,2
[deleted],"BB + AMZN are creating IVY, which will be the future iOS of cars. 

GET IN.",1606837108,ge9m8h7,False,t3_k4ixya,t3_k4ixya,1
MoneyInAMoment,"> pltr

BB puts",1606837021,ge9m28q,False,t3_k4ixya,t1_ge9lne8,1
geflab,Fuckin bb,1606836995,ge9m0cy,False,t3_k4ixya,t3_k4ixya,1
GrosJambon1,"BB Starting to look positive.  I think there is a lot of potential here because many perceive BB as a dinosaur relic, but if you look at what they are up to now they are with the times and setting up to be a company of the future.  When perceptions change this could start to see a lot of buyers.  

Also recent news:

Nov. 18, 2020 /PRNewswire/ -- [BlackBerry        Limited](https://c212.net/c/link/?t=0&l=en&o=2985876-1&h=2989074863&u=https%3A%2F%2Fwww.blackberry.com%2Fus%2Fen&a=BlackBerry+Limited) (NYSE:[BB](http://www.benzinga.com/stock/BB#NYSE),        TSX:[BB](http://www.benzinga.com/stock/BB#TSX))        today announced that its BlackBerry® Unified Endpoint Manager (UEM)        software has achieved National Security Agency (NSA) Commercial        Solutions for Classified Program (CSfC) approval.

Nov. 17, 2020 /PRNewswire/ -- [BlackBerry        Limited](https://c212.net/c/link/?t=0&l=en&o=2982907-1&h=3211062437&u=https%3A%2F%2Fwww.blackberry.com%2Fus%2Fen&a=BlackBerry+Limited) (NYSE:[BB](http://www.benzinga.com/stock/BB#NYSE),        TSX:[BB](http://www.benzinga.com/stock/BB#TSX))        and [Plus](https://c212.net/c/link/?t=0&l=en&o=2982907-1&h=1053831703&u=http%3A%2F%2Fwww.plus.ai%2F&a=Plus),        a leading provider of self-driving truck technology, announced today        that Plus has selected BlackBerry® QNX® technology for the global        commercial deployment of the company's automated driving system for        Class 8 trucks.

Nov. 5, 2020 /PRNewswire/ -- [BlackBerry          Limited](https://c212.net/c/link/?t=0&l=en&o=2967529-1&h=2559051646&u=https%3A%2F%2Fwww.blackberry.com%2Fus%2Fen%2Fcompany%2Foverview&a=BlackBerry+Limited) (NYSE: BB; TSX: BB) today announced the launch          of [QNX®          OS for Safety 2.2](https://c212.net/c/link/?t=0&l=en&o=2967529-1&h=3905594365&u=https%3A%2F%2Fblackberry.qnx.com%2Fen%2Fsoftware-solutions%2Fembedded-software%2Fqnx-os-for-safety&a=QNX%C2%AE+OS+for+Safety+2.2), a new release of the trusted, safety-certified          operating system that OEMs and other embedded software suppliers can          use to build safety-critical systems, accelerating development          timelines and reducing the cost of moving projects from research to          production.

&#x200B;

Positions:

Long shares and  $10 Jan 21 2022 calls",1606836985,ge9lzld,False,t3_k4kpzo,t3_k4kpzo,4
SaltyKrew,i sold bb. Around 102.80. TSM generally sells off after a run the next day. I will load up again tomorrow if there’s a red day,1606836943,ge9lwin,False,t3_k459ll,t1_ge9lmzs,1
abbyabbster,BB is the play. AWS partnership. PT $10,1606836929,ge9lvjd,False,t3_k4ixya,t3_k4ixya,3
caughtatcustoms69,Where are we going on BB?,1606836875,ge9lro5,False,t3_k4ixya,t3_k4ixya,1
GucciManeSprayTan,Found our new toy BB,1606836874,ge9lrkd,False,t3_k4ixya,t3_k4ixya,2
ChickenThugs,BB PRRRRIIINNNTTTING,1606836818,ge9lnoj,False,t3_k4ixya,t3_k4ixya,1
crjlsm,We are rotating out of PLTR and into BB,1606836814,ge9lne8,False,t3_k4ixya,t1_ge9ljko,1
g4858364957,BB to the moon,1606836809,ge9ln2y,False,t3_k4ixya,t3_k4ixya,3
tayzer91,quick someone write some DD about how BB is heavily shorted and buying will cause a short squeezer for 10000% gains,1606836748,ge9lirt,False,t3_k4ixya,t3_k4ixya,4
throwawayaccounthing,"Its called averaging down. Its a real strategy. You’re going to be fine bb. 

If not we’ll cuddle each other 😘",1606836539,ge9l42m,True,t3_k4mlde,t1_ge9kvau,2
DestroyerOfToilets,"Not gonna pass up the chance to short BB, the massive pump won’t stick around",1606836524,ge9l2yq,False,t3_k4ixya,t3_k4ixya,1
Bear_Rose,BB looks like the play,1606836437,ge9kwvj,False,t3_k4ixya,t3_k4ixya,1
Bluetooth_Sandwich,"It was a temp boost, BB has no business model. I had shares in it long ago. Calls are retarded but us with shares is good.",1606836434,ge9kwp1,False,t3_k4ixya,t1_ge9kq7t,1
bangarangbonanza,How retarded is owning BB at $8,1606836341,ge9kq7t,False,t3_k4ixya,t3_k4ixya,5
Bonkerz4Stonkerz,Thanks NIO and PLTR for wiping out my BB gains,1606836334,ge9kpri,False,t3_k4ixya,t3_k4ixya,7
MechaWizard,People sleeping on bb.,1606836081,ge9k817,False,t3_k4ixya,t3_k4ixya,1
Ascendingz,BB,1606835943,ge9jyal,False,t3_k4ixya,t1_ge9jnee,2
roquemhs,did anyone else pick.up BB puts?,1606835796,ge9jo07,False,t3_k4ixya,t3_k4ixya,1
Wolf-of-Stonk-Street,Got called a boomer for my BB calls lol,1606835767,ge9jlyv,False,t3_k4ixya,t3_k4ixya,0
[deleted],"BB is the play.

Calls will print tomorrow.

Such a glaringly obvious meme play.

This is bigger than GME + MSFT.

BB will be the next big EV stock.",1606835742,ge9jk7u,False,t3_k4ixya,t3_k4ixya,4
parker2020,VXX bb what is you doing,1606835408,ge9ix68,False,t3_k4ixya,t3_k4ixya,2
buchnasty,"Jesus BB $7c 12/4 are up 13,800%",1606835332,ge9is0t,False,t3_k4ixya,t3_k4ixya,4
[deleted],"BB will open above 10 tomorrow.

This is how these meme stonks have been trading.

Obscure news drops, stonk rallies and pulls back during first day of trading, then the second day it rallies higher as news circulates before entering into a consolidation period.",1606835322,ge9ird8,False,t3_k4ixya,t3_k4ixya,3
Irecio90,I didn’t I went with BB. Also regretting it.,1606835313,ge9iqt5,False,t3_k2wh6w,t1_ge9inyl,1
Son_of_Sephiroth,No BB,1606835227,ge9ikza,False,t3_k4ixya,t1_ge9icl7,1
[deleted],"BB + AMZN dawgs.

What more do you need to know????!??",1606835057,ge9i9dq,False,t3_k4ixya,t3_k4ixya,1
No_Combination9355,$BB getting ready for a second run,1606835014,ge9i6jb,False,t3_k4ixya,t3_k4ixya,2
SOLOiDOLA,$BB,1606834995,ge9i5aw,False,t3_k4mhll,t3_k4mhll,2
ilara31,Damn GME why you doing me like this bb girl,1606834992,ge9i52r,False,t3_k4ixya,t3_k4ixya,3
ladnaR105,BB headed to the MOON!!!!,1606834978,ge9i468,False,t3_k4ixya,t3_k4ixya,2
sweatsandhoods,Here we go again BB LETS GO,1606834974,ge9i3wn,False,t3_k4ixya,t3_k4ixya,2
[deleted],BB meme energy is growing. Get in retards. 🚀,1606834942,ge9i1vt,False,t3_k4ixya,t3_k4ixya,2
GucciManeSprayTan,Good time to get in on the BB  🚀,1606834913,ge9hzvs,False,t3_k4ixya,t3_k4ixya,4
Tdogm3,BB can't sustain +50% in 1 day. Quick puts for easy money,1606834900,ge9hz0z,False,t3_k4ixya,t3_k4ixya,2
SexySPACsMan,Same here BB,1606834894,ge9hyoa,False,t3_k4ixya,t1_ge9ha8u,1
Derpinator_30,thiccc bb gonna get my dog metal legs,1606834873,ge9hxay,False,t3_k4ixya,t1_ge9hovd,2
[deleted],Can we hype BB?,1606834858,ge9hwag,False,t3_k4ixya,t3_k4ixya,7
The_Coward_Sorcerer,BB,1606834853,ge9hvy2,False,t3_k4ixya,t3_k4ixya,1
nagostin23,"[BB profits](https://imgur.com/a/yvel1DM)

There ya go, still holding some calls",1606834794,ge9hrzs,False,t3_k4kpzo,t1_ge9gnnm,5
juicemanx1,Everyone buy bb 10cs,1606834765,ge9hq0m,False,t3_k4ixya,t3_k4ixya,1
StonkThirty,"No particular insight into BB, other than when news like this hits the first pendulum swing usually overshoots a bit. Wouldn’t be surprised if it closes today only up 15-30% relative to yesterday.

Opened around $8.30 and now around $7.70..... BB 1/15/21 $6P bought at open is turning into a nice kneejerk trade so far.",1606834694,ge9hl8c,False,t3_k4kzky,t1_ge9gvd0,6
No_Combination9355,Time to buy the $BB dip!!,1606834687,ge9hkqo,False,t3_k4ixya,t3_k4ixya,1
[deleted],"Buy the BB dip.

BB + AMZN is a great meme, like GME + MSFT.",1606834636,ge9hhdm,False,t3_k4ixya,t3_k4ixya,3
jk0521,Fuck it I bought the after dip in bb,1606834545,ge9hb9p,False,t3_k4ixya,t3_k4ixya,4
6r1n3i19,My bb CRSR literally keeping my portfolio alive 😍,1606834522,ge9h9p4,False,t3_k4ixya,t3_k4ixya,6
iamb1lack,"BB up 30%? Let's buy Nokia then, will be next",1606834303,ge9gv8b,False,t3_k4ixya,t3_k4ixya,2
abbyabbster,BB is god,1606834225,ge9gq4m,False,t3_k4ixya,t3_k4ixya,2
grumpycookie,Thanks for the BB dd.  Paying off today! Thanks,1606834188,ge9gnob,False,t3_k23jsb,t3_k23jsb,22
canadianformalwear,Hmmm. TSLA. Don’t do that to my weeklies bb,1606834126,ge9gjn3,False,t3_k4ixya,t3_k4ixya,2
GunsNGuts86,Easy 300% on BB,1606834094,ge9ghlk,False,t3_k459ll,t3_k459ll,1
sweatsandhoods,BB ffs,1606834062,ge9gfh7,False,t3_k4ixya,t3_k4ixya,1
GunsNGuts86,BB!,1606834045,ge9geev,False,t3_k459ll,t3_k459ll,2
iamgrape1119,damn $BB.,1606833814,ge9fznz,False,t3_k4ixya,t3_k4ixya,2
IncomeIdea,MY BB puts. fuck. FUCK,1606833502,ge9ffza,False,t3_k4ixya,t3_k4ixya,2
sweatsandhoods,"I though we were all in on BB lads, what’s happening",1606833471,ge9fe2j,False,t3_k4ixya,t3_k4ixya,1
TheDarkDeadpool,bb to the moon!,1606833413,ge9fagt,False,t3_k4ixya,t3_k4ixya,2
hobbit_boi,BB wtf poppin from 5.80 to 9.00,1606833344,ge9f65q,False,t3_k4ixya,t3_k4ixya,1
Ascendingz,So all in on BB now?,1606833342,ge9f61s,False,t3_k4ixya,t3_k4ixya,3
creusifer,"Got long dated BB calls, will let the hype ride.",1606833337,ge9f5ou,False,t3_k4ixya,t3_k4ixya,0
mimelife,BB holy FUCK,1606833300,ge9f3cv,False,t3_k4ixya,t3_k4ixya,2
PerviousWeakfish,"I'm a gold star bull, never bought a put, but I'm thinking BB is gonna get my first put.",1606833246,ge9f023,False,t3_k4ixya,t3_k4ixya,2
hellokittyss1,My bb calls filled but was weak and only bought 5,1606833237,ge9ezi0,False,t3_k4ixya,t3_k4ixya,1
SMOCKIN69,Bb,1606833229,ge9ez0r,False,t3_k4ixya,t1_ge9ew1s,0
tayzer91,damn do i fomo into BB? HELP!!!,1606833199,ge9ex7i,False,t3_k4ixya,t3_k4ixya,0
pie31415,"Exactly my thoughts.. surprised these companies are still even around. 

But you know what, BB was one of my faves. If they make a modern phone I'm in",1606833046,ge9enw6,False,t3_k4ixya,t1_ge9egqj,2
Justanotherbody11b,Sell my GME 19c 12/4 at open for BB Calls?,1606833016,ge9em5f,False,t3_k4ixya,t3_k4ixya,2
_BlowJays_,BB gonna have a kodak moment.  Dont be a hog and get slaughtered once you get a 50-100% gain. Gains will evaporate just as quick as the run up.,1606832994,ge9ektb,False,t3_k4ixya,t3_k4ixya,6
everlastingdeath,What's with all this BB talk?,1606832994,ge9ekuc,False,t3_k4ixya,t3_k4ixya,2
sweatsandhoods,BB,1606832983,ge9ek3y,False,t3_k4ixya,t1_ge9ej0w,2
Toaster95,"They try to catch the tail end of it so they can say ""I caught the BB run up""",1606832970,ge9ejbk,False,t3_k4ixya,t1_ge9ednd,1
Gua_Bao,BB?? Is it 2003?? w/e FOMO,1606832957,ge9eiiu,False,t3_k4ixya,t3_k4ixya,2
Riverdragon32,"Damn, thought about BB after seeing all the hype for EV stocks but decided against buying it",1606832940,ge9ehha,False,t3_k4ixya,t3_k4ixya,3
omertaproject,BB $9c 12/4,1606832912,ge9efrr,False,t3_k4ixya,t1_ge9e8hn,1
tvrtko15,Puts on BB,1606832911,ge9efq9,False,t3_k4lqmv,t3_k4lqmv,2
TheJpow,BB to 100,1606832900,ge9eeya,False,t3_k4ixya,t3_k4ixya,4
PuhtatoGod,Noooo BB why are you fading,1606832892,ge9eehr,False,t3_k4ixya,t3_k4ixya,1
ke263565,Why do people see a 50% jump in something like BB and then assume it's the right time to get in.  The right time was before.,1606832878,ge9ednd,False,t3_k4ixya,t3_k4ixya,16
omertaproject,"3 minutes to take off. Hop on PLTR and BB, day’s biggest movers boys",1606832863,ge9ecq8,False,t3_k4ixya,t3_k4ixya,6
ballmode,GO BB GO!,1606832852,ge9ec1n,False,t3_k4ixya,t3_k4ixya,1
jeronn,BB fomo time?,1606832848,ge9ebrf,False,t3_k4ixya,t3_k4ixya,1
illilllilil,BB becoming a new meme stock seems oddly fitting for this place,1606832842,ge9ebe5,False,t3_k4ixya,t3_k4ixya,6
sweatsandhoods,Just to make sure we’re all on the same page. All in on BB in 4 mins yes?,1606832811,ge9e9fe,False,t3_k4ixya,t3_k4ixya,4
DongKelly32,BB to $15,1606832787,ge9e7x4,False,t3_k4ixya,t3_k4ixya,3
sweatsandhoods,5 mins until someone gets rich off BB,1606832758,ge9e65h,False,t3_k4ixya,t3_k4ixya,13
FragrantWarthog6,Yea I’m skeptical as well because it’s BB,1606832704,ge9e2v3,False,t3_k4ixya,t1_ge9dxqx,2
Outtadacage,I hope y’all grabbed som BB,1606832678,ge9e18r,False,t3_k4lqmv,t3_k4lqmv,3
Zrob,BB calls on open?,1606832667,ge9e0mg,False,t3_k4ixya,t3_k4ixya,7
Nelz16,Will BB run much after open?,1606832659,ge9e03u,False,t3_k4ixya,t1_ge9drg6,1
MuschkBudol,Who's gonna FOMO into BB after their AWS deal?,1606832655,ge9dzvp,False,t3_k4ixya,t3_k4ixya,9
123elvesarefake123,Rip to the person selling bb at the bell yesterday,1606832638,ge9dyuu,False,t3_k4ixya,t3_k4ixya,2
clarkmu,I might FOMO my GME shares into BB this morning,1606832630,ge9dyc3,False,t3_k4ixya,t1_ge9cj4y,1
GrandmasGenitals,BB,1606832623,ge9dxx3,False,t3_k4ixya,t1_ge9dvg9,5
NotHonored,BB calls,1606832607,ge9dww5,False,t3_k4ixya,t1_ge9dnc2,1
DomoAlreadyGotDough,"TSLA --> watch the first hour for a dip, then 620C if sp <590

BB --> watch the first hour (possible profit taking), buy shares at 8.20 ish

Sun --> scalp cheap calls or shares at 0.75 

Thoughts?",1606832601,ge9dwic,False,t3_k4ixya,t3_k4ixya,0
Bonkerz4Stonkerz,Told y’all BB,1606832555,ge9dtov,False,t3_k4ixya,t3_k4ixya,6
snakeaway,BB it is.,1606832518,ge9drg6,False,t3_k4ixya,t3_k4ixya,3
TheDelta03,BB partnering with Amazon. Announced an hour ago,1606832509,ge9dqy2,False,t3_k4ixya,t1_ge9dlj5,1
Fonkybeachbum,Wow congrats to BB holders,1606832420,ge9dlkn,False,t3_k4ixya,t3_k4ixya,2
TheJpow,Why bb? Did I miss some news,1606832419,ge9dlj5,False,t3_k4ixya,t1_ge9dj3d,3
DURRHUNT3R,"AAPL, BB, MRNA",1606832413,ge9dl6q,False,t3_k4ixya,t1_ge9dfic,0
Aonswitch,Bb calls right at open?,1606832396,ge9dk6z,False,t3_k4ixya,t3_k4ixya,4
TheDelta03,Buying BB calls at open? Or is that fomo,1606832379,ge9dj3d,False,t3_k4ixya,t3_k4ixya,3
SubSonicFish,"So when will the make ""The Big Short"" style about the guy that tried to tell all the retards about BB.",1606832352,ge9dhio,False,t3_k4ixya,t3_k4ixya,3
Joghobs,Was there dd on bb calling this recently? Some of you got the memo.,1606832338,ge9dgms,False,t3_k4ixya,t3_k4ixya,1
aznfck98,"10c I mean, BB 10c, we’ll see how the iv is though, might just day trade it if it’s too high",1606832314,ge9df8g,False,t3_k4ixya,t1_ge9d9tz,1
HighronCondor,"Damn some clown wrote about BB the other day and I just forgot to invest in it, well because it’s BB. Good job to the idiot who posted, you deserve it",1606832283,ge9ddci,False,t3_k4ixya,t3_k4ixya,10
leomeng,Can’t believe BB is still a 3+ billion company,1606832261,ge9dc1v,False,t3_k4ixya,t3_k4ixya,4
honedspork,"Some autist I here yoloed on bb. In want that gain porn!

Some other autist likely yoloed on bby I want to see the loss porn!",1606832219,ge9d9jf,False,t3_k4ixya,t3_k4ixya,3
Mortifer6,"Buy BB dip? If that happens. Or too late? Will it keep mooning is 10-12 plausible? Will AMZN break 3250? I have many questions and I want everything to rocket, only green dildos plis

TSLA 620 EOD",1606832207,ge9d8sn,False,t3_k4ixya,t3_k4ixya,6
omertaproject,BB has all the making of the next WSB meme...low share price and dirt cheap options premiums. Here we go 🚀🚀🚀,1606832200,ge9d8de,False,t3_k4ixya,t3_k4ixya,10
alexbizzy,What’s the bb news,1606832173,ge9d6q9,False,t3_k4ixya,t3_k4ixya,2
BigBonerPolice,Looks like my bb 10c 1/21/22 aren’t going to be coming back from the moon anytime soon 🌝,1606832049,ge9czbt,False,t3_k4ixya,t3_k4ixya,2
rowdygringo,I bought BB on Friday because of this post. Thank you OP!,1606832046,ge9cz4v,False,t3_k22z5d,t3_k22z5d,7
coffeelickerr,"What are the calls or puts today?
Especially for BB????",1606832017,ge9cxct,False,t3_k4ixya,t3_k4ixya,0
hellokittyss1,I wonder if my bb calls would fill,1606832003,ge9cwke,False,t3_k4ixya,t3_k4ixya,3
aznfck98,"I’m sorry to the person that said BB calls on Friday, I wish I listened",1606831970,ge9cukd,False,t3_k4ixya,t3_k4ixya,6
Turtlesaur,"They deserve it. 5 years ago, BB was higher than it was at 3:59 yesterday. It's a total shit fest, with NKLA esque fan boys. Who actually had some great news.",1606831969,ge9cui5,False,t3_k4ixya,t1_ge9cfis,2
tayzer91,lol i wouldn't know loool the last time i had a BB was when i was in middle school which is like 15 years or so ago,1606831943,ge9csy7,False,t3_k4ixya,t1_ge9coec,1
i_love_my_scrotum,I just made $6 copping BB shares premarket AMA,1606831928,ge9cs0z,False,t3_k4ixya,t3_k4ixya,7
hellokittyss1,Bb calls inc,1606831908,ge9cqwy,False,t3_k4ixya,t3_k4ixya,3
BigDipper1776,BB calls,1606831901,ge9cqhe,False,t3_k4ixya,t1_ge9cez8,2
nOaM_ChOMpSki,"Shouts out to the autist who told everyone to buy BB leaps in august, and for some reason I listened. Hope you’re having a good ass day.",1606831861,ge9co67,False,t3_k4ixya,t3_k4ixya,8
Guicle69,The fuck happened with BB lmao,1606831811,ge9cl96,False,t3_k4ixya,t3_k4ixya,3
tayzer91,apparently BB is no longer a cell phone company,1606831791,ge9ck23,False,t3_k4ixya,t3_k4ixya,10
mauimikes,Bb $10 calls,1606831770,ge9civ7,False,t3_k4ixya,t1_ge9cene,3
FyreFoxZero,I listened. Sitting on some dirt cheap contracts that are about to soar. Thank you. BB to the moon 🚀🚀🚀,1606831757,ge9ci3z,False,t3_k4kzky,t1_ge9acg9,4
mauimikes,BB calls or puts? !coinflip,1606831740,ge9ch4j,False,t3_k4ixya,t3_k4ixya,2
JarviousX,I’m coming back to say that the SEC is on there way to your address you dirty insider. BB is up 45+ PM. God bless you!,1606831720,ge9cfy7,False,t3_k23jsb,t3_k23jsb,3
WombatShwambat,If someone had BB options for a buck each they about to be wealthy today,1606831712,ge9cfis,False,t3_k4ixya,t3_k4ixya,5
HungryMugiwara,Anybody buying $BB? Multi year agreement with Amazon for their driving software,1606831704,ge9cf1l,False,t3_k4ixya,t3_k4ixya,4
GucciManeSprayTan,Do it to ‘em BB,1606831694,ge9ceff,False,t3_k4ixya,t3_k4ixya,4
dan_coyle,The return on those $3 BB 9c is going to be nuts,1606831667,ge9ccv6,False,t3_k4ixya,t3_k4ixya,2
pooptaxi_inc,I bought BB let’s see how badly I get gaped,1606831606,ge9c99a,False,t3_k4ixya,t3_k4ixya,3
justanoththrowaway94,Everyone into BB calls. Let’s do our part pushing it higher,1606831605,ge9c97n,False,t3_k4ixya,t3_k4ixya,6
Stalkaturnedtyper,"My fucking boomer boss told me to buy BB under 5 dollars, I was like hahaha stfu boomer",1606831568,ge9c70x,False,t3_k4ixya,t3_k4ixya,2
cckcckcc,Do I sell my BB calls at open?,1606831556,ge9c6az,False,t3_k4ixya,t3_k4ixya,2
Stalkaturnedtyper,BB 20$ PT,1606831520,ge9c4aa,False,t3_k4ixya,t3_k4ixya,2
mauimikes,BB puts bby,1606831511,ge9c3ql,False,t3_k4ixya,t1_ge9bw71,3
68Warrior,"Memes do not have any limits, nor do they abide buy the laws of the universe. Max out your credit and buy BB stock in 2020.",1606831481,ge9c1zk,False,t3_k4ixya,t3_k4ixya,2
EatMePlsDaddy,BB quite literally on the moon right now.,1606831473,ge9c1kg,False,t3_k4ixya,t3_k4ixya,5
lilrocketman2017,Hope to get some tendies from BB,1606831459,ge9c0q3,False,t3_k4ixya,t3_k4ixya,3
sweatsandhoods,Sector fucking rotation into BB,1606831446,ge9bzxt,False,t3_k4ixya,t3_k4ixya,5
BriefCream2,"I got 1000 shares and 20 1/15 $6 calls

Please make me rich Amazon and BB",1606831416,ge9by8k,False,t3_k4kzky,t3_k4kzky,11
GrandmasGenitals,Are we dumping into BB?,1606831368,ge9bvgc,False,t3_k4ixya,t3_k4ixya,2
limh5,"BB up \~40% pre-market today on a partnership with AWS.  This play took a few months, but these Jan 15 calls are definitely no longer a long shot!  [https://www.blackberry.com/us/en/company/newsroom/press-releases/2020/aws-blackberry-join-forces-to-accelerate-innovation-with-new-intelligent-vehicle-data-platform](https://www.blackberry.com/us/en/company/newsroom/press-releases/2020/aws-blackberry-join-forces-to-accelerate-innovation-with-new-intelligent-vehicle-data-platform)",1606831310,ge9bs5q,True,t3_i1bzp1,t3_i1bzp1,1
EdwardTittyHands,So we jumping in on BB or what,1606831300,ge9brix,False,t3_k4ixya,t3_k4ixya,5
[deleted],Besides bb  I’m not seeing enough things up over 30% today . Euphoria fade.,1606831250,ge9boo7,False,t3_k4ixya,t3_k4ixya,0
mauimikes,BB puts? Who’s bout it,1606831143,ge9bikq,False,t3_k4ixya,t3_k4ixya,2
DongKelly32,BB even better,1606831054,ge9bdjz,False,t3_k4ixya,t1_ge9b65b,1
jjr3333,i thought all this BB shit earlier was Big Banks. now i’m finding out it’s an actual stock. Weird,1606830898,ge9b4um,False,t3_k4ixya,t3_k4ixya,1
ScienceFreak11,Thoughts on the boomer stock BB after their partnership with AMZN?,1606830717,ge9aur7,False,t3_k4ixya,t3_k4ixya,1
tayzer91,BB is gonna be the next big meme. i can just feel it,1606830568,ge9am9k,False,t3_k4ixya,t3_k4ixya,4
BriefCream2,Idk if BB is a rocket ship but their software's being used in one,1606830513,ge9aj6x,False,t3_k4ixya,t1_ge9926f,1
GrandmasGenitals,BB EOD?,1606830473,ge9ah05,False,t3_k4ixya,t3_k4ixya,3
Inori92,"They've begun pivoting a while ago, but people are only just starting to realize what they have been up to

They will be huge in the upcoming year for their software implementation to various tech areas.

BB 6c Dec31 // 7c Feb 2021",1606830389,ge9ac7r,False,t3_k4kzky,t3_k4kzky,3
cckcckcc,Got a buddy we make fun of for holding BB for 10 years since he first got a 401k. Never gonna hear the end of this now,1606830316,ge9a80y,False,t3_k4ixya,t1_ge99lgk,2
BlackCatDad,"Whoa, is the BB 1/15/21 $10c I got last week going to print?",1606830236,ge9a3l9,False,t3_k4ixya,t3_k4ixya,4
cckcckcc,Holy shit BB mooned...,1606830057,ge99tpq,False,t3_jvaujr,t3_jvaujr,1
Shjjjjjj,"This jump is nothing, blackberry has a heavy selling pressure from all the bag holders trying to get rid of their shares so wouldn't be surprised to see it drop down to the 1x% pop range today or maybe people will see what Longs see. 

I hold shares and options but blackberry is (currently) still not loved by Wallstreet. Blackberry is a tech company without a tech valuation because theyve failed to grow quarter after quarter. 

I would buy really long dated options, BB has quite the future if executed well and partnering with Amazon does make it a lot more enticing for both legacy and start up auto makers.

Think of EVs as the future and qnx is the platform for startups to plug and play their designs into an EV app ecosystem.",1606830056,ge99tmo,False,t3_k4kpzo,t3_k4kpzo,-1
chooseusermochi,People pumping BB is some boomer who has been holding bags since it was RIMM level shit.,1606829904,ge99lgk,False,t3_k4ixya,t3_k4ixya,2
Guest_1337,"can you leeches stop pumpin apha, being in weedstocks is hard enough as it is without you dickless cretins stinkin up the motherfucker, kk thx bb",1606829777,ge99el1,False,t3_k4ixya,t3_k4ixya,3
BigGreenCandles,All in BB today DOTM calls low delta for June. You know RRR Retail Robinhood Retards are gonna run with this. This has meme stock written all over it.,1606829769,ge99e61,False,t3_k4ixya,t3_k4ixya,2
gotfukdbyprinter,I mean an actual BB phone. havent seen one in years,1606829734,ge99cau,False,t3_k4ixya,t1_ge99ahu,1
chooseusermochi,We all have a partnership with Amazon. BB is such a semi-annual disappointment of a company.,1606829674,ge9994a,False,t3_k4ixya,t1_ge98z0m,2
gotfukdbyprinter,who the hell still uses a BB?,1606829599,ge9957c,False,t3_k4ixya,t3_k4ixya,1
idanfl8,I was actually thinking of buying bb yesterday for some reason lol I guess I had a feeling without knowing it 😂,1606829540,ge9926f,False,t3_k4ixya,t1_ge98bkf,2
nagostin23,Let’s go BB. Buying now and Selling at $20,1606829496,ge98zww,False,t3_k4kpzo,t3_k4kpzo,13
gpskillz,Not that I’m complaining but is there any news for the BB pump?,1606829410,ge98vd0,False,t3_k4ixya,t3_k4ixya,-1
EatMePlsDaddy,Fomo into BB???,1606829268,ge98ny3,False,t3_k4ixya,t3_k4ixya,0
[deleted],BB comeback legit or no?,1606829243,ge98mn4,False,t3_k4ixya,t3_k4ixya,1
BriefCream2,BB and LSPD all the way,1606829027,ge98bkf,False,t3_k4ixya,t3_k4ixya,-2
69Tyrone420,BB to the fkn MOON,1606828813,ge980iy,False,t3_k4ixya,t3_k4ixya,2
gamethe0ry,Yooo $BB up 20%!! Thanks to that guy who did the DD.,1606828806,ge9805y,False,t3_k4ixya,t3_k4ixya,5
gpskillz,Woah BB actually mooning,1606828649,ge97sco,False,t3_k4ixya,t3_k4ixya,2
Hubers57,Gimme dd bb cause that company bio sounds boring as fuck,1606827195,ge95vfb,False,t3_k4ixya,t1_ge959fp,1
boroqcat,Sry bb. I'll be a better man going forward.,1606826814,ge95e3u,False,t3_k3n4dx,t1_ge8hcgz,2
nagostin23,BB $7.5 calls for January 2021,1606804388,ge8ip1p,False,t3_k4fhor,t3_k4fhor,2
Itsme_eljefe,"I did, bb. 

Then sold 10/2 :)",1606804306,ge8iliy,False,t3_k459ll,t1_ge8ihbv,3
IAmA-Steve,call me bb,1606802150,ge8fytj,False,t3_k459ll,t1_ge8fx8f,1
Snoo73932,When do you know that to BB will continue trending up or down to jump in or out?,1606802019,ge8fsx8,False,t3_k4eu5a,t3_k4eu5a,2
Twillard22,I’m here with you bb,1606801372,ge8ezl1,False,t3_k459ll,t1_ge8ewpa,2
BriefCream2,BB and LSPD,1606777671,ge77kq9,False,t3_k459ll,t3_k459ll,2
theleftrocket,Yesss bb,1606775529,ge72i1b,False,t3_k459ll,t1_ge72fms,3
instantderp,what happened bb,1606773342,ge6xrru,True,t3_k468p0,t1_ge6xouj,16
6r1n3i19,Shhhh! Don’t let this sub hear you! I don’t want my bb FCEL to be ruined by these fucks,1606772441,ge6vw0y,False,t3_k459ll,t1_ge6vndv,1
-Nordico-,It's also widely accepted that 'penny stocks' refer to stocks with market caps less than $300 Mil that trade OTC or on small exchanges; BB never went below 1.5 BIllion.,1606771166,ge6t8qi,False,t3_k23jsb,t1_ge6rc2k,1
swareonmemum,Hey! Do you mind sharing your paper? Came across bb on uoa and a solid looking chart,1606770900,ge6sow8,False,t3_iqpii3,t1_g4urznv,0
sneakersourcerer,Buy the dip bb,1606769423,ge6pllb,False,t3_k3twiv,t1_ge6oh7e,2
jimmyolsenblues,"@SJD10304: The S&P 500 gains 10% or more and closes the month at a new ATH monthly close? 

N=4

Nov-20
Dec-91
Jan-87
Nov-80

Nov 80 the only other match if we add closing the month above the upper monthly BB. 

(There's always something to keep us honest)",1606769301,ge6pcmk,False,t3_k3twiv,t3_k3twiv,3
toputitfrankly,Tsla where u goin bb,1606768426,ge6nidb,False,t3_k3twiv,t3_k3twiv,5
Houghs,PLTR RIP bb,1606768235,ge6n3o5,False,t3_k3twiv,t3_k3twiv,8
ButtSliding,"Let this be the thread where we all say which companies we’re invested in right now. I’ll start. 

MP, BB, TAN, TXG, PTVE, PNR, AWK, F, MGNI, ET, ADBE 

All long calls",1606766585,ge6jjfi,False,t3_k3twiv,t3_k3twiv,2
Free_willy99,APHA all day bb 🚀,1606765534,ge6hax7,False,t3_k3twiv,t1_ge6h29y,1
6r1n3i19,CRSR bb gurl! U alive 😘🥰🥰,1606761821,ge69bya,False,t3_k3twiv,t3_k3twiv,7
Omerta2304,Pltr bb wat u duin,1606760093,ge65o4x,False,t3_k3twiv,t3_k3twiv,4
jwakk1,Congrats!! Now stay in and diamond hands after earnings bb,1606759928,ge65boy,False,t3_k41fbv,t3_k41fbv,7
theleftrocket,12/11 $10 pooots bb,1606759220,ge63ux8,False,t3_k3twiv,t1_ge63gh4,1
6r1n3i19,Lmao. I don’t even care if my shares get called away...this little bb is the only thing keepin me alive 😂,1606758869,ge634b2,False,t3_k3twiv,t1_ge62vla,2
[deleted],"Bruh, throw that into gme and retire a millionaire next month. Just gotta have 💎 🙌 bb.

I’m up 5K today 😎😎😎",1606757623,ge60ii5,False,t3_k3y3ds,t3_k3y3ds,2
jwakk1,Diamond hands bb. In for 1500 myself,1606757296,ge5ztxt,False,t3_k3zghw,t3_k3zghw,7
trentthesomalian,CRSR back from the dead pls hit 40 bb,1606754977,ge5v0hl,False,t3_k3twiv,t3_k3twiv,3
GucciManeSprayTan,Picking stocks like I've been in a coma for the past 20 years. GME and BB to the moon!,1606753937,ge5sw0f,False,t3_k3twiv,t3_k3twiv,10
gherna67,"Come on tech, V shape for me bb",1606752781,ge5qjnq,False,t3_k3twiv,t3_k3twiv,1
Panye_Zay,Livin' lyfe on the fazt lame bb!,1606752740,ge5qgoo,False,t3_k3twiv,t1_ge5q83t,2
Ok-Needleworker1766,This was the strongest and lowest dip you will see on this stock for a while. PLTR bb 🚀💰,1606752417,ge5ptfa,False,t3_k3twiv,t3_k3twiv,8
I_AM_GETTING_THERE,Come on GME you can do it bb,1606751917,ge5otil,False,t3_k3twiv,t3_k3twiv,8
sneakersourcerer,Thank u bb,1606751434,ge5nud3,True,t3_k2o6i3,t1_ge5efgb,1
parker2020,Your fucking weeklies are GONEEE 😂😂 my leaps a still shattered tho we in this together bb,1606750674,ge5mbyt,False,t3_k3twiv,t3_k3twiv,3
shagagav,Tesla why u do that to me bb,1606750273,ge5lk5z,False,t3_k3twiv,t3_k3twiv,3
fellow_clown,MGNI where u going bb,1606749886,ge5ktjb,False,t3_k3twiv,t3_k3twiv,1
kortokrizzle,Oh no bb what is you doin?,1606747761,ge5gy7a,False,t3_k3twiv,t3_k3twiv,3
OneDoesntSimply,Thx bb I’ll probably do that then,1606746371,ge5elfi,False,t3_k3vcyw,t1_ge5e4m9,2
pie31415,"PLTR, do your thing today bb",1606745635,ge5dffo,False,t3_k3twiv,t3_k3twiv,13
I_am_Tre,Send me your big DD bb,1606743865,ge5ar5m,False,t3_k3twiv,t1_ge5969q,1
SuspiciousOffer1,"I have just heard of this new stock, its called APPL, looks like its gonna be big.

SYKE!

PLTR bb  🚀🚀🚀🚀",1606739469,ge554la,False,t3_k3twiv,t3_k3twiv,11
wafflepiezz,THIC🐝 WHAT R U DOIN BB GIRL WRONG WAY,1606736440,ge51ytl,False,t3_k3twiv,t3_k3twiv,10
l3rahan,Come on BB do something!,1606735630,ge516i2,False,t3_k29omq,t3_k29omq,1
rioferd888,Tres commas or bust bb,1606723817,ge4q4a8,False,t3_k3dnr7,t3_k3dnr7,1
dweeegs,"It can walk the bands though, might be a good idea for a quick flip but I wouldn’t hold. Energy has been riding up and outside BB’s on the daily since like November started",1606721453,ge4nkj2,False,t3_k3hbyu,t1_ge4nb97,1
[deleted],Pltr bb,1606718747,ge4kkjc,False,t3_k3qndq,t3_k3qndq,2
-Nordico-,"Your own source even says ""though some experts choose to adopt a lower cut-off value of $1 per share"" so i'd say it's open to interpretation.

Practically speaking when someone says penny stock they aren't talking about a $3-$4 stock....and BB was only there for a short while.",1606718681,ge4khrh,False,t3_k23jsb,t1_ge4ikr2,1
YoinkedMustache,Stagflation bb,1606717412,ge4izd9,False,t3_k3hbyu,t1_ge4ix9o,2
PierreEstagos,DocuSign consistently saves me from having to do inconvenient bullshit. Also everything you wrote. Docusign me up bb,1606716875,ge4ibsy,False,t3_k3q3b6,t3_k3q3b6,88
buzztiga,"Indeed what a LOL, we're talking a dinosaur that is still stuck in the past.

In case you do not know... a free universal OS is already in place for conventional cars.

And a universal OS (and more) for EV is being developed at the moment.

This is precisely why I don't see  why would anyone need BB in the near future.",1606716618,ge4i0o9,False,t3_k23jsb,t1_ge4hihq,2
ASuag,"SEC: Turn off all auto mods, we want to catch them red handed. Also bend down a little more bb",1606714222,ge4ez0u,False,t3_k3hbyu,t3_k3hbyu,7
buzztiga,"Here is one of the reasons why BB has no value...

""Global automaker Toyota Motors is dropping BlackBerry QNX’s infotainment software from its best-selling Camry vehicles in a move that analysts say reveals a growing threat to the technology company’s growing automotive business."" [https://www.obj.ca/article/blackberry-qnx-defensive-over-loss-toyota-open-source-linux-software](https://www.obj.ca/article/blackberry-qnx-defensive-over-loss-toyota-open-source-linux-software)

Why did Toyota dump BB for Linux? And how come BB  is replaceable with even free software like Linux (if it's so good)? And that was 2017... I haven't heard  anything about BB in 2020.

There is only one way out for BB... Guess that John China Wick doesn't know the answer yet.",1606713981,ge4enhf,False,t3_k23jsb,t1_ge4dums,1
yunoclickme,"Ha /u/Silentoxi! I wrote a very similar post (same day?): [https://www.reddit.com/r/wallstreetbets/comments/k22z5d/bb\_a\_cybersecurity\_company\_not\_phones/](https://www.reddit.com/r/wallstreetbets/comments/k22z5d/bb_a_cybersecurity_company_not_phones/)

Loving that the BB drumbeat is just getting louder and louder - all from a distant rumble to an ear-splitting stampede (hopefully!).",1606712792,ge4d15c,False,t3_k23jsb,t3_k23jsb,1
buzztiga,"LOL BB was $5+ on Fri morning (prior to that, the highest it ever achieved was like $4+), if this is not a penny stock, what is?

BB used to rule cellphone, they fucked it up themselves.

And then they tried auto software (when baldhead Elon Musk was still masturbating to poster of Lady Gaga), yet they had no clue how to capitalize on it.

And now, every single fucking company (be it scam or real) are in the business. You mean to tell me BB still has a chance? Like what? Selling software to EV? Gimme a break.

Stay away from this shit like plague, or you will be bagholding it forever. No way this shit has any hope.",1606712227,ge4c8gz,False,t3_k23jsb,t1_gdurmxm,-1
Porzingers,"SNAP 12/4 51c
DKNG 12/4 54c
DOCU 12/4 250c
BB 12/18 6.5c",1606712110,ge4c2c2,False,t3_k3hbyu,t3_k3hbyu,4
quarantrader,You ok bb?,1606708911,ge477he,False,t3_k3hbyu,t1_ge4735n,4
richtofin115,Try harder bb,1606708892,ge476e6,False,t3_k3hbyu,t1_ge474qw,2
sneakersourcerer,Thank u bb,1606707277,ge44fz1,True,t3_k2o6i3,t1_gdyrf7q,1
6r1n3i19,"I like this comment. Spamming my bb, just positive PLTR vibes!! 🚀🚀🚀",1606706586,ge438y4,False,t3_k3hbyu,t1_ge433p1,2
Houston_swimmer,Up ur calls r safe bb,1606703602,ge3y46o,False,t3_k3hbyu,t1_ge3y2kn,2
[deleted],"just checked, tech is blood green. 

.

y u lie 2 me bb",1606702811,ge3wmh9,False,t3_k3hbyu,t1_ge3wd68,2
-Nordico-,Donno about the others but BB is on it's way to da moon,1606698644,ge3p8df,False,t3_jp02qm,t3_jp02qm,2
apcg1994,Thx bb,1606695315,ge3jegc,False,t3_k3cz3k,t1_ge3j0ed,2
